ISO-10303-21;
HEADER;
/****************************************************************
 * Generated by software with PDE/Lib inside                    *
 * PDElib Version v51a, created Thu 12/14/2006                  *
 * International Technegroup Inc. (www.iti-oh.com)              *
 ****************************************************************/
FILE_DESCRIPTION((''),'2;1');
FILE_NAME('D:\\THANG\\2018\\YouTube\\2F\\10FlushSlideDoor\\AssA.stp','2018-03-07T21:05:54',('Administrator'),(''),'Autodesk Inventor 2008','Autodesk Inventor 2008','');
FILE_SCHEMA(('AUTOMOTIVE_DESIGN { 1 0 10303 214 1 1 1 1 }'));
ENDSEC;
DATA;
#5=APPLICATION_CONTEXT('automotive design');
#6=APPLICATION_PROTOCOL_DEFINITION('International Standard','automotive_design',2001,#5);
#7=PRODUCT_CONTEXT('',#5,'mechanical');
#8=PRODUCT('AssA','AssA',$,(#7));
#9=PRODUCT_RELATED_PRODUCT_CATEGORY('part',$,(#8));
#10=PRODUCT_DEFINITION_FORMATION('',$,#8);
#11=PRODUCT_DEFINITION_CONTEXT('part definition',#5,'design');
#12=PRODUCT_DEFINITION('',$,#10,#11);
#18=(NAMED_UNIT(*)PLANE_ANGLE_UNIT()SI_UNIT($,.RADIAN.));
#19=DIMENSIONAL_EXPONENTS(0.0,0.0,0.0,0.0,0.0,0.0,0.0);
#20=PLANE_ANGLE_MEASURE_WITH_UNIT(PLANE_ANGLE_MEASURE(0.017453292500000),#18);
#24=(CONVERSION_BASED_UNIT('DEGREE',#20)NAMED_UNIT(#19)PLANE_ANGLE_UNIT());
#28=(NAMED_UNIT(*)SI_UNIT($,.STERADIAN.)SOLID_ANGLE_UNIT());
#32=(LENGTH_UNIT()NAMED_UNIT(*)SI_UNIT(.MILLI.,.METRE.));
#34=UNCERTAINTY_MEASURE_WITH_UNIT(LENGTH_MEASURE(0.010000000000000),#32,'DISTANCE_ACCURACY_VALUE','');
#36=(GEOMETRIC_REPRESENTATION_CONTEXT(3)GLOBAL_UNCERTAINTY_ASSIGNED_CONTEXT((#34))GLOBAL_UNIT_ASSIGNED_CONTEXT((#24,#28,#32))REPRESENTATION_CONTEXT('None','None'));
#37=AXIS2_PLACEMENT_3D('',#38,#39,#40);
#38=CARTESIAN_POINT('',(0.0,0.0,0.0));
#39=DIRECTION('',(0.0,0.0,1.0));
#40=DIRECTION('',(1.0,0.0,0.0));
#41=SHAPE_REPRESENTATION('',(#37,#972,#984,#2892,#2904,#3165,#3898,#5198,#5210,#6362,#12187,#14416,#14428),#36);
#42=PRODUCT_DEFINITION_SHAPE('','',#12);
#43=SHAPE_DEFINITION_REPRESENTATION(#42,#41);
#44=APPLICATION_CONTEXT('automotive design');
#45=APPLICATION_PROTOCOL_DEFINITION('International Standard','automotive_design',2001,#44);
#46=PRODUCT_CONTEXT('',#44,'mechanical');
#47=PRODUCT('Bearing1','Bearing1',$,(#46));
#48=PRODUCT_RELATED_PRODUCT_CATEGORY('part',$,(#47));
#49=PRODUCT_DEFINITION_FORMATION('',$,#47);
#50=PRODUCT_DEFINITION_CONTEXT('part definition',#44,'design');
#51=PRODUCT_DEFINITION('',$,#49,#50);
#57=(NAMED_UNIT(*)PLANE_ANGLE_UNIT()SI_UNIT($,.RADIAN.));
#58=DIMENSIONAL_EXPONENTS(0.0,0.0,0.0,0.0,0.0,0.0,0.0);
#59=PLANE_ANGLE_MEASURE_WITH_UNIT(PLANE_ANGLE_MEASURE(0.017453292500000),#57);
#63=(CONVERSION_BASED_UNIT('DEGREE',#59)NAMED_UNIT(#58)PLANE_ANGLE_UNIT());
#67=(NAMED_UNIT(*)SI_UNIT($,.STERADIAN.)SOLID_ANGLE_UNIT());
#71=(LENGTH_UNIT()NAMED_UNIT(*)SI_UNIT(.MILLI.,.METRE.));
#73=UNCERTAINTY_MEASURE_WITH_UNIT(LENGTH_MEASURE(0.010000000000000),#71,'DISTANCE_ACCURACY_VALUE','');
#75=(GEOMETRIC_REPRESENTATION_CONTEXT(3)GLOBAL_UNCERTAINTY_ASSIGNED_CONTEXT((#73))GLOBAL_UNIT_ASSIGNED_CONTEXT((#63,#67,#71))REPRESENTATION_CONTEXT('None','None'));
#76=AXIS2_PLACEMENT_3D('',#77,#78,#79);
#77=CARTESIAN_POINT('',(0.0,0.0,0.0));
#78=DIRECTION('',(0.0,0.0,1.0));
#79=DIRECTION('',(1.0,0.0,0.0));
#80=SHAPE_REPRESENTATION('',(#76),#75);
#81=PRODUCT_DEFINITION_SHAPE('','',#51);
#82=SHAPE_DEFINITION_REPRESENTATION(#81,#80);
#88=(NAMED_UNIT(*)PLANE_ANGLE_UNIT()SI_UNIT($,.RADIAN.));
#89=DIMENSIONAL_EXPONENTS(0.0,0.0,0.0,0.0,0.0,0.0,0.0);
#90=PLANE_ANGLE_MEASURE_WITH_UNIT(PLANE_ANGLE_MEASURE(0.017453292500000),#88);
#94=(CONVERSION_BASED_UNIT('DEGREE',#90)NAMED_UNIT(#89)PLANE_ANGLE_UNIT());
#98=(NAMED_UNIT(*)SI_UNIT($,.STERADIAN.)SOLID_ANGLE_UNIT());
#102=(LENGTH_UNIT()NAMED_UNIT(*)SI_UNIT(.MILLI.,.METRE.));
#104=UNCERTAINTY_MEASURE_WITH_UNIT(LENGTH_MEASURE(0.000001000000000),#102,'DISTANCE_ACCURACY_VALUE','');
#106=(GEOMETRIC_REPRESENTATION_CONTEXT(3)GLOBAL_UNCERTAINTY_ASSIGNED_CONTEXT((#104))GLOBAL_UNIT_ASSIGNED_CONTEXT((#94,#98,#102))REPRESENTATION_CONTEXT('','3D'));
#107=CARTESIAN_POINT('',(32.999999999999986,-46.649999999999984,-3.330669E-015));
#108=DIRECTION('',(0.0,1.0,0.0));
#109=DIRECTION('',(-1.0,0.0,0.0));
#110=AXIS2_PLACEMENT_3D('',#107,#108,#109);
#111=CONICAL_SURFACE('',#110,2.400000000000000,45.000000000000718);
#112=CARTESIAN_POINT('',(35.299999999999990,-46.749999999999979,-3.612329E-015));
#113=VERTEX_POINT('',#112);
#114=CARTESIAN_POINT('',(32.999999999999986,-46.749999999999979,-3.330669E-015));
#115=DIRECTION('',(0.0,1.0,0.0));
#116=DIRECTION('',(-1.0,0.0,0.0));
#117=AXIS2_PLACEMENT_3D('',#114,#115,#116);
#118=CIRCLE('',#117,2.300000000000000);
#119=EDGE_CURVE('',#113,#113,#118,.T.);
#120=ORIENTED_EDGE('',*,*,#119,.T.);
#121=EDGE_LOOP('',(#120));
#122=FACE_OUTER_BOUND('',#121,.T.);
#123=CARTESIAN_POINT('',(35.499999999999986,-46.549999999999983,-3.024517E-015));
#124=VERTEX_POINT('',#123);
#125=CARTESIAN_POINT('',(32.999999999999986,-46.549999999999983,-3.330669E-015));
#126=DIRECTION('',(0.0,-1.0,0.0));
#127=DIRECTION('',(-1.0,0.0,0.0));
#128=AXIS2_PLACEMENT_3D('',#125,#126,#127);
#129=CIRCLE('',#128,2.500000000000000);
#130=EDGE_CURVE('',#124,#124,#129,.T.);
#131=ORIENTED_EDGE('',*,*,#130,.T.);
#132=EDGE_LOOP('',(#131));
#133=FACE_BOUND('',#132,.T.);
#134=ADVANCED_FACE('',(#122,#133),#111,.T.);
#135=CARTESIAN_POINT('',(32.999999999999986,-41.749999999999979,-3.330669E-015));
#136=DIRECTION('',(0.0,-1.0,0.0));
#137=DIRECTION('',(-1.0,0.0,0.0));
#138=AXIS2_PLACEMENT_3D('',#135,#136,#137);
#139=CYLINDRICAL_SURFACE('',#138,2.500000000000000);
#140=CARTESIAN_POINT('',(35.499999999999986,-41.749999999999979,-3.024507E-015));
#141=VERTEX_POINT('',#140);
#142=CARTESIAN_POINT('',(32.999999999999986,-41.749999999999986,-3.330669E-015));
#143=DIRECTION('',(0.0,1.0,0.0));
#144=DIRECTION('',(-1.0,0.0,0.0));
#145=AXIS2_PLACEMENT_3D('',#142,#143,#144);
#146=CIRCLE('',#145,2.500000000000000);
#147=EDGE_CURVE('',#141,#141,#146,.T.);
#148=ORIENTED_EDGE('',*,*,#147,.F.);
#149=EDGE_LOOP('',(#148));
#150=FACE_OUTER_BOUND('',#149,.T.);
#151=ORIENTED_EDGE('',*,*,#130,.F.);
#152=EDGE_LOOP('',(#151));
#153=FACE_BOUND('',#152,.T.);
#154=ADVANCED_FACE('',(#150,#153),#139,.T.);
#155=CARTESIAN_POINT('',(32.999999999999986,-46.749999999999979,-3.330669E-015));
#156=DIRECTION('',(0.0,1.0,0.0));
#157=DIRECTION('',(0.0,0.0,1.0));
#158=AXIS2_PLACEMENT_3D('',#155,#156,#157);
#159=PLANE('',#158);
#160=ORIENTED_EDGE('',*,*,#119,.F.);
#161=EDGE_LOOP('',(#160));
#162=FACE_OUTER_BOUND('',#161,.T.);
#163=ADVANCED_FACE('',(#162),#159,.F.);
#164=CARTESIAN_POINT('',(-33.000000000000007,-46.649999999999999,-3.330669E-015));
#165=DIRECTION('',(0.0,1.0,0.0));
#166=DIRECTION('',(-1.0,0.0,0.0));
#167=AXIS2_PLACEMENT_3D('',#164,#165,#166);
#168=CONICAL_SURFACE('',#167,2.400000000000000,45.000000000000718);
#169=CARTESIAN_POINT('',(-30.700000000000006,-46.750000000000000,-3.612329E-015));
#170=VERTEX_POINT('',#169);
#171=CARTESIAN_POINT('',(-33.000000000000007,-46.750000000000000,-3.330669E-015));
#172=DIRECTION('',(0.0,1.0,0.0));
#173=DIRECTION('',(-1.0,0.0,0.0));
#174=AXIS2_PLACEMENT_3D('',#171,#172,#173);
#175=CIRCLE('',#174,2.300000000000000);
#176=EDGE_CURVE('',#170,#170,#175,.T.);
#177=ORIENTED_EDGE('',*,*,#176,.T.);
#178=EDGE_LOOP('',(#177));
#179=FACE_OUTER_BOUND('',#178,.T.);
#180=CARTESIAN_POINT('',(-30.500000000000007,-46.550000000000004,-3.024517E-015));
#181=VERTEX_POINT('',#180);
#182=CARTESIAN_POINT('',(-33.000000000000007,-46.550000000000004,-3.330669E-015));
#183=DIRECTION('',(0.0,-1.0,0.0));
#184=DIRECTION('',(-1.0,0.0,0.0));
#185=AXIS2_PLACEMENT_3D('',#182,#183,#184);
#186=CIRCLE('',#185,2.500000000000000);
#187=EDGE_CURVE('',#181,#181,#186,.T.);
#188=ORIENTED_EDGE('',*,*,#187,.T.);
#189=EDGE_LOOP('',(#188));
#190=FACE_BOUND('',#189,.T.);
#191=ADVANCED_FACE('',(#179,#190),#168,.T.);
#192=CARTESIAN_POINT('',(-33.000000000000007,-41.750000000000000,-3.330669E-015));
#193=DIRECTION('',(0.0,-1.0,0.0));
#194=DIRECTION('',(-1.0,0.0,0.0));
#195=AXIS2_PLACEMENT_3D('',#192,#193,#194);
#196=CYLINDRICAL_SURFACE('',#195,2.500000000000000);
#197=CARTESIAN_POINT('',(-30.500000000000007,-41.750000000000000,-3.024507E-015));
#198=VERTEX_POINT('',#197);
#199=CARTESIAN_POINT('',(-33.000000000000007,-41.749999999999986,-3.330669E-015));
#200=DIRECTION('',(0.0,1.0,0.0));
#201=DIRECTION('',(-1.0,0.0,0.0));
#202=AXIS2_PLACEMENT_3D('',#199,#200,#201);
#203=CIRCLE('',#202,2.500000000000000);
#204=EDGE_CURVE('',#198,#198,#203,.T.);
#205=ORIENTED_EDGE('',*,*,#204,.F.);
#206=EDGE_LOOP('',(#205));
#207=FACE_OUTER_BOUND('',#206,.T.);
#208=ORIENTED_EDGE('',*,*,#187,.F.);
#209=EDGE_LOOP('',(#208));
#210=FACE_BOUND('',#209,.T.);
#211=ADVANCED_FACE('',(#207,#210),#196,.T.);
#212=CARTESIAN_POINT('',(-33.000000000000007,-46.750000000000000,-3.330669E-015));
#213=DIRECTION('',(0.0,1.0,0.0));
#214=DIRECTION('',(0.0,0.0,1.0));
#215=AXIS2_PLACEMENT_3D('',#212,#213,#214);
#216=PLANE('',#215);
#217=ORIENTED_EDGE('',*,*,#176,.F.);
#218=EDGE_LOOP('',(#217));
#219=FACE_OUTER_BOUND('',#218,.T.);
#220=ADVANCED_FACE('',(#219),#216,.F.);
#221=CARTESIAN_POINT('',(28.669872981077802,-31.749999999999989,-2.500000000000004));
#222=DIRECTION('',(-0.500000000000001,0.0,-0.866025403784438));
#223=DIRECTION('',(-0.866025403784438,0.0,0.500000000000000));
#224=AXIS2_PLACEMENT_3D('',#221,#222,#223);
#225=PLANE('',#224);
#226=CARTESIAN_POINT('',(28.669872981077802,-27.749999999999989,-2.500000000000004));
#227=VERTEX_POINT('',#226);
#228=CARTESIAN_POINT('',(32.999999999999986,-27.749999999999989,-5.000000000000004));
#229=VERTEX_POINT('',#228);
#230=CARTESIAN_POINT('',(28.669872981077802,-27.749999999999989,-2.500000000000004));
#231=DIRECTION('',(0.866025403784438,0.0,-0.500000000000001));
#232=VECTOR('',#231,4.999999999999992);
#233=LINE('',#230,#232);
#234=EDGE_CURVE('',#227,#229,#233,.T.);
#235=ORIENTED_EDGE('',*,*,#234,.T.);
#236=CARTESIAN_POINT('',(32.999999999999986,-31.749999999999989,-5.000000000000004));
#237=VERTEX_POINT('',#236);
#238=CARTESIAN_POINT('',(32.999999999999986,-31.749999999999989,-5.000000000000004));
#239=DIRECTION('',(0.0,1.0,0.0));
#240=VECTOR('',#239,4.0);
#241=LINE('',#238,#240);
#242=EDGE_CURVE('',#237,#229,#241,.T.);
#243=ORIENTED_EDGE('',*,*,#242,.F.);
#244=CARTESIAN_POINT('',(28.669872981077802,-31.749999999999989,-2.500000000000004));
#245=VERTEX_POINT('',#244);
#246=CARTESIAN_POINT('',(28.669872981077802,-31.749999999999989,-2.500000000000004));
#247=DIRECTION('',(0.866025403784438,0.0,-0.500000000000001));
#248=VECTOR('',#247,4.999999999999992);
#249=LINE('',#246,#248);
#250=EDGE_CURVE('',#245,#237,#249,.T.);
#251=ORIENTED_EDGE('',*,*,#250,.F.);
#252=CARTESIAN_POINT('',(28.669872981077802,-31.749999999999989,-2.500000000000004));
#253=DIRECTION('',(0.0,1.0,0.0));
#254=VECTOR('',#253,4.0);
#255=LINE('',#252,#254);
#256=EDGE_CURVE('',#245,#227,#255,.T.);
#257=ORIENTED_EDGE('',*,*,#256,.T.);
#258=EDGE_LOOP('',(#235,#243,#251,#257));
#259=FACE_OUTER_BOUND('',#258,.T.);
#260=ADVANCED_FACE('',(#259),#225,.T.);
#261=CARTESIAN_POINT('',(32.999999999999986,-31.749999999999989,-5.000000000000004));
#262=DIRECTION('',(0.500000000000000,0.0,-0.866025403784439));
#263=DIRECTION('',(-0.866025403784439,0.0,-0.500000000000000));
#264=AXIS2_PLACEMENT_3D('',#261,#262,#263);
#265=PLANE('',#264);
#266=CARTESIAN_POINT('',(37.330127018922184,-27.749999999999989,-2.500000000000001));
#267=VERTEX_POINT('',#266);
#268=CARTESIAN_POINT('',(32.999999999999986,-27.749999999999989,-5.000000000000004));
#269=DIRECTION('',(0.866025403784439,0.0,0.500000000000000));
#270=VECTOR('',#269,5.000000000000005);
#271=LINE('',#268,#270);
#272=EDGE_CURVE('',#229,#267,#271,.T.);
#273=ORIENTED_EDGE('',*,*,#272,.T.);
#274=CARTESIAN_POINT('',(37.330127018922184,-31.749999999999989,-2.500000000000001));
#275=VERTEX_POINT('',#274);
#276=CARTESIAN_POINT('',(37.330127018922184,-31.749999999999989,-2.500000000000001));
#277=DIRECTION('',(0.0,1.0,0.0));
#278=VECTOR('',#277,4.0);
#279=LINE('',#276,#278);
#280=EDGE_CURVE('',#275,#267,#279,.T.);
#281=ORIENTED_EDGE('',*,*,#280,.F.);
#282=CARTESIAN_POINT('',(32.999999999999986,-31.749999999999989,-5.000000000000004));
#283=DIRECTION('',(0.866025403784439,0.0,0.500000000000000));
#284=VECTOR('',#283,5.000000000000005);
#285=LINE('',#282,#284);
#286=EDGE_CURVE('',#237,#275,#285,.T.);
#287=ORIENTED_EDGE('',*,*,#286,.F.);
#288=ORIENTED_EDGE('',*,*,#242,.T.);
#289=EDGE_LOOP('',(#273,#281,#287,#288));
#290=FACE_OUTER_BOUND('',#289,.T.);
#291=ADVANCED_FACE('',(#290),#265,.T.);
#292=CARTESIAN_POINT('',(37.330127018922184,-31.749999999999989,-2.500000000000001));
#293=DIRECTION('',(1.0,0.0,0.0));
#294=DIRECTION('',(0.0,0.0,-1.0));
#295=AXIS2_PLACEMENT_3D('',#292,#293,#294);
#296=PLANE('',#295);
#297=CARTESIAN_POINT('',(37.330127018922184,-27.749999999999989,2.499999999999998));
#298=VERTEX_POINT('',#297);
#299=CARTESIAN_POINT('',(37.330127018922184,-27.749999999999989,-2.500000000000001));
#300=DIRECTION('',(0.0,0.0,1.0));
#301=VECTOR('',#300,4.999999999999998);
#302=LINE('',#299,#301);
#303=EDGE_CURVE('',#267,#298,#302,.T.);
#304=ORIENTED_EDGE('',*,*,#303,.T.);
#305=CARTESIAN_POINT('',(37.330127018922184,-31.749999999999989,2.499999999999998));
#306=VERTEX_POINT('',#305);
#307=CARTESIAN_POINT('',(37.330127018922184,-31.749999999999989,2.499999999999998));
#308=DIRECTION('',(0.0,1.0,0.0));
#309=VECTOR('',#308,4.0);
#310=LINE('',#307,#309);
#311=EDGE_CURVE('',#306,#298,#310,.T.);
#312=ORIENTED_EDGE('',*,*,#311,.F.);
#313=CARTESIAN_POINT('',(37.330127018922184,-31.749999999999989,-2.500000000000001));
#314=DIRECTION('',(0.0,0.0,1.0));
#315=VECTOR('',#314,4.999999999999998);
#316=LINE('',#313,#315);
#317=EDGE_CURVE('',#275,#306,#316,.T.);
#318=ORIENTED_EDGE('',*,*,#317,.F.);
#319=ORIENTED_EDGE('',*,*,#280,.T.);
#320=EDGE_LOOP('',(#304,#312,#318,#319));
#321=FACE_OUTER_BOUND('',#320,.T.);
#322=ADVANCED_FACE('',(#321),#296,.T.);
#323=CARTESIAN_POINT('',(37.330127018922184,-31.749999999999989,2.499999999999998));
#324=DIRECTION('',(0.499999999999999,0.0,0.866025403784439));
#325=DIRECTION('',(0.866025403784439,0.0,-0.499999999999999));
#326=AXIS2_PLACEMENT_3D('',#323,#324,#325);
#327=PLANE('',#326);
#328=CARTESIAN_POINT('',(32.999999999999986,-27.749999999999989,4.999999999999995));
#329=VERTEX_POINT('',#328);
#330=CARTESIAN_POINT('',(37.330127018922184,-27.749999999999989,2.499999999999998));
#331=DIRECTION('',(-0.866025403784439,0.0,0.499999999999999));
#332=VECTOR('',#331,5.000000000000003);
#333=LINE('',#330,#332);
#334=EDGE_CURVE('',#298,#329,#333,.T.);
#335=ORIENTED_EDGE('',*,*,#334,.T.);
#336=CARTESIAN_POINT('',(32.999999999999986,-31.749999999999989,4.999999999999995));
#337=VERTEX_POINT('',#336);
#338=CARTESIAN_POINT('',(32.999999999999986,-31.749999999999989,4.999999999999995));
#339=DIRECTION('',(0.0,1.0,0.0));
#340=VECTOR('',#339,4.0);
#341=LINE('',#338,#340);
#342=EDGE_CURVE('',#337,#329,#341,.T.);
#343=ORIENTED_EDGE('',*,*,#342,.F.);
#344=CARTESIAN_POINT('',(37.330127018922184,-31.749999999999989,2.499999999999998));
#345=DIRECTION('',(-0.866025403784439,0.0,0.499999999999999));
#346=VECTOR('',#345,5.000000000000003);
#347=LINE('',#344,#346);
#348=EDGE_CURVE('',#306,#337,#347,.T.);
#349=ORIENTED_EDGE('',*,*,#348,.F.);
#350=ORIENTED_EDGE('',*,*,#311,.T.);
#351=EDGE_LOOP('',(#335,#343,#349,#350));
#352=FACE_OUTER_BOUND('',#351,.T.);
#353=ADVANCED_FACE('',(#352),#327,.T.);
#354=CARTESIAN_POINT('',(32.999999999999986,-31.749999999999989,4.999999999999995));
#355=DIRECTION('',(-0.500000000000000,0.0,0.866025403784439));
#356=DIRECTION('',(0.866025403784439,0.0,0.500000000000000));
#357=AXIS2_PLACEMENT_3D('',#354,#355,#356);
#358=PLANE('',#357);
#359=CARTESIAN_POINT('',(28.669872981077795,-27.749999999999989,2.499999999999995));
#360=VERTEX_POINT('',#359);
#361=CARTESIAN_POINT('',(32.999999999999986,-27.749999999999989,4.999999999999995));
#362=DIRECTION('',(-0.866025403784438,0.0,-0.500000000000000));
#363=VECTOR('',#362,4.999999999999998);
#364=LINE('',#361,#363);
#365=EDGE_CURVE('',#329,#360,#364,.T.);
#366=ORIENTED_EDGE('',*,*,#365,.T.);
#367=CARTESIAN_POINT('',(28.669872981077795,-31.749999999999989,2.499999999999995));
#368=VERTEX_POINT('',#367);
#369=CARTESIAN_POINT('',(28.669872981077795,-31.749999999999989,2.499999999999995));
#370=DIRECTION('',(0.0,1.0,0.0));
#371=VECTOR('',#370,4.0);
#372=LINE('',#369,#371);
#373=EDGE_CURVE('',#368,#360,#372,.T.);
#374=ORIENTED_EDGE('',*,*,#373,.F.);
#375=CARTESIAN_POINT('',(32.999999999999986,-31.749999999999989,4.999999999999995));
#376=DIRECTION('',(-0.866025403784438,0.0,-0.500000000000000));
#377=VECTOR('',#376,4.999999999999998);
#378=LINE('',#375,#377);
#379=EDGE_CURVE('',#337,#368,#378,.T.);
#380=ORIENTED_EDGE('',*,*,#379,.F.);
#381=ORIENTED_EDGE('',*,*,#342,.T.);
#382=EDGE_LOOP('',(#366,#374,#380,#381));
#383=FACE_OUTER_BOUND('',#382,.T.);
#384=ADVANCED_FACE('',(#383),#358,.T.);
#385=CARTESIAN_POINT('',(28.669872981077795,-31.749999999999989,2.499999999999995));
#386=DIRECTION('',(-1.0,0.0,0.0));
#387=DIRECTION('',(0.0,0.0,1.0));
#388=AXIS2_PLACEMENT_3D('',#385,#386,#387);
#389=PLANE('',#388);
#390=CARTESIAN_POINT('',(28.669872981077795,-27.749999999999989,2.499999999999995));
#391=DIRECTION('',(0.0,0.0,-1.0));
#392=VECTOR('',#391,4.999999999999998);
#393=LINE('',#390,#392);
#394=EDGE_CURVE('',#360,#227,#393,.T.);
#395=ORIENTED_EDGE('',*,*,#394,.T.);
#396=ORIENTED_EDGE('',*,*,#256,.F.);
#397=CARTESIAN_POINT('',(28.669872981077795,-31.749999999999989,2.499999999999995));
#398=DIRECTION('',(0.0,0.0,-1.0));
#399=VECTOR('',#398,4.999999999999998);
#400=LINE('',#397,#399);
#401=EDGE_CURVE('',#368,#245,#400,.T.);
#402=ORIENTED_EDGE('',*,*,#401,.F.);
#403=ORIENTED_EDGE('',*,*,#373,.T.);
#404=EDGE_LOOP('',(#395,#396,#402,#403));
#405=FACE_OUTER_BOUND('',#404,.T.);
#406=ADVANCED_FACE('',(#405),#389,.T.);
#407=CARTESIAN_POINT('',(33.0,-27.749999999999989,-2.914335E-015));
#408=DIRECTION('',(0.0,1.0,0.0));
#409=DIRECTION('',(0.0,0.0,1.0));
#410=AXIS2_PLACEMENT_3D('',#407,#408,#409);
#411=PLANE('',#410);
#412=ORIENTED_EDGE('',*,*,#234,.F.);
#413=ORIENTED_EDGE('',*,*,#394,.F.);
#414=ORIENTED_EDGE('',*,*,#365,.F.);
#415=ORIENTED_EDGE('',*,*,#334,.F.);
#416=ORIENTED_EDGE('',*,*,#303,.F.);
#417=ORIENTED_EDGE('',*,*,#272,.F.);
#418=EDGE_LOOP('',(#412,#413,#414,#415,#416,#417));
#419=FACE_OUTER_BOUND('',#418,.T.);
#420=ADVANCED_FACE('',(#419),#411,.T.);
#421=CARTESIAN_POINT('',(-33.000000000000014,-31.749999999999989,-5.000000000000004));
#422=DIRECTION('',(0.500000000000000,0.0,-0.866025403784439));
#423=DIRECTION('',(-0.866025403784438,0.0,-0.500000000000000));
#424=AXIS2_PLACEMENT_3D('',#421,#422,#423);
#425=PLANE('',#424);
#426=CARTESIAN_POINT('',(-33.000000000000014,-27.749999999999986,-5.000000000000004));
#427=VERTEX_POINT('',#426);
#428=CARTESIAN_POINT('',(-28.669872981077820,-27.749999999999986,-2.500000000000004));
#429=VERTEX_POINT('',#428);
#430=CARTESIAN_POINT('',(-33.000000000000014,-27.749999999999986,-5.000000000000004));
#431=DIRECTION('',(0.866025403784439,0.0,0.500000000000000));
#432=VECTOR('',#431,5.000000000000001);
#433=LINE('',#430,#432);
#434=EDGE_CURVE('',#427,#429,#433,.T.);
#435=ORIENTED_EDGE('',*,*,#434,.T.);
#436=CARTESIAN_POINT('',(-28.669872981077820,-31.749999999999989,-2.500000000000004));
#437=VERTEX_POINT('',#436);
#438=CARTESIAN_POINT('',(-28.669872981077820,-31.749999999999989,-2.500000000000004));
#439=DIRECTION('',(0.0,1.0,0.0));
#440=VECTOR('',#439,4.000000000000004);
#441=LINE('',#438,#440);
#442=EDGE_CURVE('',#437,#429,#441,.T.);
#443=ORIENTED_EDGE('',*,*,#442,.F.);
#444=CARTESIAN_POINT('',(-33.000000000000014,-31.749999999999989,-5.000000000000004));
#445=VERTEX_POINT('',#444);
#446=CARTESIAN_POINT('',(-33.000000000000014,-31.749999999999989,-5.000000000000004));
#447=DIRECTION('',(0.866025403784439,0.0,0.500000000000000));
#448=VECTOR('',#447,5.000000000000001);
#449=LINE('',#446,#448);
#450=EDGE_CURVE('',#445,#437,#449,.T.);
#451=ORIENTED_EDGE('',*,*,#450,.F.);
#452=CARTESIAN_POINT('',(-33.000000000000014,-31.749999999999989,-5.000000000000004));
#453=DIRECTION('',(0.0,1.0,0.0));
#454=VECTOR('',#453,4.000000000000004);
#455=LINE('',#452,#454);
#456=EDGE_CURVE('',#445,#427,#455,.T.);
#457=ORIENTED_EDGE('',*,*,#456,.T.);
#458=EDGE_LOOP('',(#435,#443,#451,#457));
#459=FACE_OUTER_BOUND('',#458,.T.);
#460=ADVANCED_FACE('',(#459),#425,.T.);
#461=CARTESIAN_POINT('',(-28.669872981077820,-31.749999999999989,-2.500000000000004));
#462=DIRECTION('',(1.0,0.0,0.0));
#463=DIRECTION('',(0.0,0.0,-1.0));
#464=AXIS2_PLACEMENT_3D('',#461,#462,#463);
#465=PLANE('',#464);
#466=CARTESIAN_POINT('',(-28.669872981077816,-27.749999999999986,2.499999999999995));
#467=VERTEX_POINT('',#466);
#468=CARTESIAN_POINT('',(-28.669872981077820,-27.749999999999986,-2.500000000000004));
#469=DIRECTION('',(0.0,0.0,1.0));
#470=VECTOR('',#469,4.999999999999998);
#471=LINE('',#468,#470);
#472=EDGE_CURVE('',#429,#467,#471,.T.);
#473=ORIENTED_EDGE('',*,*,#472,.T.);
#474=CARTESIAN_POINT('',(-28.669872981077816,-31.749999999999989,2.499999999999995));
#475=VERTEX_POINT('',#474);
#476=CARTESIAN_POINT('',(-28.669872981077816,-31.749999999999989,2.499999999999995));
#477=DIRECTION('',(0.0,1.0,0.0));
#478=VECTOR('',#477,4.000000000000004);
#479=LINE('',#476,#478);
#480=EDGE_CURVE('',#475,#467,#479,.T.);
#481=ORIENTED_EDGE('',*,*,#480,.F.);
#482=CARTESIAN_POINT('',(-28.669872981077820,-31.749999999999989,-2.500000000000004));
#483=DIRECTION('',(0.0,0.0,1.0));
#484=VECTOR('',#483,4.999999999999998);
#485=LINE('',#482,#484);
#486=EDGE_CURVE('',#437,#475,#485,.T.);
#487=ORIENTED_EDGE('',*,*,#486,.F.);
#488=ORIENTED_EDGE('',*,*,#442,.T.);
#489=EDGE_LOOP('',(#473,#481,#487,#488));
#490=FACE_OUTER_BOUND('',#489,.T.);
#491=ADVANCED_FACE('',(#490),#465,.T.);
#492=CARTESIAN_POINT('',(-28.669872981077816,-31.749999999999989,2.499999999999995));
#493=DIRECTION('',(0.500000000000000,0.0,0.866025403784438));
#494=DIRECTION('',(0.866025403784438,0.0,-0.500000000000000));
#495=AXIS2_PLACEMENT_3D('',#492,#493,#494);
#496=PLANE('',#495);
#497=CARTESIAN_POINT('',(-33.000000000000007,-27.749999999999986,4.999999999999995));
#498=VERTEX_POINT('',#497);
#499=CARTESIAN_POINT('',(-28.669872981077816,-27.749999999999986,2.499999999999995));
#500=DIRECTION('',(-0.866025403784438,0.0,0.500000000000000));
#501=VECTOR('',#500,4.999999999999998);
#502=LINE('',#499,#501);
#503=EDGE_CURVE('',#467,#498,#502,.T.);
#504=ORIENTED_EDGE('',*,*,#503,.T.);
#505=CARTESIAN_POINT('',(-33.000000000000007,-31.749999999999989,4.999999999999995));
#506=VERTEX_POINT('',#505);
#507=CARTESIAN_POINT('',(-33.000000000000007,-31.749999999999989,4.999999999999995));
#508=DIRECTION('',(0.0,1.0,0.0));
#509=VECTOR('',#508,4.000000000000004);
#510=LINE('',#507,#509);
#511=EDGE_CURVE('',#506,#498,#510,.T.);
#512=ORIENTED_EDGE('',*,*,#511,.F.);
#513=CARTESIAN_POINT('',(-28.669872981077816,-31.749999999999989,2.499999999999995));
#514=DIRECTION('',(-0.866025403784438,0.0,0.500000000000000));
#515=VECTOR('',#514,4.999999999999998);
#516=LINE('',#513,#515);
#517=EDGE_CURVE('',#475,#506,#516,.T.);
#518=ORIENTED_EDGE('',*,*,#517,.F.);
#519=ORIENTED_EDGE('',*,*,#480,.T.);
#520=EDGE_LOOP('',(#504,#512,#518,#519));
#521=FACE_OUTER_BOUND('',#520,.T.);
#522=ADVANCED_FACE('',(#521),#496,.T.);
#523=CARTESIAN_POINT('',(-33.000000000000007,-31.749999999999989,4.999999999999995));
#524=DIRECTION('',(-0.500000000000000,0.0,0.866025403784439));
#525=DIRECTION('',(0.866025403784439,0.0,0.500000000000000));
#526=AXIS2_PLACEMENT_3D('',#523,#524,#525);
#527=PLANE('',#526);
#528=CARTESIAN_POINT('',(-37.330127018922198,-27.749999999999986,2.499999999999998));
#529=VERTEX_POINT('',#528);
#530=CARTESIAN_POINT('',(-33.000000000000007,-27.749999999999986,4.999999999999995));
#531=DIRECTION('',(-0.866025403784439,0.0,-0.500000000000000));
#532=VECTOR('',#531,4.999999999999996);
#533=LINE('',#530,#532);
#534=EDGE_CURVE('',#498,#529,#533,.T.);
#535=ORIENTED_EDGE('',*,*,#534,.T.);
#536=CARTESIAN_POINT('',(-37.330127018922198,-31.749999999999989,2.499999999999998));
#537=VERTEX_POINT('',#536);
#538=CARTESIAN_POINT('',(-37.330127018922198,-31.749999999999989,2.499999999999998));
#539=DIRECTION('',(0.0,1.0,0.0));
#540=VECTOR('',#539,4.000000000000004);
#541=LINE('',#538,#540);
#542=EDGE_CURVE('',#537,#529,#541,.T.);
#543=ORIENTED_EDGE('',*,*,#542,.F.);
#544=CARTESIAN_POINT('',(-33.000000000000007,-31.749999999999989,4.999999999999995));
#545=DIRECTION('',(-0.866025403784439,0.0,-0.500000000000000));
#546=VECTOR('',#545,4.999999999999996);
#547=LINE('',#544,#546);
#548=EDGE_CURVE('',#506,#537,#547,.T.);
#549=ORIENTED_EDGE('',*,*,#548,.F.);
#550=ORIENTED_EDGE('',*,*,#511,.T.);
#551=EDGE_LOOP('',(#535,#543,#549,#550));
#552=FACE_OUTER_BOUND('',#551,.T.);
#553=ADVANCED_FACE('',(#552),#527,.T.);
#554=CARTESIAN_POINT('',(-37.330127018922198,-31.749999999999989,2.499999999999998));
#555=DIRECTION('',(-1.0,0.0,0.0));
#556=DIRECTION('',(0.0,0.0,1.0));
#557=AXIS2_PLACEMENT_3D('',#554,#555,#556);
#558=PLANE('',#557);
#559=CARTESIAN_POINT('',(-37.330127018922205,-27.749999999999986,-2.500000000000001));
#560=VERTEX_POINT('',#559);
#561=CARTESIAN_POINT('',(-37.330127018922198,-27.749999999999986,2.499999999999998));
#562=DIRECTION('',(0.0,0.0,-1.0));
#563=VECTOR('',#562,4.999999999999998);
#564=LINE('',#561,#563);
#565=EDGE_CURVE('',#529,#560,#564,.T.);
#566=ORIENTED_EDGE('',*,*,#565,.T.);
#567=CARTESIAN_POINT('',(-37.330127018922205,-31.749999999999989,-2.500000000000001));
#568=VERTEX_POINT('',#567);
#569=CARTESIAN_POINT('',(-37.330127018922205,-31.749999999999989,-2.500000000000001));
#570=DIRECTION('',(0.0,1.0,0.0));
#571=VECTOR('',#570,4.000000000000004);
#572=LINE('',#569,#571);
#573=EDGE_CURVE('',#568,#560,#572,.T.);
#574=ORIENTED_EDGE('',*,*,#573,.F.);
#575=CARTESIAN_POINT('',(-37.330127018922198,-31.749999999999989,2.499999999999998));
#576=DIRECTION('',(0.0,0.0,-1.0));
#577=VECTOR('',#576,4.999999999999998);
#578=LINE('',#575,#577);
#579=EDGE_CURVE('',#537,#568,#578,.T.);
#580=ORIENTED_EDGE('',*,*,#579,.F.);
#581=ORIENTED_EDGE('',*,*,#542,.T.);
#582=EDGE_LOOP('',(#566,#574,#580,#581));
#583=FACE_OUTER_BOUND('',#582,.T.);
#584=ADVANCED_FACE('',(#583),#558,.T.);
#585=CARTESIAN_POINT('',(-37.330127018922205,-31.749999999999989,-2.500000000000001));
#586=DIRECTION('',(-0.500000000000000,0.0,-0.866025403784438));
#587=DIRECTION('',(-0.866025403784438,0.0,0.500000000000000));
#588=AXIS2_PLACEMENT_3D('',#585,#586,#587);
#589=PLANE('',#588);
#590=CARTESIAN_POINT('',(-37.330127018922205,-27.749999999999986,-2.500000000000001));
#591=DIRECTION('',(0.866025403784438,0.0,-0.500000000000001));
#592=VECTOR('',#591,5.0);
#593=LINE('',#590,#592);
#594=EDGE_CURVE('',#560,#427,#593,.T.);
#595=ORIENTED_EDGE('',*,*,#594,.T.);
#596=ORIENTED_EDGE('',*,*,#456,.F.);
#597=CARTESIAN_POINT('',(-37.330127018922205,-31.749999999999989,-2.500000000000001));
#598=DIRECTION('',(0.866025403784438,0.0,-0.500000000000001));
#599=VECTOR('',#598,5.0);
#600=LINE('',#597,#599);
#601=EDGE_CURVE('',#568,#445,#600,.T.);
#602=ORIENTED_EDGE('',*,*,#601,.F.);
#603=ORIENTED_EDGE('',*,*,#573,.T.);
#604=EDGE_LOOP('',(#595,#596,#602,#603));
#605=FACE_OUTER_BOUND('',#604,.T.);
#606=ADVANCED_FACE('',(#605),#589,.T.);
#607=CARTESIAN_POINT('',(-33.000000000000007,-27.749999999999986,-3.330669E-015));
#608=DIRECTION('',(0.0,1.0,0.0));
#609=DIRECTION('',(0.0,0.0,1.0));
#610=AXIS2_PLACEMENT_3D('',#607,#608,#609);
#611=PLANE('',#610);
#612=ORIENTED_EDGE('',*,*,#434,.F.);
#613=ORIENTED_EDGE('',*,*,#594,.F.);
#614=ORIENTED_EDGE('',*,*,#565,.F.);
#615=ORIENTED_EDGE('',*,*,#534,.F.);
#616=ORIENTED_EDGE('',*,*,#503,.F.);
#617=ORIENTED_EDGE('',*,*,#472,.F.);
#618=EDGE_LOOP('',(#612,#613,#614,#615,#616,#617));
#619=FACE_OUTER_BOUND('',#618,.T.);
#620=ADVANCED_FACE('',(#619),#611,.T.);
#621=CARTESIAN_POINT('',(0.0,0.0,0.0));
#622=DIRECTION('',(0.0,0.0,1.0));
#623=DIRECTION('',(-1.0,0.0,0.0));
#624=AXIS2_PLACEMENT_3D('',#621,#622,#623);
#625=CYLINDRICAL_SURFACE('',#624,7.000000000000001);
#626=CARTESIAN_POINT('',(7.000000000000001,8.572528E-016,-9.0));
#627=VERTEX_POINT('',#626);
#628=CARTESIAN_POINT('',(0.0,0.0,-9.0));
#629=DIRECTION('',(0.0,0.0,1.0));
#630=DIRECTION('',(-1.0,0.0,0.0));
#631=AXIS2_PLACEMENT_3D('',#628,#629,#630);
#632=CIRCLE('',#631,7.000000000000001);
#633=EDGE_CURVE('',#627,#627,#632,.T.);
#634=ORIENTED_EDGE('',*,*,#633,.F.);
#635=EDGE_LOOP('',(#634));
#636=FACE_OUTER_BOUND('',#635,.T.);
#637=CARTESIAN_POINT('',(7.000000000000001,8.572528E-016,9.0));
#638=VERTEX_POINT('',#637);
#639=CARTESIAN_POINT('',(0.0,0.0,9.0));
#640=DIRECTION('',(0.0,0.0,-1.0));
#641=DIRECTION('',(-1.0,0.0,0.0));
#642=AXIS2_PLACEMENT_3D('',#639,#640,#641);
#643=CIRCLE('',#642,7.000000000000001);
#644=EDGE_CURVE('',#638,#638,#643,.T.);
#645=ORIENTED_EDGE('',*,*,#644,.F.);
#646=EDGE_LOOP('',(#645));
#647=FACE_BOUND('',#646,.T.);
#648=ADVANCED_FACE('',(#636,#647),#625,.F.);
#649=CARTESIAN_POINT('',(2.775558E-016,-23.308253952923366,-9.0));
#650=DIRECTION('',(0.0,0.0,1.0));
#651=DIRECTION('',(1.0,0.0,0.0));
#652=AXIS2_PLACEMENT_3D('',#649,#650,#651);
#653=PLANE('',#652);
#654=CARTESIAN_POINT('',(40.000000000000007,-41.749999999999986,-9.0));
#655=VERTEX_POINT('',#654);
#656=CARTESIAN_POINT('',(40.000000000000007,-31.749999999999979,-9.0));
#657=VERTEX_POINT('',#656);
#658=CARTESIAN_POINT('',(40.000000000000007,-41.749999999999986,-9.0));
#659=DIRECTION('',(0.0,1.0,0.0));
#660=VECTOR('',#659,10.000000000000007);
#661=LINE('',#658,#660);
#662=EDGE_CURVE('',#655,#657,#661,.T.);
#663=ORIENTED_EDGE('',*,*,#662,.F.);
#664=CARTESIAN_POINT('',(-40.000000000000007,-41.750000000000000,-9.0));
#665=VERTEX_POINT('',#664);
#666=CARTESIAN_POINT('',(-40.000000000000007,-41.750000000000000,-9.0));
#667=DIRECTION('',(1.0,0.0,0.0));
#668=VECTOR('',#667,80.000000000000014);
#669=LINE('',#666,#668);
#670=EDGE_CURVE('',#665,#655,#669,.T.);
#671=ORIENTED_EDGE('',*,*,#670,.F.);
#672=CARTESIAN_POINT('',(-40.000000000000007,-31.749999999999989,-9.0));
#673=VERTEX_POINT('',#672);
#674=CARTESIAN_POINT('',(-40.000000000000007,-31.749999999999989,-9.0));
#675=DIRECTION('',(0.0,-1.0,0.0));
#676=VECTOR('',#675,10.000000000000011);
#677=LINE('',#674,#676);
#678=EDGE_CURVE('',#673,#665,#677,.T.);
#679=ORIENTED_EDGE('',*,*,#678,.F.);
#680=CARTESIAN_POINT('',(-24.036529565839402,-31.749999999999989,-9.0));
#681=VERTEX_POINT('',#680);
#682=CARTESIAN_POINT('',(-24.036529565839402,-31.749999999999989,-9.0));
#683=DIRECTION('',(-1.0,0.0,0.0));
#684=VECTOR('',#683,15.963470434160605);
#685=LINE('',#682,#684);
#686=EDGE_CURVE('',#681,#673,#685,.T.);
#687=ORIENTED_EDGE('',*,*,#686,.F.);
#688=CARTESIAN_POINT('',(-14.488887394336023,3.882285676537816,-9.0));
#689=VERTEX_POINT('',#688);
#690=CARTESIAN_POINT('',(-14.488887394336023,3.882285676537816,-9.0));
#691=DIRECTION('',(-0.258819045102521,-0.965925826289068,0.0));
#692=VECTOR('',#691,36.889256614486975);
#693=LINE('',#690,#692);
#694=EDGE_CURVE('',#689,#681,#693,.T.);
#695=ORIENTED_EDGE('',*,*,#694,.F.);
#696=CARTESIAN_POINT('',(14.488887394336018,3.882285676537833,-9.0));
#697=VERTEX_POINT('',#696);
#698=CARTESIAN_POINT('',(0.0,0.0,-9.0));
#699=DIRECTION('',(0.0,0.0,1.000000000000000));
#700=DIRECTION('',(0.965925826289068,0.258819045102522,0.0));
#701=AXIS2_PLACEMENT_3D('',#698,#699,#700);
#702=CIRCLE('',#701,14.999999999999998);
#703=EDGE_CURVE('',#697,#689,#702,.T.);
#704=ORIENTED_EDGE('',*,*,#703,.F.);
#705=CARTESIAN_POINT('',(24.036529565839402,-31.749999999999986,-9.0));
#706=VERTEX_POINT('',#705);
#707=CARTESIAN_POINT('',(24.036529565839402,-31.749999999999986,-9.0));
#708=DIRECTION('',(-0.258819045102521,0.965925826289068,0.0));
#709=VECTOR('',#708,36.889256614486989);
#710=LINE('',#707,#709);
#711=EDGE_CURVE('',#706,#697,#710,.T.);
#712=ORIENTED_EDGE('',*,*,#711,.F.);
#713=CARTESIAN_POINT('',(40.000000000000007,-31.749999999999979,-9.0));
#714=DIRECTION('',(-1.0,0.0,0.0));
#715=VECTOR('',#714,15.963470434160605);
#716=LINE('',#713,#715);
#717=EDGE_CURVE('',#657,#706,#716,.T.);
#718=ORIENTED_EDGE('',*,*,#717,.F.);
#719=EDGE_LOOP('',(#663,#671,#679,#687,#695,#704,#712,#718));
#720=FACE_OUTER_BOUND('',#719,.T.);
#721=ORIENTED_EDGE('',*,*,#633,.T.);
#722=EDGE_LOOP('',(#721));
#723=FACE_BOUND('',#722,.T.);
#724=ADVANCED_FACE('',(#720,#723),#653,.F.);
#725=CARTESIAN_POINT('',(6.661338E-015,-41.749999999999986,0.0));
#726=DIRECTION('',(0.0,-1.0,0.0));
#727=DIRECTION('',(0.0,0.0,-1.0));
#728=AXIS2_PLACEMENT_3D('',#725,#726,#727);
#729=PLANE('',#728);
#730=CARTESIAN_POINT('',(40.000000000000007,-41.749999999999986,9.0));
#731=VERTEX_POINT('',#730);
#732=CARTESIAN_POINT('',(-40.000000000000007,-41.750000000000000,9.0));
#733=VERTEX_POINT('',#732);
#734=CARTESIAN_POINT('',(40.000000000000007,-41.749999999999986,9.0));
#735=DIRECTION('',(-1.0,0.0,0.0));
#736=VECTOR('',#735,80.000000000000014);
#737=LINE('',#734,#736);
#738=EDGE_CURVE('',#731,#733,#737,.T.);
#739=ORIENTED_EDGE('',*,*,#738,.T.);
#740=CARTESIAN_POINT('',(-40.000000000000007,-41.750000000000000,-9.0));
#741=DIRECTION('',(0.0,0.0,1.0));
#742=VECTOR('',#741,18.0);
#743=LINE('',#740,#742);
#744=EDGE_CURVE('',#665,#733,#743,.T.);
#745=ORIENTED_EDGE('',*,*,#744,.F.);
#746=ORIENTED_EDGE('',*,*,#670,.T.);
#747=CARTESIAN_POINT('',(40.000000000000007,-41.749999999999986,-9.0));
#748=DIRECTION('',(0.0,0.0,1.0));
#749=VECTOR('',#748,18.0);
#750=LINE('',#747,#749);
#751=EDGE_CURVE('',#655,#731,#750,.T.);
#752=ORIENTED_EDGE('',*,*,#751,.T.);
#753=EDGE_LOOP('',(#739,#745,#746,#752));
#754=FACE_OUTER_BOUND('',#753,.T.);
#755=ORIENTED_EDGE('',*,*,#147,.T.);
#756=EDGE_LOOP('',(#755));
#757=FACE_BOUND('',#756,.T.);
#758=ORIENTED_EDGE('',*,*,#204,.T.);
#759=EDGE_LOOP('',(#758));
#760=FACE_BOUND('',#759,.T.);
#761=ADVANCED_FACE('',(#754,#757,#760),#729,.T.);
#762=CARTESIAN_POINT('',(-40.000000000000007,-41.750000000000000,0.0));
#763=DIRECTION('',(-1.0,0.0,0.0));
#764=DIRECTION('',(0.0,0.0,1.0));
#765=AXIS2_PLACEMENT_3D('',#762,#763,#764);
#766=PLANE('',#765);
#767=CARTESIAN_POINT('',(-40.000000000000007,-31.749999999999989,9.0));
#768=VERTEX_POINT('',#767);
#769=CARTESIAN_POINT('',(-40.000000000000007,-41.750000000000000,9.0));
#770=DIRECTION('',(0.0,1.0,0.0));
#771=VECTOR('',#770,10.000000000000011);
#772=LINE('',#769,#771);
#773=EDGE_CURVE('',#733,#768,#772,.T.);
#774=ORIENTED_EDGE('',*,*,#773,.T.);
#775=CARTESIAN_POINT('',(-40.000000000000007,-31.749999999999989,-9.0));
#776=DIRECTION('',(0.0,0.0,1.0));
#777=VECTOR('',#776,18.0);
#778=LINE('',#775,#777);
#779=EDGE_CURVE('',#673,#768,#778,.T.);
#780=ORIENTED_EDGE('',*,*,#779,.F.);
#781=ORIENTED_EDGE('',*,*,#678,.T.);
#782=ORIENTED_EDGE('',*,*,#744,.T.);
#783=EDGE_LOOP('',(#774,#780,#781,#782));
#784=FACE_OUTER_BOUND('',#783,.T.);
#785=ADVANCED_FACE('',(#784),#766,.T.);
#786=CARTESIAN_POINT('',(-40.000000000000007,-31.749999999999989,0.0));
#787=DIRECTION('',(0.0,1.0,0.0));
#788=DIRECTION('',(0.0,0.0,1.0));
#789=AXIS2_PLACEMENT_3D('',#786,#787,#788);
#790=PLANE('',#789);
#791=CARTESIAN_POINT('',(-24.036529565839402,-31.749999999999989,9.0));
#792=VERTEX_POINT('',#791);
#793=CARTESIAN_POINT('',(-40.000000000000007,-31.749999999999989,9.0));
#794=DIRECTION('',(1.0,0.0,0.0));
#795=VECTOR('',#794,15.963470434160605);
#796=LINE('',#793,#795);
#797=EDGE_CURVE('',#768,#792,#796,.T.);
#798=ORIENTED_EDGE('',*,*,#797,.T.);
#799=CARTESIAN_POINT('',(-24.036529565839402,-31.749999999999989,-9.0));
#800=DIRECTION('',(0.0,0.0,1.0));
#801=VECTOR('',#800,18.0);
#802=LINE('',#799,#801);
#803=EDGE_CURVE('',#681,#792,#802,.T.);
#804=ORIENTED_EDGE('',*,*,#803,.F.);
#805=ORIENTED_EDGE('',*,*,#686,.T.);
#806=ORIENTED_EDGE('',*,*,#779,.T.);
#807=EDGE_LOOP('',(#798,#804,#805,#806));
#808=FACE_OUTER_BOUND('',#807,.T.);
#809=ORIENTED_EDGE('',*,*,#450,.T.);
#810=ORIENTED_EDGE('',*,*,#486,.T.);
#811=ORIENTED_EDGE('',*,*,#517,.T.);
#812=ORIENTED_EDGE('',*,*,#548,.T.);
#813=ORIENTED_EDGE('',*,*,#579,.T.);
#814=ORIENTED_EDGE('',*,*,#601,.T.);
#815=EDGE_LOOP('',(#809,#810,#811,#812,#813,#814));
#816=FACE_BOUND('',#815,.T.);
#817=ADVANCED_FACE('',(#808,#816),#790,.T.);
#818=CARTESIAN_POINT('',(-24.036529565839402,-31.749999999999989,0.0));
#819=DIRECTION('',(-0.965925826289068,0.258819045102521,0.0));
#820=DIRECTION('',(0.0,0.0,1.0));
#821=AXIS2_PLACEMENT_3D('',#818,#819,#820);
#822=PLANE('',#821);
#823=CARTESIAN_POINT('',(-14.488887394336023,3.882285676537816,9.0));
#824=VERTEX_POINT('',#823);
#825=CARTESIAN_POINT('',(-24.036529565839402,-31.749999999999989,9.0));
#826=DIRECTION('',(0.258819045102521,0.965925826289068,0.0));
#827=VECTOR('',#826,36.889256614486975);
#828=LINE('',#825,#827);
#829=EDGE_CURVE('',#792,#824,#828,.T.);
#830=ORIENTED_EDGE('',*,*,#829,.T.);
#831=CARTESIAN_POINT('',(-14.488887394336023,3.882285676537816,-9.0));
#832=DIRECTION('',(0.0,0.0,1.0));
#833=VECTOR('',#832,18.0);
#834=LINE('',#831,#833);
#835=EDGE_CURVE('',#689,#824,#834,.T.);
#836=ORIENTED_EDGE('',*,*,#835,.F.);
#837=ORIENTED_EDGE('',*,*,#694,.T.);
#838=ORIENTED_EDGE('',*,*,#803,.T.);
#839=EDGE_LOOP('',(#830,#836,#837,#838));
#840=FACE_OUTER_BOUND('',#839,.T.);
#841=ADVANCED_FACE('',(#840),#822,.T.);
#842=CARTESIAN_POINT('',(0.0,0.0,0.0));
#843=DIRECTION('',(0.0,0.0,1.0));
#844=DIRECTION('',(0.965925826289068,0.258819045102522,0.0));
#845=AXIS2_PLACEMENT_3D('',#842,#843,#844);
#846=CYLINDRICAL_SURFACE('',#845,15.0);
#847=CARTESIAN_POINT('',(14.488887394336018,3.882285676537833,9.0));
#848=VERTEX_POINT('',#847);
#849=CARTESIAN_POINT('',(0.0,0.0,9.0));
#850=DIRECTION('',(0.0,0.0,-1.000000000000000));
#851=DIRECTION('',(0.965925826289068,0.258819045102522,0.0));
#852=AXIS2_PLACEMENT_3D('',#849,#850,#851);
#853=CIRCLE('',#852,14.999999999999998);
#854=EDGE_CURVE('',#824,#848,#853,.T.);
#855=ORIENTED_EDGE('',*,*,#854,.T.);
#856=CARTESIAN_POINT('',(14.488887394336018,3.882285676537833,-9.0));
#857=DIRECTION('',(0.0,0.0,1.0));
#858=VECTOR('',#857,18.0);
#859=LINE('',#856,#858);
#860=EDGE_CURVE('',#697,#848,#859,.T.);
#861=ORIENTED_EDGE('',*,*,#860,.F.);
#862=ORIENTED_EDGE('',*,*,#703,.T.);
#863=ORIENTED_EDGE('',*,*,#835,.T.);
#864=EDGE_LOOP('',(#855,#861,#862,#863));
#865=FACE_OUTER_BOUND('',#864,.T.);
#866=ADVANCED_FACE('',(#865),#846,.T.);
#867=CARTESIAN_POINT('',(14.488887394336018,3.882285676537833,0.0));
#868=DIRECTION('',(0.965925826289068,0.258819045102521,0.0));
#869=DIRECTION('',(0.0,0.0,-1.0));
#870=AXIS2_PLACEMENT_3D('',#867,#868,#869);
#871=PLANE('',#870);
#872=CARTESIAN_POINT('',(24.036529565839402,-31.749999999999986,9.0));
#873=VERTEX_POINT('',#872);
#874=CARTESIAN_POINT('',(14.488887394336018,3.882285676537833,9.0));
#875=DIRECTION('',(0.258819045102521,-0.965925826289068,0.0));
#876=VECTOR('',#875,36.889256614486989);
#877=LINE('',#874,#876);
#878=EDGE_CURVE('',#848,#873,#877,.T.);
#879=ORIENTED_EDGE('',*,*,#878,.T.);
#880=CARTESIAN_POINT('',(24.036529565839402,-31.749999999999986,-9.0));
#881=DIRECTION('',(0.0,0.0,1.0));
#882=VECTOR('',#881,18.0);
#883=LINE('',#880,#882);
#884=EDGE_CURVE('',#706,#873,#883,.T.);
#885=ORIENTED_EDGE('',*,*,#884,.F.);
#886=ORIENTED_EDGE('',*,*,#711,.T.);
#887=ORIENTED_EDGE('',*,*,#860,.T.);
#888=EDGE_LOOP('',(#879,#885,#886,#887));
#889=FACE_OUTER_BOUND('',#888,.T.);
#890=ADVANCED_FACE('',(#889),#871,.T.);
#891=CARTESIAN_POINT('',(24.036529565839402,-31.749999999999986,0.0));
#892=DIRECTION('',(0.0,1.0,0.0));
#893=DIRECTION('',(0.0,0.0,1.0));
#894=AXIS2_PLACEMENT_3D('',#891,#892,#893);
#895=PLANE('',#894);
#896=CARTESIAN_POINT('',(40.000000000000007,-31.749999999999979,9.0));
#897=VERTEX_POINT('',#896);
#898=CARTESIAN_POINT('',(24.036529565839402,-31.749999999999986,9.0));
#899=DIRECTION('',(1.0,0.0,0.0));
#900=VECTOR('',#899,15.963470434160605);
#901=LINE('',#898,#900);
#902=EDGE_CURVE('',#873,#897,#901,.T.);
#903=ORIENTED_EDGE('',*,*,#902,.T.);
#904=CARTESIAN_POINT('',(40.000000000000007,-31.749999999999979,-9.0));
#905=DIRECTION('',(0.0,0.0,1.0));
#906=VECTOR('',#905,18.0);
#907=LINE('',#904,#906);
#908=EDGE_CURVE('',#657,#897,#907,.T.);
#909=ORIENTED_EDGE('',*,*,#908,.F.);
#910=ORIENTED_EDGE('',*,*,#717,.T.);
#911=ORIENTED_EDGE('',*,*,#884,.T.);
#912=EDGE_LOOP('',(#903,#909,#910,#911));
#913=FACE_OUTER_BOUND('',#912,.T.);
#914=ORIENTED_EDGE('',*,*,#250,.T.);
#915=ORIENTED_EDGE('',*,*,#286,.T.);
#916=ORIENTED_EDGE('',*,*,#317,.T.);
#917=ORIENTED_EDGE('',*,*,#348,.T.);
#918=ORIENTED_EDGE('',*,*,#379,.T.);
#919=ORIENTED_EDGE('',*,*,#401,.T.);
#920=EDGE_LOOP('',(#914,#915,#916,#917,#918,#919));
#921=FACE_BOUND('',#920,.T.);
#922=ADVANCED_FACE('',(#913,#921),#895,.T.);
#923=CARTESIAN_POINT('',(40.000000000000007,-31.749999999999979,0.0));
#924=DIRECTION('',(1.0,0.0,0.0));
#925=DIRECTION('',(0.0,0.0,-1.0));
#926=AXIS2_PLACEMENT_3D('',#923,#924,#925);
#927=PLANE('',#926);
#928=CARTESIAN_POINT('',(40.000000000000007,-31.749999999999979,9.0));
#929=DIRECTION('',(0.0,-1.0,0.0));
#930=VECTOR('',#929,10.000000000000007);
#931=LINE('',#928,#930);
#932=EDGE_CURVE('',#897,#731,#931,.T.);
#933=ORIENTED_EDGE('',*,*,#932,.T.);
#934=ORIENTED_EDGE('',*,*,#751,.F.);
#935=ORIENTED_EDGE('',*,*,#662,.T.);
#936=ORIENTED_EDGE('',*,*,#908,.T.);
#937=EDGE_LOOP('',(#933,#934,#935,#936));
#938=FACE_OUTER_BOUND('',#937,.T.);
#939=ADVANCED_FACE('',(#938),#927,.T.);
#940=CARTESIAN_POINT('',(5.551115E-016,-23.308253952923366,9.0));
#941=DIRECTION('',(0.0,0.0,1.0));
#942=DIRECTION('',(1.0,0.0,0.0));
#943=AXIS2_PLACEMENT_3D('',#940,#941,#942);
#944=PLANE('',#943);
#945=ORIENTED_EDGE('',*,*,#738,.F.);
#946=ORIENTED_EDGE('',*,*,#932,.F.);
#947=ORIENTED_EDGE('',*,*,#902,.F.);
#948=ORIENTED_EDGE('',*,*,#878,.F.);
#949=ORIENTED_EDGE('',*,*,#854,.F.);
#950=ORIENTED_EDGE('',*,*,#829,.F.);
#951=ORIENTED_EDGE('',*,*,#797,.F.);
#952=ORIENTED_EDGE('',*,*,#773,.F.);
#953=EDGE_LOOP('',(#945,#946,#947,#948,#949,#950,#951,#952));
#954=FACE_OUTER_BOUND('',#953,.T.);
#955=ORIENTED_EDGE('',*,*,#644,.T.);
#956=EDGE_LOOP('',(#955));
#957=FACE_BOUND('',#956,.T.);
#958=ADVANCED_FACE('',(#954,#957),#944,.T.);
#959=CLOSED_SHELL('',(#134,#154,#163,#191,#211,#220,#260,#291,#322,#353,#384,#406,#420,#460,#491,#522,#553,#584,#606,#620,#648,#724,#761,#785,#817,#841,#866,#890,#922,#939,#958));
#960=MANIFOLD_SOLID_BREP('',#959);
#961=DRAUGHTING_PRE_DEFINED_COLOUR('white');
#962=FILL_AREA_STYLE_COLOUR('White',#961);
#963=FILL_AREA_STYLE('White',(#962));
#964=SURFACE_STYLE_FILL_AREA(#963);
#965=SURFACE_SIDE_STYLE('White',(#964));
#966=SURFACE_STYLE_USAGE(.BOTH.,#965);
#967=PRESENTATION_STYLE_ASSIGNMENT((#966));
#968=STYLED_ITEM('',(#967),#960);
#969=MECHANICAL_DESIGN_GEOMETRIC_PRESENTATION_REPRESENTATION('',(#968,#2889,#3162,#3895,#4785,#4952,#5171,#5559,#5953,#6347,#12184,#14413),#36);
#970=ADVANCED_BREP_SHAPE_REPRESENTATION('ABSR',(#960),#75);
#971=SHAPE_REPRESENTATION_RELATIONSHIP('SRR','None',#970,#80);
#972=AXIS2_PLACEMENT_3D('',#973,#974,#975);
#973=CARTESIAN_POINT('',(280.000000000000060,54.000000000008598,61.750000000000050));
#974=DIRECTION('',(0.0,-1.0,0.0));
#975=DIRECTION('',(1.0,0.0,0.0));
#976=NEXT_ASSEMBLY_USAGE_OCCURRENCE('Bearing1:1','Bearing1:1','Bearing1:1',#12,#51,'Bearing1:1');
#977=PRODUCT_DEFINITION_SHAPE('Bearing1:1','Bearing1:1',#976);
#978=ITEM_DEFINED_TRANSFORMATION('Bearing1:1','Bearing1:1',#76,#972);
#982=(REPRESENTATION_RELATIONSHIP('Bearing1:1','Bearing1:1',#80,#41)REPRESENTATION_RELATIONSHIP_WITH_TRANSFORMATION(#978)SHAPE_REPRESENTATION_RELATIONSHIP());
#983=CONTEXT_DEPENDENT_SHAPE_REPRESENTATION(#982,#977);
#984=AXIS2_PLACEMENT_3D('',#985,#986,#987);
#985=CARTESIAN_POINT('',(280.000000000000060,-67.999999999991431,61.750000000000050));
#986=DIRECTION('',(0.0,1.0,0.0));
#987=DIRECTION('',(-1.0,0.0,0.0));
#988=NEXT_ASSEMBLY_USAGE_OCCURRENCE('Bearing1:2','Bearing1:2','Bearing1:2',#12,#51,'Bearing1:2');
#989=PRODUCT_DEFINITION_SHAPE('Bearing1:2','Bearing1:2',#988);
#990=ITEM_DEFINED_TRANSFORMATION('Bearing1:2','Bearing1:2',#76,#984);
#994=(REPRESENTATION_RELATIONSHIP('Bearing1:2','Bearing1:2',#80,#41)REPRESENTATION_RELATIONSHIP_WITH_TRANSFORMATION(#990)SHAPE_REPRESENTATION_RELATIONSHIP());
#995=CONTEXT_DEPENDENT_SHAPE_REPRESENTATION(#994,#989);
#996=APPLICATION_CONTEXT('automotive design');
#997=APPLICATION_PROTOCOL_DEFINITION('International Standard','automotive_design',2001,#996);
#998=PRODUCT_CONTEXT('',#996,'mechanical');
#999=PRODUCT('Rail','Rail',$,(#998));
#1000=PRODUCT_RELATED_PRODUCT_CATEGORY('part',$,(#999));
#1001=PRODUCT_DEFINITION_FORMATION('',$,#999);
#1002=PRODUCT_DEFINITION_CONTEXT('part definition',#996,'design');
#1003=PRODUCT_DEFINITION('',$,#1001,#1002);
#1009=(NAMED_UNIT(*)PLANE_ANGLE_UNIT()SI_UNIT($,.RADIAN.));
#1010=DIMENSIONAL_EXPONENTS(0.0,0.0,0.0,0.0,0.0,0.0,0.0);
#1011=PLANE_ANGLE_MEASURE_WITH_UNIT(PLANE_ANGLE_MEASURE(0.017453292500000),#1009);
#1015=(CONVERSION_BASED_UNIT('DEGREE',#1011)NAMED_UNIT(#1010)PLANE_ANGLE_UNIT());
#1019=(NAMED_UNIT(*)SI_UNIT($,.STERADIAN.)SOLID_ANGLE_UNIT());
#1023=(LENGTH_UNIT()NAMED_UNIT(*)SI_UNIT(.MILLI.,.METRE.));
#1025=UNCERTAINTY_MEASURE_WITH_UNIT(LENGTH_MEASURE(0.010000000000000),#1023,'DISTANCE_ACCURACY_VALUE','');
#1027=(GEOMETRIC_REPRESENTATION_CONTEXT(3)GLOBAL_UNCERTAINTY_ASSIGNED_CONTEXT((#1025))GLOBAL_UNIT_ASSIGNED_CONTEXT((#1015,#1019,#1023))REPRESENTATION_CONTEXT('None','None'));
#1028=AXIS2_PLACEMENT_3D('',#1029,#1030,#1031);
#1029=CARTESIAN_POINT('',(0.0,0.0,0.0));
#1030=DIRECTION('',(0.0,0.0,1.0));
#1031=DIRECTION('',(1.0,0.0,0.0));
#1032=SHAPE_REPRESENTATION('',(#1028),#1027);
#1033=PRODUCT_DEFINITION_SHAPE('','',#1003);
#1034=SHAPE_DEFINITION_REPRESENTATION(#1033,#1032);
#1040=(NAMED_UNIT(*)PLANE_ANGLE_UNIT()SI_UNIT($,.RADIAN.));
#1041=DIMENSIONAL_EXPONENTS(0.0,0.0,0.0,0.0,0.0,0.0,0.0);
#1042=PLANE_ANGLE_MEASURE_WITH_UNIT(PLANE_ANGLE_MEASURE(0.017453292500000),#1040);
#1046=(CONVERSION_BASED_UNIT('DEGREE',#1042)NAMED_UNIT(#1041)PLANE_ANGLE_UNIT());
#1050=(NAMED_UNIT(*)SI_UNIT($,.STERADIAN.)SOLID_ANGLE_UNIT());
#1054=(LENGTH_UNIT()NAMED_UNIT(*)SI_UNIT(.MILLI.,.METRE.));
#1056=UNCERTAINTY_MEASURE_WITH_UNIT(LENGTH_MEASURE(0.000001000000000),#1054,'DISTANCE_ACCURACY_VALUE','');
#1058=(GEOMETRIC_REPRESENTATION_CONTEXT(3)GLOBAL_UNCERTAINTY_ASSIGNED_CONTEXT((#1056))GLOBAL_UNIT_ASSIGNED_CONTEXT((#1046,#1050,#1054))REPRESENTATION_CONTEXT('','3D'));
#1059=CARTESIAN_POINT('',(-35.355339059327477,24.999999999999982,-338.284271247461900));
#1060=DIRECTION('',(-0.707106781186548,-3.140185E-016,0.707106781186548));
#1061=DIRECTION('',(0.707106781186548,0.0,0.707106781186548));
#1062=AXIS2_PLACEMENT_3D('',#1059,#1060,#1061);
#1063=PLANE('',#1062);
#1064=CARTESIAN_POINT('',(-35.355339059327477,23.999999999999993,-338.284271247461900));
#1065=VERTEX_POINT('',#1064);
#1066=CARTESIAN_POINT('',(-5.000000000000058,24.0,-307.928932188134520));
#1067=VERTEX_POINT('',#1066);
#1068=CARTESIAN_POINT('',(-35.355339059327477,23.999999999999993,-338.284271247461900));
#1069=DIRECTION('',(0.707106781186548,1.655161E-016,0.707106781186547));
#1070=VECTOR('',#1069,42.928932188134560);
#1071=LINE('',#1068,#1070);
#1072=EDGE_CURVE('',#1065,#1067,#1071,.T.);
#1073=ORIENTED_EDGE('',*,*,#1072,.F.);
#1074=CARTESIAN_POINT('',(-35.355339059327477,24.999999999999982,-338.284271247461900));
#1075=VERTEX_POINT('',#1074);
#1076=CARTESIAN_POINT('',(-35.355339059327477,24.999999999999982,-338.284271247461900));
#1077=DIRECTION('',(0.0,-1.0,0.0));
#1078=VECTOR('',#1077,0.999999999999989);
#1079=LINE('',#1076,#1078);
#1080=EDGE_CURVE('',#1075,#1065,#1079,.T.);
#1081=ORIENTED_EDGE('',*,*,#1080,.F.);
#1082=CARTESIAN_POINT('',(-5.000000000000058,24.999999999999996,-307.928932188134520));
#1083=VERTEX_POINT('',#1082);
#1084=CARTESIAN_POINT('',(-5.000000000000058,24.999999999999996,-307.928932188134520));
#1085=DIRECTION('',(-0.707106781186548,-3.310321E-016,-0.707106781186547));
#1086=VECTOR('',#1085,42.928932188134560);
#1087=LINE('',#1084,#1086);
#1088=EDGE_CURVE('',#1083,#1075,#1087,.T.);
#1089=ORIENTED_EDGE('',*,*,#1088,.F.);
#1090=CARTESIAN_POINT('',(-5.000000000000058,24.999999999999996,-307.928932188134520));
#1091=DIRECTION('',(0.0,-1.0,0.0));
#1092=VECTOR('',#1091,0.999999999999996);
#1093=LINE('',#1090,#1092);
#1094=EDGE_CURVE('',#1083,#1067,#1093,.T.);
#1095=ORIENTED_EDGE('',*,*,#1094,.T.);
#1096=EDGE_LOOP('',(#1073,#1081,#1089,#1095));
#1097=FACE_OUTER_BOUND('',#1096,.T.);
#1098=ADVANCED_FACE('',(#1097),#1063,.F.);
#1099=CARTESIAN_POINT('',(-5.000000000000058,24.999999999999996,-307.928932188134520));
#1100=DIRECTION('',(-1.0,0.0,0.0));
#1101=DIRECTION('',(0.0,0.0,1.0));
#1102=AXIS2_PLACEMENT_3D('',#1099,#1100,#1101);
#1103=PLANE('',#1102);
#1104=CARTESIAN_POINT('',(-5.000000000000007,24.0,-2.451172E-032));
#1105=VERTEX_POINT('',#1104);
#1106=CARTESIAN_POINT('',(-5.000000000000058,24.0,-307.928932188134520));
#1107=DIRECTION('',(0.0,0.0,1.0));
#1108=VECTOR('',#1107,307.928932188134520);
#1109=LINE('',#1106,#1108);
#1110=EDGE_CURVE('',#1067,#1105,#1109,.T.);
#1111=ORIENTED_EDGE('',*,*,#1110,.F.);
#1112=ORIENTED_EDGE('',*,*,#1094,.F.);
#1113=CARTESIAN_POINT('',(-5.000000000000007,24.999999999999996,0.0));
#1114=VERTEX_POINT('',#1113);
#1115=CARTESIAN_POINT('',(-5.000000000000007,24.999999999999996,0.0));
#1116=DIRECTION('',(0.0,0.0,-1.0));
#1117=VECTOR('',#1116,307.928932188134520);
#1118=LINE('',#1115,#1117);
#1119=EDGE_CURVE('',#1114,#1083,#1118,.T.);
#1120=ORIENTED_EDGE('',*,*,#1119,.F.);
#1121=CARTESIAN_POINT('',(-5.000000000000007,24.999999999999996,0.0));
#1122=DIRECTION('',(0.0,-1.0,0.0));
#1123=VECTOR('',#1122,0.999999999999996);
#1124=LINE('',#1121,#1123);
#1125=EDGE_CURVE('',#1114,#1105,#1124,.T.);
#1126=ORIENTED_EDGE('',*,*,#1125,.T.);
#1127=EDGE_LOOP('',(#1111,#1112,#1120,#1126));
#1128=FACE_OUTER_BOUND('',#1127,.T.);
#1129=ADVANCED_FACE('',(#1128),#1103,.F.);
#1130=CARTESIAN_POINT('',(-6.661338E-015,24.999999999999996,0.0));
#1131=DIRECTION('',(4.440892E-016,-1.0,-2.451172E-032));
#1132=DIRECTION('',(-1.0,0.0,0.0));
#1133=AXIS2_PLACEMENT_3D('',#1130,#1131,#1132);
#1134=CYLINDRICAL_SURFACE('',#1133,5.0);
#1135=CARTESIAN_POINT('',(4.999999999999992,24.000000000000004,-2.451172E-032));
#1136=VERTEX_POINT('',#1135);
#1137=CARTESIAN_POINT('',(-6.217249E-015,24.000000000000007,-2.451172E-032));
#1138=DIRECTION('',(0.0,1.0,0.0));
#1139=DIRECTION('',(-1.0,0.0,0.0));
#1140=AXIS2_PLACEMENT_3D('',#1137,#1138,#1139);
#1141=CIRCLE('',#1140,5.0);
#1142=EDGE_CURVE('',#1105,#1136,#1141,.T.);
#1143=ORIENTED_EDGE('',*,*,#1142,.F.);
#1144=ORIENTED_EDGE('',*,*,#1125,.F.);
#1145=CARTESIAN_POINT('',(4.999999999999991,25.0,0.0));
#1146=VERTEX_POINT('',#1145);
#1147=CARTESIAN_POINT('',(-6.661338E-015,24.999999999999996,4.354156E-047));
#1148=DIRECTION('',(0.0,-1.0,0.0));
#1149=DIRECTION('',(-1.0,0.0,0.0));
#1150=AXIS2_PLACEMENT_3D('',#1147,#1148,#1149);
#1151=CIRCLE('',#1150,5.0);
#1152=EDGE_CURVE('',#1146,#1114,#1151,.T.);
#1153=ORIENTED_EDGE('',*,*,#1152,.F.);
#1154=CARTESIAN_POINT('',(4.999999999999991,25.0,0.0));
#1155=DIRECTION('',(0.0,-1.0,0.0));
#1156=VECTOR('',#1155,0.999999999999996);
#1157=LINE('',#1154,#1156);
#1158=EDGE_CURVE('',#1146,#1136,#1157,.T.);
#1159=ORIENTED_EDGE('',*,*,#1158,.T.);
#1160=EDGE_LOOP('',(#1143,#1144,#1153,#1159));
#1161=FACE_OUTER_BOUND('',#1160,.T.);
#1162=ADVANCED_FACE('',(#1161),#1134,.F.);
#1163=CARTESIAN_POINT('',(4.999999999999991,25.0,0.0));
#1164=DIRECTION('',(1.0,0.0,0.0));
#1165=DIRECTION('',(0.0,0.0,-1.0));
#1166=AXIS2_PLACEMENT_3D('',#1163,#1164,#1165);
#1167=PLANE('',#1166);
#1168=CARTESIAN_POINT('',(4.999999999999948,24.000000000000004,-309.999999999999940));
#1169=VERTEX_POINT('',#1168);
#1170=CARTESIAN_POINT('',(4.999999999999992,24.000000000000004,-2.451172E-032));
#1171=DIRECTION('',(0.0,0.0,-1.0));
#1172=VECTOR('',#1171,309.999999999999940);
#1173=LINE('',#1170,#1172);
#1174=EDGE_CURVE('',#1136,#1169,#1173,.T.);
#1175=ORIENTED_EDGE('',*,*,#1174,.F.);
#1176=ORIENTED_EDGE('',*,*,#1158,.F.);
#1177=CARTESIAN_POINT('',(4.999999999999947,25.0,-309.999999999999940));
#1178=VERTEX_POINT('',#1177);
#1179=CARTESIAN_POINT('',(4.999999999999947,25.0,-309.999999999999940));
#1180=DIRECTION('',(0.0,0.0,1.0));
#1181=VECTOR('',#1180,309.999999999999940);
#1182=LINE('',#1179,#1181);
#1183=EDGE_CURVE('',#1178,#1146,#1182,.T.);
#1184=ORIENTED_EDGE('',*,*,#1183,.F.);
#1185=CARTESIAN_POINT('',(4.999999999999947,25.0,-309.999999999999940));
#1186=DIRECTION('',(0.0,-1.0,0.0));
#1187=VECTOR('',#1186,0.999999999999996);
#1188=LINE('',#1185,#1187);
#1189=EDGE_CURVE('',#1178,#1169,#1188,.T.);
#1190=ORIENTED_EDGE('',*,*,#1189,.T.);
#1191=EDGE_LOOP('',(#1175,#1176,#1184,#1190));
#1192=FACE_OUTER_BOUND('',#1191,.T.);
#1193=ADVANCED_FACE('',(#1192),#1167,.F.);
#1194=CARTESIAN_POINT('',(-5.773160E-014,24.999999999999996,-309.999999999999940));
#1195=DIRECTION('',(4.440892E-016,-1.0,-2.451172E-032));
#1196=DIRECTION('',(1.0,0.0,0.0));
#1197=AXIS2_PLACEMENT_3D('',#1194,#1195,#1196);
#1198=CYLINDRICAL_SURFACE('',#1197,5.0);
#1199=CARTESIAN_POINT('',(3.535533905932673,24.000000000000004,-313.535533905932710));
#1200=VERTEX_POINT('',#1199);
#1201=CARTESIAN_POINT('',(-5.728751E-014,24.000000000000007,-309.999999999999940));
#1202=DIRECTION('',(0.0,1.0,0.0));
#1203=DIRECTION('',(1.0,0.0,0.0));
#1204=AXIS2_PLACEMENT_3D('',#1201,#1202,#1203);
#1205=CIRCLE('',#1204,5.0);
#1206=EDGE_CURVE('',#1169,#1200,#1205,.T.);
#1207=ORIENTED_EDGE('',*,*,#1206,.F.);
#1208=ORIENTED_EDGE('',*,*,#1189,.F.);
#1209=CARTESIAN_POINT('',(3.535533905932673,25.0,-313.535533905932710));
#1210=VERTEX_POINT('',#1209);
#1211=CARTESIAN_POINT('',(-5.773160E-014,24.999999999999996,-309.999999999999940));
#1212=DIRECTION('',(0.0,-1.0,0.0));
#1213=DIRECTION('',(1.0,0.0,0.0));
#1214=AXIS2_PLACEMENT_3D('',#1211,#1212,#1213);
#1215=CIRCLE('',#1214,5.0);
#1216=EDGE_CURVE('',#1210,#1178,#1215,.T.);
#1217=ORIENTED_EDGE('',*,*,#1216,.F.);
#1218=CARTESIAN_POINT('',(3.535533905932673,25.0,-313.535533905932710));
#1219=DIRECTION('',(0.0,-1.0,0.0));
#1220=VECTOR('',#1219,0.999999999999996);
#1221=LINE('',#1218,#1220);
#1222=EDGE_CURVE('',#1210,#1200,#1221,.T.);
#1223=ORIENTED_EDGE('',*,*,#1222,.T.);
#1224=EDGE_LOOP('',(#1207,#1208,#1217,#1223));
#1225=FACE_OUTER_BOUND('',#1224,.T.);
#1226=ADVANCED_FACE('',(#1225),#1198,.F.);
#1227=CARTESIAN_POINT('',(3.535533905932673,25.0,-313.535533905932710));
#1228=DIRECTION('',(0.707106781186549,3.140185E-016,-0.707106781186546));
#1229=DIRECTION('',(-0.707106781186546,0.0,-0.707106781186549));
#1230=AXIS2_PLACEMENT_3D('',#1227,#1228,#1229);
#1231=PLANE('',#1230);
#1232=CARTESIAN_POINT('',(-28.284271247461970,24.0,-345.355339059327430));
#1233=VERTEX_POINT('',#1232);
#1234=CARTESIAN_POINT('',(3.535533905932673,24.000000000000004,-313.535533905932710));
#1235=DIRECTION('',(-0.707106781186547,-7.894919E-017,-0.707106781186548));
#1236=VECTOR('',#1235,45.000000000000064);
#1237=LINE('',#1234,#1236);
#1238=EDGE_CURVE('',#1200,#1233,#1237,.T.);
#1239=ORIENTED_EDGE('',*,*,#1238,.F.);
#1240=ORIENTED_EDGE('',*,*,#1222,.F.);
#1241=CARTESIAN_POINT('',(-28.284271247461970,24.999999999999986,-345.355339059327430));
#1242=VERTEX_POINT('',#1241);
#1243=CARTESIAN_POINT('',(-28.284271247461970,24.999999999999986,-345.355339059327430));
#1244=DIRECTION('',(0.707106781186547,3.157968E-016,0.707106781186548));
#1245=VECTOR('',#1244,45.000000000000064);
#1246=LINE('',#1243,#1245);
#1247=EDGE_CURVE('',#1242,#1210,#1246,.T.);
#1248=ORIENTED_EDGE('',*,*,#1247,.F.);
#1249=CARTESIAN_POINT('',(-28.284271247461970,24.999999999999986,-345.355339059327430));
#1250=DIRECTION('',(0.0,-1.0,0.0));
#1251=VECTOR('',#1250,0.999999999999986);
#1252=LINE('',#1249,#1251);
#1253=EDGE_CURVE('',#1242,#1233,#1252,.T.);
#1254=ORIENTED_EDGE('',*,*,#1253,.T.);
#1255=EDGE_LOOP('',(#1239,#1240,#1248,#1254));
#1256=FACE_OUTER_BOUND('',#1255,.T.);
#1257=ADVANCED_FACE('',(#1256),#1231,.F.);
#1258=CARTESIAN_POINT('',(-31.819805153394721,24.999999999999986,-341.819805153394670));
#1259=DIRECTION('',(4.440892E-016,-1.0,-2.451172E-032));
#1260=DIRECTION('',(0.707106781186546,3.140185E-016,-0.707106781186549));
#1261=AXIS2_PLACEMENT_3D('',#1258,#1259,#1260);
#1262=CYLINDRICAL_SURFACE('',#1261,5.000000000000001);
#1263=CARTESIAN_POINT('',(-31.819805153394721,23.999999999999989,-341.819805153394670));
#1264=DIRECTION('',(-2.220446E-016,1.000000000000000,2.220446E-016));
#1265=DIRECTION('',(0.707106781186546,3.140185E-016,-0.707106781186549));
#1266=AXIS2_PLACEMENT_3D('',#1263,#1264,#1265);
#1267=CIRCLE('',#1266,5.0);
#1268=EDGE_CURVE('',#1233,#1065,#1267,.T.);
#1269=ORIENTED_EDGE('',*,*,#1268,.F.);
#1270=ORIENTED_EDGE('',*,*,#1253,.F.);
#1271=CARTESIAN_POINT('',(-31.819805153394721,24.999999999999982,-341.819805153394670));
#1272=DIRECTION('',(2.220446E-016,-1.000000000000000,-2.220446E-016));
#1273=DIRECTION('',(0.707106781186546,3.140185E-016,-0.707106781186549));
#1274=AXIS2_PLACEMENT_3D('',#1271,#1272,#1273);
#1275=CIRCLE('',#1274,5.0);
#1276=EDGE_CURVE('',#1075,#1242,#1275,.T.);
#1277=ORIENTED_EDGE('',*,*,#1276,.F.);
#1278=ORIENTED_EDGE('',*,*,#1080,.T.);
#1279=EDGE_LOOP('',(#1269,#1270,#1277,#1278));
#1280=FACE_OUTER_BOUND('',#1279,.T.);
#1281=ADVANCED_FACE('',(#1280),#1262,.F.);
#1282=CARTESIAN_POINT('',(-3.546614E-015,13.830611730218402,10.0));
#1283=DIRECTION('',(0.0,0.0,1.0));
#1284=DIRECTION('',(1.0,0.0,0.0));
#1285=AXIS2_PLACEMENT_3D('',#1282,#1283,#1284);
#1286=PLANE('',#1285);
#1287=CARTESIAN_POINT('',(15.999999999999996,24.000000000000004,10.0));
#1288=VERTEX_POINT('',#1287);
#1289=CARTESIAN_POINT('',(-16.000000000000004,23.999999999999993,10.0));
#1290=VERTEX_POINT('',#1289);
#1291=CARTESIAN_POINT('',(15.999999999999996,24.000000000000004,10.0));
#1292=DIRECTION('',(-1.0,0.0,0.0));
#1293=VECTOR('',#1292,32.0);
#1294=LINE('',#1291,#1293);
#1295=EDGE_CURVE('',#1288,#1290,#1294,.T.);
#1296=ORIENTED_EDGE('',*,*,#1295,.F.);
#1297=CARTESIAN_POINT('',(16.999999999999993,23.0,10.0));
#1298=VERTEX_POINT('',#1297);
#1299=CARTESIAN_POINT('',(15.999999999999988,23.0,10.0));
#1300=DIRECTION('',(0.0,0.0,1.0));
#1301=DIRECTION('',(-1.0,0.0,0.0));
#1302=AXIS2_PLACEMENT_3D('',#1299,#1300,#1301);
#1303=CIRCLE('',#1302,1.000000000000008);
#1304=EDGE_CURVE('',#1298,#1288,#1303,.T.);
#1305=ORIENTED_EDGE('',*,*,#1304,.F.);
#1306=CARTESIAN_POINT('',(17.0,1.000000000000005,10.0));
#1307=VERTEX_POINT('',#1306);
#1308=CARTESIAN_POINT('',(17.0,1.000000000000005,10.0));
#1309=DIRECTION('',(0.0,1.0,0.0));
#1310=VECTOR('',#1309,21.999999999999993);
#1311=LINE('',#1308,#1310);
#1312=EDGE_CURVE('',#1307,#1298,#1311,.T.);
#1313=ORIENTED_EDGE('',*,*,#1312,.F.);
#1314=CARTESIAN_POINT('',(15.999999999999996,4.440892E-015,10.0));
#1315=VERTEX_POINT('',#1314);
#1316=CARTESIAN_POINT('',(15.999999999999996,1.000000000000014,10.0));
#1317=DIRECTION('',(0.0,0.0,1.0));
#1318=DIRECTION('',(0.0,1.0,0.0));
#1319=AXIS2_PLACEMENT_3D('',#1316,#1317,#1318);
#1320=CIRCLE('',#1319,1.000000000000005);
#1321=EDGE_CURVE('',#1315,#1307,#1320,.T.);
#1322=ORIENTED_EDGE('',*,*,#1321,.F.);
#1323=CARTESIAN_POINT('',(7.999999999999998,0.0,10.0));
#1324=VERTEX_POINT('',#1323);
#1325=CARTESIAN_POINT('',(7.999999999999998,0.0,10.0));
#1326=DIRECTION('',(1.0,0.0,0.0));
#1327=VECTOR('',#1326,7.999999999999998);
#1328=LINE('',#1325,#1327);
#1329=EDGE_CURVE('',#1324,#1315,#1328,.T.);
#1330=ORIENTED_EDGE('',*,*,#1329,.F.);
#1331=CARTESIAN_POINT('',(7.999999999999998,-1.000000000000001,10.0));
#1332=VERTEX_POINT('',#1331);
#1333=CARTESIAN_POINT('',(7.999999999999998,-1.000000000000001,10.0));
#1334=DIRECTION('',(0.0,1.0,0.0));
#1335=VECTOR('',#1334,1.000000000000001);
#1336=LINE('',#1333,#1335);
#1337=EDGE_CURVE('',#1332,#1324,#1336,.T.);
#1338=ORIENTED_EDGE('',*,*,#1337,.F.);
#1339=CARTESIAN_POINT('',(16.000000000000007,-0.999999999999992,10.0));
#1340=VERTEX_POINT('',#1339);
#1341=CARTESIAN_POINT('',(16.000000000000007,-0.999999999999992,10.0));
#1342=DIRECTION('',(-1.0,0.0,0.0));
#1343=VECTOR('',#1342,8.000000000000009);
#1344=LINE('',#1341,#1343);
#1345=EDGE_CURVE('',#1340,#1332,#1344,.T.);
#1346=ORIENTED_EDGE('',*,*,#1345,.F.);
#1347=CARTESIAN_POINT('',(18.000000000000007,1.000000000000005,10.0));
#1348=VERTEX_POINT('',#1347);
#1349=CARTESIAN_POINT('',(16.000000000000007,1.000000000000005,10.0));
#1350=DIRECTION('',(0.0,0.0,-1.0));
#1351=DIRECTION('',(0.0,-1.0,0.0));
#1352=AXIS2_PLACEMENT_3D('',#1349,#1350,#1351);
#1353=CIRCLE('',#1352,2.0);
#1354=EDGE_CURVE('',#1348,#1340,#1353,.T.);
#1355=ORIENTED_EDGE('',*,*,#1354,.F.);
#1356=CARTESIAN_POINT('',(18.0,23.0,10.0));
#1357=VERTEX_POINT('',#1356);
#1358=CARTESIAN_POINT('',(18.0,23.0,10.0));
#1359=DIRECTION('',(0.0,-1.0,0.0));
#1360=VECTOR('',#1359,21.999999999999993);
#1361=LINE('',#1358,#1360);
#1362=EDGE_CURVE('',#1357,#1348,#1361,.T.);
#1363=ORIENTED_EDGE('',*,*,#1362,.F.);
#1364=CARTESIAN_POINT('',(15.999999999999996,25.000000000000004,10.0));
#1365=VERTEX_POINT('',#1364);
#1366=CARTESIAN_POINT('',(15.999999999999996,23.000000000000004,10.0));
#1367=DIRECTION('',(0.0,0.0,-1.0));
#1368=DIRECTION('',(1.0,0.0,0.0));
#1369=AXIS2_PLACEMENT_3D('',#1366,#1367,#1368);
#1370=CIRCLE('',#1369,1.999999999999997);
#1371=EDGE_CURVE('',#1365,#1357,#1370,.T.);
#1372=ORIENTED_EDGE('',*,*,#1371,.F.);
#1373=CARTESIAN_POINT('',(-16.000000000000007,24.999999999999993,10.0));
#1374=VERTEX_POINT('',#1373);
#1375=CARTESIAN_POINT('',(-16.000000000000007,24.999999999999993,10.0));
#1376=DIRECTION('',(1.0,0.0,0.0));
#1377=VECTOR('',#1376,32.0);
#1378=LINE('',#1375,#1377);
#1379=EDGE_CURVE('',#1374,#1365,#1378,.T.);
#1380=ORIENTED_EDGE('',*,*,#1379,.F.);
#1381=CARTESIAN_POINT('',(-18.000000000000011,22.999999999999989,10.0));
#1382=VERTEX_POINT('',#1381);
#1383=CARTESIAN_POINT('',(-16.000000000000004,22.999999999999979,10.0));
#1384=DIRECTION('',(0.0,0.0,-1.0));
#1385=DIRECTION('',(0.0,1.0,0.0));
#1386=AXIS2_PLACEMENT_3D('',#1383,#1384,#1385);
#1387=CIRCLE('',#1386,2.000000000000006);
#1388=EDGE_CURVE('',#1382,#1374,#1387,.T.);
#1389=ORIENTED_EDGE('',*,*,#1388,.F.);
#1390=CARTESIAN_POINT('',(-18.000000000000004,0.999999999999992,10.0));
#1391=VERTEX_POINT('',#1390);
#1392=CARTESIAN_POINT('',(-18.000000000000004,0.999999999999992,10.0));
#1393=DIRECTION('',(0.0,1.0,0.0));
#1394=VECTOR('',#1393,21.999999999999996);
#1395=LINE('',#1392,#1394);
#1396=EDGE_CURVE('',#1391,#1382,#1395,.T.);
#1397=ORIENTED_EDGE('',*,*,#1396,.F.);
#1398=CARTESIAN_POINT('',(-16.000000000000004,-1.000000000000010,10.0));
#1399=VERTEX_POINT('',#1398);
#1400=CARTESIAN_POINT('',(-16.000000000000004,0.999999999999988,10.0));
#1401=DIRECTION('',(0.0,0.0,-1.0));
#1402=DIRECTION('',(-1.0,0.0,0.0));
#1403=AXIS2_PLACEMENT_3D('',#1400,#1401,#1402);
#1404=CIRCLE('',#1403,2.000000000000000);
#1405=EDGE_CURVE('',#1399,#1391,#1404,.T.);
#1406=ORIENTED_EDGE('',*,*,#1405,.F.);
#1407=CARTESIAN_POINT('',(-8.0,-1.000000000000005,10.0));
#1408=VERTEX_POINT('',#1407);
#1409=CARTESIAN_POINT('',(-8.0,-1.000000000000005,10.0));
#1410=DIRECTION('',(-1.0,0.0,0.0));
#1411=VECTOR('',#1410,8.000000000000004);
#1412=LINE('',#1409,#1411);
#1413=EDGE_CURVE('',#1408,#1399,#1412,.T.);
#1414=ORIENTED_EDGE('',*,*,#1413,.F.);
#1415=CARTESIAN_POINT('',(-8.000000000000002,-4.440892E-015,10.0));
#1416=VERTEX_POINT('',#1415);
#1417=CARTESIAN_POINT('',(-8.000000000000002,-4.440892E-015,10.0));
#1418=DIRECTION('',(0.0,-1.0,0.0));
#1419=VECTOR('',#1418,1.000000000000001);
#1420=LINE('',#1417,#1419);
#1421=EDGE_CURVE('',#1416,#1408,#1420,.T.);
#1422=ORIENTED_EDGE('',*,*,#1421,.F.);
#1423=CARTESIAN_POINT('',(-16.0,-8.881784E-015,10.0));
#1424=VERTEX_POINT('',#1423);
#1425=CARTESIAN_POINT('',(-16.0,-8.881784E-015,10.0));
#1426=DIRECTION('',(1.0,0.0,0.0));
#1427=VECTOR('',#1426,7.999999999999998);
#1428=LINE('',#1425,#1427);
#1429=EDGE_CURVE('',#1424,#1416,#1428,.T.);
#1430=ORIENTED_EDGE('',*,*,#1429,.F.);
#1431=CARTESIAN_POINT('',(-17.0,0.999999999999992,10.0));
#1432=VERTEX_POINT('',#1431);
#1433=CARTESIAN_POINT('',(-16.0,0.999999999999992,10.0));
#1434=DIRECTION('',(0.0,0.0,1.0));
#1435=DIRECTION('',(1.0,0.0,0.0));
#1436=AXIS2_PLACEMENT_3D('',#1433,#1434,#1435);
#1437=CIRCLE('',#1436,1.000000000000001);
#1438=EDGE_CURVE('',#1432,#1424,#1437,.T.);
#1439=ORIENTED_EDGE('',*,*,#1438,.F.);
#1440=CARTESIAN_POINT('',(-17.000000000000004,23.0,10.0));
#1441=VERTEX_POINT('',#1440);
#1442=CARTESIAN_POINT('',(-17.000000000000004,23.0,10.0));
#1443=DIRECTION('',(0.0,-1.0,0.0));
#1444=VECTOR('',#1443,22.000000000000007);
#1445=LINE('',#1442,#1444);
#1446=EDGE_CURVE('',#1441,#1432,#1445,.T.);
#1447=ORIENTED_EDGE('',*,*,#1446,.F.);
#1448=CARTESIAN_POINT('',(-16.000000000000004,23.0,10.0));
#1449=DIRECTION('',(0.0,0.0,1.0));
#1450=DIRECTION('',(0.0,-1.0,0.0));
#1451=AXIS2_PLACEMENT_3D('',#1448,#1449,#1450);
#1452=CIRCLE('',#1451,1.000000000000001);
#1453=EDGE_CURVE('',#1290,#1441,#1452,.T.);
#1454=ORIENTED_EDGE('',*,*,#1453,.F.);
#1455=EDGE_LOOP('',(#1296,#1305,#1313,#1322,#1330,#1338,#1346,#1355,#1363,#1372,#1380,#1389,#1397,#1406,#1414,#1422,#1430,#1439,#1447,#1454));
#1456=FACE_OUTER_BOUND('',#1455,.T.);
#1457=ADVANCED_FACE('',(#1456),#1286,.T.);
#1458=CARTESIAN_POINT('',(-0.201010126776695,4.440892E-015,-321.514718625761470));
#1459=DIRECTION('',(-0.707106781186547,0.0,0.707106781186548));
#1460=DIRECTION('',(0.707106781186548,0.0,0.707106781186547));
#1461=AXIS2_PLACEMENT_3D('',#1458,#1459,#1460);
#1462=PLANE('',#1461);
#1463=CARTESIAN_POINT('',(-33.234018715767782,4.440892E-015,-354.547727214752510));
#1464=VERTEX_POINT('',#1463);
#1465=CARTESIAN_POINT('',(-33.234018715767782,-0.999999999999996,-354.547727214752510));
#1466=VERTEX_POINT('',#1465);
#1467=CARTESIAN_POINT('',(-33.234018715767782,4.440892E-015,-354.547727214752510));
#1468=DIRECTION('',(0.0,-1.0,0.0));
#1469=VECTOR('',#1468,1.000000000000001);
#1470=LINE('',#1467,#1469);
#1471=EDGE_CURVE('',#1464,#1466,#1470,.T.);
#1472=ORIENTED_EDGE('',*,*,#1471,.T.);
#1473=CARTESIAN_POINT('',(-0.201010126776695,-0.999999999999996,-321.514718625761470));
#1474=VERTEX_POINT('',#1473);
#1475=CARTESIAN_POINT('',(-0.201010126776695,-0.999999999999996,-321.514718625761470));
#1476=DIRECTION('',(-0.707106781186548,0.0,-0.707106781186547));
#1477=VECTOR('',#1476,46.715728752538098);
#1478=LINE('',#1475,#1477);
#1479=EDGE_CURVE('',#1474,#1466,#1478,.T.);
#1480=ORIENTED_EDGE('',*,*,#1479,.F.);
#1481=CARTESIAN_POINT('',(-0.201010126776695,4.440892E-015,-321.514718625761470));
#1482=VERTEX_POINT('',#1481);
#1483=CARTESIAN_POINT('',(-0.201010126776695,4.440892E-015,-321.514718625761470));
#1484=DIRECTION('',(0.0,-1.0,0.0));
#1485=VECTOR('',#1484,1.000000000000001);
#1486=LINE('',#1483,#1485);
#1487=EDGE_CURVE('',#1482,#1474,#1486,.T.);
#1488=ORIENTED_EDGE('',*,*,#1487,.F.);
#1489=CARTESIAN_POINT('',(-0.201010126776695,4.440892E-015,-321.514718625761470));
#1490=DIRECTION('',(-0.707106781186548,0.0,-0.707106781186547));
#1491=VECTOR('',#1490,46.715728752538098);
#1492=LINE('',#1489,#1491);
#1493=EDGE_CURVE('',#1482,#1464,#1492,.T.);
#1494=ORIENTED_EDGE('',*,*,#1493,.T.);
#1495=EDGE_LOOP('',(#1472,#1480,#1488,#1494));
#1496=FACE_OUTER_BOUND('',#1495,.T.);
#1497=ADVANCED_FACE('',(#1496),#1462,.T.);
#1498=CARTESIAN_POINT('',(5.455844122715696,1.000000000000009,-327.171572875253790));
#1499=DIRECTION('',(-0.707106781186548,0.0,-0.707106781186547));
#1500=DIRECTION('',(0.0,-1.0,0.0));
#1501=AXIS2_PLACEMENT_3D('',#1498,#1499,#1500);
#1502=CYLINDRICAL_SURFACE('',#1501,2.0);
#1503=CARTESIAN_POINT('',(-27.577164466275406,-0.999999999999992,-360.204581464244880));
#1504=VERTEX_POINT('',#1503);
#1505=CARTESIAN_POINT('',(-26.162950903902313,1.000000000000010,-361.618795026617990));
#1506=VERTEX_POINT('',#1505);
#1507=CARTESIAN_POINT('',(-27.577164466275434,1.000000000000009,-360.204581464244880));
#1508=DIRECTION('',(0.707106781186548,0.0,0.707106781186547));
#1509=DIRECTION('',(0.0,-1.0,0.0));
#1510=AXIS2_PLACEMENT_3D('',#1507,#1508,#1509);
#1511=CIRCLE('',#1510,2.0);
#1512=EDGE_CURVE('',#1504,#1506,#1511,.T.);
#1513=ORIENTED_EDGE('',*,*,#1512,.T.);
#1514=CARTESIAN_POINT('',(6.870057685088788,1.000000000000010,-328.585786437626890));
#1515=VERTEX_POINT('',#1514);
#1516=CARTESIAN_POINT('',(6.870057685088788,1.000000000000010,-328.585786437626890));
#1517=DIRECTION('',(-0.707106781186548,0.0,-0.707106781186547));
#1518=VECTOR('',#1517,46.715728752538148);
#1519=LINE('',#1516,#1518);
#1520=EDGE_CURVE('',#1515,#1506,#1519,.T.);
#1521=ORIENTED_EDGE('',*,*,#1520,.F.);
#1522=CARTESIAN_POINT('',(5.455844122715692,-0.999999999999992,-327.171572875253790));
#1523=VERTEX_POINT('',#1522);
#1524=CARTESIAN_POINT('',(5.455844122715696,1.000000000000009,-327.171572875253790));
#1525=DIRECTION('',(0.707106781186548,0.0,0.707106781186547));
#1526=DIRECTION('',(0.0,-1.0,0.0));
#1527=AXIS2_PLACEMENT_3D('',#1524,#1525,#1526);
#1528=CIRCLE('',#1527,2.0);
#1529=EDGE_CURVE('',#1523,#1515,#1528,.T.);
#1530=ORIENTED_EDGE('',*,*,#1529,.F.);
#1531=CARTESIAN_POINT('',(5.455844122715692,-0.999999999999992,-327.171572875253790));
#1532=DIRECTION('',(-0.707106781186548,0.0,-0.707106781186548));
#1533=VECTOR('',#1532,46.715728752538141);
#1534=LINE('',#1531,#1533);
#1535=EDGE_CURVE('',#1523,#1504,#1534,.T.);
#1536=ORIENTED_EDGE('',*,*,#1535,.T.);
#1537=EDGE_LOOP('',(#1513,#1521,#1530,#1536));
#1538=FACE_OUTER_BOUND('',#1537,.T.);
#1539=ADVANCED_FACE('',(#1538),#1502,.T.);
#1540=CARTESIAN_POINT('',(6.870057685088788,1.000000000000010,-328.585786437626890));
#1541=DIRECTION('',(0.707106781186547,4.037175E-016,-0.707106781186548));
#1542=DIRECTION('',(-0.707106781186548,0.0,-0.707106781186547));
#1543=AXIS2_PLACEMENT_3D('',#1540,#1541,#1542);
#1544=PLANE('',#1543);
#1545=CARTESIAN_POINT('',(-26.162950903902317,23.000000000000004,-361.618795026617990));
#1546=VERTEX_POINT('',#1545);
#1547=CARTESIAN_POINT('',(-26.162950903902313,1.000000000000010,-361.618795026617990));
#1548=DIRECTION('',(0.0,1.0,0.0));
#1549=VECTOR('',#1548,21.999999999999993);
#1550=LINE('',#1547,#1549);
#1551=EDGE_CURVE('',#1506,#1546,#1550,.T.);
#1552=ORIENTED_EDGE('',*,*,#1551,.T.);
#1553=CARTESIAN_POINT('',(6.870057685088780,23.000000000000004,-328.585786437626890));
#1554=VERTEX_POINT('',#1553);
#1555=CARTESIAN_POINT('',(6.870057685088780,23.000000000000004,-328.585786437626890));
#1556=DIRECTION('',(-0.707106781186548,0.0,-0.707106781186548));
#1557=VECTOR('',#1556,46.715728752538141);
#1558=LINE('',#1555,#1557);
#1559=EDGE_CURVE('',#1554,#1546,#1558,.T.);
#1560=ORIENTED_EDGE('',*,*,#1559,.F.);
#1561=CARTESIAN_POINT('',(6.870057685088788,1.000000000000010,-328.585786437626890));
#1562=DIRECTION('',(0.0,1.0,0.0));
#1563=VECTOR('',#1562,21.999999999999993);
#1564=LINE('',#1561,#1563);
#1565=EDGE_CURVE('',#1515,#1554,#1564,.T.);
#1566=ORIENTED_EDGE('',*,*,#1565,.F.);
#1567=ORIENTED_EDGE('',*,*,#1520,.T.);
#1568=EDGE_LOOP('',(#1552,#1560,#1566,#1567));
#1569=FACE_OUTER_BOUND('',#1568,.T.);
#1570=ADVANCED_FACE('',(#1569),#1544,.T.);
#1571=CARTESIAN_POINT('',(5.455844122715696,23.000000000000007,-327.171572875253790));
#1572=DIRECTION('',(-0.707106781186548,0.0,-0.707106781186547));
#1573=DIRECTION('',(0.707106781186547,-2.220446E-015,-0.707106781186548));
#1574=AXIS2_PLACEMENT_3D('',#1571,#1572,#1573);
#1575=CYLINDRICAL_SURFACE('',#1574,1.999999999999997);
#1576=CARTESIAN_POINT('',(-27.577164466275413,25.000000000000004,-360.204581464244880));
#1577=VERTEX_POINT('',#1576);
#1578=CARTESIAN_POINT('',(-27.577164466275434,23.000000000000007,-360.204581464244880));
#1579=DIRECTION('',(0.707106781186548,0.0,0.707106781186547));
#1580=DIRECTION('',(0.707106781186547,-2.220446E-015,-0.707106781186548));
#1581=AXIS2_PLACEMENT_3D('',#1578,#1579,#1580);
#1582=CIRCLE('',#1581,1.999999999999998);
#1583=EDGE_CURVE('',#1546,#1577,#1582,.T.);
#1584=ORIENTED_EDGE('',*,*,#1583,.T.);
#1585=CARTESIAN_POINT('',(5.455844122715683,25.000000000000004,-327.171572875253790));
#1586=VERTEX_POINT('',#1585);
#1587=CARTESIAN_POINT('',(5.455844122715683,25.000000000000004,-327.171572875253790));
#1588=DIRECTION('',(-0.707106781186548,0.0,-0.707106781186548));
#1589=VECTOR('',#1588,46.715728752538141);
#1590=LINE('',#1587,#1589);
#1591=EDGE_CURVE('',#1586,#1577,#1590,.T.);
#1592=ORIENTED_EDGE('',*,*,#1591,.F.);
#1593=CARTESIAN_POINT('',(5.455844122715696,23.000000000000007,-327.171572875253790));
#1594=DIRECTION('',(0.707106781186548,0.0,0.707106781186547));
#1595=DIRECTION('',(0.707106781186547,-2.220446E-015,-0.707106781186548));
#1596=AXIS2_PLACEMENT_3D('',#1593,#1594,#1595);
#1597=CIRCLE('',#1596,1.999999999999998);
#1598=EDGE_CURVE('',#1554,#1586,#1597,.T.);
#1599=ORIENTED_EDGE('',*,*,#1598,.F.);
#1600=ORIENTED_EDGE('',*,*,#1559,.T.);
#1601=EDGE_LOOP('',(#1584,#1592,#1599,#1600));
#1602=FACE_OUTER_BOUND('',#1601,.T.);
#1603=ADVANCED_FACE('',(#1602),#1575,.T.);
#1604=CARTESIAN_POINT('',(-17.171572875253815,22.999999999999986,-304.544155877284310));
#1605=DIRECTION('',(-0.707106781186548,0.0,-0.707106781186547));
#1606=DIRECTION('',(0.0,1.0,0.0));
#1607=AXIS2_PLACEMENT_3D('',#1604,#1605,#1606);
#1608=CYLINDRICAL_SURFACE('',#1607,2.000000000000006);
#1609=CARTESIAN_POINT('',(-50.204581464244939,24.999999999999993,-337.577164466275350));
#1610=VERTEX_POINT('',#1609);
#1611=CARTESIAN_POINT('',(-51.618795026618031,22.999999999999989,-336.162950903902240));
#1612=VERTEX_POINT('',#1611);
#1613=CARTESIAN_POINT('',(-50.204581464244946,22.999999999999986,-337.577164466275410));
#1614=DIRECTION('',(0.707106781186548,0.0,0.707106781186547));
#1615=DIRECTION('',(0.0,1.0,0.0));
#1616=AXIS2_PLACEMENT_3D('',#1613,#1614,#1615);
#1617=CIRCLE('',#1616,2.000000000000006);
#1618=EDGE_CURVE('',#1610,#1612,#1617,.T.);
#1619=ORIENTED_EDGE('',*,*,#1618,.T.);
#1620=CARTESIAN_POINT('',(-18.585786437626933,22.999999999999989,-303.129942314911200));
#1621=VERTEX_POINT('',#1620);
#1622=CARTESIAN_POINT('',(-18.585786437626933,22.999999999999989,-303.129942314911200));
#1623=DIRECTION('',(-0.707106781186548,0.0,-0.707106781186547));
#1624=VECTOR('',#1623,46.715728752538105);
#1625=LINE('',#1622,#1624);
#1626=EDGE_CURVE('',#1621,#1612,#1625,.T.);
#1627=ORIENTED_EDGE('',*,*,#1626,.F.);
#1628=CARTESIAN_POINT('',(-17.171572875253837,24.999999999999993,-304.544155877284250));
#1629=VERTEX_POINT('',#1628);
#1630=CARTESIAN_POINT('',(-17.171572875253815,22.999999999999986,-304.544155877284310));
#1631=DIRECTION('',(0.707106781186548,0.0,0.707106781186547));
#1632=DIRECTION('',(0.0,1.0,0.0));
#1633=AXIS2_PLACEMENT_3D('',#1630,#1631,#1632);
#1634=CIRCLE('',#1633,2.000000000000006);
#1635=EDGE_CURVE('',#1629,#1621,#1634,.T.);
#1636=ORIENTED_EDGE('',*,*,#1635,.F.);
#1637=CARTESIAN_POINT('',(-17.171572875253837,24.999999999999993,-304.544155877284250));
#1638=DIRECTION('',(-0.707106781186548,0.0,-0.707106781186547));
#1639=VECTOR('',#1638,46.715728752538148);
#1640=LINE('',#1637,#1639);
#1641=EDGE_CURVE('',#1629,#1610,#1640,.T.);
#1642=ORIENTED_EDGE('',*,*,#1641,.T.);
#1643=EDGE_LOOP('',(#1619,#1627,#1636,#1642));
#1644=FACE_OUTER_BOUND('',#1643,.T.);
#1645=ADVANCED_FACE('',(#1644),#1608,.T.);
#1646=CARTESIAN_POINT('',(-18.585786437626933,22.999999999999989,-303.129942314911200));
#1647=DIRECTION('',(-0.707106781186547,-2.018587E-016,0.707106781186548));
#1648=DIRECTION('',(0.707106781186548,0.0,0.707106781186547));
#1649=AXIS2_PLACEMENT_3D('',#1646,#1647,#1648);
#1650=PLANE('',#1649);
#1651=CARTESIAN_POINT('',(-51.618795026618031,0.999999999999992,-336.162950903902240));
#1652=VERTEX_POINT('',#1651);
#1653=CARTESIAN_POINT('',(-51.618795026618031,22.999999999999989,-336.162950903902240));
#1654=DIRECTION('',(0.0,-1.0,0.0));
#1655=VECTOR('',#1654,21.999999999999996);
#1656=LINE('',#1653,#1655);
#1657=EDGE_CURVE('',#1612,#1652,#1656,.T.);
#1658=ORIENTED_EDGE('',*,*,#1657,.T.);
#1659=CARTESIAN_POINT('',(-18.585786437626929,0.999999999999992,-303.129942314911200));
#1660=VERTEX_POINT('',#1659);
#1661=CARTESIAN_POINT('',(-18.585786437626929,0.999999999999992,-303.129942314911200));
#1662=DIRECTION('',(-0.707106781186548,0.0,-0.707106781186547));
#1663=VECTOR('',#1662,46.715728752538105);
#1664=LINE('',#1661,#1663);
#1665=EDGE_CURVE('',#1660,#1652,#1664,.T.);
#1666=ORIENTED_EDGE('',*,*,#1665,.F.);
#1667=CARTESIAN_POINT('',(-18.585786437626933,22.999999999999989,-303.129942314911200));
#1668=DIRECTION('',(0.0,-1.0,0.0));
#1669=VECTOR('',#1668,21.999999999999996);
#1670=LINE('',#1667,#1669);
#1671=EDGE_CURVE('',#1621,#1660,#1670,.T.);
#1672=ORIENTED_EDGE('',*,*,#1671,.F.);
#1673=ORIENTED_EDGE('',*,*,#1626,.T.);
#1674=EDGE_LOOP('',(#1658,#1666,#1672,#1673));
#1675=FACE_OUTER_BOUND('',#1674,.T.);
#1676=ADVANCED_FACE('',(#1675),#1650,.T.);
#1677=CARTESIAN_POINT('',(-17.171572875253815,0.999999999999991,-304.544155877284310));
#1678=DIRECTION('',(-0.707106781186548,0.0,-0.707106781186547));
#1679=DIRECTION('',(-0.707106781186547,3.469447E-016,0.707106781186548));
#1680=AXIS2_PLACEMENT_3D('',#1677,#1678,#1679);
#1681=CYLINDRICAL_SURFACE('',#1680,2.000000000000000);
#1682=CARTESIAN_POINT('',(-50.204581464244939,-1.000000000000008,-337.577164466275350));
#1683=VERTEX_POINT('',#1682);
#1684=CARTESIAN_POINT('',(-50.204581464244946,0.999999999999991,-337.577164466275410));
#1685=DIRECTION('',(0.707106781186548,-2.465190E-032,0.707106781186547));
#1686=DIRECTION('',(-0.707106781186547,3.469447E-016,0.707106781186548));
#1687=AXIS2_PLACEMENT_3D('',#1684,#1685,#1686);
#1688=CIRCLE('',#1687,2.000000000000000);
#1689=EDGE_CURVE('',#1652,#1683,#1688,.T.);
#1690=ORIENTED_EDGE('',*,*,#1689,.T.);
#1691=CARTESIAN_POINT('',(-17.171572875253833,-1.000000000000008,-304.544155877284250));
#1692=VERTEX_POINT('',#1691);
#1693=CARTESIAN_POINT('',(-17.171572875253833,-1.000000000000008,-304.544155877284250));
#1694=DIRECTION('',(-0.707106781186548,0.0,-0.707106781186547));
#1695=VECTOR('',#1694,46.715728752538148);
#1696=LINE('',#1693,#1695);
#1697=EDGE_CURVE('',#1692,#1683,#1696,.T.);
#1698=ORIENTED_EDGE('',*,*,#1697,.F.);
#1699=CARTESIAN_POINT('',(-17.171572875253815,0.999999999999991,-304.544155877284310));
#1700=DIRECTION('',(0.707106781186548,-2.465190E-032,0.707106781186547));
#1701=DIRECTION('',(-0.707106781186547,3.469447E-016,0.707106781186548));
#1702=AXIS2_PLACEMENT_3D('',#1699,#1700,#1701);
#1703=CIRCLE('',#1702,2.000000000000000);
#1704=EDGE_CURVE('',#1660,#1692,#1703,.T.);
#1705=ORIENTED_EDGE('',*,*,#1704,.F.);
#1706=ORIENTED_EDGE('',*,*,#1665,.T.);
#1707=EDGE_LOOP('',(#1690,#1698,#1705,#1706));
#1708=FACE_OUTER_BOUND('',#1707,.T.);
#1709=ADVANCED_FACE('',(#1708),#1681,.T.);
#1710=CARTESIAN_POINT('',(-11.514718625761454,-1.000000000000005,-310.201010126776680));
#1711=DIRECTION('',(0.707106781186547,0.0,-0.707106781186548));
#1712=DIRECTION('',(-0.707106781186548,0.0,-0.707106781186547));
#1713=AXIS2_PLACEMENT_3D('',#1710,#1711,#1712);
#1714=PLANE('',#1713);
#1715=CARTESIAN_POINT('',(-44.547727214752541,-1.000000000000005,-343.234018715767720));
#1716=VERTEX_POINT('',#1715);
#1717=CARTESIAN_POINT('',(-44.547727214752541,-4.440892E-015,-343.234018715767720));
#1718=VERTEX_POINT('',#1717);
#1719=CARTESIAN_POINT('',(-44.547727214752541,-1.000000000000005,-343.234018715767720));
#1720=DIRECTION('',(0.0,1.0,0.0));
#1721=VECTOR('',#1720,1.000000000000001);
#1722=LINE('',#1719,#1721);
#1723=EDGE_CURVE('',#1716,#1718,#1722,.T.);
#1724=ORIENTED_EDGE('',*,*,#1723,.T.);
#1725=CARTESIAN_POINT('',(-11.514718625761454,-4.440892E-015,-310.201010126776680));
#1726=VERTEX_POINT('',#1725);
#1727=CARTESIAN_POINT('',(-11.514718625761454,-4.440892E-015,-310.201010126776680));
#1728=DIRECTION('',(-0.707106781186548,0.0,-0.707106781186547));
#1729=VECTOR('',#1728,46.715728752538098);
#1730=LINE('',#1727,#1729);
#1731=EDGE_CURVE('',#1726,#1718,#1730,.T.);
#1732=ORIENTED_EDGE('',*,*,#1731,.F.);
#1733=CARTESIAN_POINT('',(-11.514718625761454,-1.000000000000005,-310.201010126776680));
#1734=VERTEX_POINT('',#1733);
#1735=CARTESIAN_POINT('',(-11.514718625761454,-1.000000000000005,-310.201010126776680));
#1736=DIRECTION('',(0.0,1.0,0.0));
#1737=VECTOR('',#1736,1.000000000000001);
#1738=LINE('',#1735,#1737);
#1739=EDGE_CURVE('',#1734,#1726,#1738,.T.);
#1740=ORIENTED_EDGE('',*,*,#1739,.F.);
#1741=CARTESIAN_POINT('',(-11.514718625761454,-1.000000000000005,-310.201010126776680));
#1742=DIRECTION('',(-0.707106781186548,0.0,-0.707106781186547));
#1743=VECTOR('',#1742,46.715728752538098);
#1744=LINE('',#1741,#1743);
#1745=EDGE_CURVE('',#1734,#1716,#1744,.T.);
#1746=ORIENTED_EDGE('',*,*,#1745,.T.);
#1747=EDGE_LOOP('',(#1724,#1732,#1740,#1746));
#1748=FACE_OUTER_BOUND('',#1747,.T.);
#1749=ADVANCED_FACE('',(#1748),#1714,.T.);
#1750=CARTESIAN_POINT('',(-17.171572875253815,0.999999999999996,-304.544155877284310));
#1751=DIRECTION('',(-0.707106781186548,0.0,-0.707106781186547));
#1752=DIRECTION('',(0.707106781186547,4.163336E-015,-0.707106781186548));
#1753=AXIS2_PLACEMENT_3D('',#1750,#1751,#1752);
#1754=CYLINDRICAL_SURFACE('',#1753,1.000000000000001);
#1755=CARTESIAN_POINT('',(-50.204581464244939,-4.440892E-015,-337.577164466275350));
#1756=VERTEX_POINT('',#1755);
#1757=CARTESIAN_POINT('',(-50.911688245431478,0.999999999999992,-336.870057685088740));
#1758=VERTEX_POINT('',#1757);
#1759=CARTESIAN_POINT('',(-50.204581464244946,0.999999999999996,-337.577164466275410));
#1760=DIRECTION('',(-0.707106781186548,0.0,-0.707106781186547));
#1761=DIRECTION('',(0.707106781186547,4.163336E-015,-0.707106781186548));
#1762=AXIS2_PLACEMENT_3D('',#1759,#1760,#1761);
#1763=CIRCLE('',#1762,1.000000000000001);
#1764=EDGE_CURVE('',#1756,#1758,#1763,.T.);
#1765=ORIENTED_EDGE('',*,*,#1764,.T.);
#1766=CARTESIAN_POINT('',(-17.878679656440383,0.999999999999992,-303.837049096097700));
#1767=VERTEX_POINT('',#1766);
#1768=CARTESIAN_POINT('',(-17.878679656440383,0.999999999999992,-303.837049096097700));
#1769=DIRECTION('',(-0.707106781186548,0.0,-0.707106781186547));
#1770=VECTOR('',#1769,46.715728752538105);
#1771=LINE('',#1768,#1770);
#1772=EDGE_CURVE('',#1767,#1758,#1771,.T.);
#1773=ORIENTED_EDGE('',*,*,#1772,.F.);
#1774=CARTESIAN_POINT('',(-17.171572875253833,-4.440892E-015,-304.544155877284250));
#1775=VERTEX_POINT('',#1774);
#1776=CARTESIAN_POINT('',(-17.171572875253815,0.999999999999996,-304.544155877284310));
#1777=DIRECTION('',(-0.707106781186548,0.0,-0.707106781186547));
#1778=DIRECTION('',(0.707106781186547,4.163336E-015,-0.707106781186548));
#1779=AXIS2_PLACEMENT_3D('',#1776,#1777,#1778);
#1780=CIRCLE('',#1779,1.000000000000001);
#1781=EDGE_CURVE('',#1775,#1767,#1780,.T.);
#1782=ORIENTED_EDGE('',*,*,#1781,.F.);
#1783=CARTESIAN_POINT('',(-17.171572875253833,-4.440892E-015,-304.544155877284250));
#1784=DIRECTION('',(-0.707106781186548,0.0,-0.707106781186547));
#1785=VECTOR('',#1784,46.715728752538148);
#1786=LINE('',#1783,#1785);
#1787=EDGE_CURVE('',#1775,#1756,#1786,.T.);
#1788=ORIENTED_EDGE('',*,*,#1787,.T.);
#1789=EDGE_LOOP('',(#1765,#1773,#1782,#1788));
#1790=FACE_OUTER_BOUND('',#1789,.T.);
#1791=ADVANCED_FACE('',(#1790),#1754,.F.);
#1792=CARTESIAN_POINT('',(-17.878679656440383,0.999999999999992,-303.837049096097700));
#1793=DIRECTION('',(0.707106781186547,0.0,-0.707106781186548));
#1794=DIRECTION('',(-0.707106781186548,0.0,-0.707106781186547));
#1795=AXIS2_PLACEMENT_3D('',#1792,#1793,#1794);
#1796=PLANE('',#1795);
#1797=CARTESIAN_POINT('',(-50.911688245431478,23.0,-336.870057685088740));
#1798=VERTEX_POINT('',#1797);
#1799=CARTESIAN_POINT('',(-50.911688245431478,0.999999999999992,-336.870057685088740));
#1800=DIRECTION('',(0.0,1.0,0.0));
#1801=VECTOR('',#1800,22.000000000000007);
#1802=LINE('',#1799,#1801);
#1803=EDGE_CURVE('',#1758,#1798,#1802,.T.);
#1804=ORIENTED_EDGE('',*,*,#1803,.T.);
#1805=CARTESIAN_POINT('',(-17.878679656440383,23.0,-303.837049096097700));
#1806=VERTEX_POINT('',#1805);
#1807=CARTESIAN_POINT('',(-17.878679656440383,23.0,-303.837049096097700));
#1808=DIRECTION('',(-0.707106781186548,0.0,-0.707106781186547));
#1809=VECTOR('',#1808,46.715728752538105);
#1810=LINE('',#1807,#1809);
#1811=EDGE_CURVE('',#1806,#1798,#1810,.T.);
#1812=ORIENTED_EDGE('',*,*,#1811,.F.);
#1813=CARTESIAN_POINT('',(-17.878679656440383,0.999999999999992,-303.837049096097700));
#1814=DIRECTION('',(0.0,1.0,0.0));
#1815=VECTOR('',#1814,22.000000000000007);
#1816=LINE('',#1813,#1815);
#1817=EDGE_CURVE('',#1767,#1806,#1816,.T.);
#1818=ORIENTED_EDGE('',*,*,#1817,.F.);
#1819=ORIENTED_EDGE('',*,*,#1772,.T.);
#1820=EDGE_LOOP('',(#1804,#1812,#1818,#1819));
#1821=FACE_OUTER_BOUND('',#1820,.T.);
#1822=ADVANCED_FACE('',(#1821),#1796,.T.);
#1823=CARTESIAN_POINT('',(-17.171572875253815,23.0,-304.544155877284310));
#1824=DIRECTION('',(-0.707106781186548,0.0,-0.707106781186547));
#1825=DIRECTION('',(0.0,-1.0,0.0));
#1826=AXIS2_PLACEMENT_3D('',#1823,#1824,#1825);
#1827=CYLINDRICAL_SURFACE('',#1826,1.000000000000001);
#1828=CARTESIAN_POINT('',(-50.204581464244939,24.0,-337.577164466275350));
#1829=VERTEX_POINT('',#1828);
#1830=CARTESIAN_POINT('',(-50.204581464244946,23.0,-337.577164466275410));
#1831=DIRECTION('',(-0.707106781186548,0.0,-0.707106781186547));
#1832=DIRECTION('',(0.0,-1.0,0.0));
#1833=AXIS2_PLACEMENT_3D('',#1830,#1831,#1832);
#1834=CIRCLE('',#1833,1.000000000000001);
#1835=EDGE_CURVE('',#1798,#1829,#1834,.T.);
#1836=ORIENTED_EDGE('',*,*,#1835,.T.);
#1837=CARTESIAN_POINT('',(-17.171572875253833,24.0,-304.544155877284250));
#1838=VERTEX_POINT('',#1837);
#1839=CARTESIAN_POINT('',(-17.171572875253833,24.0,-304.544155877284250));
#1840=DIRECTION('',(-0.707106781186548,0.0,-0.707106781186547));
#1841=VECTOR('',#1840,46.715728752538148);
#1842=LINE('',#1839,#1841);
#1843=EDGE_CURVE('',#1838,#1829,#1842,.T.);
#1844=ORIENTED_EDGE('',*,*,#1843,.F.);
#1845=CARTESIAN_POINT('',(-17.171572875253815,23.0,-304.544155877284310));
#1846=DIRECTION('',(-0.707106781186548,0.0,-0.707106781186547));
#1847=DIRECTION('',(0.0,-1.0,0.0));
#1848=AXIS2_PLACEMENT_3D('',#1845,#1846,#1847);
#1849=CIRCLE('',#1848,1.000000000000001);
#1850=EDGE_CURVE('',#1806,#1838,#1849,.T.);
#1851=ORIENTED_EDGE('',*,*,#1850,.F.);
#1852=ORIENTED_EDGE('',*,*,#1811,.T.);
#1853=EDGE_LOOP('',(#1836,#1844,#1851,#1852));
#1854=FACE_OUTER_BOUND('',#1853,.T.);
#1855=ADVANCED_FACE('',(#1854),#1827,.F.);
#1856=CARTESIAN_POINT('',(5.455844122715696,23.0,-327.171572875253790));
#1857=DIRECTION('',(-0.707106781186548,0.0,-0.707106781186547));
#1858=DIRECTION('',(-0.707106781186547,-4.440892E-015,0.707106781186548));
#1859=AXIS2_PLACEMENT_3D('',#1856,#1857,#1858);
#1860=CYLINDRICAL_SURFACE('',#1859,1.000000000000008);
#1861=CARTESIAN_POINT('',(-27.577164466275413,24.000000000000004,-360.204581464244880));
#1862=VERTEX_POINT('',#1861);
#1863=CARTESIAN_POINT('',(-26.870057685088888,23.000000000000004,-360.911688245431380));
#1864=VERTEX_POINT('',#1863);
#1865=CARTESIAN_POINT('',(-27.577164466275434,23.0,-360.204581464244880));
#1866=DIRECTION('',(-0.707106781186548,0.0,-0.707106781186547));
#1867=DIRECTION('',(-0.707106781186547,-4.440892E-015,0.707106781186548));
#1868=AXIS2_PLACEMENT_3D('',#1865,#1866,#1867);
#1869=CIRCLE('',#1868,1.000000000000008);
#1870=EDGE_CURVE('',#1862,#1864,#1869,.T.);
#1871=ORIENTED_EDGE('',*,*,#1870,.T.);
#1872=CARTESIAN_POINT('',(6.162950903902233,23.000000000000004,-327.878679656440340));
#1873=VERTEX_POINT('',#1872);
#1874=CARTESIAN_POINT('',(6.162950903902233,23.000000000000004,-327.878679656440340));
#1875=DIRECTION('',(-0.707106781186548,0.0,-0.707106781186547));
#1876=VECTOR('',#1875,46.715728752538119);
#1877=LINE('',#1874,#1876);
#1878=EDGE_CURVE('',#1873,#1864,#1877,.T.);
#1879=ORIENTED_EDGE('',*,*,#1878,.F.);
#1880=CARTESIAN_POINT('',(5.455844122715683,24.000000000000004,-327.171572875253790));
#1881=VERTEX_POINT('',#1880);
#1882=CARTESIAN_POINT('',(5.455844122715696,23.0,-327.171572875253790));
#1883=DIRECTION('',(-0.707106781186548,0.0,-0.707106781186547));
#1884=DIRECTION('',(-0.707106781186547,-4.440892E-015,0.707106781186548));
#1885=AXIS2_PLACEMENT_3D('',#1882,#1883,#1884);
#1886=CIRCLE('',#1885,1.000000000000008);
#1887=EDGE_CURVE('',#1881,#1873,#1886,.T.);
#1888=ORIENTED_EDGE('',*,*,#1887,.F.);
#1889=CARTESIAN_POINT('',(5.455844122715683,24.000000000000004,-327.171572875253790));
#1890=DIRECTION('',(-0.707106781186548,0.0,-0.707106781186548));
#1891=VECTOR('',#1890,46.715728752538141);
#1892=LINE('',#1889,#1891);
#1893=EDGE_CURVE('',#1881,#1862,#1892,.T.);
#1894=ORIENTED_EDGE('',*,*,#1893,.T.);
#1895=EDGE_LOOP('',(#1871,#1879,#1888,#1894));
#1896=FACE_OUTER_BOUND('',#1895,.T.);
#1897=ADVANCED_FACE('',(#1896),#1860,.F.);
#1898=CARTESIAN_POINT('',(6.162950903902233,23.000000000000004,-327.878679656440340));
#1899=DIRECTION('',(-0.707106781186547,-4.037175E-016,0.707106781186548));
#1900=DIRECTION('',(0.707106781186548,0.0,0.707106781186547));
#1901=AXIS2_PLACEMENT_3D('',#1898,#1899,#1900);
#1902=PLANE('',#1901);
#1903=CARTESIAN_POINT('',(-26.870057685088881,1.000000000000010,-360.911688245431380));
#1904=VERTEX_POINT('',#1903);
#1905=CARTESIAN_POINT('',(-26.870057685088888,23.000000000000004,-360.911688245431380));
#1906=DIRECTION('',(0.0,-1.0,0.0));
#1907=VECTOR('',#1906,21.999999999999993);
#1908=LINE('',#1905,#1907);
#1909=EDGE_CURVE('',#1864,#1904,#1908,.T.);
#1910=ORIENTED_EDGE('',*,*,#1909,.T.);
#1911=CARTESIAN_POINT('',(6.162950903902238,1.000000000000010,-327.878679656440340));
#1912=VERTEX_POINT('',#1911);
#1913=CARTESIAN_POINT('',(6.162950903902238,1.000000000000010,-327.878679656440340));
#1914=DIRECTION('',(-0.707106781186548,0.0,-0.707106781186547));
#1915=VECTOR('',#1914,46.715728752538119);
#1916=LINE('',#1913,#1915);
#1917=EDGE_CURVE('',#1912,#1904,#1916,.T.);
#1918=ORIENTED_EDGE('',*,*,#1917,.F.);
#1919=CARTESIAN_POINT('',(6.162950903902233,23.000000000000004,-327.878679656440340));
#1920=DIRECTION('',(0.0,-1.0,0.0));
#1921=VECTOR('',#1920,21.999999999999993);
#1922=LINE('',#1919,#1921);
#1923=EDGE_CURVE('',#1873,#1912,#1922,.T.);
#1924=ORIENTED_EDGE('',*,*,#1923,.F.);
#1925=ORIENTED_EDGE('',*,*,#1878,.T.);
#1926=EDGE_LOOP('',(#1910,#1918,#1924,#1925));
#1927=FACE_OUTER_BOUND('',#1926,.T.);
#1928=ADVANCED_FACE('',(#1927),#1902,.T.);
#1929=CARTESIAN_POINT('',(5.455844122715696,1.000000000000014,-327.171572875253790));
#1930=DIRECTION('',(-0.707106781186548,0.0,-0.707106781186547));
#1931=DIRECTION('',(0.0,1.0,0.0));
#1932=AXIS2_PLACEMENT_3D('',#1929,#1930,#1931);
#1933=CYLINDRICAL_SURFACE('',#1932,1.000000000000005);
#1934=CARTESIAN_POINT('',(-27.577164466275409,8.881784E-015,-360.204581464244880));
#1935=VERTEX_POINT('',#1934);
#1936=CARTESIAN_POINT('',(-27.577164466275434,1.000000000000014,-360.204581464244880));
#1937=DIRECTION('',(-0.707106781186548,0.0,-0.707106781186547));
#1938=DIRECTION('',(0.0,1.0,0.0));
#1939=AXIS2_PLACEMENT_3D('',#1936,#1937,#1938);
#1940=CIRCLE('',#1939,1.000000000000005);
#1941=EDGE_CURVE('',#1904,#1935,#1940,.T.);
#1942=ORIENTED_EDGE('',*,*,#1941,.T.);
#1943=CARTESIAN_POINT('',(5.455844122715687,8.881784E-015,-327.171572875253790));
#1944=VERTEX_POINT('',#1943);
#1945=CARTESIAN_POINT('',(5.455844122715687,8.881784E-015,-327.171572875253790));
#1946=DIRECTION('',(-0.707106781186548,0.0,-0.707106781186548));
#1947=VECTOR('',#1946,46.715728752538141);
#1948=LINE('',#1945,#1947);
#1949=EDGE_CURVE('',#1944,#1935,#1948,.T.);
#1950=ORIENTED_EDGE('',*,*,#1949,.F.);
#1951=CARTESIAN_POINT('',(5.455844122715696,1.000000000000014,-327.171572875253790));
#1952=DIRECTION('',(-0.707106781186548,0.0,-0.707106781186547));
#1953=DIRECTION('',(0.0,1.0,0.0));
#1954=AXIS2_PLACEMENT_3D('',#1951,#1952,#1953);
#1955=CIRCLE('',#1954,1.000000000000005);
#1956=EDGE_CURVE('',#1912,#1944,#1955,.T.);
#1957=ORIENTED_EDGE('',*,*,#1956,.F.);
#1958=ORIENTED_EDGE('',*,*,#1917,.T.);
#1959=EDGE_LOOP('',(#1942,#1950,#1957,#1958));
#1960=FACE_OUTER_BOUND('',#1959,.T.);
#1961=ADVANCED_FACE('',(#1960),#1933,.F.);
#1962=CARTESIAN_POINT('',(14.999999999999975,1.000000000000010,-301.715728752538100));
#1963=CARTESIAN_POINT('',(14.999999999999982,7.296857E-015,-301.715728752538100));
#1964=CARTESIAN_POINT('',(15.999999999999982,7.327472E-015,-301.715728752538100));
#1965=CARTESIAN_POINT('',(16.999999999999982,7.358087E-015,-301.715728752538100));
#1966=CARTESIAN_POINT('',(16.999999999999989,1.000000000000010,-301.715728752538100));
#1967=CARTESIAN_POINT('',(14.999999999999975,1.000000000000010,-316.494845776312220));
#1968=CARTESIAN_POINT('',(14.999999999999982,7.296857E-015,-316.494845776312220));
#1969=CARTESIAN_POINT('',(15.999999999999982,7.327472E-015,-316.917106262705770));
#1970=CARTESIAN_POINT('',(16.999999999999982,7.358087E-015,-317.339366749099330));
#1971=CARTESIAN_POINT('',(16.999999999999989,1.000000000000010,-317.339366749099330));
#1972=CARTESIAN_POINT('',(4.407423593120857,1.000000000000010,-326.801136334356780));
#1973=CARTESIAN_POINT('',(4.407423593120864,7.306122E-015,-326.801136334356780));
#1974=CARTESIAN_POINT('',(5.104778552924316,7.327472E-015,-327.517862265265880));
#1975=CARTESIAN_POINT('',(5.802133512727770,7.348822E-015,-328.234588196174970));
#1976=CARTESIAN_POINT('',(5.802133512727774,1.000000000000010,-328.234588196174970));
#1984=(BOUNDED_SURFACE()B_SPLINE_SURFACE(2,2,((#1962,#1967,#1972),(#1963,#1968,#1973),(#1964,#1969,#1974),(#1965,#1970,#1975),(#1966,#1971,#1976)),.UNSPECIFIED.,.F.,.F.,.U.)B_SPLINE_SURFACE_WITH_KNOTS((3,2,3),(3,3),(-3.141592653589789,-1.570796326794897,-4.662937E-015),(0.0,0.799095936770314),.UNSPECIFIED.)GEOMETRIC_REPRESENTATION_ITEM()RATIONAL_B_SPLINE_SURFACE(((1.0,0.921236929297630,1.0),(0.707106781186551,0.651412879785830,0.707106781186551),(1.0,0.921236929297630,1.0),(0.707106781186544,0.651412879785823,0.707106781186544),(1.0,0.921236929297630,1.0)))REPRESENTATION_ITEM('')SURFACE());
#1985=ORIENTED_EDGE('',*,*,#1956,.T.);
#1986=CARTESIAN_POINT('',(15.999999999999982,8.813321E-015,-301.715728752538100));
#1987=VERTEX_POINT('',#1986);
#1988=CARTESIAN_POINT('',(-20.000000000000018,8.813321E-015,-301.715728752538100));
#1989=DIRECTION('',(0.0,1.0,0.0));
#1990=DIRECTION('',(1.0,0.0,0.0));
#1991=AXIS2_PLACEMENT_3D('',#1988,#1989,#1990);
#1992=CIRCLE('',#1991,36.0);
#1993=EDGE_CURVE('',#1987,#1944,#1992,.T.);
#1994=ORIENTED_EDGE('',*,*,#1993,.F.);
#1995=CARTESIAN_POINT('',(16.999999999999989,1.000000000000010,-301.715728752538100));
#1996=VERTEX_POINT('',#1995);
#1997=CARTESIAN_POINT('',(15.999999999999982,1.000000000000014,-301.715728752538100));
#1998=DIRECTION('',(0.0,0.0,-1.0));
#1999=DIRECTION('',(0.0,1.0,0.0));
#2000=AXIS2_PLACEMENT_3D('',#1997,#1998,#1999);
#2001=CIRCLE('',#2000,1.000000000000005);
#2002=EDGE_CURVE('',#1996,#1987,#2001,.T.);
#2003=ORIENTED_EDGE('',*,*,#2002,.F.);
#2004=CARTESIAN_POINT('',(-20.000000000000018,1.000000000000010,-301.715728752538100));
#2005=DIRECTION('',(0.0,1.0,0.0));
#2006=DIRECTION('',(1.0,0.0,0.0));
#2007=AXIS2_PLACEMENT_3D('',#2004,#2005,#2006);
#2008=CIRCLE('',#2007,37.000000000000007);
#2009=EDGE_CURVE('',#1996,#1912,#2008,.T.);
#2010=ORIENTED_EDGE('',*,*,#2009,.T.);
#2011=EDGE_LOOP('',(#1985,#1994,#2003,#2010));
#2012=FACE_OUTER_BOUND('',#2011,.T.);
#2013=ADVANCED_FACE('',(#2012),#1984,.T.);
#2014=CARTESIAN_POINT('',(-20.000000000000018,-0.499999999999996,-301.715728752538100));
#2015=DIRECTION('',(0.0,1.0,0.0));
#2016=DIRECTION('',(1.0,0.0,0.0));
#2017=AXIS2_PLACEMENT_3D('',#2014,#2015,#2016);
#2018=CYLINDRICAL_SURFACE('',#2017,28.0);
#2019=ORIENTED_EDGE('',*,*,#1487,.T.);
#2020=CARTESIAN_POINT('',(7.999999999999982,-0.999999999999997,-301.715728752538100));
#2021=VERTEX_POINT('',#2020);
#2022=CARTESIAN_POINT('',(-20.000000000000018,-0.999999999999997,-301.715728752538100));
#2023=DIRECTION('',(0.0,1.0,0.0));
#2024=DIRECTION('',(1.0,0.0,0.0));
#2025=AXIS2_PLACEMENT_3D('',#2022,#2023,#2024);
#2026=CIRCLE('',#2025,28.0);
#2027=EDGE_CURVE('',#2021,#1474,#2026,.T.);
#2028=ORIENTED_EDGE('',*,*,#2027,.F.);
#2029=CARTESIAN_POINT('',(7.999999999999982,4.371503E-015,-301.715728752538100));
#2030=VERTEX_POINT('',#2029);
#2031=CARTESIAN_POINT('',(7.999999999999982,4.371503E-015,-301.715728752538100));
#2032=DIRECTION('',(0.0,-1.0,0.0));
#2033=VECTOR('',#2032,1.000000000000001);
#2034=LINE('',#2031,#2033);
#2035=EDGE_CURVE('',#2030,#2021,#2034,.T.);
#2036=ORIENTED_EDGE('',*,*,#2035,.F.);
#2037=CARTESIAN_POINT('',(-20.000000000000018,4.371503E-015,-301.715728752538100));
#2038=DIRECTION('',(0.0,1.0,0.0));
#2039=DIRECTION('',(1.0,0.0,0.0));
#2040=AXIS2_PLACEMENT_3D('',#2037,#2038,#2039);
#2041=CIRCLE('',#2040,28.0);
#2042=EDGE_CURVE('',#2030,#1482,#2041,.T.);
#2043=ORIENTED_EDGE('',*,*,#2042,.T.);
#2044=EDGE_LOOP('',(#2019,#2028,#2036,#2043));
#2045=FACE_OUTER_BOUND('',#2044,.T.);
#2046=ADVANCED_FACE('',(#2045),#2018,.F.);
#2047=CARTESIAN_POINT('',(-20.000000000000018,1.000000000000009,-301.715728752538100));
#2048=DIRECTION('',(0.0,1.0,0.0));
#2049=DIRECTION('',(0.0,0.0,1.0));
#2050=AXIS2_PLACEMENT_3D('',#2047,#2048,#2049);
#2051=TOROIDAL_SURFACE('',#2050,36.000000000000007,2.0);
#2052=ORIENTED_EDGE('',*,*,#1529,.T.);
#2053=CARTESIAN_POINT('',(17.999999999999989,1.000000000000010,-301.715728752538100));
#2054=VERTEX_POINT('',#2053);
#2055=CARTESIAN_POINT('',(-20.000000000000018,1.000000000000010,-301.715728752538100));
#2056=DIRECTION('',(0.0,1.0,0.0));
#2057=DIRECTION('',(1.0,0.0,0.0));
#2058=AXIS2_PLACEMENT_3D('',#2055,#2056,#2057);
#2059=CIRCLE('',#2058,38.000000000000007);
#2060=EDGE_CURVE('',#2054,#1515,#2059,.T.);
#2061=ORIENTED_EDGE('',*,*,#2060,.F.);
#2062=CARTESIAN_POINT('',(15.999999999999993,-0.999999999999991,-301.715728752538100));
#2063=VERTEX_POINT('',#2062);
#2064=CARTESIAN_POINT('',(15.999999999999989,1.000000000000009,-301.715728752538100));
#2065=DIRECTION('',(0.0,0.0,1.0));
#2066=DIRECTION('',(0.0,-1.0,0.0));
#2067=AXIS2_PLACEMENT_3D('',#2064,#2065,#2066);
#2068=CIRCLE('',#2067,2.0);
#2069=EDGE_CURVE('',#2063,#2054,#2068,.T.);
#2070=ORIENTED_EDGE('',*,*,#2069,.F.);
#2071=CARTESIAN_POINT('',(-20.000000000000018,-0.999999999999991,-301.715728752538100));
#2072=DIRECTION('',(0.0,1.0,0.0));
#2073=DIRECTION('',(1.0,0.0,0.0));
#2074=AXIS2_PLACEMENT_3D('',#2071,#2072,#2073);
#2075=CIRCLE('',#2074,36.000000000000007);
#2076=EDGE_CURVE('',#2063,#1523,#2075,.T.);
#2077=ORIENTED_EDGE('',*,*,#2076,.T.);
#2078=EDGE_LOOP('',(#2052,#2061,#2070,#2077));
#2079=FACE_OUTER_BOUND('',#2078,.T.);
#2080=ADVANCED_FACE('',(#2079),#2051,.T.);
#2081=CARTESIAN_POINT('',(-20.000000000000018,12.000000000000007,-301.715728752538100));
#2082=DIRECTION('',(0.0,1.0,0.0));
#2083=DIRECTION('',(1.0,0.0,0.0));
#2084=AXIS2_PLACEMENT_3D('',#2081,#2082,#2083);
#2085=CYLINDRICAL_SURFACE('',#2084,38.0);
#2086=ORIENTED_EDGE('',*,*,#1565,.T.);
#2087=CARTESIAN_POINT('',(17.999999999999979,23.000000000000004,-301.715728752538100));
#2088=VERTEX_POINT('',#2087);
#2089=CARTESIAN_POINT('',(-20.000000000000018,23.000000000000004,-301.715728752538100));
#2090=DIRECTION('',(0.0,1.0,0.0));
#2091=DIRECTION('',(1.0,0.0,0.0));
#2092=AXIS2_PLACEMENT_3D('',#2089,#2090,#2091);
#2093=CIRCLE('',#2092,38.0);
#2094=EDGE_CURVE('',#2088,#1554,#2093,.T.);
#2095=ORIENTED_EDGE('',*,*,#2094,.F.);
#2096=CARTESIAN_POINT('',(17.999999999999989,1.000000000000010,-301.715728752538100));
#2097=DIRECTION('',(0.0,1.0,0.0));
#2098=VECTOR('',#2097,21.999999999999993);
#2099=LINE('',#2096,#2098);
#2100=EDGE_CURVE('',#2054,#2088,#2099,.T.);
#2101=ORIENTED_EDGE('',*,*,#2100,.F.);
#2102=ORIENTED_EDGE('',*,*,#2060,.T.);
#2103=EDGE_LOOP('',(#2086,#2095,#2101,#2102));
#2104=FACE_OUTER_BOUND('',#2103,.T.);
#2105=ADVANCED_FACE('',(#2104),#2085,.T.);
#2106=CARTESIAN_POINT('',(-20.000000000000018,23.000000000000007,-301.715728752538100));
#2107=DIRECTION('',(0.0,1.0,0.0));
#2108=DIRECTION('',(0.0,0.0,1.0));
#2109=AXIS2_PLACEMENT_3D('',#2106,#2107,#2108);
#2110=TOROIDAL_SURFACE('',#2109,36.0,1.999999999999997);
#2111=ORIENTED_EDGE('',*,*,#1598,.T.);
#2112=CARTESIAN_POINT('',(15.999999999999980,25.000000000000004,-301.715728752538100));
#2113=VERTEX_POINT('',#2112);
#2114=CARTESIAN_POINT('',(-20.000000000000018,25.000000000000004,-301.715728752538100));
#2115=DIRECTION('',(0.0,1.0,0.0));
#2116=DIRECTION('',(1.0,0.0,0.0));
#2117=AXIS2_PLACEMENT_3D('',#2114,#2115,#2116);
#2118=CIRCLE('',#2117,36.0);
#2119=EDGE_CURVE('',#2113,#1586,#2118,.T.);
#2120=ORIENTED_EDGE('',*,*,#2119,.F.);
#2121=CARTESIAN_POINT('',(15.999999999999982,23.000000000000007,-301.715728752538100));
#2122=DIRECTION('',(0.0,0.0,1.0));
#2123=DIRECTION('',(1.0,0.0,0.0));
#2124=AXIS2_PLACEMENT_3D('',#2121,#2122,#2123);
#2125=CIRCLE('',#2124,1.999999999999997);
#2126=EDGE_CURVE('',#2088,#2113,#2125,.T.);
#2127=ORIENTED_EDGE('',*,*,#2126,.F.);
#2128=ORIENTED_EDGE('',*,*,#2094,.T.);
#2129=EDGE_LOOP('',(#2111,#2120,#2127,#2128));
#2130=FACE_OUTER_BOUND('',#2129,.T.);
#2131=ADVANCED_FACE('',(#2130),#2110,.T.);
#2132=CARTESIAN_POINT('',(-20.000000000000018,22.999999999999986,-301.715728752538100));
#2133=DIRECTION('',(0.0,1.0,0.0));
#2134=DIRECTION('',(0.0,0.0,1.0));
#2135=AXIS2_PLACEMENT_3D('',#2132,#2133,#2134);
#2136=TOROIDAL_SURFACE('',#2135,3.999999999999999,2.000000000000006);
#2137=ORIENTED_EDGE('',*,*,#1635,.T.);
#2138=CARTESIAN_POINT('',(-18.000000000000025,22.999999999999989,-301.715728752538100));
#2139=VERTEX_POINT('',#2138);
#2140=CARTESIAN_POINT('',(-20.000000000000018,22.999999999999989,-301.715728752538100));
#2141=DIRECTION('',(0.0,1.0,0.0));
#2142=DIRECTION('',(1.0,0.0,0.0));
#2143=AXIS2_PLACEMENT_3D('',#2140,#2141,#2142);
#2144=CIRCLE('',#2143,1.999999999999993);
#2145=EDGE_CURVE('',#2139,#1621,#2144,.T.);
#2146=ORIENTED_EDGE('',*,*,#2145,.F.);
#2147=CARTESIAN_POINT('',(-16.000000000000021,24.999999999999993,-301.715728752538100));
#2148=VERTEX_POINT('',#2147);
#2149=CARTESIAN_POINT('',(-16.000000000000018,22.999999999999986,-301.715728752538100));
#2150=DIRECTION('',(0.0,0.0,1.0));
#2151=DIRECTION('',(0.0,1.0,0.0));
#2152=AXIS2_PLACEMENT_3D('',#2149,#2150,#2151);
#2153=CIRCLE('',#2152,2.000000000000006);
#2154=EDGE_CURVE('',#2148,#2139,#2153,.T.);
#2155=ORIENTED_EDGE('',*,*,#2154,.F.);
#2156=CARTESIAN_POINT('',(-20.000000000000018,24.999999999999993,-301.715728752538100));
#2157=DIRECTION('',(0.0,1.0,0.0));
#2158=DIRECTION('',(1.0,0.0,0.0));
#2159=AXIS2_PLACEMENT_3D('',#2156,#2157,#2158);
#2160=CIRCLE('',#2159,3.999999999999995);
#2161=EDGE_CURVE('',#2148,#1629,#2160,.T.);
#2162=ORIENTED_EDGE('',*,*,#2161,.T.);
#2163=EDGE_LOOP('',(#2137,#2146,#2155,#2162));
#2164=FACE_OUTER_BOUND('',#2163,.T.);
#2165=ADVANCED_FACE('',(#2164),#2136,.T.);
#2166=CARTESIAN_POINT('',(-20.000000000000018,11.999999999999991,-301.715728752538100));
#2167=DIRECTION('',(0.0,1.0,0.0));
#2168=DIRECTION('',(1.0,0.0,0.0));
#2169=AXIS2_PLACEMENT_3D('',#2166,#2167,#2168);
#2170=CYLINDRICAL_SURFACE('',#2169,1.999999999999995);
#2171=ORIENTED_EDGE('',*,*,#1671,.T.);
#2172=CARTESIAN_POINT('',(-18.000000000000021,0.999999999999992,-301.715728752538100));
#2173=VERTEX_POINT('',#2172);
#2174=CARTESIAN_POINT('',(-20.000000000000018,0.999999999999992,-301.715728752538100));
#2175=DIRECTION('',(0.0,1.0,0.0));
#2176=DIRECTION('',(1.0,0.0,0.0));
#2177=AXIS2_PLACEMENT_3D('',#2174,#2175,#2176);
#2178=CIRCLE('',#2177,1.999999999999997);
#2179=EDGE_CURVE('',#2173,#1660,#2178,.T.);
#2180=ORIENTED_EDGE('',*,*,#2179,.F.);
#2181=CARTESIAN_POINT('',(-18.000000000000025,22.999999999999989,-301.715728752538100));
#2182=DIRECTION('',(0.0,-1.0,0.0));
#2183=VECTOR('',#2182,21.999999999999996);
#2184=LINE('',#2181,#2183);
#2185=EDGE_CURVE('',#2139,#2173,#2184,.T.);
#2186=ORIENTED_EDGE('',*,*,#2185,.F.);
#2187=ORIENTED_EDGE('',*,*,#2145,.T.);
#2188=EDGE_LOOP('',(#2171,#2180,#2186,#2187));
#2189=FACE_OUTER_BOUND('',#2188,.T.);
#2190=ADVANCED_FACE('',(#2189),#2170,.F.);
#2191=CARTESIAN_POINT('',(-20.000000000000018,0.999999999999991,-301.715728752538100));
#2192=DIRECTION('',(0.0,1.0,0.0));
#2193=DIRECTION('',(0.0,0.0,1.0));
#2194=AXIS2_PLACEMENT_3D('',#2191,#2192,#2193);
#2195=TOROIDAL_SURFACE('',#2194,3.999999999999997,2.000000000000000);
#2196=ORIENTED_EDGE('',*,*,#1704,.T.);
#2197=CARTESIAN_POINT('',(-16.000000000000021,-1.000000000000008,-301.715728752538100));
#2198=VERTEX_POINT('',#2197);
#2199=CARTESIAN_POINT('',(-20.000000000000018,-1.000000000000008,-301.715728752538100));
#2200=DIRECTION('',(0.0,1.0,0.0));
#2201=DIRECTION('',(1.0,0.0,0.0));
#2202=AXIS2_PLACEMENT_3D('',#2199,#2200,#2201);
#2203=CIRCLE('',#2202,3.999999999999997);
#2204=EDGE_CURVE('',#2198,#1692,#2203,.T.);
#2205=ORIENTED_EDGE('',*,*,#2204,.F.);
#2206=CARTESIAN_POINT('',(-16.000000000000021,0.999999999999991,-301.715728752538100));
#2207=DIRECTION('',(0.0,0.0,1.0));
#2208=DIRECTION('',(-1.0,0.0,0.0));
#2209=AXIS2_PLACEMENT_3D('',#2206,#2207,#2208);
#2210=CIRCLE('',#2209,2.000000000000000);
#2211=EDGE_CURVE('',#2173,#2198,#2210,.T.);
#2212=ORIENTED_EDGE('',*,*,#2211,.F.);
#2213=ORIENTED_EDGE('',*,*,#2179,.T.);
#2214=EDGE_LOOP('',(#2196,#2205,#2212,#2213));
#2215=FACE_OUTER_BOUND('',#2214,.T.);
#2216=ADVANCED_FACE('',(#2215),#2195,.T.);
#2217=CARTESIAN_POINT('',(-20.000000000000018,-0.500000000000005,-301.715728752538100));
#2218=DIRECTION('',(0.0,1.0,0.0));
#2219=DIRECTION('',(1.0,0.0,0.0));
#2220=AXIS2_PLACEMENT_3D('',#2217,#2218,#2219);
#2221=CYLINDRICAL_SURFACE('',#2220,12.0);
#2222=ORIENTED_EDGE('',*,*,#1739,.T.);
#2223=CARTESIAN_POINT('',(-8.000000000000018,-4.649059E-015,-301.715728752538100));
#2224=VERTEX_POINT('',#2223);
#2225=CARTESIAN_POINT('',(-20.000000000000018,-4.649059E-015,-301.715728752538100));
#2226=DIRECTION('',(0.0,1.0,0.0));
#2227=DIRECTION('',(1.0,0.0,0.0));
#2228=AXIS2_PLACEMENT_3D('',#2225,#2226,#2227);
#2229=CIRCLE('',#2228,12.0);
#2230=EDGE_CURVE('',#2224,#1726,#2229,.T.);
#2231=ORIENTED_EDGE('',*,*,#2230,.F.);
#2232=CARTESIAN_POINT('',(-8.000000000000018,-1.000000000000006,-301.715728752538100));
#2233=VERTEX_POINT('',#2232);
#2234=CARTESIAN_POINT('',(-8.000000000000018,-1.000000000000006,-301.715728752538100));
#2235=DIRECTION('',(0.0,1.0,0.0));
#2236=VECTOR('',#2235,1.000000000000001);
#2237=LINE('',#2234,#2236);
#2238=EDGE_CURVE('',#2233,#2224,#2237,.T.);
#2239=ORIENTED_EDGE('',*,*,#2238,.F.);
#2240=CARTESIAN_POINT('',(-20.000000000000018,-1.000000000000006,-301.715728752538100));
#2241=DIRECTION('',(0.0,1.0,0.0));
#2242=DIRECTION('',(1.0,0.0,0.0));
#2243=AXIS2_PLACEMENT_3D('',#2240,#2241,#2242);
#2244=CIRCLE('',#2243,12.0);
#2245=EDGE_CURVE('',#2233,#1734,#2244,.T.);
#2246=ORIENTED_EDGE('',*,*,#2245,.T.);
#2247=EDGE_LOOP('',(#2222,#2231,#2239,#2246));
#2248=FACE_OUTER_BOUND('',#2247,.T.);
#2249=ADVANCED_FACE('',(#2248),#2221,.T.);
#2250=CARTESIAN_POINT('',(-17.000000000000018,0.999999999999992,-301.715728752538100));
#2251=CARTESIAN_POINT('',(-17.000000000000014,-3.860885E-015,-301.715728752538100));
#2252=CARTESIAN_POINT('',(-16.000000000000018,-3.774758E-015,-301.715728752538100));
#2253=CARTESIAN_POINT('',(-15.000000000000021,-3.688632E-015,-301.715728752538100));
#2254=CARTESIAN_POINT('',(-15.000000000000018,0.999999999999992,-301.715728752538100));
#2255=CARTESIAN_POINT('',(-17.000000000000018,0.999999999999992,-303.215728752538100));
#2256=CARTESIAN_POINT('',(-17.000000000000014,-3.860885E-015,-303.215728752538100));
#2257=CARTESIAN_POINT('',(-16.000000000000018,-3.774758E-015,-303.715728752538100));
#2258=CARTESIAN_POINT('',(-15.000000000000023,-3.688632E-015,-304.215728752538100));
#2259=CARTESIAN_POINT('',(-15.000000000000018,0.999999999999992,-304.215728752538100));
#2260=CARTESIAN_POINT('',(-18.200000000000028,0.999999999999992,-304.115728752538130));
#2261=CARTESIAN_POINT('',(-18.200000000000024,-3.826434E-015,-304.115728752538130));
#2262=CARTESIAN_POINT('',(-17.600000000000030,-3.774758E-015,-304.915728752538090));
#2263=CARTESIAN_POINT('',(-17.000000000000036,-3.678674E-015,-305.715728752538100));
#2264=CARTESIAN_POINT('',(-17.000000000000036,0.999999999999992,-305.715728752538100));
#2272=(BOUNDED_SURFACE()B_SPLINE_SURFACE(2,2,((#2250,#2255,#2260),(#2251,#2256,#2261),(#2252,#2257,#2262),(#2253,#2258,#2263),(#2254,#2259,#2264)),.UNSPECIFIED.,.F.,.F.,.U.)B_SPLINE_SURFACE_WITH_KNOTS((3,2,3),(3,3),(-3.141592653589789,-1.570796326794897,-4.218847E-015),(0.0,0.927295218001616),.UNSPECIFIED.)GEOMETRIC_REPRESENTATION_ITEM()RATIONAL_B_SPLINE_SURFACE(((1.0,0.894427190999915,1.0),(0.707106781186548,0.632455532033676,0.707106781186548),(1.0,0.894427190999915,1.0),(0.707106781186549,0.632455532033676,0.707106781186549),(1.0,0.894427190999915,1.0)))REPRESENTATION_ITEM('')SURFACE());
#2273=ORIENTED_EDGE('',*,*,#1781,.T.);
#2274=CARTESIAN_POINT('',(-17.000000000000021,0.999999999999992,-301.715728752538100));
#2275=VERTEX_POINT('',#2274);
#2276=CARTESIAN_POINT('',(-20.000000000000018,0.999999999999992,-301.715728752538100));
#2277=DIRECTION('',(0.0,1.0,0.0));
#2278=DIRECTION('',(1.0,0.0,0.0));
#2279=AXIS2_PLACEMENT_3D('',#2276,#2277,#2278);
#2280=CIRCLE('',#2279,2.999999999999998);
#2281=EDGE_CURVE('',#2275,#1767,#2280,.T.);
#2282=ORIENTED_EDGE('',*,*,#2281,.F.);
#2283=CARTESIAN_POINT('',(-16.000000000000018,-5.143006E-015,-301.715728752538100));
#2284=VERTEX_POINT('',#2283);
#2285=CARTESIAN_POINT('',(-16.000000000000018,0.999999999999996,-301.715728752538100));
#2286=DIRECTION('',(0.0,0.0,-1.0));
#2287=DIRECTION('',(1.0,0.0,0.0));
#2288=AXIS2_PLACEMENT_3D('',#2285,#2286,#2287);
#2289=CIRCLE('',#2288,1.000000000000001);
#2290=EDGE_CURVE('',#2284,#2275,#2289,.T.);
#2291=ORIENTED_EDGE('',*,*,#2290,.F.);
#2292=CARTESIAN_POINT('',(-20.000000000000018,-5.143006E-015,-301.715728752538100));
#2293=DIRECTION('',(0.0,1.0,0.0));
#2294=DIRECTION('',(1.0,0.0,0.0));
#2295=AXIS2_PLACEMENT_3D('',#2292,#2293,#2294);
#2296=CIRCLE('',#2295,3.999999999999999);
#2297=EDGE_CURVE('',#2284,#1775,#2296,.T.);
#2298=ORIENTED_EDGE('',*,*,#2297,.T.);
#2299=EDGE_LOOP('',(#2273,#2282,#2291,#2298));
#2300=FACE_OUTER_BOUND('',#2299,.T.);
#2301=ADVANCED_FACE('',(#2300),#2272,.T.);
#2302=CARTESIAN_POINT('',(-20.000000000000018,11.999999999999995,-301.715728752538100));
#2303=DIRECTION('',(0.0,1.0,0.0));
#2304=DIRECTION('',(1.0,0.0,0.0));
#2305=AXIS2_PLACEMENT_3D('',#2302,#2303,#2304);
#2306=CYLINDRICAL_SURFACE('',#2305,2.999999999999998);
#2307=ORIENTED_EDGE('',*,*,#1817,.T.);
#2308=CARTESIAN_POINT('',(-17.000000000000021,23.0,-301.715728752538100));
#2309=VERTEX_POINT('',#2308);
#2310=CARTESIAN_POINT('',(-20.000000000000018,23.0,-301.715728752538100));
#2311=DIRECTION('',(0.0,1.0,0.0));
#2312=DIRECTION('',(1.0,0.0,0.0));
#2313=AXIS2_PLACEMENT_3D('',#2310,#2311,#2312);
#2314=CIRCLE('',#2313,2.999999999999998);
#2315=EDGE_CURVE('',#2309,#1806,#2314,.T.);
#2316=ORIENTED_EDGE('',*,*,#2315,.F.);
#2317=CARTESIAN_POINT('',(-17.000000000000021,0.999999999999992,-301.715728752538100));
#2318=DIRECTION('',(0.0,1.0,0.0));
#2319=VECTOR('',#2318,22.000000000000007);
#2320=LINE('',#2317,#2319);
#2321=EDGE_CURVE('',#2275,#2309,#2320,.T.);
#2322=ORIENTED_EDGE('',*,*,#2321,.F.);
#2323=ORIENTED_EDGE('',*,*,#2281,.T.);
#2324=EDGE_LOOP('',(#2307,#2316,#2322,#2323));
#2325=FACE_OUTER_BOUND('',#2324,.T.);
#2326=ADVANCED_FACE('',(#2325),#2306,.T.);
#2327=CARTESIAN_POINT('',(-15.000000000000018,23.0,-301.715728752538100));
#2328=CARTESIAN_POINT('',(-15.000000000000018,24.000000000000004,-301.715728752538100));
#2329=CARTESIAN_POINT('',(-16.000000000000018,24.0,-301.715728752538100));
#2330=CARTESIAN_POINT('',(-17.000000000000018,24.0,-301.715728752538100));
#2331=CARTESIAN_POINT('',(-17.000000000000018,23.0,-301.715728752538100));
#2332=CARTESIAN_POINT('',(-15.000000000000018,23.0,-304.215728752538100));
#2333=CARTESIAN_POINT('',(-15.000000000000018,24.0,-304.215728752538100));
#2334=CARTESIAN_POINT('',(-16.000000000000018,24.0,-303.715728752538100));
#2335=CARTESIAN_POINT('',(-17.000000000000018,24.0,-303.215728752538100));
#2336=CARTESIAN_POINT('',(-17.000000000000018,23.0,-303.215728752538100));
#2337=CARTESIAN_POINT('',(-17.000000000000036,23.0,-305.715728752538100));
#2338=CARTESIAN_POINT('',(-17.000000000000036,24.000000000000004,-305.715728752538100));
#2339=CARTESIAN_POINT('',(-17.600000000000030,24.0,-304.915728752538090));
#2340=CARTESIAN_POINT('',(-18.200000000000028,24.0,-304.115728752538130));
#2341=CARTESIAN_POINT('',(-18.200000000000028,23.0,-304.115728752538130));
#2349=(BOUNDED_SURFACE()B_SPLINE_SURFACE(2,2,((#2327,#2332,#2337),(#2328,#2333,#2338),(#2329,#2334,#2339),(#2330,#2335,#2340),(#2331,#2336,#2341)),.UNSPECIFIED.,.F.,.F.,.U.)B_SPLINE_SURFACE_WITH_KNOTS((3,2,3),(3,3),(0.0,1.570796326794897,3.141592653589793),(0.0,0.927295218001616),.UNSPECIFIED.)GEOMETRIC_REPRESENTATION_ITEM()RATIONAL_B_SPLINE_SURFACE(((1.0,0.894427190999915,1.0),(0.707106781186545,0.632455532033673,0.707106781186545),(1.0,0.894427190999915,1.0),(0.707106781186539,0.632455532033668,0.707106781186539),(1.0,0.894427190999915,1.0)))REPRESENTATION_ITEM('')SURFACE());
#2350=ORIENTED_EDGE('',*,*,#1850,.T.);
#2351=CARTESIAN_POINT('',(-16.000000000000018,24.0,-301.715728752538100));
#2352=VERTEX_POINT('',#2351);
#2353=CARTESIAN_POINT('',(-20.000000000000018,24.0,-301.715728752538100));
#2354=DIRECTION('',(0.0,1.0,0.0));
#2355=DIRECTION('',(1.0,0.0,0.0));
#2356=AXIS2_PLACEMENT_3D('',#2353,#2354,#2355);
#2357=CIRCLE('',#2356,3.999999999999999);
#2358=EDGE_CURVE('',#2352,#1838,#2357,.T.);
#2359=ORIENTED_EDGE('',*,*,#2358,.F.);
#2360=CARTESIAN_POINT('',(-16.000000000000018,23.0,-301.715728752538100));
#2361=DIRECTION('',(0.0,0.0,-1.0));
#2362=DIRECTION('',(0.0,-1.0,0.0));
#2363=AXIS2_PLACEMENT_3D('',#2360,#2361,#2362);
#2364=CIRCLE('',#2363,1.000000000000001);
#2365=EDGE_CURVE('',#2309,#2352,#2364,.T.);
#2366=ORIENTED_EDGE('',*,*,#2365,.F.);
#2367=ORIENTED_EDGE('',*,*,#2315,.T.);
#2368=EDGE_LOOP('',(#2350,#2359,#2366,#2367));
#2369=FACE_OUTER_BOUND('',#2368,.T.);
#2370=ADVANCED_FACE('',(#2369),#2349,.T.);
#2371=CARTESIAN_POINT('',(16.999999999999975,23.000000000000004,-301.715728752538100));
#2372=CARTESIAN_POINT('',(16.999999999999968,24.000000000000007,-301.715728752538100));
#2373=CARTESIAN_POINT('',(15.999999999999968,24.000000000000007,-301.715728752538100));
#2374=CARTESIAN_POINT('',(14.999999999999966,24.000000000000007,-301.715728752538100));
#2375=CARTESIAN_POINT('',(14.999999999999961,23.000000000000004,-301.715728752538100));
#2376=CARTESIAN_POINT('',(16.999999999999975,23.000000000000004,-317.339366749099330));
#2377=CARTESIAN_POINT('',(16.999999999999968,24.000000000000007,-317.339366749099330));
#2378=CARTESIAN_POINT('',(15.999999999999968,24.000000000000007,-316.917106262705770));
#2379=CARTESIAN_POINT('',(14.999999999999970,24.000000000000007,-316.494845776312220));
#2380=CARTESIAN_POINT('',(14.999999999999961,23.000000000000004,-316.494845776312220));
#2381=CARTESIAN_POINT('',(5.802133512727767,23.000000000000004,-328.234588196174970));
#2382=CARTESIAN_POINT('',(5.802133512727760,24.000000000000007,-328.234588196174970));
#2383=CARTESIAN_POINT('',(5.104778552924309,24.000000000000007,-327.517862265265880));
#2384=CARTESIAN_POINT('',(4.407423593120853,24.000000000000007,-326.801136334356780));
#2385=CARTESIAN_POINT('',(4.407423593120850,23.000000000000004,-326.801136334356780));
#2393=(BOUNDED_SURFACE()B_SPLINE_SURFACE(2,2,((#2371,#2376,#2381),(#2372,#2377,#2382),(#2373,#2378,#2383),(#2374,#2379,#2384),(#2375,#2380,#2385)),.UNSPECIFIED.,.F.,.F.,.U.)B_SPLINE_SURFACE_WITH_KNOTS((3,2,3),(3,3),(3.552714E-015,1.570796326794897,3.141592653589790),(0.0,0.799095936770314),.UNSPECIFIED.)GEOMETRIC_REPRESENTATION_ITEM()RATIONAL_B_SPLINE_SURFACE(((1.0,0.921236929297630,1.0),(0.707106781186542,0.651412879785821,0.707106781186542),(1.0,0.921236929297630,1.0),(0.707106781186548,0.651412879785826,0.707106781186548),(1.0,0.921236929297630,1.0)))REPRESENTATION_ITEM('')SURFACE());
#2394=ORIENTED_EDGE('',*,*,#1887,.T.);
#2395=CARTESIAN_POINT('',(16.999999999999979,23.000000000000004,-301.715728752538100));
#2396=VERTEX_POINT('',#2395);
#2397=CARTESIAN_POINT('',(-20.000000000000018,23.000000000000004,-301.715728752538100));
#2398=DIRECTION('',(0.0,1.0,0.0));
#2399=DIRECTION('',(1.0,0.0,0.0));
#2400=AXIS2_PLACEMENT_3D('',#2397,#2398,#2399);
#2401=CIRCLE('',#2400,37.0);
#2402=EDGE_CURVE('',#2396,#1873,#2401,.T.);
#2403=ORIENTED_EDGE('',*,*,#2402,.F.);
#2404=CARTESIAN_POINT('',(15.999999999999979,24.000000000000004,-301.715728752538100));
#2405=VERTEX_POINT('',#2404);
#2406=CARTESIAN_POINT('',(15.999999999999972,23.0,-301.715728752538100));
#2407=DIRECTION('',(0.0,0.0,-1.0));
#2408=DIRECTION('',(-1.0,0.0,0.0));
#2409=AXIS2_PLACEMENT_3D('',#2406,#2407,#2408);
#2410=CIRCLE('',#2409,1.000000000000008);
#2411=EDGE_CURVE('',#2405,#2396,#2410,.T.);
#2412=ORIENTED_EDGE('',*,*,#2411,.F.);
#2413=CARTESIAN_POINT('',(-20.000000000000018,24.000000000000004,-301.715728752538100));
#2414=DIRECTION('',(0.0,1.0,0.0));
#2415=DIRECTION('',(1.0,0.0,0.0));
#2416=AXIS2_PLACEMENT_3D('',#2413,#2414,#2415);
#2417=CIRCLE('',#2416,36.0);
#2418=EDGE_CURVE('',#2405,#1881,#2417,.T.);
#2419=ORIENTED_EDGE('',*,*,#2418,.T.);
#2420=EDGE_LOOP('',(#2394,#2403,#2412,#2419));
#2421=FACE_OUTER_BOUND('',#2420,.T.);
#2422=ADVANCED_FACE('',(#2421),#2393,.T.);
#2423=CARTESIAN_POINT('',(-20.000000000000018,12.000000000000007,-301.715728752538100));
#2424=DIRECTION('',(0.0,1.0,0.0));
#2425=DIRECTION('',(1.0,0.0,0.0));
#2426=AXIS2_PLACEMENT_3D('',#2423,#2424,#2425);
#2427=CYLINDRICAL_SURFACE('',#2426,37.0);
#2428=ORIENTED_EDGE('',*,*,#1923,.T.);
#2429=ORIENTED_EDGE('',*,*,#2009,.F.);
#2430=CARTESIAN_POINT('',(16.999999999999979,23.000000000000004,-301.715728752538100));
#2431=DIRECTION('',(0.0,-1.0,0.0));
#2432=VECTOR('',#2431,21.999999999999993);
#2433=LINE('',#2430,#2432);
#2434=EDGE_CURVE('',#2396,#1996,#2433,.T.);
#2435=ORIENTED_EDGE('',*,*,#2434,.F.);
#2436=ORIENTED_EDGE('',*,*,#2402,.T.);
#2437=EDGE_LOOP('',(#2428,#2429,#2435,#2436));
#2438=FACE_OUTER_BOUND('',#2437,.T.);
#2439=ADVANCED_FACE('',(#2438),#2427,.F.);
#2440=CARTESIAN_POINT('',(16.999999999999996,23.000000000000004,0.0));
#2441=DIRECTION('',(-1.0,0.0,0.0));
#2442=DIRECTION('',(0.0,0.0,1.0));
#2443=AXIS2_PLACEMENT_3D('',#2440,#2441,#2442);
#2444=PLANE('',#2443);
#2445=ORIENTED_EDGE('',*,*,#2434,.T.);
#2446=CARTESIAN_POINT('',(16.999999999999989,1.000000000000010,-301.715728752538100));
#2447=DIRECTION('',(0.0,0.0,1.0));
#2448=VECTOR('',#2447,311.715728752538100);
#2449=LINE('',#2446,#2448);
#2450=EDGE_CURVE('',#1996,#1307,#2449,.T.);
#2451=ORIENTED_EDGE('',*,*,#2450,.T.);
#2452=ORIENTED_EDGE('',*,*,#1312,.T.);
#2453=CARTESIAN_POINT('',(16.999999999999979,23.000000000000004,-301.715728752538100));
#2454=DIRECTION('',(0.0,0.0,1.0));
#2455=VECTOR('',#2454,311.715728752538100);
#2456=LINE('',#2453,#2455);
#2457=EDGE_CURVE('',#2396,#1298,#2456,.T.);
#2458=ORIENTED_EDGE('',*,*,#2457,.F.);
#2459=EDGE_LOOP('',(#2445,#2451,#2452,#2458));
#2460=FACE_OUTER_BOUND('',#2459,.T.);
#2461=ADVANCED_FACE('',(#2460),#2444,.T.);
#2462=CARTESIAN_POINT('',(16.0,1.000000000000014,0.0));
#2463=DIRECTION('',(-5.887518E-017,0.0,-1.0));
#2464=DIRECTION('',(0.0,1.0,0.0));
#2465=AXIS2_PLACEMENT_3D('',#2462,#2463,#2464);
#2466=CYLINDRICAL_SURFACE('',#2465,1.000000000000005);
#2467=ORIENTED_EDGE('',*,*,#2002,.T.);
#2468=CARTESIAN_POINT('',(15.999999999999982,8.813321E-015,-301.715728752538100));
#2469=DIRECTION('',(0.0,0.0,1.0));
#2470=VECTOR('',#2469,311.715728752538100);
#2471=LINE('',#2468,#2470);
#2472=EDGE_CURVE('',#1987,#1315,#2471,.T.);
#2473=ORIENTED_EDGE('',*,*,#2472,.T.);
#2474=ORIENTED_EDGE('',*,*,#1321,.T.);
#2475=ORIENTED_EDGE('',*,*,#2450,.F.);
#2476=EDGE_LOOP('',(#2467,#2473,#2474,#2475));
#2477=FACE_OUTER_BOUND('',#2476,.T.);
#2478=ADVANCED_FACE('',(#2477),#2466,.F.);
#2479=CARTESIAN_POINT('',(16.0,8.813321E-015,0.0));
#2480=DIRECTION('',(0.0,1.0,0.0));
#2481=DIRECTION('',(0.0,0.0,1.0));
#2482=AXIS2_PLACEMENT_3D('',#2479,#2480,#2481);
#2483=PLANE('',#2482);
#2484=CARTESIAN_POINT('',(7.999999999999982,4.371503E-015,-301.715728752538100));
#2485=DIRECTION('',(0.0,0.0,1.0));
#2486=VECTOR('',#2485,311.715728752538100);
#2487=LINE('',#2484,#2486);
#2488=EDGE_CURVE('',#2030,#1324,#2487,.T.);
#2489=ORIENTED_EDGE('',*,*,#2488,.T.);
#2490=ORIENTED_EDGE('',*,*,#1329,.T.);
#2491=ORIENTED_EDGE('',*,*,#2472,.F.);
#2492=ORIENTED_EDGE('',*,*,#1993,.T.);
#2493=ORIENTED_EDGE('',*,*,#1949,.T.);
#2494=CARTESIAN_POINT('',(-27.577164466275409,8.881784E-015,-360.204581464244880));
#2495=DIRECTION('',(-0.707106781186548,-5.551115E-016,0.707106781186547));
#2496=VECTOR('',#2495,7.999999999999987);
#2497=LINE('',#2494,#2496);
#2498=EDGE_CURVE('',#1935,#1464,#2497,.T.);
#2499=ORIENTED_EDGE('',*,*,#2498,.T.);
#2500=ORIENTED_EDGE('',*,*,#1493,.F.);
#2501=ORIENTED_EDGE('',*,*,#2042,.F.);
#2502=EDGE_LOOP('',(#2489,#2490,#2491,#2492,#2493,#2499,#2500,#2501));
#2503=FACE_OUTER_BOUND('',#2502,.T.);
#2504=ADVANCED_FACE('',(#2503),#2483,.T.);
#2505=CARTESIAN_POINT('',(8.0,4.371503E-015,0.0));
#2506=DIRECTION('',(-1.0,0.0,0.0));
#2507=DIRECTION('',(0.0,0.0,1.0));
#2508=AXIS2_PLACEMENT_3D('',#2505,#2506,#2507);
#2509=PLANE('',#2508);
#2510=ORIENTED_EDGE('',*,*,#2035,.T.);
#2511=CARTESIAN_POINT('',(7.999999999999982,-0.999999999999997,-301.715728752538100));
#2512=DIRECTION('',(0.0,0.0,1.0));
#2513=VECTOR('',#2512,311.715728752538100);
#2514=LINE('',#2511,#2513);
#2515=EDGE_CURVE('',#2021,#1332,#2514,.T.);
#2516=ORIENTED_EDGE('',*,*,#2515,.T.);
#2517=ORIENTED_EDGE('',*,*,#1337,.T.);
#2518=ORIENTED_EDGE('',*,*,#2488,.F.);
#2519=EDGE_LOOP('',(#2510,#2516,#2517,#2518));
#2520=FACE_OUTER_BOUND('',#2519,.T.);
#2521=ADVANCED_FACE('',(#2520),#2509,.T.);
#2522=CARTESIAN_POINT('',(8.0,-0.999999999999997,0.0));
#2523=DIRECTION('',(0.0,-1.0,0.0));
#2524=DIRECTION('',(0.0,0.0,-1.0));
#2525=AXIS2_PLACEMENT_3D('',#2522,#2523,#2524);
#2526=PLANE('',#2525);
#2527=CARTESIAN_POINT('',(15.999999999999993,-0.999999999999991,-301.715728752538100));
#2528=DIRECTION('',(0.0,0.0,1.0));
#2529=VECTOR('',#2528,311.715728752538100);
#2530=LINE('',#2527,#2529);
#2531=EDGE_CURVE('',#2063,#1340,#2530,.T.);
#2532=ORIENTED_EDGE('',*,*,#2531,.T.);
#2533=ORIENTED_EDGE('',*,*,#1345,.T.);
#2534=ORIENTED_EDGE('',*,*,#2515,.F.);
#2535=ORIENTED_EDGE('',*,*,#2027,.T.);
#2536=ORIENTED_EDGE('',*,*,#1479,.T.);
#2537=CARTESIAN_POINT('',(-33.234018715767782,-0.999999999999996,-354.547727214752510));
#2538=DIRECTION('',(0.707106781186548,5.551115E-016,-0.707106781186547));
#2539=VECTOR('',#2538,7.999999999999989);
#2540=LINE('',#2537,#2539);
#2541=EDGE_CURVE('',#1466,#1504,#2540,.T.);
#2542=ORIENTED_EDGE('',*,*,#2541,.T.);
#2543=ORIENTED_EDGE('',*,*,#1535,.F.);
#2544=ORIENTED_EDGE('',*,*,#2076,.F.);
#2545=EDGE_LOOP('',(#2532,#2533,#2534,#2535,#2536,#2542,#2543,#2544));
#2546=FACE_OUTER_BOUND('',#2545,.T.);
#2547=ADVANCED_FACE('',(#2546),#2526,.T.);
#2548=CARTESIAN_POINT('',(16.000000000000007,1.000000000000009,0.0));
#2549=DIRECTION('',(-5.887518E-017,0.0,-1.0));
#2550=DIRECTION('',(0.0,-1.0,0.0));
#2551=AXIS2_PLACEMENT_3D('',#2548,#2549,#2550);
#2552=CYLINDRICAL_SURFACE('',#2551,2.0);
#2553=ORIENTED_EDGE('',*,*,#2069,.T.);
#2554=CARTESIAN_POINT('',(17.999999999999989,1.000000000000010,-301.715728752538100));
#2555=DIRECTION('',(0.0,0.0,1.0));
#2556=VECTOR('',#2555,311.715728752538100);
#2557=LINE('',#2554,#2556);
#2558=EDGE_CURVE('',#2054,#1348,#2557,.T.);
#2559=ORIENTED_EDGE('',*,*,#2558,.T.);
#2560=ORIENTED_EDGE('',*,*,#1354,.T.);
#2561=ORIENTED_EDGE('',*,*,#2531,.F.);
#2562=EDGE_LOOP('',(#2553,#2559,#2560,#2561));
#2563=FACE_OUTER_BOUND('',#2562,.T.);
#2564=ADVANCED_FACE('',(#2563),#2552,.T.);
#2565=CARTESIAN_POINT('',(18.000000000000007,1.000000000000010,0.0));
#2566=DIRECTION('',(1.0,0.0,0.0));
#2567=DIRECTION('',(0.0,0.0,-1.0));
#2568=AXIS2_PLACEMENT_3D('',#2565,#2566,#2567);
#2569=PLANE('',#2568);
#2570=ORIENTED_EDGE('',*,*,#2100,.T.);
#2571=CARTESIAN_POINT('',(17.999999999999979,23.000000000000004,-301.715728752538100));
#2572=DIRECTION('',(0.0,0.0,1.0));
#2573=VECTOR('',#2572,311.715728752538100);
#2574=LINE('',#2571,#2573);
#2575=EDGE_CURVE('',#2088,#1357,#2574,.T.);
#2576=ORIENTED_EDGE('',*,*,#2575,.T.);
#2577=ORIENTED_EDGE('',*,*,#1362,.T.);
#2578=ORIENTED_EDGE('',*,*,#2558,.F.);
#2579=EDGE_LOOP('',(#2570,#2576,#2577,#2578));
#2580=FACE_OUTER_BOUND('',#2579,.T.);
#2581=ADVANCED_FACE('',(#2580),#2569,.T.);
#2582=CARTESIAN_POINT('',(16.0,23.000000000000007,0.0));
#2583=DIRECTION('',(-5.887518E-017,0.0,-1.0));
#2584=DIRECTION('',(1.0,0.0,0.0));
#2585=AXIS2_PLACEMENT_3D('',#2582,#2583,#2584);
#2586=CYLINDRICAL_SURFACE('',#2585,1.999999999999997);
#2587=ORIENTED_EDGE('',*,*,#2126,.T.);
#2588=CARTESIAN_POINT('',(15.999999999999980,25.000000000000004,-301.715728752538100));
#2589=DIRECTION('',(0.0,0.0,1.0));
#2590=VECTOR('',#2589,311.715728752538100);
#2591=LINE('',#2588,#2590);
#2592=EDGE_CURVE('',#2113,#1365,#2591,.T.);
#2593=ORIENTED_EDGE('',*,*,#2592,.T.);
#2594=ORIENTED_EDGE('',*,*,#1371,.T.);
#2595=ORIENTED_EDGE('',*,*,#2575,.F.);
#2596=EDGE_LOOP('',(#2587,#2593,#2594,#2595));
#2597=FACE_OUTER_BOUND('',#2596,.T.);
#2598=ADVANCED_FACE('',(#2597),#2586,.T.);
#2599=CARTESIAN_POINT('',(15.999999999999998,25.000000000000004,0.0));
#2600=DIRECTION('',(0.0,1.0,0.0));
#2601=DIRECTION('',(0.0,0.0,1.0));
#2602=AXIS2_PLACEMENT_3D('',#2599,#2600,#2601);
#2603=PLANE('',#2602);
#2604=CARTESIAN_POINT('',(-16.000000000000021,24.999999999999993,-301.715728752538100));
#2605=DIRECTION('',(0.0,0.0,1.0));
#2606=VECTOR('',#2605,311.715728752538100);
#2607=LINE('',#2604,#2606);
#2608=EDGE_CURVE('',#2148,#1374,#2607,.T.);
#2609=ORIENTED_EDGE('',*,*,#2608,.T.);
#2610=ORIENTED_EDGE('',*,*,#1379,.T.);
#2611=ORIENTED_EDGE('',*,*,#2592,.F.);
#2612=ORIENTED_EDGE('',*,*,#2119,.T.);
#2613=ORIENTED_EDGE('',*,*,#1591,.T.);
#2614=CARTESIAN_POINT('',(-27.577164466275413,25.000000000000004,-360.204581464244880));
#2615=DIRECTION('',(-0.707106781186547,-3.330669E-016,0.707106781186548));
#2616=VECTOR('',#2615,32.000000000000014);
#2617=LINE('',#2614,#2616);
#2618=EDGE_CURVE('',#1577,#1610,#2617,.T.);
#2619=ORIENTED_EDGE('',*,*,#2618,.T.);
#2620=ORIENTED_EDGE('',*,*,#1641,.F.);
#2621=ORIENTED_EDGE('',*,*,#2161,.F.);
#2622=EDGE_LOOP('',(#2609,#2610,#2611,#2612,#2613,#2619,#2620,#2621));
#2623=FACE_OUTER_BOUND('',#2622,.T.);
#2624=ORIENTED_EDGE('',*,*,#1183,.T.);
#2625=ORIENTED_EDGE('',*,*,#1152,.T.);
#2626=ORIENTED_EDGE('',*,*,#1119,.T.);
#2627=ORIENTED_EDGE('',*,*,#1088,.T.);
#2628=ORIENTED_EDGE('',*,*,#1276,.T.);
#2629=ORIENTED_EDGE('',*,*,#1247,.T.);
#2630=ORIENTED_EDGE('',*,*,#1216,.T.);
#2631=EDGE_LOOP('',(#2624,#2625,#2626,#2627,#2628,#2629,#2630));
#2632=FACE_BOUND('',#2631,.T.);
#2633=ADVANCED_FACE('',(#2623,#2632),#2603,.T.);
#2634=CARTESIAN_POINT('',(-16.0,22.999999999999986,0.0));
#2635=DIRECTION('',(-5.887518E-017,0.0,-1.0));
#2636=DIRECTION('',(0.0,1.0,0.0));
#2637=AXIS2_PLACEMENT_3D('',#2634,#2635,#2636);
#2638=CYLINDRICAL_SURFACE('',#2637,2.000000000000006);
#2639=ORIENTED_EDGE('',*,*,#2154,.T.);
#2640=CARTESIAN_POINT('',(-18.000000000000025,22.999999999999989,-301.715728752538100));
#2641=DIRECTION('',(0.0,0.0,1.0));
#2642=VECTOR('',#2641,311.715728752538100);
#2643=LINE('',#2640,#2642);
#2644=EDGE_CURVE('',#2139,#1382,#2643,.T.);
#2645=ORIENTED_EDGE('',*,*,#2644,.T.);
#2646=ORIENTED_EDGE('',*,*,#1388,.T.);
#2647=ORIENTED_EDGE('',*,*,#2608,.F.);
#2648=EDGE_LOOP('',(#2639,#2645,#2646,#2647));
#2649=FACE_OUTER_BOUND('',#2648,.T.);
#2650=ADVANCED_FACE('',(#2649),#2638,.T.);
#2651=CARTESIAN_POINT('',(-18.000000000000007,22.999999999999989,0.0));
#2652=DIRECTION('',(-1.0,0.0,0.0));
#2653=DIRECTION('',(0.0,0.0,1.0));
#2654=AXIS2_PLACEMENT_3D('',#2651,#2652,#2653);
#2655=PLANE('',#2654);
#2656=ORIENTED_EDGE('',*,*,#2185,.T.);
#2657=CARTESIAN_POINT('',(-18.000000000000021,0.999999999999992,-301.715728752538100));
#2658=DIRECTION('',(0.0,0.0,1.0));
#2659=VECTOR('',#2658,311.715728752538100);
#2660=LINE('',#2657,#2659);
#2661=EDGE_CURVE('',#2173,#1391,#2660,.T.);
#2662=ORIENTED_EDGE('',*,*,#2661,.T.);
#2663=ORIENTED_EDGE('',*,*,#1396,.T.);
#2664=ORIENTED_EDGE('',*,*,#2644,.F.);
#2665=EDGE_LOOP('',(#2656,#2662,#2663,#2664));
#2666=FACE_OUTER_BOUND('',#2665,.T.);
#2667=ADVANCED_FACE('',(#2666),#2655,.T.);
#2668=CARTESIAN_POINT('',(-16.000000000000004,0.999999999999991,0.0));
#2669=DIRECTION('',(-5.887518E-017,0.0,-1.0));
#2670=DIRECTION('',(-1.0,0.0,0.0));
#2671=AXIS2_PLACEMENT_3D('',#2668,#2669,#2670);
#2672=CYLINDRICAL_SURFACE('',#2671,2.000000000000000);
#2673=ORIENTED_EDGE('',*,*,#2211,.T.);
#2674=CARTESIAN_POINT('',(-16.000000000000021,-1.000000000000008,-301.715728752538100));
#2675=DIRECTION('',(0.0,0.0,1.0));
#2676=VECTOR('',#2675,311.715728752538100);
#2677=LINE('',#2674,#2676);
#2678=EDGE_CURVE('',#2198,#1399,#2677,.T.);
#2679=ORIENTED_EDGE('',*,*,#2678,.T.);
#2680=ORIENTED_EDGE('',*,*,#1405,.T.);
#2681=ORIENTED_EDGE('',*,*,#2661,.F.);
#2682=EDGE_LOOP('',(#2673,#2679,#2680,#2681));
#2683=FACE_OUTER_BOUND('',#2682,.T.);
#2684=ADVANCED_FACE('',(#2683),#2672,.T.);
#2685=CARTESIAN_POINT('',(-16.000000000000004,-1.000000000000008,0.0));
#2686=DIRECTION('',(0.0,-1.0,0.0));
#2687=DIRECTION('',(0.0,0.0,-1.0));
#2688=AXIS2_PLACEMENT_3D('',#2685,#2686,#2687);
#2689=PLANE('',#2688);
#2690=CARTESIAN_POINT('',(-8.000000000000018,-1.000000000000006,-301.715728752538100));
#2691=DIRECTION('',(0.0,0.0,1.0));
#2692=VECTOR('',#2691,311.715728752538100);
#2693=LINE('',#2690,#2692);
#2694=EDGE_CURVE('',#2233,#1408,#2693,.T.);
#2695=ORIENTED_EDGE('',*,*,#2694,.T.);
#2696=ORIENTED_EDGE('',*,*,#1413,.T.);
#2697=ORIENTED_EDGE('',*,*,#2678,.F.);
#2698=ORIENTED_EDGE('',*,*,#2204,.T.);
#2699=ORIENTED_EDGE('',*,*,#1697,.T.);
#2700=CARTESIAN_POINT('',(-50.204581464244939,-1.000000000000008,-337.577164466275350));
#2701=DIRECTION('',(0.707106781186549,2.775558E-016,-0.707106781186546));
#2702=VECTOR('',#2701,8.000000000000004);
#2703=LINE('',#2700,#2702);
#2704=EDGE_CURVE('',#1683,#1716,#2703,.T.);
#2705=ORIENTED_EDGE('',*,*,#2704,.T.);
#2706=ORIENTED_EDGE('',*,*,#1745,.F.);
#2707=ORIENTED_EDGE('',*,*,#2245,.F.);
#2708=EDGE_LOOP('',(#2695,#2696,#2697,#2698,#2699,#2705,#2706,#2707));
#2709=FACE_OUTER_BOUND('',#2708,.T.);
#2710=ADVANCED_FACE('',(#2709),#2689,.T.);
#2711=CARTESIAN_POINT('',(-8.0,-1.000000000000006,0.0));
#2712=DIRECTION('',(1.0,0.0,0.0));
#2713=DIRECTION('',(0.0,0.0,-1.0));
#2714=AXIS2_PLACEMENT_3D('',#2711,#2712,#2713);
#2715=PLANE('',#2714);
#2716=ORIENTED_EDGE('',*,*,#2238,.T.);
#2717=CARTESIAN_POINT('',(-8.000000000000018,-4.649059E-015,-301.715728752538100));
#2718=DIRECTION('',(0.0,0.0,1.0));
#2719=VECTOR('',#2718,311.715728752538100);
#2720=LINE('',#2717,#2719);
#2721=EDGE_CURVE('',#2224,#1416,#2720,.T.);
#2722=ORIENTED_EDGE('',*,*,#2721,.T.);
#2723=ORIENTED_EDGE('',*,*,#1421,.T.);
#2724=ORIENTED_EDGE('',*,*,#2694,.F.);
#2725=EDGE_LOOP('',(#2716,#2722,#2723,#2724));
#2726=FACE_OUTER_BOUND('',#2725,.T.);
#2727=ADVANCED_FACE('',(#2726),#2715,.T.);
#2728=CARTESIAN_POINT('',(-8.0,-4.649059E-015,0.0));
#2729=DIRECTION('',(0.0,1.0,0.0));
#2730=DIRECTION('',(0.0,0.0,1.0));
#2731=AXIS2_PLACEMENT_3D('',#2728,#2729,#2730);
#2732=PLANE('',#2731);
#2733=CARTESIAN_POINT('',(-16.000000000000018,-5.143006E-015,-301.715728752538100));
#2734=DIRECTION('',(0.0,0.0,1.0));
#2735=VECTOR('',#2734,311.715728752538100);
#2736=LINE('',#2733,#2735);
#2737=EDGE_CURVE('',#2284,#1424,#2736,.T.);
#2738=ORIENTED_EDGE('',*,*,#2737,.T.);
#2739=ORIENTED_EDGE('',*,*,#1429,.T.);
#2740=ORIENTED_EDGE('',*,*,#2721,.F.);
#2741=ORIENTED_EDGE('',*,*,#2230,.T.);
#2742=ORIENTED_EDGE('',*,*,#1731,.T.);
#2743=CARTESIAN_POINT('',(-44.547727214752541,-4.440892E-015,-343.234018715767720));
#2744=DIRECTION('',(-0.707106781186549,0.0,0.707106781186546));
#2745=VECTOR('',#2744,8.000000000000004);
#2746=LINE('',#2743,#2745);
#2747=EDGE_CURVE('',#1718,#1756,#2746,.T.);
#2748=ORIENTED_EDGE('',*,*,#2747,.T.);
#2749=ORIENTED_EDGE('',*,*,#1787,.F.);
#2750=ORIENTED_EDGE('',*,*,#2297,.F.);
#2751=EDGE_LOOP('',(#2738,#2739,#2740,#2741,#2742,#2748,#2749,#2750));
#2752=FACE_OUTER_BOUND('',#2751,.T.);
#2753=ADVANCED_FACE('',(#2752),#2732,.T.);
#2754=CARTESIAN_POINT('',(-16.0,0.999999999999996,0.0));
#2755=DIRECTION('',(-5.887518E-017,0.0,-1.0));
#2756=DIRECTION('',(1.0,0.0,0.0));
#2757=AXIS2_PLACEMENT_3D('',#2754,#2755,#2756);
#2758=CYLINDRICAL_SURFACE('',#2757,1.000000000000001);
#2759=ORIENTED_EDGE('',*,*,#2290,.T.);
#2760=CARTESIAN_POINT('',(-17.000000000000021,0.999999999999992,-301.715728752538100));
#2761=DIRECTION('',(0.0,0.0,1.0));
#2762=VECTOR('',#2761,311.715728752538100);
#2763=LINE('',#2760,#2762);
#2764=EDGE_CURVE('',#2275,#1432,#2763,.T.);
#2765=ORIENTED_EDGE('',*,*,#2764,.T.);
#2766=ORIENTED_EDGE('',*,*,#1438,.T.);
#2767=ORIENTED_EDGE('',*,*,#2737,.F.);
#2768=EDGE_LOOP('',(#2759,#2765,#2766,#2767));
#2769=FACE_OUTER_BOUND('',#2768,.T.);
#2770=ADVANCED_FACE('',(#2769),#2758,.F.);
#2771=CARTESIAN_POINT('',(-17.0,0.999999999999992,0.0));
#2772=DIRECTION('',(1.0,0.0,0.0));
#2773=DIRECTION('',(0.0,0.0,-1.0));
#2774=AXIS2_PLACEMENT_3D('',#2771,#2772,#2773);
#2775=PLANE('',#2774);
#2776=ORIENTED_EDGE('',*,*,#2321,.T.);
#2777=CARTESIAN_POINT('',(-17.000000000000021,23.0,-301.715728752538100));
#2778=DIRECTION('',(0.0,0.0,1.0));
#2779=VECTOR('',#2778,311.715728752538100);
#2780=LINE('',#2777,#2779);
#2781=EDGE_CURVE('',#2309,#1441,#2780,.T.);
#2782=ORIENTED_EDGE('',*,*,#2781,.T.);
#2783=ORIENTED_EDGE('',*,*,#1446,.T.);
#2784=ORIENTED_EDGE('',*,*,#2764,.F.);
#2785=EDGE_LOOP('',(#2776,#2782,#2783,#2784));
#2786=FACE_OUTER_BOUND('',#2785,.T.);
#2787=ADVANCED_FACE('',(#2786),#2775,.T.);
#2788=CARTESIAN_POINT('',(-16.0,23.0,0.0));
#2789=DIRECTION('',(-5.887518E-017,0.0,-1.0));
#2790=DIRECTION('',(0.0,-1.0,0.0));
#2791=AXIS2_PLACEMENT_3D('',#2788,#2789,#2790);
#2792=CYLINDRICAL_SURFACE('',#2791,1.000000000000001);
#2793=ORIENTED_EDGE('',*,*,#2365,.T.);
#2794=CARTESIAN_POINT('',(-16.000000000000018,24.0,-301.715728752538100));
#2795=DIRECTION('',(0.0,0.0,1.0));
#2796=VECTOR('',#2795,311.715728752538100);
#2797=LINE('',#2794,#2796);
#2798=EDGE_CURVE('',#2352,#1290,#2797,.T.);
#2799=ORIENTED_EDGE('',*,*,#2798,.T.);
#2800=ORIENTED_EDGE('',*,*,#1453,.T.);
#2801=ORIENTED_EDGE('',*,*,#2781,.F.);
#2802=EDGE_LOOP('',(#2793,#2799,#2800,#2801));
#2803=FACE_OUTER_BOUND('',#2802,.T.);
#2804=ADVANCED_FACE('',(#2803),#2792,.F.);
#2805=CARTESIAN_POINT('',(-16.0,24.0,0.0));
#2806=DIRECTION('',(0.0,-1.0,0.0));
#2807=DIRECTION('',(0.0,0.0,-1.0));
#2808=AXIS2_PLACEMENT_3D('',#2805,#2806,#2807);
#2809=PLANE('',#2808);
#2810=CARTESIAN_POINT('',(15.999999999999996,24.000000000000004,10.0));
#2811=DIRECTION('',(0.0,0.0,-1.0));
#2812=VECTOR('',#2811,311.715728752538100);
#2813=LINE('',#2810,#2812);
#2814=EDGE_CURVE('',#1288,#2405,#2813,.T.);
#2815=ORIENTED_EDGE('',*,*,#2814,.F.);
#2816=ORIENTED_EDGE('',*,*,#1295,.T.);
#2817=ORIENTED_EDGE('',*,*,#2798,.F.);
#2818=ORIENTED_EDGE('',*,*,#2358,.T.);
#2819=ORIENTED_EDGE('',*,*,#1843,.T.);
#2820=CARTESIAN_POINT('',(-50.204581464244939,24.0,-337.577164466275350));
#2821=DIRECTION('',(0.707106781186547,1.110223E-016,-0.707106781186548));
#2822=VECTOR('',#2821,32.000000000000014);
#2823=LINE('',#2820,#2822);
#2824=EDGE_CURVE('',#1829,#1862,#2823,.T.);
#2825=ORIENTED_EDGE('',*,*,#2824,.T.);
#2826=ORIENTED_EDGE('',*,*,#1893,.F.);
#2827=ORIENTED_EDGE('',*,*,#2418,.F.);
#2828=EDGE_LOOP('',(#2815,#2816,#2817,#2818,#2819,#2825,#2826,#2827));
#2829=FACE_OUTER_BOUND('',#2828,.T.);
#2830=ORIENTED_EDGE('',*,*,#1174,.T.);
#2831=ORIENTED_EDGE('',*,*,#1206,.T.);
#2832=ORIENTED_EDGE('',*,*,#1238,.T.);
#2833=ORIENTED_EDGE('',*,*,#1268,.T.);
#2834=ORIENTED_EDGE('',*,*,#1072,.T.);
#2835=ORIENTED_EDGE('',*,*,#1110,.T.);
#2836=ORIENTED_EDGE('',*,*,#1142,.T.);
#2837=EDGE_LOOP('',(#2830,#2831,#2832,#2833,#2834,#2835,#2836));
#2838=FACE_BOUND('',#2837,.T.);
#2839=ADVANCED_FACE('',(#2829,#2838),#2809,.T.);
#2840=CARTESIAN_POINT('',(15.999999999999989,23.0,0.0));
#2841=DIRECTION('',(-5.887518E-017,0.0,-1.0));
#2842=DIRECTION('',(-1.0,0.0,0.0));
#2843=AXIS2_PLACEMENT_3D('',#2840,#2841,#2842);
#2844=CYLINDRICAL_SURFACE('',#2843,1.000000000000008);
#2845=ORIENTED_EDGE('',*,*,#2411,.T.);
#2846=ORIENTED_EDGE('',*,*,#2457,.T.);
#2847=ORIENTED_EDGE('',*,*,#1304,.T.);
#2848=ORIENTED_EDGE('',*,*,#2814,.T.);
#2849=EDGE_LOOP('',(#2845,#2846,#2847,#2848));
#2850=FACE_OUTER_BOUND('',#2849,.T.);
#2851=ADVANCED_FACE('',(#2850),#2844,.F.);
#2852=CARTESIAN_POINT('',(-38.890872965260137,0.0,-348.890872965260140));
#2853=DIRECTION('',(0.707106781186548,0.0,0.707106781186547));
#2854=DIRECTION('',(0.707106781186547,0.0,-0.707106781186548));
#2855=AXIS2_PLACEMENT_3D('',#2852,#2853,#2854);
#2856=PLANE('',#2855);
#2857=ORIENTED_EDGE('',*,*,#2498,.F.);
#2858=ORIENTED_EDGE('',*,*,#1941,.F.);
#2859=ORIENTED_EDGE('',*,*,#1909,.F.);
#2860=ORIENTED_EDGE('',*,*,#1870,.F.);
#2861=ORIENTED_EDGE('',*,*,#2824,.F.);
#2862=ORIENTED_EDGE('',*,*,#1835,.F.);
#2863=ORIENTED_EDGE('',*,*,#1803,.F.);
#2864=ORIENTED_EDGE('',*,*,#1764,.F.);
#2865=ORIENTED_EDGE('',*,*,#2747,.F.);
#2866=ORIENTED_EDGE('',*,*,#1723,.F.);
#2867=ORIENTED_EDGE('',*,*,#2704,.F.);
#2868=ORIENTED_EDGE('',*,*,#1689,.F.);
#2869=ORIENTED_EDGE('',*,*,#1657,.F.);
#2870=ORIENTED_EDGE('',*,*,#1618,.F.);
#2871=ORIENTED_EDGE('',*,*,#2618,.F.);
#2872=ORIENTED_EDGE('',*,*,#1583,.F.);
#2873=ORIENTED_EDGE('',*,*,#1551,.F.);
#2874=ORIENTED_EDGE('',*,*,#1512,.F.);
#2875=ORIENTED_EDGE('',*,*,#2541,.F.);
#2876=ORIENTED_EDGE('',*,*,#1471,.F.);
#2877=EDGE_LOOP('',(#2857,#2858,#2859,#2860,#2861,#2862,#2863,#2864,#2865,#2866,#2867,#2868,#2869,#2870,#2871,#2872,#2873,#2874,#2875,#2876));
#2878=FACE_OUTER_BOUND('',#2877,.T.);
#2879=ADVANCED_FACE('',(#2878),#2856,.F.);
#2880=CLOSED_SHELL('',(#1098,#1129,#1162,#1193,#1226,#1257,#1281,#1457,#1497,#1539,#1570,#1603,#1645,#1676,#1709,#1749,#1791,#1822,#1855,#1897,#1928,#1961,#2013,#2046,#2080,#2105,#2131,#2165,#2190,#2216,#2249,#2301,#2326,#2370,#2422,#2439,#2461,#2478,#2504,#2521,#2547,#2564,#2581,#2598,#2633,#2650,#2667,#2684,#2710,#2727,#2753,#2770,#2787,#2804,#2839,#2851,#2879));
#2881=MANIFOLD_SOLID_BREP('',#2880);
#2882=DRAUGHTING_PRE_DEFINED_COLOUR('yellow');
#2883=FILL_AREA_STYLE_COLOUR('Yellow',#2882);
#2884=FILL_AREA_STYLE('Yellow',(#2883));
#2885=SURFACE_STYLE_FILL_AREA(#2884);
#2886=SURFACE_SIDE_STYLE('Yellow',(#2885));
#2887=SURFACE_STYLE_USAGE(.BOTH.,#2886);
#2888=PRESENTATION_STYLE_ASSIGNMENT((#2887));
#2889=STYLED_ITEM('',(#2888),#2881);
#2890=ADVANCED_BREP_SHAPE_REPRESENTATION('ABSR',(#2881),#1027);
#2891=SHAPE_REPRESENTATION_RELATIONSHIP('SRR','None',#2890,#1032);
#2892=AXIS2_PLACEMENT_3D('',#2893,#2894,#2895);
#2893=CARTESIAN_POINT('',(1.567225E-031,-4.163336E-016,1.000000000000002));
#2894=DIRECTION('',(-1.0,-1.041651E-047,2.501962E-032));
#2895=DIRECTION('',(1.041651E-047,-1.0,-4.163336E-016));
#2896=NEXT_ASSEMBLY_USAGE_OCCURRENCE('Rail:1','Rail:1','Rail:1',#12,#1003,'Rail:1');
#2897=PRODUCT_DEFINITION_SHAPE('Rail:1','Rail:1',#2896);
#2898=ITEM_DEFINED_TRANSFORMATION('Rail:1','Rail:1',#1028,#2892);
#2902=(REPRESENTATION_RELATIONSHIP('Rail:1','Rail:1',#1032,#41)REPRESENTATION_RELATIONSHIP_WITH_TRANSFORMATION(#2898)SHAPE_REPRESENTATION_RELATIONSHIP());
#2903=CONTEXT_DEPENDENT_SHAPE_REPRESENTATION(#2902,#2897);
#2904=AXIS2_PLACEMENT_3D('',#2905,#2906,#2907);
#2905=CARTESIAN_POINT('',(299.999999999999940,-36.0,0.999999999999994));
#2906=DIRECTION('',(-1.000000000000001,-7.395571E-032,2.640490E-031));
#2907=DIRECTION('',(5.273559E-016,-1.000000000000001,-4.163336E-016));
#2908=NEXT_ASSEMBLY_USAGE_OCCURRENCE('Rail:2','Rail:2','Rail:2',#12,#1003,'Rail:2');
#2909=PRODUCT_DEFINITION_SHAPE('Rail:2','Rail:2',#2908);
#2910=ITEM_DEFINED_TRANSFORMATION('Rail:2','Rail:2',#1028,#2904);
#2914=(REPRESENTATION_RELATIONSHIP('Rail:2','Rail:2',#1032,#41)REPRESENTATION_RELATIONSHIP_WITH_TRANSFORMATION(#2910)SHAPE_REPRESENTATION_RELATIONSHIP());
#2915=CONTEXT_DEPENDENT_SHAPE_REPRESENTATION(#2914,#2909);
#2916=APPLICATION_CONTEXT('automotive design');
#2917=APPLICATION_PROTOCOL_DEFINITION('International Standard','automotive_design',2001,#2916);
#2918=PRODUCT_CONTEXT('',#2916,'mechanical');
#2919=PRODUCT('FixedPanel','FixedPanel',$,(#2918));
#2920=PRODUCT_RELATED_PRODUCT_CATEGORY('part',$,(#2919));
#2921=PRODUCT_DEFINITION_FORMATION('',$,#2919);
#2922=PRODUCT_DEFINITION_CONTEXT('part definition',#2916,'design');
#2923=PRODUCT_DEFINITION('',$,#2921,#2922);
#2929=(NAMED_UNIT(*)PLANE_ANGLE_UNIT()SI_UNIT($,.RADIAN.));
#2930=DIMENSIONAL_EXPONENTS(0.0,0.0,0.0,0.0,0.0,0.0,0.0);
#2931=PLANE_ANGLE_MEASURE_WITH_UNIT(PLANE_ANGLE_MEASURE(0.017453292500000),#2929);
#2935=(CONVERSION_BASED_UNIT('DEGREE',#2931)NAMED_UNIT(#2930)PLANE_ANGLE_UNIT());
#2939=(NAMED_UNIT(*)SI_UNIT($,.STERADIAN.)SOLID_ANGLE_UNIT());
#2943=(LENGTH_UNIT()NAMED_UNIT(*)SI_UNIT(.MILLI.,.METRE.));
#2945=UNCERTAINTY_MEASURE_WITH_UNIT(LENGTH_MEASURE(0.010000000000000),#2943,'DISTANCE_ACCURACY_VALUE','');
#2947=(GEOMETRIC_REPRESENTATION_CONTEXT(3)GLOBAL_UNCERTAINTY_ASSIGNED_CONTEXT((#2945))GLOBAL_UNIT_ASSIGNED_CONTEXT((#2935,#2939,#2943))REPRESENTATION_CONTEXT('None','None'));
#2948=AXIS2_PLACEMENT_3D('',#2949,#2950,#2951);
#2949=CARTESIAN_POINT('',(0.0,0.0,0.0));
#2950=DIRECTION('',(0.0,0.0,1.0));
#2951=DIRECTION('',(1.0,0.0,0.0));
#2952=SHAPE_REPRESENTATION('',(#2948),#2947);
#2953=PRODUCT_DEFINITION_SHAPE('','',#2923);
#2954=SHAPE_DEFINITION_REPRESENTATION(#2953,#2952);
#2960=(NAMED_UNIT(*)PLANE_ANGLE_UNIT()SI_UNIT($,.RADIAN.));
#2961=DIMENSIONAL_EXPONENTS(0.0,0.0,0.0,0.0,0.0,0.0,0.0);
#2962=PLANE_ANGLE_MEASURE_WITH_UNIT(PLANE_ANGLE_MEASURE(0.017453292500000),#2960);
#2966=(CONVERSION_BASED_UNIT('DEGREE',#2962)NAMED_UNIT(#2961)PLANE_ANGLE_UNIT());
#2970=(NAMED_UNIT(*)SI_UNIT($,.STERADIAN.)SOLID_ANGLE_UNIT());
#2974=(LENGTH_UNIT()NAMED_UNIT(*)SI_UNIT(.MILLI.,.METRE.));
#2976=UNCERTAINTY_MEASURE_WITH_UNIT(LENGTH_MEASURE(0.000001000000000),#2974,'DISTANCE_ACCURACY_VALUE','');
#2978=(GEOMETRIC_REPRESENTATION_CONTEXT(3)GLOBAL_UNCERTAINTY_ASSIGNED_CONTEXT((#2976))GLOBAL_UNIT_ASSIGNED_CONTEXT((#2966,#2970,#2974))REPRESENTATION_CONTEXT('','3D'));
#2979=CARTESIAN_POINT('',(-13.204411420930819,0.318212876526996,-428.000000000000110));
#2980=DIRECTION('',(0.0,0.0,1.0));
#2981=DIRECTION('',(1.0,0.0,0.0));
#2982=AXIS2_PLACEMENT_3D('',#2979,#2980,#2981);
#2983=PLANE('',#2982);
#2984=CARTESIAN_POINT('',(150.656854249492370,-4.343145750507627,-428.000000000000110));
#2985=VERTEX_POINT('',#2984);
#2986=CARTESIAN_POINT('',(165.0,10.0,-428.000000000000110));
#2987=VERTEX_POINT('',#2986);
#2988=CARTESIAN_POINT('',(150.656854249492370,-4.343145750507627,-428.000000000000110));
#2989=DIRECTION('',(0.707106781186548,0.707106781186547,0.0));
#2990=VECTOR('',#2989,20.284271247461916);
#2991=LINE('',#2988,#2990);
#2992=EDGE_CURVE('',#2985,#2987,#2991,.T.);
#2993=ORIENTED_EDGE('',*,*,#2992,.F.);
#2994=CARTESIAN_POINT('',(136.999999999999940,-10.0,-428.000000000000110));
#2995=VERTEX_POINT('',#2994);
#2996=CARTESIAN_POINT('',(136.999999999999940,-10.0,-428.000000000000110));
#2997=DIRECTION('',(0.923879532511287,0.382683432365088,0.0));
#2998=VECTOR('',#2997,14.782072520180627);
#2999=LINE('',#2996,#2998);
#3000=EDGE_CURVE('',#2995,#2985,#2999,.T.);
#3001=ORIENTED_EDGE('',*,*,#3000,.F.);
#3002=CARTESIAN_POINT('',(-185.0,-10.000000000000002,-428.000000000000110));
#3003=VERTEX_POINT('',#3002);
#3004=CARTESIAN_POINT('',(-185.0,-10.000000000000002,-428.000000000000110));
#3005=DIRECTION('',(1.0,0.0,0.0));
#3006=VECTOR('',#3005,321.999999999999940);
#3007=LINE('',#3004,#3006);
#3008=EDGE_CURVE('',#3003,#2995,#3007,.T.);
#3009=ORIENTED_EDGE('',*,*,#3008,.F.);
#3010=CARTESIAN_POINT('',(-185.0,9.999999999999993,-428.000000000000110));
#3011=VERTEX_POINT('',#3010);
#3012=CARTESIAN_POINT('',(-185.0,9.999999999999993,-428.000000000000110));
#3013=DIRECTION('',(0.0,-1.0,0.0));
#3014=VECTOR('',#3013,19.999999999999993);
#3015=LINE('',#3012,#3014);
#3016=EDGE_CURVE('',#3011,#3003,#3015,.T.);
#3017=ORIENTED_EDGE('',*,*,#3016,.F.);
#3018=CARTESIAN_POINT('',(165.0,10.0,-428.000000000000110));
#3019=DIRECTION('',(-1.0,0.0,0.0));
#3020=VECTOR('',#3019,350.0);
#3021=LINE('',#3018,#3020);
#3022=EDGE_CURVE('',#2987,#3011,#3021,.T.);
#3023=ORIENTED_EDGE('',*,*,#3022,.F.);
#3024=EDGE_LOOP('',(#2993,#3001,#3009,#3017,#3023));
#3025=FACE_OUTER_BOUND('',#3024,.T.);
#3026=ADVANCED_FACE('',(#3025),#2983,.F.);
#3027=CARTESIAN_POINT('',(-185.0,9.999999999999993,0.0));
#3028=DIRECTION('',(-1.0,0.0,0.0));
#3029=DIRECTION('',(0.0,0.0,1.0));
#3030=AXIS2_PLACEMENT_3D('',#3027,#3028,#3029);
#3031=PLANE('',#3030);
#3032=CARTESIAN_POINT('',(-185.0,-10.000000000000002,0.0));
#3033=VERTEX_POINT('',#3032);
#3034=CARTESIAN_POINT('',(-185.0,-10.000000000000002,0.0));
#3035=DIRECTION('',(0.0,0.0,-1.0));
#3036=VECTOR('',#3035,428.000000000000110);
#3037=LINE('',#3034,#3036);
#3038=EDGE_CURVE('',#3033,#3003,#3037,.T.);
#3039=ORIENTED_EDGE('',*,*,#3038,.F.);
#3040=CARTESIAN_POINT('',(-185.0,9.999999999999993,0.0));
#3041=VERTEX_POINT('',#3040);
#3042=CARTESIAN_POINT('',(-185.0,9.999999999999993,0.0));
#3043=DIRECTION('',(0.0,-1.0,0.0));
#3044=VECTOR('',#3043,19.999999999999993);
#3045=LINE('',#3042,#3044);
#3046=EDGE_CURVE('',#3041,#3033,#3045,.T.);
#3047=ORIENTED_EDGE('',*,*,#3046,.F.);
#3048=CARTESIAN_POINT('',(-185.0,9.999999999999993,0.0));
#3049=DIRECTION('',(0.0,0.0,-1.0));
#3050=VECTOR('',#3049,428.000000000000110);
#3051=LINE('',#3048,#3050);
#3052=EDGE_CURVE('',#3041,#3011,#3051,.T.);
#3053=ORIENTED_EDGE('',*,*,#3052,.T.);
#3054=ORIENTED_EDGE('',*,*,#3016,.T.);
#3055=EDGE_LOOP('',(#3039,#3047,#3053,#3054));
#3056=FACE_OUTER_BOUND('',#3055,.T.);
#3057=ADVANCED_FACE('',(#3056),#3031,.T.);
#3058=CARTESIAN_POINT('',(143.828427124746160,-7.171572875253815,0.0));
#3059=DIRECTION('',(0.382683432365089,-0.923879532511287,0.0));
#3060=DIRECTION('',(0.0,0.0,-1.0));
#3061=AXIS2_PLACEMENT_3D('',#3058,#3059,#3060);
#3062=PLANE('',#3061);
#3063=CARTESIAN_POINT('',(150.656854249492370,-4.343145750507627,0.0));
#3064=VERTEX_POINT('',#3063);
#3065=CARTESIAN_POINT('',(150.656854249492370,-4.343145750507627,0.0));
#3066=DIRECTION('',(0.0,0.0,-1.0));
#3067=VECTOR('',#3066,428.000000000000110);
#3068=LINE('',#3065,#3067);
#3069=EDGE_CURVE('',#3064,#2985,#3068,.T.);
#3070=ORIENTED_EDGE('',*,*,#3069,.F.);
#3071=CARTESIAN_POINT('',(136.999999999999940,-10.0,0.0));
#3072=VERTEX_POINT('',#3071);
#3073=CARTESIAN_POINT('',(150.656854249492370,-4.343145750507627,0.0));
#3074=DIRECTION('',(-0.923879532511287,-0.382683432365088,0.0));
#3075=VECTOR('',#3074,14.782072520180627);
#3076=LINE('',#3073,#3075);
#3077=EDGE_CURVE('',#3064,#3072,#3076,.T.);
#3078=ORIENTED_EDGE('',*,*,#3077,.T.);
#3079=CARTESIAN_POINT('',(136.999999999999940,-10.0,0.0));
#3080=DIRECTION('',(0.0,0.0,-1.0));
#3081=VECTOR('',#3080,428.000000000000110);
#3082=LINE('',#3079,#3081);
#3083=EDGE_CURVE('',#3072,#2995,#3082,.T.);
#3084=ORIENTED_EDGE('',*,*,#3083,.T.);
#3085=ORIENTED_EDGE('',*,*,#3000,.T.);
#3086=EDGE_LOOP('',(#3070,#3078,#3084,#3085));
#3087=FACE_OUTER_BOUND('',#3086,.T.);
#3088=ADVANCED_FACE('',(#3087),#3062,.T.);
#3089=CARTESIAN_POINT('',(0.0,-1.730218E-017,0.0));
#3090=DIRECTION('',(0.0,0.0,1.0));
#3091=DIRECTION('',(1.0,0.0,0.0));
#3092=AXIS2_PLACEMENT_3D('',#3089,#3090,#3091);
#3093=PLANE('',#3092);
#3094=ORIENTED_EDGE('',*,*,#3077,.F.);
#3095=CARTESIAN_POINT('',(165.0,10.0,0.0));
#3096=VERTEX_POINT('',#3095);
#3097=CARTESIAN_POINT('',(165.0,10.0,0.0));
#3098=DIRECTION('',(-0.707106781186548,-0.707106781186547,0.0));
#3099=VECTOR('',#3098,20.284271247461916);
#3100=LINE('',#3097,#3099);
#3101=EDGE_CURVE('',#3096,#3064,#3100,.T.);
#3102=ORIENTED_EDGE('',*,*,#3101,.F.);
#3103=CARTESIAN_POINT('',(165.0,10.0,0.0));
#3104=DIRECTION('',(-1.0,0.0,0.0));
#3105=VECTOR('',#3104,350.0);
#3106=LINE('',#3103,#3105);
#3107=EDGE_CURVE('',#3096,#3041,#3106,.T.);
#3108=ORIENTED_EDGE('',*,*,#3107,.T.);
#3109=ORIENTED_EDGE('',*,*,#3046,.T.);
#3110=CARTESIAN_POINT('',(-185.0,-10.000000000000002,0.0));
#3111=DIRECTION('',(1.0,0.0,0.0));
#3112=VECTOR('',#3111,321.999999999999940);
#3113=LINE('',#3110,#3112);
#3114=EDGE_CURVE('',#3033,#3072,#3113,.T.);
#3115=ORIENTED_EDGE('',*,*,#3114,.T.);
#3116=EDGE_LOOP('',(#3094,#3102,#3108,#3109,#3115));
#3117=FACE_OUTER_BOUND('',#3116,.T.);
#3118=ADVANCED_FACE('',(#3117),#3093,.T.);
#3119=CARTESIAN_POINT('',(155.0,0.0,0.0));
#3120=DIRECTION('',(0.707106781186548,-0.707106781186548,0.0));
#3121=DIRECTION('',(0.0,0.0,-1.0));
#3122=AXIS2_PLACEMENT_3D('',#3119,#3120,#3121);
#3123=PLANE('',#3122);
#3124=ORIENTED_EDGE('',*,*,#3069,.T.);
#3125=ORIENTED_EDGE('',*,*,#2992,.T.);
#3126=CARTESIAN_POINT('',(165.0,10.0,0.0));
#3127=DIRECTION('',(0.0,0.0,-1.0));
#3128=VECTOR('',#3127,428.000000000000110);
#3129=LINE('',#3126,#3128);
#3130=EDGE_CURVE('',#3096,#2987,#3129,.T.);
#3131=ORIENTED_EDGE('',*,*,#3130,.F.);
#3132=ORIENTED_EDGE('',*,*,#3101,.T.);
#3133=EDGE_LOOP('',(#3124,#3125,#3131,#3132));
#3134=FACE_OUTER_BOUND('',#3133,.T.);
#3135=ADVANCED_FACE('',(#3134),#3123,.T.);
#3136=CARTESIAN_POINT('',(-165.0,-10.0,0.0));
#3137=DIRECTION('',(0.0,-1.0,0.0));
#3138=DIRECTION('',(0.0,0.0,-1.0));
#3139=AXIS2_PLACEMENT_3D('',#3136,#3137,#3138);
#3140=PLANE('',#3139);
#3141=ORIENTED_EDGE('',*,*,#3083,.F.);
#3142=ORIENTED_EDGE('',*,*,#3114,.F.);
#3143=ORIENTED_EDGE('',*,*,#3038,.T.);
#3144=ORIENTED_EDGE('',*,*,#3008,.T.);
#3145=EDGE_LOOP('',(#3141,#3142,#3143,#3144));
#3146=FACE_OUTER_BOUND('',#3145,.T.);
#3147=ADVANCED_FACE('',(#3146),#3140,.T.);
#3148=CARTESIAN_POINT('',(165.0,10.0,0.0));
#3149=DIRECTION('',(0.0,1.0,0.0));
#3150=DIRECTION('',(0.0,0.0,1.0));
#3151=AXIS2_PLACEMENT_3D('',#3148,#3149,#3150);
#3152=PLANE('',#3151);
#3153=ORIENTED_EDGE('',*,*,#3052,.F.);
#3154=ORIENTED_EDGE('',*,*,#3107,.F.);
#3155=ORIENTED_EDGE('',*,*,#3130,.T.);
#3156=ORIENTED_EDGE('',*,*,#3022,.T.);
#3157=EDGE_LOOP('',(#3153,#3154,#3155,#3156));
#3158=FACE_OUTER_BOUND('',#3157,.T.);
#3159=ADVANCED_FACE('',(#3158),#3152,.T.);
#3160=CLOSED_SHELL('',(#3026,#3057,#3088,#3118,#3135,#3147,#3159));
#3161=MANIFOLD_SOLID_BREP('',#3160);
#3162=STYLED_ITEM('',(#967),#3161);
#3163=ADVANCED_BREP_SHAPE_REPRESENTATION('ABSR',(#3161),#2947);
#3164=SHAPE_REPRESENTATION_RELATIONSHIP('SRR','None',#3163,#2952);
#3165=AXIS2_PLACEMENT_3D('',#3166,#3167,#3168);
#3166=CARTESIAN_POINT('',(157.0,53.000000000000028,-1.553662E-014));
#3167=DIRECTION('',(8.355970E-017,2.029113E-016,1.0));
#3168=DIRECTION('',(1.0,5.708758E-017,-8.355970E-017));
#3169=NEXT_ASSEMBLY_USAGE_OCCURRENCE('FixedPanel:1','FixedPanel:1','FixedPanel:1',#12,#2923,'FixedPanel:1');
#3170=PRODUCT_DEFINITION_SHAPE('FixedPanel:1','FixedPanel:1',#3169);
#3171=ITEM_DEFINED_TRANSFORMATION('FixedPanel:1','FixedPanel:1',#2948,#3165);
#3175=(REPRESENTATION_RELATIONSHIP('FixedPanel:1','FixedPanel:1',#2952,#41)REPRESENTATION_RELATIONSHIP_WITH_TRANSFORMATION(#3171)SHAPE_REPRESENTATION_RELATIONSHIP());
#3176=CONTEXT_DEPENDENT_SHAPE_REPRESENTATION(#3175,#3170);
#3177=APPLICATION_CONTEXT('automotive design');
#3178=APPLICATION_PROTOCOL_DEFINITION('International Standard','automotive_design',2001,#3177);
#3179=PRODUCT_CONTEXT('',#3177,'mechanical');
#3180=PRODUCT('TopPanelL','TopPanelL',$,(#3179));
#3181=PRODUCT_RELATED_PRODUCT_CATEGORY('part',$,(#3180));
#3182=PRODUCT_DEFINITION_FORMATION('',$,#3180);
#3183=PRODUCT_DEFINITION_CONTEXT('part definition',#3177,'design');
#3184=PRODUCT_DEFINITION('',$,#3182,#3183);
#3190=(NAMED_UNIT(*)PLANE_ANGLE_UNIT()SI_UNIT($,.RADIAN.));
#3191=DIMENSIONAL_EXPONENTS(0.0,0.0,0.0,0.0,0.0,0.0,0.0);
#3192=PLANE_ANGLE_MEASURE_WITH_UNIT(PLANE_ANGLE_MEASURE(0.017453292500000),#3190);
#3196=(CONVERSION_BASED_UNIT('DEGREE',#3192)NAMED_UNIT(#3191)PLANE_ANGLE_UNIT());
#3200=(NAMED_UNIT(*)SI_UNIT($,.STERADIAN.)SOLID_ANGLE_UNIT());
#3204=(LENGTH_UNIT()NAMED_UNIT(*)SI_UNIT(.MILLI.,.METRE.));
#3206=UNCERTAINTY_MEASURE_WITH_UNIT(LENGTH_MEASURE(0.010000000000000),#3204,'DISTANCE_ACCURACY_VALUE','');
#3208=(GEOMETRIC_REPRESENTATION_CONTEXT(3)GLOBAL_UNCERTAINTY_ASSIGNED_CONTEXT((#3206))GLOBAL_UNIT_ASSIGNED_CONTEXT((#3196,#3200,#3204))REPRESENTATION_CONTEXT('None','None'));
#3209=AXIS2_PLACEMENT_3D('',#3210,#3211,#3212);
#3210=CARTESIAN_POINT('',(0.0,0.0,0.0));
#3211=DIRECTION('',(0.0,0.0,1.0));
#3212=DIRECTION('',(1.0,0.0,0.0));
#3213=SHAPE_REPRESENTATION('',(#3209),#3208);
#3214=PRODUCT_DEFINITION_SHAPE('','',#3184);
#3215=SHAPE_DEFINITION_REPRESENTATION(#3214,#3213);
#3221=(NAMED_UNIT(*)PLANE_ANGLE_UNIT()SI_UNIT($,.RADIAN.));
#3222=DIMENSIONAL_EXPONENTS(0.0,0.0,0.0,0.0,0.0,0.0,0.0);
#3223=PLANE_ANGLE_MEASURE_WITH_UNIT(PLANE_ANGLE_MEASURE(0.017453292500000),#3221);
#3227=(CONVERSION_BASED_UNIT('DEGREE',#3223)NAMED_UNIT(#3222)PLANE_ANGLE_UNIT());
#3231=(NAMED_UNIT(*)SI_UNIT($,.STERADIAN.)SOLID_ANGLE_UNIT());
#3235=(LENGTH_UNIT()NAMED_UNIT(*)SI_UNIT(.MILLI.,.METRE.));
#3237=UNCERTAINTY_MEASURE_WITH_UNIT(LENGTH_MEASURE(0.000001000000000),#3235,'DISTANCE_ACCURACY_VALUE','');
#3239=(GEOMETRIC_REPRESENTATION_CONTEXT(3)GLOBAL_UNCERTAINTY_ASSIGNED_CONTEXT((#3237))GLOBAL_UNIT_ASSIGNED_CONTEXT((#3227,#3231,#3235))REPRESENTATION_CONTEXT('','3D'));
#3240=CARTESIAN_POINT('',(-48.618795026617988,10.0,-364.162950903901730));
#3241=DIRECTION('',(-0.707106781186547,0.0,0.707106781186548));
#3242=DIRECTION('',(0.707106781186548,0.0,0.707106781186547));
#3243=AXIS2_PLACEMENT_3D('',#3240,#3241,#3242);
#3244=PLANE('',#3243);
#3245=CARTESIAN_POINT('',(-48.618795026617988,-10.0,-364.162950903901730));
#3246=VERTEX_POINT('',#3245);
#3247=CARTESIAN_POINT('',(-15.585786437626865,-10.0,-331.129942314910640));
#3248=VERTEX_POINT('',#3247);
#3249=CARTESIAN_POINT('',(-48.618795026617988,-10.0,-364.162950903901730));
#3250=DIRECTION('',(0.707106781186548,0.0,0.707106781186547));
#3251=VECTOR('',#3250,46.715728752538162);
#3252=LINE('',#3249,#3251);
#3253=EDGE_CURVE('',#3246,#3248,#3252,.T.);
#3254=ORIENTED_EDGE('',*,*,#3253,.F.);
#3255=CARTESIAN_POINT('',(-48.618795026617988,10.0,-364.162950903901730));
#3256=VERTEX_POINT('',#3255);
#3257=CARTESIAN_POINT('',(-48.618795026617988,10.0,-364.162950903901730));
#3258=DIRECTION('',(0.0,-1.0,0.0));
#3259=VECTOR('',#3258,20.0);
#3260=LINE('',#3257,#3259);
#3261=EDGE_CURVE('',#3256,#3246,#3260,.T.);
#3262=ORIENTED_EDGE('',*,*,#3261,.F.);
#3263=CARTESIAN_POINT('',(-15.585786437626865,10.0,-331.129942314910640));
#3264=VERTEX_POINT('',#3263);
#3265=CARTESIAN_POINT('',(-15.585786437626865,10.0,-331.129942314910640));
#3266=DIRECTION('',(-0.707106781186548,0.0,-0.707106781186547));
#3267=VECTOR('',#3266,46.715728752538162);
#3268=LINE('',#3265,#3267);
#3269=EDGE_CURVE('',#3264,#3256,#3268,.T.);
#3270=ORIENTED_EDGE('',*,*,#3269,.F.);
#3271=CARTESIAN_POINT('',(-15.585786437626865,10.0,-331.129942314910640));
#3272=DIRECTION('',(0.0,-1.0,0.0));
#3273=VECTOR('',#3272,20.0);
#3274=LINE('',#3271,#3273);
#3275=EDGE_CURVE('',#3264,#3248,#3274,.T.);
#3276=ORIENTED_EDGE('',*,*,#3275,.T.);
#3277=EDGE_LOOP('',(#3254,#3262,#3270,#3276));
#3278=FACE_OUTER_BOUND('',#3277,.T.);
#3279=ADVANCED_FACE('',(#3278),#3244,.F.);
#3280=CARTESIAN_POINT('',(-16.999999999999957,10.0,-329.715728752537530));
#3281=DIRECTION('',(0.0,-1.0,0.0));
#3282=DIRECTION('',(1.0,0.0,0.0));
#3283=AXIS2_PLACEMENT_3D('',#3280,#3281,#3282);
#3284=CYLINDRICAL_SURFACE('',#3283,1.999999999999996);
#3285=CARTESIAN_POINT('',(-14.999999999999964,-10.0,-329.715728752537530));
#3286=VERTEX_POINT('',#3285);
#3287=CARTESIAN_POINT('',(-16.999999999999957,-10.0,-329.715728752537530));
#3288=DIRECTION('',(0.0,-1.0,0.0));
#3289=DIRECTION('',(1.0,0.0,0.0));
#3290=AXIS2_PLACEMENT_3D('',#3287,#3288,#3289);
#3291=CIRCLE('',#3290,1.999999999999996);
#3292=EDGE_CURVE('',#3248,#3286,#3291,.T.);
#3293=ORIENTED_EDGE('',*,*,#3292,.F.);
#3294=ORIENTED_EDGE('',*,*,#3275,.F.);
#3295=CARTESIAN_POINT('',(-14.999999999999964,10.0,-329.715728752537530));
#3296=VERTEX_POINT('',#3295);
#3297=CARTESIAN_POINT('',(-16.999999999999957,10.0,-329.715728752537530));
#3298=DIRECTION('',(0.0,1.0,0.0));
#3299=DIRECTION('',(1.0,0.0,0.0));
#3300=AXIS2_PLACEMENT_3D('',#3297,#3298,#3299);
#3301=CIRCLE('',#3300,1.999999999999996);
#3302=EDGE_CURVE('',#3296,#3264,#3301,.T.);
#3303=ORIENTED_EDGE('',*,*,#3302,.F.);
#3304=CARTESIAN_POINT('',(-14.999999999999964,10.0,-329.715728752537530));
#3305=DIRECTION('',(0.0,-1.0,0.0));
#3306=VECTOR('',#3305,20.0);
#3307=LINE('',#3304,#3306);
#3308=EDGE_CURVE('',#3296,#3286,#3307,.T.);
#3309=ORIENTED_EDGE('',*,*,#3308,.T.);
#3310=EDGE_LOOP('',(#3293,#3294,#3303,#3309));
#3311=FACE_OUTER_BOUND('',#3310,.T.);
#3312=ADVANCED_FACE('',(#3311),#3284,.T.);
#3313=CARTESIAN_POINT('',(-14.999999999999964,10.0,-329.715728752537530));
#3314=DIRECTION('',(-1.0,0.0,0.0));
#3315=DIRECTION('',(0.0,0.0,1.0));
#3316=AXIS2_PLACEMENT_3D('',#3313,#3314,#3315);
#3317=PLANE('',#3316);
#3318=CARTESIAN_POINT('',(-14.999999999999964,-10.0,-17.999999999999936));
#3319=VERTEX_POINT('',#3318);
#3320=CARTESIAN_POINT('',(-14.999999999999964,-10.0,-329.715728752537530));
#3321=DIRECTION('',(0.0,0.0,1.0));
#3322=VECTOR('',#3321,311.715728752537590);
#3323=LINE('',#3320,#3322);
#3324=EDGE_CURVE('',#3286,#3319,#3323,.T.);
#3325=ORIENTED_EDGE('',*,*,#3324,.F.);
#3326=ORIENTED_EDGE('',*,*,#3308,.F.);
#3327=CARTESIAN_POINT('',(-14.999999999999964,10.0,-17.999999999999936));
#3328=VERTEX_POINT('',#3327);
#3329=CARTESIAN_POINT('',(-14.999999999999964,10.0,-17.999999999999936));
#3330=DIRECTION('',(0.0,0.0,-1.0));
#3331=VECTOR('',#3330,311.715728752537590);
#3332=LINE('',#3329,#3331);
#3333=EDGE_CURVE('',#3328,#3296,#3332,.T.);
#3334=ORIENTED_EDGE('',*,*,#3333,.F.);
#3335=CARTESIAN_POINT('',(-14.999999999999964,10.0,-17.999999999999936));
#3336=DIRECTION('',(0.0,-1.0,0.0));
#3337=VECTOR('',#3336,20.0);
#3338=LINE('',#3335,#3337);
#3339=EDGE_CURVE('',#3328,#3319,#3338,.T.);
#3340=ORIENTED_EDGE('',*,*,#3339,.T.);
#3341=EDGE_LOOP('',(#3325,#3326,#3334,#3340));
#3342=FACE_OUTER_BOUND('',#3341,.T.);
#3343=ADVANCED_FACE('',(#3342),#3317,.F.);
#3344=CARTESIAN_POINT('',(-14.999999999999964,10.0,-17.999999999999936));
#3345=DIRECTION('',(0.0,0.0,1.0));
#3346=DIRECTION('',(1.0,0.0,0.0));
#3347=AXIS2_PLACEMENT_3D('',#3344,#3345,#3346);
#3348=PLANE('',#3347);
#3349=CARTESIAN_POINT('',(21.000000000000068,-10.0,-17.999999999999936));
#3350=VERTEX_POINT('',#3349);
#3351=CARTESIAN_POINT('',(-14.999999999999964,-10.0,-17.999999999999936));
#3352=DIRECTION('',(1.0,0.0,0.0));
#3353=VECTOR('',#3352,36.000000000000028);
#3354=LINE('',#3351,#3353);
#3355=EDGE_CURVE('',#3319,#3350,#3354,.T.);
#3356=ORIENTED_EDGE('',*,*,#3355,.F.);
#3357=ORIENTED_EDGE('',*,*,#3339,.F.);
#3358=CARTESIAN_POINT('',(21.000000000000068,10.0,-17.999999999999936));
#3359=VERTEX_POINT('',#3358);
#3360=CARTESIAN_POINT('',(21.000000000000068,10.0,-17.999999999999936));
#3361=DIRECTION('',(-1.0,0.0,0.0));
#3362=VECTOR('',#3361,36.000000000000028);
#3363=LINE('',#3360,#3362);
#3364=EDGE_CURVE('',#3359,#3328,#3363,.T.);
#3365=ORIENTED_EDGE('',*,*,#3364,.F.);
#3366=CARTESIAN_POINT('',(21.000000000000068,10.0,-17.999999999999936));
#3367=DIRECTION('',(0.0,-1.0,0.0));
#3368=VECTOR('',#3367,20.0);
#3369=LINE('',#3366,#3368);
#3370=EDGE_CURVE('',#3359,#3350,#3369,.T.);
#3371=ORIENTED_EDGE('',*,*,#3370,.T.);
#3372=EDGE_LOOP('',(#3356,#3357,#3365,#3371));
#3373=FACE_OUTER_BOUND('',#3372,.T.);
#3374=ADVANCED_FACE('',(#3373),#3348,.F.);
#3375=CARTESIAN_POINT('',(21.000000000000068,10.0,-17.999999999999936));
#3376=DIRECTION('',(1.0,0.0,0.0));
#3377=DIRECTION('',(0.0,0.0,-1.0));
#3378=AXIS2_PLACEMENT_3D('',#3375,#3376,#3377);
#3379=PLANE('',#3378);
#3380=CARTESIAN_POINT('',(21.000000000000085,-10.0,-317.999999999999320));
#3381=VERTEX_POINT('',#3380);
#3382=CARTESIAN_POINT('',(21.000000000000068,-10.0,-17.999999999999936));
#3383=DIRECTION('',(0.0,0.0,-1.0));
#3384=VECTOR('',#3383,299.999999999999370);
#3385=LINE('',#3382,#3384);
#3386=EDGE_CURVE('',#3350,#3381,#3385,.T.);
#3387=ORIENTED_EDGE('',*,*,#3386,.F.);
#3388=ORIENTED_EDGE('',*,*,#3370,.F.);
#3389=CARTESIAN_POINT('',(21.000000000000085,10.0,-317.999999999999320));
#3390=VERTEX_POINT('',#3389);
#3391=CARTESIAN_POINT('',(21.000000000000085,10.0,-317.999999999999320));
#3392=DIRECTION('',(0.0,0.0,1.0));
#3393=VECTOR('',#3392,299.999999999999370);
#3394=LINE('',#3391,#3393);
#3395=EDGE_CURVE('',#3390,#3359,#3394,.T.);
#3396=ORIENTED_EDGE('',*,*,#3395,.F.);
#3397=CARTESIAN_POINT('',(21.000000000000085,10.0,-317.999999999999320));
#3398=DIRECTION('',(0.0,-1.0,0.0));
#3399=VECTOR('',#3398,20.0);
#3400=LINE('',#3397,#3399);
#3401=EDGE_CURVE('',#3390,#3381,#3400,.T.);
#3402=ORIENTED_EDGE('',*,*,#3401,.T.);
#3403=EDGE_LOOP('',(#3387,#3388,#3396,#3402));
#3404=FACE_OUTER_BOUND('',#3403,.T.);
#3405=ADVANCED_FACE('',(#3404),#3379,.F.);
#3406=CARTESIAN_POINT('',(21.000000000000085,10.0,-317.999999999999320));
#3407=DIRECTION('',(0.0,0.0,1.0));
#3408=DIRECTION('',(1.0,0.0,0.0));
#3409=AXIS2_PLACEMENT_3D('',#3406,#3407,#3408);
#3410=PLANE('',#3409);
#3411=CARTESIAN_POINT('',(57.000000000000135,-10.0,-317.999999999999320));
#3412=VERTEX_POINT('',#3411);
#3413=CARTESIAN_POINT('',(21.000000000000085,-10.0,-317.999999999999320));
#3414=DIRECTION('',(1.0,0.0,0.0));
#3415=VECTOR('',#3414,36.000000000000050);
#3416=LINE('',#3413,#3415);
#3417=EDGE_CURVE('',#3381,#3412,#3416,.T.);
#3418=ORIENTED_EDGE('',*,*,#3417,.F.);
#3419=ORIENTED_EDGE('',*,*,#3401,.F.);
#3420=CARTESIAN_POINT('',(57.000000000000135,10.0,-317.999999999999320));
#3421=VERTEX_POINT('',#3420);
#3422=CARTESIAN_POINT('',(57.000000000000135,10.0,-317.999999999999320));
#3423=DIRECTION('',(-1.0,0.0,0.0));
#3424=VECTOR('',#3423,36.000000000000050);
#3425=LINE('',#3422,#3424);
#3426=EDGE_CURVE('',#3421,#3390,#3425,.T.);
#3427=ORIENTED_EDGE('',*,*,#3426,.F.);
#3428=CARTESIAN_POINT('',(57.000000000000135,10.0,-317.999999999999320));
#3429=DIRECTION('',(0.0,-1.0,0.0));
#3430=VECTOR('',#3429,20.0);
#3431=LINE('',#3428,#3430);
#3432=EDGE_CURVE('',#3421,#3412,#3431,.T.);
#3433=ORIENTED_EDGE('',*,*,#3432,.T.);
#3434=EDGE_LOOP('',(#3418,#3419,#3427,#3433));
#3435=FACE_OUTER_BOUND('',#3434,.T.);
#3436=ADVANCED_FACE('',(#3435),#3410,.F.);
#3437=CARTESIAN_POINT('',(57.000000000000135,10.0,-317.999999999999320));
#3438=DIRECTION('',(1.0,0.0,0.0));
#3439=DIRECTION('',(0.0,0.0,-1.0));
#3440=AXIS2_PLACEMENT_3D('',#3437,#3438,#3439);
#3441=PLANE('',#3440);
#3442=CARTESIAN_POINT('',(57.000000000000135,-10.0,-629.715728752537300));
#3443=VERTEX_POINT('',#3442);
#3444=CARTESIAN_POINT('',(57.000000000000135,-10.0,-317.999999999999320));
#3445=DIRECTION('',(0.0,0.0,-1.0));
#3446=VECTOR('',#3445,311.715728752537980);
#3447=LINE('',#3444,#3446);
#3448=EDGE_CURVE('',#3412,#3443,#3447,.T.);
#3449=ORIENTED_EDGE('',*,*,#3448,.F.);
#3450=ORIENTED_EDGE('',*,*,#3432,.F.);
#3451=CARTESIAN_POINT('',(57.000000000000135,10.0,-629.715728752537300));
#3452=VERTEX_POINT('',#3451);
#3453=CARTESIAN_POINT('',(57.000000000000135,10.0,-629.715728752537300));
#3454=DIRECTION('',(0.0,0.0,1.0));
#3455=VECTOR('',#3454,311.715728752537980);
#3456=LINE('',#3453,#3455);
#3457=EDGE_CURVE('',#3452,#3421,#3456,.T.);
#3458=ORIENTED_EDGE('',*,*,#3457,.F.);
#3459=CARTESIAN_POINT('',(57.000000000000135,10.0,-629.715728752537300));
#3460=DIRECTION('',(0.0,-1.0,0.0));
#3461=VECTOR('',#3460,20.0);
#3462=LINE('',#3459,#3461);
#3463=EDGE_CURVE('',#3452,#3443,#3462,.T.);
#3464=ORIENTED_EDGE('',*,*,#3463,.T.);
#3465=EDGE_LOOP('',(#3449,#3450,#3458,#3464));
#3466=FACE_OUTER_BOUND('',#3465,.T.);
#3467=ADVANCED_FACE('',(#3466),#3441,.F.);
#3468=CARTESIAN_POINT('',(19.000000000000092,10.0,-629.715728752537300));
#3469=DIRECTION('',(0.0,-1.0,0.0));
#3470=DIRECTION('',(-1.0,0.0,0.0));
#3471=AXIS2_PLACEMENT_3D('',#3468,#3469,#3470);
#3472=CYLINDRICAL_SURFACE('',#3471,37.999999999999986);
#3473=CARTESIAN_POINT('',(45.870057685088916,-10.0,-656.585786437626100));
#3474=VERTEX_POINT('',#3473);
#3475=CARTESIAN_POINT('',(19.000000000000092,-10.0,-629.715728752537300));
#3476=DIRECTION('',(0.0,1.0,0.0));
#3477=DIRECTION('',(-1.0,0.0,0.0));
#3478=AXIS2_PLACEMENT_3D('',#3475,#3476,#3477);
#3479=CIRCLE('',#3478,37.999999999999986);
#3480=EDGE_CURVE('',#3443,#3474,#3479,.T.);
#3481=ORIENTED_EDGE('',*,*,#3480,.F.);
#3482=ORIENTED_EDGE('',*,*,#3463,.F.);
#3483=CARTESIAN_POINT('',(45.870057685088916,10.0,-656.585786437626100));
#3484=VERTEX_POINT('',#3483);
#3485=CARTESIAN_POINT('',(19.000000000000092,10.0,-629.715728752537300));
#3486=DIRECTION('',(0.0,-1.0,0.0));
#3487=DIRECTION('',(-1.0,0.0,0.0));
#3488=AXIS2_PLACEMENT_3D('',#3485,#3486,#3487);
#3489=CIRCLE('',#3488,37.999999999999986);
#3490=EDGE_CURVE('',#3484,#3452,#3489,.T.);
#3491=ORIENTED_EDGE('',*,*,#3490,.F.);
#3492=CARTESIAN_POINT('',(45.870057685088916,10.0,-656.585786437626100));
#3493=DIRECTION('',(0.0,-1.0,0.0));
#3494=VECTOR('',#3493,20.0);
#3495=LINE('',#3492,#3494);
#3496=EDGE_CURVE('',#3484,#3474,#3495,.T.);
#3497=ORIENTED_EDGE('',*,*,#3496,.T.);
#3498=EDGE_LOOP('',(#3481,#3482,#3491,#3497));
#3499=FACE_OUTER_BOUND('',#3498,.T.);
#3500=ADVANCED_FACE('',(#3499),#3472,.F.);
#3501=CARTESIAN_POINT('',(45.870057685088916,10.0,-656.585786437626100));
#3502=DIRECTION('',(0.707106781186548,0.0,-0.707106781186547));
#3503=DIRECTION('',(-0.707106781186547,0.0,-0.707106781186548));
#3504=AXIS2_PLACEMENT_3D('',#3501,#3502,#3503);
#3505=PLANE('',#3504);
#3506=CARTESIAN_POINT('',(12.837049096097779,-10.0,-689.618795026617360));
#3507=VERTEX_POINT('',#3506);
#3508=CARTESIAN_POINT('',(45.870057685088916,-10.0,-656.585786437626100));
#3509=DIRECTION('',(-0.707106781186546,0.0,-0.707106781186549));
#3510=VECTOR('',#3509,46.715728752538297);
#3511=LINE('',#3508,#3510);
#3512=EDGE_CURVE('',#3474,#3507,#3511,.T.);
#3513=ORIENTED_EDGE('',*,*,#3512,.F.);
#3514=ORIENTED_EDGE('',*,*,#3496,.F.);
#3515=CARTESIAN_POINT('',(12.837049096097779,10.0,-689.618795026617360));
#3516=VERTEX_POINT('',#3515);
#3517=CARTESIAN_POINT('',(12.837049096097779,10.0,-689.618795026617360));
#3518=DIRECTION('',(0.707106781186546,0.0,0.707106781186549));
#3519=VECTOR('',#3518,46.715728752538297);
#3520=LINE('',#3517,#3519);
#3521=EDGE_CURVE('',#3516,#3484,#3520,.T.);
#3522=ORIENTED_EDGE('',*,*,#3521,.F.);
#3523=CARTESIAN_POINT('',(12.837049096097779,10.0,-689.618795026617360));
#3524=DIRECTION('',(0.0,-1.0,0.0));
#3525=VECTOR('',#3524,20.0);
#3526=LINE('',#3523,#3525);
#3527=EDGE_CURVE('',#3516,#3507,#3526,.T.);
#3528=ORIENTED_EDGE('',*,*,#3527,.T.);
#3529=EDGE_LOOP('',(#3513,#3514,#3522,#3528));
#3530=FACE_OUTER_BOUND('',#3529,.T.);
#3531=ADVANCED_FACE('',(#3530),#3505,.F.);
#3532=CARTESIAN_POINT('',(12.837049096097779,10.0,-689.618795026617360));
#3533=DIRECTION('',(-0.707106781186549,0.0,-0.707106781186547));
#3534=DIRECTION('',(-0.707106781186547,0.0,0.707106781186549));
#3535=AXIS2_PLACEMENT_3D('',#3532,#3533,#3534);
#3536=PLANE('',#3535);
#3537=CARTESIAN_POINT('',(-12.618795026617953,-10.0,-664.162950903901450));
#3538=VERTEX_POINT('',#3537);
#3539=CARTESIAN_POINT('',(12.837049096097779,-10.0,-689.618795026617360));
#3540=DIRECTION('',(-0.707106781186545,0.0,0.707106781186550));
#3541=VECTOR('',#3540,36.000000000000156);
#3542=LINE('',#3539,#3541);
#3543=EDGE_CURVE('',#3507,#3538,#3542,.T.);
#3544=ORIENTED_EDGE('',*,*,#3543,.F.);
#3545=ORIENTED_EDGE('',*,*,#3527,.F.);
#3546=CARTESIAN_POINT('',(-12.618795026617953,10.0,-664.162950903901450));
#3547=VERTEX_POINT('',#3546);
#3548=CARTESIAN_POINT('',(-12.618795026617953,10.0,-664.162950903901450));
#3549=DIRECTION('',(0.707106781186545,0.0,-0.707106781186550));
#3550=VECTOR('',#3549,36.000000000000156);
#3551=LINE('',#3548,#3550);
#3552=EDGE_CURVE('',#3547,#3516,#3551,.T.);
#3553=ORIENTED_EDGE('',*,*,#3552,.F.);
#3554=CARTESIAN_POINT('',(-12.618795026617953,10.0,-664.162950903901450));
#3555=DIRECTION('',(0.0,-1.0,0.0));
#3556=VECTOR('',#3555,20.0);
#3557=LINE('',#3554,#3556);
#3558=EDGE_CURVE('',#3547,#3538,#3557,.T.);
#3559=ORIENTED_EDGE('',*,*,#3558,.T.);
#3560=EDGE_LOOP('',(#3544,#3545,#3553,#3559));
#3561=FACE_OUTER_BOUND('',#3560,.T.);
#3562=ADVANCED_FACE('',(#3561),#3536,.F.);
#3563=CARTESIAN_POINT('',(-12.618795026617953,10.0,-664.162950903901450));
#3564=DIRECTION('',(-0.707106781186548,0.0,0.707106781186548));
#3565=DIRECTION('',(0.707106781186548,0.0,0.707106781186548));
#3566=AXIS2_PLACEMENT_3D('',#3563,#3564,#3565);
#3567=PLANE('',#3566);
#3568=CARTESIAN_POINT('',(20.414213562373185,-10.0,-631.129942314910410));
#3569=VERTEX_POINT('',#3568);
#3570=CARTESIAN_POINT('',(-12.618795026617953,-10.0,-664.162950903901450));
#3571=DIRECTION('',(0.707106781186549,0.0,0.707106781186546));
#3572=VECTOR('',#3571,46.715728752538134);
#3573=LINE('',#3570,#3572);
#3574=EDGE_CURVE('',#3538,#3569,#3573,.T.);
#3575=ORIENTED_EDGE('',*,*,#3574,.F.);
#3576=ORIENTED_EDGE('',*,*,#3558,.F.);
#3577=CARTESIAN_POINT('',(20.414213562373185,10.0,-631.129942314910410));
#3578=VERTEX_POINT('',#3577);
#3579=CARTESIAN_POINT('',(20.414213562373185,10.0,-631.129942314910410));
#3580=DIRECTION('',(-0.707106781186549,0.0,-0.707106781186546));
#3581=VECTOR('',#3580,46.715728752538134);
#3582=LINE('',#3579,#3581);
#3583=EDGE_CURVE('',#3578,#3547,#3582,.T.);
#3584=ORIENTED_EDGE('',*,*,#3583,.F.);
#3585=CARTESIAN_POINT('',(20.414213562373185,10.0,-631.129942314910410));
#3586=DIRECTION('',(0.0,-1.0,0.0));
#3587=VECTOR('',#3586,20.0);
#3588=LINE('',#3585,#3587);
#3589=EDGE_CURVE('',#3578,#3569,#3588,.T.);
#3590=ORIENTED_EDGE('',*,*,#3589,.T.);
#3591=EDGE_LOOP('',(#3575,#3576,#3584,#3590));
#3592=FACE_OUTER_BOUND('',#3591,.T.);
#3593=ADVANCED_FACE('',(#3592),#3567,.F.);
#3594=CARTESIAN_POINT('',(19.000000000000092,10.0,-629.715728752537300));
#3595=DIRECTION('',(0.0,-1.0,0.0));
#3596=DIRECTION('',(1.0,0.0,0.0));
#3597=AXIS2_PLACEMENT_3D('',#3594,#3595,#3596);
#3598=CYLINDRICAL_SURFACE('',#3597,1.999999999999992);
#3599=CARTESIAN_POINT('',(21.000000000000085,-10.0,-629.715728752537300));
#3600=VERTEX_POINT('',#3599);
#3601=CARTESIAN_POINT('',(19.000000000000092,-10.0,-629.715728752537300));
#3602=DIRECTION('',(0.0,-1.0,0.0));
#3603=DIRECTION('',(1.0,0.0,0.0));
#3604=AXIS2_PLACEMENT_3D('',#3601,#3602,#3603);
#3605=CIRCLE('',#3604,1.999999999999992);
#3606=EDGE_CURVE('',#3569,#3600,#3605,.T.);
#3607=ORIENTED_EDGE('',*,*,#3606,.F.);
#3608=ORIENTED_EDGE('',*,*,#3589,.F.);
#3609=CARTESIAN_POINT('',(21.000000000000085,10.0,-629.715728752537300));
#3610=VERTEX_POINT('',#3609);
#3611=CARTESIAN_POINT('',(19.000000000000092,10.0,-629.715728752537300));
#3612=DIRECTION('',(0.0,1.0,0.0));
#3613=DIRECTION('',(1.0,0.0,0.0));
#3614=AXIS2_PLACEMENT_3D('',#3611,#3612,#3613);
#3615=CIRCLE('',#3614,1.999999999999992);
#3616=EDGE_CURVE('',#3610,#3578,#3615,.T.);
#3617=ORIENTED_EDGE('',*,*,#3616,.F.);
#3618=CARTESIAN_POINT('',(21.000000000000085,10.0,-629.715728752537300));
#3619=DIRECTION('',(0.0,-1.0,0.0));
#3620=VECTOR('',#3619,20.0);
#3621=LINE('',#3618,#3620);
#3622=EDGE_CURVE('',#3610,#3600,#3621,.T.);
#3623=ORIENTED_EDGE('',*,*,#3622,.T.);
#3624=EDGE_LOOP('',(#3607,#3608,#3617,#3623));
#3625=FACE_OUTER_BOUND('',#3624,.T.);
#3626=ADVANCED_FACE('',(#3625),#3598,.T.);
#3627=CARTESIAN_POINT('',(21.000000000000085,10.0,-629.715728752537300));
#3628=DIRECTION('',(-1.0,0.0,0.0));
#3629=DIRECTION('',(0.0,0.0,1.0));
#3630=AXIS2_PLACEMENT_3D('',#3627,#3628,#3629);
#3631=PLANE('',#3630);
#3632=CARTESIAN_POINT('',(21.000000000000085,-10.0,-345.455844122714780));
#3633=VERTEX_POINT('',#3632);
#3634=CARTESIAN_POINT('',(21.000000000000085,-10.0,-629.715728752537300));
#3635=DIRECTION('',(0.0,0.0,1.0));
#3636=VECTOR('',#3635,284.259884629822520);
#3637=LINE('',#3634,#3636);
#3638=EDGE_CURVE('',#3600,#3633,#3637,.T.);
#3639=ORIENTED_EDGE('',*,*,#3638,.F.);
#3640=ORIENTED_EDGE('',*,*,#3622,.F.);
#3641=CARTESIAN_POINT('',(21.000000000000085,10.0,-345.455844122714780));
#3642=VERTEX_POINT('',#3641);
#3643=CARTESIAN_POINT('',(21.000000000000085,10.0,-345.455844122714780));
#3644=DIRECTION('',(0.0,0.0,-1.0));
#3645=VECTOR('',#3644,284.259884629822520);
#3646=LINE('',#3643,#3645);
#3647=EDGE_CURVE('',#3642,#3610,#3646,.T.);
#3648=ORIENTED_EDGE('',*,*,#3647,.F.);
#3649=CARTESIAN_POINT('',(21.000000000000085,10.0,-345.455844122714780));
#3650=DIRECTION('',(0.0,-1.0,0.0));
#3651=VECTOR('',#3650,20.0);
#3652=LINE('',#3649,#3651);
#3653=EDGE_CURVE('',#3642,#3633,#3652,.T.);
#3654=ORIENTED_EDGE('',*,*,#3653,.T.);
#3655=EDGE_LOOP('',(#3639,#3640,#3648,#3654));
#3656=FACE_OUTER_BOUND('',#3655,.T.);
#3657=ADVANCED_FACE('',(#3656),#3631,.F.);
#3658=CARTESIAN_POINT('',(21.000000000000085,10.0,-345.455844122714780));
#3659=DIRECTION('',(0.707106781186549,0.0,-0.707106781186546));
#3660=DIRECTION('',(-0.707106781186546,0.0,-0.707106781186549));
#3661=AXIS2_PLACEMENT_3D('',#3658,#3659,#3660);
#3662=PLANE('',#3661);
#3663=CARTESIAN_POINT('',(-23.162950903902253,-10.0,-389.618795026617360));
#3664=VERTEX_POINT('',#3663);
#3665=CARTESIAN_POINT('',(21.000000000000085,-10.0,-345.455844122714780));
#3666=DIRECTION('',(-0.707106781186546,0.0,-0.707106781186549));
#3667=VECTOR('',#3666,62.455844122716002);
#3668=LINE('',#3665,#3667);
#3669=EDGE_CURVE('',#3633,#3664,#3668,.T.);
#3670=ORIENTED_EDGE('',*,*,#3669,.F.);
#3671=ORIENTED_EDGE('',*,*,#3653,.F.);
#3672=CARTESIAN_POINT('',(-23.162950903902253,10.0,-389.618795026617360));
#3673=VERTEX_POINT('',#3672);
#3674=CARTESIAN_POINT('',(-23.162950903902253,10.0,-389.618795026617360));
#3675=DIRECTION('',(0.707106781186546,0.0,0.707106781186549));
#3676=VECTOR('',#3675,62.455844122716002);
#3677=LINE('',#3674,#3676);
#3678=EDGE_CURVE('',#3673,#3642,#3677,.T.);
#3679=ORIENTED_EDGE('',*,*,#3678,.F.);
#3680=CARTESIAN_POINT('',(-23.162950903902253,10.0,-389.618795026617360));
#3681=DIRECTION('',(0.0,-1.0,0.0));
#3682=VECTOR('',#3681,20.0);
#3683=LINE('',#3680,#3682);
#3684=EDGE_CURVE('',#3673,#3664,#3683,.T.);
#3685=ORIENTED_EDGE('',*,*,#3684,.T.);
#3686=EDGE_LOOP('',(#3670,#3671,#3679,#3685));
#3687=FACE_OUTER_BOUND('',#3686,.T.);
#3688=ADVANCED_FACE('',(#3687),#3662,.F.);
#3689=CARTESIAN_POINT('',(-23.162950903902253,10.0,-389.618795026617360));
#3690=DIRECTION('',(-0.707106781186547,0.0,-0.707106781186549));
#3691=DIRECTION('',(-0.707106781186549,0.0,0.707106781186547));
#3692=AXIS2_PLACEMENT_3D('',#3689,#3690,#3691);
#3693=PLANE('',#3692);
#3694=CARTESIAN_POINT('',(-23.162950903902253,-10.0,-389.618795026617360));
#3695=DIRECTION('',(-0.707106781186549,0.0,0.707106781186546));
#3696=VECTOR('',#3695,35.999999999999964);
#3697=LINE('',#3694,#3696);
#3698=EDGE_CURVE('',#3664,#3246,#3697,.T.);
#3699=ORIENTED_EDGE('',*,*,#3698,.F.);
#3700=ORIENTED_EDGE('',*,*,#3684,.F.);
#3701=CARTESIAN_POINT('',(-48.618795026617988,10.0,-364.162950903901730));
#3702=DIRECTION('',(0.707106781186549,0.0,-0.707106781186546));
#3703=VECTOR('',#3702,35.999999999999964);
#3704=LINE('',#3701,#3703);
#3705=EDGE_CURVE('',#3256,#3673,#3704,.T.);
#3706=ORIENTED_EDGE('',*,*,#3705,.F.);
#3707=ORIENTED_EDGE('',*,*,#3261,.T.);
#3708=EDGE_LOOP('',(#3699,#3700,#3706,#3707));
#3709=FACE_OUTER_BOUND('',#3708,.T.);
#3710=ADVANCED_FACE('',(#3709),#3693,.F.);
#3711=CARTESIAN_POINT('',(100.0,-10.0,0.0));
#3712=DIRECTION('',(1.0,0.0,0.0));
#3713=DIRECTION('',(0.0,0.0,-1.0));
#3714=AXIS2_PLACEMENT_3D('',#3711,#3712,#3713);
#3715=PLANE('',#3714);
#3716=CARTESIAN_POINT('',(100.0,-10.0,-713.0));
#3717=VERTEX_POINT('',#3716);
#3718=CARTESIAN_POINT('',(100.0,10.0,-713.0));
#3719=VERTEX_POINT('',#3718);
#3720=CARTESIAN_POINT('',(100.0,-10.0,-713.0));
#3721=DIRECTION('',(0.0,1.0,0.0));
#3722=VECTOR('',#3721,20.0);
#3723=LINE('',#3720,#3722);
#3724=EDGE_CURVE('',#3717,#3719,#3723,.T.);
#3725=ORIENTED_EDGE('',*,*,#3724,.T.);
#3726=CARTESIAN_POINT('',(100.0,10.0,0.0));
#3727=VERTEX_POINT('',#3726);
#3728=CARTESIAN_POINT('',(100.0,10.0,0.0));
#3729=DIRECTION('',(0.0,0.0,-1.0));
#3730=VECTOR('',#3729,713.0);
#3731=LINE('',#3728,#3730);
#3732=EDGE_CURVE('',#3727,#3719,#3731,.T.);
#3733=ORIENTED_EDGE('',*,*,#3732,.F.);
#3734=CARTESIAN_POINT('',(100.0,-10.0,0.0));
#3735=VERTEX_POINT('',#3734);
#3736=CARTESIAN_POINT('',(100.0,-10.0,0.0));
#3737=DIRECTION('',(0.0,1.0,0.0));
#3738=VECTOR('',#3737,20.0);
#3739=LINE('',#3736,#3738);
#3740=EDGE_CURVE('',#3735,#3727,#3739,.T.);
#3741=ORIENTED_EDGE('',*,*,#3740,.F.);
#3742=CARTESIAN_POINT('',(100.0,-10.0,0.0));
#3743=DIRECTION('',(0.0,0.0,-1.0));
#3744=VECTOR('',#3743,713.0);
#3745=LINE('',#3742,#3744);
#3746=EDGE_CURVE('',#3735,#3717,#3745,.T.);
#3747=ORIENTED_EDGE('',*,*,#3746,.T.);
#3748=EDGE_LOOP('',(#3725,#3733,#3741,#3747));
#3749=FACE_OUTER_BOUND('',#3748,.T.);
#3750=ADVANCED_FACE('',(#3749),#3715,.T.);
#3751=CARTESIAN_POINT('',(100.0,10.0,0.0));
#3752=DIRECTION('',(0.0,1.0,0.0));
#3753=DIRECTION('',(0.0,0.0,1.0));
#3754=AXIS2_PLACEMENT_3D('',#3751,#3752,#3753);
#3755=PLANE('',#3754);
#3756=CARTESIAN_POINT('',(-100.0,10.0,-713.0));
#3757=VERTEX_POINT('',#3756);
#3758=CARTESIAN_POINT('',(100.0,10.0,-713.0));
#3759=DIRECTION('',(-1.0,0.0,0.0));
#3760=VECTOR('',#3759,200.0);
#3761=LINE('',#3758,#3760);
#3762=EDGE_CURVE('',#3719,#3757,#3761,.T.);
#3763=ORIENTED_EDGE('',*,*,#3762,.T.);
#3764=CARTESIAN_POINT('',(-100.0,10.0,0.0));
#3765=VERTEX_POINT('',#3764);
#3766=CARTESIAN_POINT('',(-100.0,10.0,0.0));
#3767=DIRECTION('',(0.0,0.0,-1.0));
#3768=VECTOR('',#3767,713.0);
#3769=LINE('',#3766,#3768);
#3770=EDGE_CURVE('',#3765,#3757,#3769,.T.);
#3771=ORIENTED_EDGE('',*,*,#3770,.F.);
#3772=CARTESIAN_POINT('',(100.0,10.0,0.0));
#3773=DIRECTION('',(-1.0,0.0,0.0));
#3774=VECTOR('',#3773,200.0);
#3775=LINE('',#3772,#3774);
#3776=EDGE_CURVE('',#3727,#3765,#3775,.T.);
#3777=ORIENTED_EDGE('',*,*,#3776,.F.);
#3778=ORIENTED_EDGE('',*,*,#3732,.T.);
#3779=EDGE_LOOP('',(#3763,#3771,#3777,#3778));
#3780=FACE_OUTER_BOUND('',#3779,.T.);
#3781=ORIENTED_EDGE('',*,*,#3490,.T.);
#3782=ORIENTED_EDGE('',*,*,#3457,.T.);
#3783=ORIENTED_EDGE('',*,*,#3426,.T.);
#3784=ORIENTED_EDGE('',*,*,#3395,.T.);
#3785=ORIENTED_EDGE('',*,*,#3364,.T.);
#3786=ORIENTED_EDGE('',*,*,#3333,.T.);
#3787=ORIENTED_EDGE('',*,*,#3302,.T.);
#3788=ORIENTED_EDGE('',*,*,#3269,.T.);
#3789=ORIENTED_EDGE('',*,*,#3705,.T.);
#3790=ORIENTED_EDGE('',*,*,#3678,.T.);
#3791=ORIENTED_EDGE('',*,*,#3647,.T.);
#3792=ORIENTED_EDGE('',*,*,#3616,.T.);
#3793=ORIENTED_EDGE('',*,*,#3583,.T.);
#3794=ORIENTED_EDGE('',*,*,#3552,.T.);
#3795=ORIENTED_EDGE('',*,*,#3521,.T.);
#3796=EDGE_LOOP('',(#3781,#3782,#3783,#3784,#3785,#3786,#3787,#3788,#3789,#3790,#3791,#3792,#3793,#3794,#3795));
#3797=FACE_BOUND('',#3796,.T.);
#3798=ADVANCED_FACE('',(#3780,#3797),#3755,.T.);
#3799=CARTESIAN_POINT('',(-100.0,10.0,0.0));
#3800=DIRECTION('',(-1.0,0.0,0.0));
#3801=DIRECTION('',(0.0,0.0,1.0));
#3802=AXIS2_PLACEMENT_3D('',#3799,#3800,#3801);
#3803=PLANE('',#3802);
#3804=CARTESIAN_POINT('',(-100.0,-10.0,-713.0));
#3805=VERTEX_POINT('',#3804);
#3806=CARTESIAN_POINT('',(-100.0,10.0,-713.0));
#3807=DIRECTION('',(0.0,-1.0,0.0));
#3808=VECTOR('',#3807,20.0);
#3809=LINE('',#3806,#3808);
#3810=EDGE_CURVE('',#3757,#3805,#3809,.T.);
#3811=ORIENTED_EDGE('',*,*,#3810,.T.);
#3812=CARTESIAN_POINT('',(-100.0,-10.0,0.0));
#3813=VERTEX_POINT('',#3812);
#3814=CARTESIAN_POINT('',(-100.0,-10.0,0.0));
#3815=DIRECTION('',(0.0,0.0,-1.0));
#3816=VECTOR('',#3815,713.0);
#3817=LINE('',#3814,#3816);
#3818=EDGE_CURVE('',#3813,#3805,#3817,.T.);
#3819=ORIENTED_EDGE('',*,*,#3818,.F.);
#3820=CARTESIAN_POINT('',(-100.0,10.0,0.0));
#3821=DIRECTION('',(0.0,-1.0,0.0));
#3822=VECTOR('',#3821,20.0);
#3823=LINE('',#3820,#3822);
#3824=EDGE_CURVE('',#3765,#3813,#3823,.T.);
#3825=ORIENTED_EDGE('',*,*,#3824,.F.);
#3826=ORIENTED_EDGE('',*,*,#3770,.T.);
#3827=EDGE_LOOP('',(#3811,#3819,#3825,#3826));
#3828=FACE_OUTER_BOUND('',#3827,.T.);
#3829=ADVANCED_FACE('',(#3828),#3803,.T.);
#3830=CARTESIAN_POINT('',(-100.0,-10.0,0.0));
#3831=DIRECTION('',(0.0,-1.0,0.0));
#3832=DIRECTION('',(0.0,0.0,-1.0));
#3833=AXIS2_PLACEMENT_3D('',#3830,#3831,#3832);
#3834=PLANE('',#3833);
#3835=CARTESIAN_POINT('',(-100.0,-10.0,-713.0));
#3836=DIRECTION('',(1.0,0.0,0.0));
#3837=VECTOR('',#3836,200.0);
#3838=LINE('',#3835,#3837);
#3839=EDGE_CURVE('',#3805,#3717,#3838,.T.);
#3840=ORIENTED_EDGE('',*,*,#3839,.T.);
#3841=ORIENTED_EDGE('',*,*,#3746,.F.);
#3842=CARTESIAN_POINT('',(-100.0,-10.0,0.0));
#3843=DIRECTION('',(1.0,0.0,0.0));
#3844=VECTOR('',#3843,200.0);
#3845=LINE('',#3842,#3844);
#3846=EDGE_CURVE('',#3813,#3735,#3845,.T.);
#3847=ORIENTED_EDGE('',*,*,#3846,.F.);
#3848=ORIENTED_EDGE('',*,*,#3818,.T.);
#3849=EDGE_LOOP('',(#3840,#3841,#3847,#3848));
#3850=FACE_OUTER_BOUND('',#3849,.T.);
#3851=ORIENTED_EDGE('',*,*,#3480,.T.);
#3852=ORIENTED_EDGE('',*,*,#3512,.T.);
#3853=ORIENTED_EDGE('',*,*,#3543,.T.);
#3854=ORIENTED_EDGE('',*,*,#3574,.T.);
#3855=ORIENTED_EDGE('',*,*,#3606,.T.);
#3856=ORIENTED_EDGE('',*,*,#3638,.T.);
#3857=ORIENTED_EDGE('',*,*,#3669,.T.);
#3858=ORIENTED_EDGE('',*,*,#3698,.T.);
#3859=ORIENTED_EDGE('',*,*,#3253,.T.);
#3860=ORIENTED_EDGE('',*,*,#3292,.T.);
#3861=ORIENTED_EDGE('',*,*,#3324,.T.);
#3862=ORIENTED_EDGE('',*,*,#3355,.T.);
#3863=ORIENTED_EDGE('',*,*,#3386,.T.);
#3864=ORIENTED_EDGE('',*,*,#3417,.T.);
#3865=ORIENTED_EDGE('',*,*,#3448,.T.);
#3866=EDGE_LOOP('',(#3851,#3852,#3853,#3854,#3855,#3856,#3857,#3858,#3859,#3860,#3861,#3862,#3863,#3864,#3865));
#3867=FACE_BOUND('',#3866,.T.);
#3868=ADVANCED_FACE('',(#3850,#3867),#3834,.T.);
#3869=CARTESIAN_POINT('',(0.0,2.752619E-017,-713.0));
#3870=DIRECTION('',(0.0,0.0,1.0));
#3871=DIRECTION('',(1.0,0.0,0.0));
#3872=AXIS2_PLACEMENT_3D('',#3869,#3870,#3871);
#3873=PLANE('',#3872);
#3874=ORIENTED_EDGE('',*,*,#3724,.F.);
#3875=ORIENTED_EDGE('',*,*,#3839,.F.);
#3876=ORIENTED_EDGE('',*,*,#3810,.F.);
#3877=ORIENTED_EDGE('',*,*,#3762,.F.);
#3878=EDGE_LOOP('',(#3874,#3875,#3876,#3877));
#3879=FACE_OUTER_BOUND('',#3878,.T.);
#3880=ADVANCED_FACE('',(#3879),#3873,.F.);
#3881=CARTESIAN_POINT('',(0.0,-2.752619E-017,0.0));
#3882=DIRECTION('',(0.0,0.0,1.0));
#3883=DIRECTION('',(1.0,0.0,0.0));
#3884=AXIS2_PLACEMENT_3D('',#3881,#3882,#3883);
#3885=PLANE('',#3884);
#3886=ORIENTED_EDGE('',*,*,#3846,.T.);
#3887=ORIENTED_EDGE('',*,*,#3740,.T.);
#3888=ORIENTED_EDGE('',*,*,#3776,.T.);
#3889=ORIENTED_EDGE('',*,*,#3824,.T.);
#3890=EDGE_LOOP('',(#3886,#3887,#3888,#3889));
#3891=FACE_OUTER_BOUND('',#3890,.T.);
#3892=ADVANCED_FACE('',(#3891),#3885,.T.);
#3893=CLOSED_SHELL('',(#3279,#3312,#3343,#3374,#3405,#3436,#3467,#3500,#3531,#3562,#3593,#3626,#3657,#3688,#3710,#3750,#3798,#3829,#3868,#3880,#3892));
#3894=MANIFOLD_SOLID_BREP('',#3893);
#3895=STYLED_ITEM('',(#967),#3894);
#3896=ADVANCED_BREP_SHAPE_REPRESENTATION('ABSR',(#3894),#3208);
#3897=SHAPE_REPRESENTATION_RELATIONSHIP('SRR','None',#3896,#3213);
#3898=AXIS2_PLACEMENT_3D('',#3899,#3900,#3901);
#3899=CARTESIAN_POINT('',(-27.999999999999972,3.000000000000043,10.000000000000046));
#3900=DIRECTION('',(-1.000000000000002,-5.708758E-017,6.635317E-017));
#3901=DIRECTION('',(7.232214E-016,-0.999999999999999,2.428613E-016));
#3902=NEXT_ASSEMBLY_USAGE_OCCURRENCE('TopPanelL:1','TopPanelL:1','TopPanelL:1',#12,#3184,'TopPanelL:1');
#3903=PRODUCT_DEFINITION_SHAPE('TopPanelL:1','TopPanelL:1',#3902);
#3904=ITEM_DEFINED_TRANSFORMATION('TopPanelL:1','TopPanelL:1',#3209,#3898);
#3908=(REPRESENTATION_RELATIONSHIP('TopPanelL:1','TopPanelL:1',#3213,#41)REPRESENTATION_RELATIONSHIP_WITH_TRANSFORMATION(#3904)SHAPE_REPRESENTATION_RELATIONSHIP());
#3909=CONTEXT_DEPENDENT_SHAPE_REPRESENTATION(#3908,#3903);
#3910=APPLICATION_CONTEXT('automotive design');
#3911=APPLICATION_PROTOCOL_DEFINITION('International Standard','automotive_design',2001,#3910);
#3912=PRODUCT_CONTEXT('',#3910,'mechanical');
#3913=PRODUCT('AssSlider','AssSlider',$,(#3912));
#3914=PRODUCT_RELATED_PRODUCT_CATEGORY('part',$,(#3913));
#3915=PRODUCT_DEFINITION_FORMATION('',$,#3913);
#3916=PRODUCT_DEFINITION_CONTEXT('part definition',#3910,'design');
#3917=PRODUCT_DEFINITION('',$,#3915,#3916);
#3923=(NAMED_UNIT(*)PLANE_ANGLE_UNIT()SI_UNIT($,.RADIAN.));
#3924=DIMENSIONAL_EXPONENTS(0.0,0.0,0.0,0.0,0.0,0.0,0.0);
#3925=PLANE_ANGLE_MEASURE_WITH_UNIT(PLANE_ANGLE_MEASURE(0.017453292500000),#3923);
#3929=(CONVERSION_BASED_UNIT('DEGREE',#3925)NAMED_UNIT(#3924)PLANE_ANGLE_UNIT());
#3933=(NAMED_UNIT(*)SI_UNIT($,.STERADIAN.)SOLID_ANGLE_UNIT());
#3937=(LENGTH_UNIT()NAMED_UNIT(*)SI_UNIT(.MILLI.,.METRE.));
#3939=UNCERTAINTY_MEASURE_WITH_UNIT(LENGTH_MEASURE(0.010000000000000),#3937,'DISTANCE_ACCURACY_VALUE','');
#3941=(GEOMETRIC_REPRESENTATION_CONTEXT(3)GLOBAL_UNCERTAINTY_ASSIGNED_CONTEXT((#3939))GLOBAL_UNIT_ASSIGNED_CONTEXT((#3929,#3933,#3937))REPRESENTATION_CONTEXT('None','None'));
#3942=AXIS2_PLACEMENT_3D('',#3943,#3944,#3945);
#3943=CARTESIAN_POINT('',(0.0,0.0,0.0));
#3944=DIRECTION('',(0.0,0.0,1.0));
#3945=DIRECTION('',(1.0,0.0,0.0));
#3946=SHAPE_REPRESENTATION('',(#3942,#4788,#4955,#4967,#5174,#5186),#3941);
#3947=PRODUCT_DEFINITION_SHAPE('','',#3917);
#3948=SHAPE_DEFINITION_REPRESENTATION(#3947,#3946);
#3949=APPLICATION_CONTEXT('automotive design');
#3950=APPLICATION_PROTOCOL_DEFINITION('International Standard','automotive_design',2001,#3949);
#3951=PRODUCT_CONTEXT('',#3949,'mechanical');
#3952=PRODUCT('RollerBody','RollerBody',$,(#3951));
#3953=PRODUCT_RELATED_PRODUCT_CATEGORY('part',$,(#3952));
#3954=PRODUCT_DEFINITION_FORMATION('',$,#3952);
#3955=PRODUCT_DEFINITION_CONTEXT('part definition',#3949,'design');
#3956=PRODUCT_DEFINITION('',$,#3954,#3955);
#3962=(NAMED_UNIT(*)PLANE_ANGLE_UNIT()SI_UNIT($,.RADIAN.));
#3963=DIMENSIONAL_EXPONENTS(0.0,0.0,0.0,0.0,0.0,0.0,0.0);
#3964=PLANE_ANGLE_MEASURE_WITH_UNIT(PLANE_ANGLE_MEASURE(0.017453292500000),#3962);
#3968=(CONVERSION_BASED_UNIT('DEGREE',#3964)NAMED_UNIT(#3963)PLANE_ANGLE_UNIT());
#3972=(NAMED_UNIT(*)SI_UNIT($,.STERADIAN.)SOLID_ANGLE_UNIT());
#3976=(LENGTH_UNIT()NAMED_UNIT(*)SI_UNIT(.MILLI.,.METRE.));
#3978=UNCERTAINTY_MEASURE_WITH_UNIT(LENGTH_MEASURE(0.010000000000000),#3976,'DISTANCE_ACCURACY_VALUE','');
#3980=(GEOMETRIC_REPRESENTATION_CONTEXT(3)GLOBAL_UNCERTAINTY_ASSIGNED_CONTEXT((#3978))GLOBAL_UNIT_ASSIGNED_CONTEXT((#3968,#3972,#3976))REPRESENTATION_CONTEXT('None','None'));
#3981=AXIS2_PLACEMENT_3D('',#3982,#3983,#3984);
#3982=CARTESIAN_POINT('',(0.0,0.0,0.0));
#3983=DIRECTION('',(0.0,0.0,1.0));
#3984=DIRECTION('',(1.0,0.0,0.0));
#3985=SHAPE_REPRESENTATION('',(#3981),#3980);
#3986=PRODUCT_DEFINITION_SHAPE('','',#3956);
#3987=SHAPE_DEFINITION_REPRESENTATION(#3986,#3985);
#3993=(NAMED_UNIT(*)PLANE_ANGLE_UNIT()SI_UNIT($,.RADIAN.));
#3994=DIMENSIONAL_EXPONENTS(0.0,0.0,0.0,0.0,0.0,0.0,0.0);
#3995=PLANE_ANGLE_MEASURE_WITH_UNIT(PLANE_ANGLE_MEASURE(0.017453292500000),#3993);
#3999=(CONVERSION_BASED_UNIT('DEGREE',#3995)NAMED_UNIT(#3994)PLANE_ANGLE_UNIT());
#4003=(NAMED_UNIT(*)SI_UNIT($,.STERADIAN.)SOLID_ANGLE_UNIT());
#4007=(LENGTH_UNIT()NAMED_UNIT(*)SI_UNIT(.MILLI.,.METRE.));
#4009=UNCERTAINTY_MEASURE_WITH_UNIT(LENGTH_MEASURE(0.000001000000000),#4007,'DISTANCE_ACCURACY_VALUE','');
#4011=(GEOMETRIC_REPRESENTATION_CONTEXT(3)GLOBAL_UNCERTAINTY_ASSIGNED_CONTEXT((#4009))GLOBAL_UNIT_ASSIGNED_CONTEXT((#3999,#4003,#4007))REPRESENTATION_CONTEXT('','3D'));
#4012=CARTESIAN_POINT('',(0.0,7.000000000000001,0.0));
#4013=DIRECTION('',(0.0,1.0,0.0));
#4014=DIRECTION('',(-1.0,0.0,0.0));
#4015=AXIS2_PLACEMENT_3D('',#4012,#4013,#4014);
#4016=CYLINDRICAL_SURFACE('',#4015,4.0);
#4017=CARTESIAN_POINT('',(4.0,22.0,-4.898587E-016));
#4018=VERTEX_POINT('',#4017);
#4019=CARTESIAN_POINT('',(0.0,22.0,0.0));
#4020=DIRECTION('',(0.0,-1.0,0.0));
#4021=DIRECTION('',(-1.0,0.0,0.0));
#4022=AXIS2_PLACEMENT_3D('',#4019,#4020,#4021);
#4023=CIRCLE('',#4022,4.0);
#4024=EDGE_CURVE('',#4018,#4018,#4023,.T.);
#4025=ORIENTED_EDGE('',*,*,#4024,.T.);
#4026=EDGE_LOOP('',(#4025));
#4027=FACE_OUTER_BOUND('',#4026,.T.);
#4028=CARTESIAN_POINT('',(4.0,7.000000000000001,-4.898587E-016));
#4029=VERTEX_POINT('',#4028);
#4030=CARTESIAN_POINT('',(0.0,7.000000000000001,0.0));
#4031=DIRECTION('',(0.0,-1.0,0.0));
#4032=DIRECTION('',(-1.0,0.0,0.0));
#4033=AXIS2_PLACEMENT_3D('',#4030,#4031,#4032);
#4034=CIRCLE('',#4033,4.0);
#4035=EDGE_CURVE('',#4029,#4029,#4034,.T.);
#4036=ORIENTED_EDGE('',*,*,#4035,.F.);
#4037=EDGE_LOOP('',(#4036));
#4038=FACE_BOUND('',#4037,.T.);
#4039=ADVANCED_FACE('',(#4027,#4038),#4016,.T.);
#4040=CARTESIAN_POINT('',(0.0,22.0,0.0));
#4041=DIRECTION('',(0.0,-1.0,0.0));
#4042=DIRECTION('',(0.0,0.0,-1.0));
#4043=AXIS2_PLACEMENT_3D('',#4040,#4041,#4042);
#4044=PLANE('',#4043);
#4045=ORIENTED_EDGE('',*,*,#4024,.F.);
#4046=EDGE_LOOP('',(#4045));
#4047=FACE_OUTER_BOUND('',#4046,.T.);
#4048=ADVANCED_FACE('',(#4047),#4044,.F.);
#4049=CARTESIAN_POINT('',(-14.999999999999998,-4.000000000000002,9.0));
#4050=DIRECTION('',(0.0,-1.0,0.0));
#4051=DIRECTION('',(0.0,0.0,-1.0));
#4052=AXIS2_PLACEMENT_3D('',#4049,#4050,#4051);
#4053=PLANE('',#4052);
#4054=CARTESIAN_POINT('',(-14.999999999999998,-4.000000000000002,-9.0));
#4055=VERTEX_POINT('',#4054);
#4056=CARTESIAN_POINT('',(-5.0,-4.000000000000000,-9.0));
#4057=VERTEX_POINT('',#4056);
#4058=CARTESIAN_POINT('',(-14.999999999999998,-4.000000000000002,-9.0));
#4059=DIRECTION('',(1.0,0.0,0.0));
#4060=VECTOR('',#4059,9.999999999999998);
#4061=LINE('',#4058,#4060);
#4062=EDGE_CURVE('',#4055,#4057,#4061,.T.);
#4063=ORIENTED_EDGE('',*,*,#4062,.F.);
#4064=CARTESIAN_POINT('',(-14.999999999999998,-4.000000000000002,9.0));
#4065=VERTEX_POINT('',#4064);
#4066=CARTESIAN_POINT('',(-14.999999999999998,-4.000000000000002,9.0));
#4067=DIRECTION('',(0.0,0.0,-1.0));
#4068=VECTOR('',#4067,18.0);
#4069=LINE('',#4066,#4068);
#4070=EDGE_CURVE('',#4065,#4055,#4069,.T.);
#4071=ORIENTED_EDGE('',*,*,#4070,.F.);
#4072=CARTESIAN_POINT('',(-5.0,-4.000000000000000,9.0));
#4073=VERTEX_POINT('',#4072);
#4074=CARTESIAN_POINT('',(-5.0,-4.000000000000000,9.0));
#4075=DIRECTION('',(-1.0,0.0,0.0));
#4076=VECTOR('',#4075,9.999999999999998);
#4077=LINE('',#4074,#4076);
#4078=EDGE_CURVE('',#4073,#4065,#4077,.T.);
#4079=ORIENTED_EDGE('',*,*,#4078,.F.);
#4080=CARTESIAN_POINT('',(-5.0,-4.000000000000000,9.0));
#4081=DIRECTION('',(0.0,0.0,-1.0));
#4082=VECTOR('',#4081,18.0);
#4083=LINE('',#4080,#4082);
#4084=EDGE_CURVE('',#4073,#4057,#4083,.T.);
#4085=ORIENTED_EDGE('',*,*,#4084,.T.);
#4086=EDGE_LOOP('',(#4063,#4071,#4079,#4085));
#4087=FACE_OUTER_BOUND('',#4086,.T.);
#4088=ADVANCED_FACE('',(#4087),#4053,.F.);
#4089=CARTESIAN_POINT('',(-5.0,-4.000000000000000,9.0));
#4090=DIRECTION('',(1.0,0.0,0.0));
#4091=DIRECTION('',(0.0,0.0,-1.0));
#4092=AXIS2_PLACEMENT_3D('',#4089,#4090,#4091);
#4093=PLANE('',#4092);
#4094=CARTESIAN_POINT('',(-5.0,7.000000000000001,-9.0));
#4095=VERTEX_POINT('',#4094);
#4096=CARTESIAN_POINT('',(-5.0,-4.000000000000000,-9.0));
#4097=DIRECTION('',(0.0,1.0,0.0));
#4098=VECTOR('',#4097,11.0);
#4099=LINE('',#4096,#4098);
#4100=EDGE_CURVE('',#4057,#4095,#4099,.T.);
#4101=ORIENTED_EDGE('',*,*,#4100,.F.);
#4102=ORIENTED_EDGE('',*,*,#4084,.F.);
#4103=CARTESIAN_POINT('',(-5.0,7.000000000000001,9.0));
#4104=VERTEX_POINT('',#4103);
#4105=CARTESIAN_POINT('',(-5.0,7.000000000000001,9.0));
#4106=DIRECTION('',(0.0,-1.0,0.0));
#4107=VECTOR('',#4106,11.0);
#4108=LINE('',#4105,#4107);
#4109=EDGE_CURVE('',#4104,#4073,#4108,.T.);
#4110=ORIENTED_EDGE('',*,*,#4109,.F.);
#4111=CARTESIAN_POINT('',(-5.0,7.000000000000001,-9.0));
#4112=DIRECTION('',(0.0,0.0,1.0));
#4113=VECTOR('',#4112,18.0);
#4114=LINE('',#4111,#4113);
#4115=EDGE_CURVE('',#4095,#4104,#4114,.T.);
#4116=ORIENTED_EDGE('',*,*,#4115,.F.);
#4117=EDGE_LOOP('',(#4101,#4102,#4110,#4116));
#4118=FACE_OUTER_BOUND('',#4117,.T.);
#4119=ADVANCED_FACE('',(#4118),#4093,.F.);
#4120=CARTESIAN_POINT('',(5.0,7.0,9.0));
#4121=DIRECTION('',(-1.0,0.0,0.0));
#4122=DIRECTION('',(0.0,0.0,1.0));
#4123=AXIS2_PLACEMENT_3D('',#4120,#4121,#4122);
#4124=PLANE('',#4123);
#4125=CARTESIAN_POINT('',(5.0,7.0,-9.0));
#4126=VERTEX_POINT('',#4125);
#4127=CARTESIAN_POINT('',(5.0,-4.0,-9.0));
#4128=VERTEX_POINT('',#4127);
#4129=CARTESIAN_POINT('',(5.0,7.0,-9.0));
#4130=DIRECTION('',(0.0,-1.0,0.0));
#4131=VECTOR('',#4130,11.0);
#4132=LINE('',#4129,#4131);
#4133=EDGE_CURVE('',#4126,#4128,#4132,.T.);
#4134=ORIENTED_EDGE('',*,*,#4133,.F.);
#4135=CARTESIAN_POINT('',(5.0,7.0,9.0));
#4136=VERTEX_POINT('',#4135);
#4137=CARTESIAN_POINT('',(5.0,7.0,9.0));
#4138=DIRECTION('',(0.0,0.0,-1.0));
#4139=VECTOR('',#4138,18.0);
#4140=LINE('',#4137,#4139);
#4141=EDGE_CURVE('',#4136,#4126,#4140,.T.);
#4142=ORIENTED_EDGE('',*,*,#4141,.F.);
#4143=CARTESIAN_POINT('',(5.0,-4.0,9.0));
#4144=VERTEX_POINT('',#4143);
#4145=CARTESIAN_POINT('',(5.0,-4.0,9.0));
#4146=DIRECTION('',(0.0,1.0,0.0));
#4147=VECTOR('',#4146,11.0);
#4148=LINE('',#4145,#4147);
#4149=EDGE_CURVE('',#4144,#4136,#4148,.T.);
#4150=ORIENTED_EDGE('',*,*,#4149,.F.);
#4151=CARTESIAN_POINT('',(5.0,-4.0,9.0));
#4152=DIRECTION('',(0.0,0.0,-1.0));
#4153=VECTOR('',#4152,18.0);
#4154=LINE('',#4151,#4153);
#4155=EDGE_CURVE('',#4144,#4128,#4154,.T.);
#4156=ORIENTED_EDGE('',*,*,#4155,.T.);
#4157=EDGE_LOOP('',(#4134,#4142,#4150,#4156));
#4158=FACE_OUTER_BOUND('',#4157,.T.);
#4159=ADVANCED_FACE('',(#4158),#4124,.F.);
#4160=CARTESIAN_POINT('',(5.0,-4.0,9.0));
#4161=DIRECTION('',(0.0,-1.0,0.0));
#4162=DIRECTION('',(0.0,0.0,-1.0));
#4163=AXIS2_PLACEMENT_3D('',#4160,#4161,#4162);
#4164=PLANE('',#4163);
#4165=CARTESIAN_POINT('',(15.000000000000004,-3.999999999999997,-9.0));
#4166=VERTEX_POINT('',#4165);
#4167=CARTESIAN_POINT('',(5.0,-4.0,-9.0));
#4168=DIRECTION('',(1.0,0.0,0.0));
#4169=VECTOR('',#4168,10.000000000000004);
#4170=LINE('',#4167,#4169);
#4171=EDGE_CURVE('',#4128,#4166,#4170,.T.);
#4172=ORIENTED_EDGE('',*,*,#4171,.F.);
#4173=ORIENTED_EDGE('',*,*,#4155,.F.);
#4174=CARTESIAN_POINT('',(15.000000000000004,-3.999999999999997,9.0));
#4175=VERTEX_POINT('',#4174);
#4176=CARTESIAN_POINT('',(15.000000000000004,-3.999999999999997,9.0));
#4177=DIRECTION('',(-1.0,0.0,0.0));
#4178=VECTOR('',#4177,10.000000000000004);
#4179=LINE('',#4176,#4178);
#4180=EDGE_CURVE('',#4175,#4144,#4179,.T.);
#4181=ORIENTED_EDGE('',*,*,#4180,.F.);
#4182=CARTESIAN_POINT('',(15.000000000000004,-3.999999999999997,-9.0));
#4183=DIRECTION('',(0.0,0.0,1.0));
#4184=VECTOR('',#4183,18.0);
#4185=LINE('',#4182,#4184);
#4186=EDGE_CURVE('',#4166,#4175,#4185,.T.);
#4187=ORIENTED_EDGE('',*,*,#4186,.F.);
#4188=EDGE_LOOP('',(#4172,#4173,#4181,#4187));
#4189=FACE_OUTER_BOUND('',#4188,.T.);
#4190=ADVANCED_FACE('',(#4189),#4164,.F.);
#4191=CARTESIAN_POINT('',(-15.0,-7.000000000000001,0.0));
#4192=DIRECTION('',(-1.0,0.0,0.0));
#4193=DIRECTION('',(0.0,0.0,1.0));
#4194=AXIS2_PLACEMENT_3D('',#4191,#4192,#4193);
#4195=PLANE('',#4194);
#4196=ORIENTED_EDGE('',*,*,#4070,.T.);
#4197=CARTESIAN_POINT('',(-15.0,-7.000000000000001,-9.0));
#4198=VERTEX_POINT('',#4197);
#4199=CARTESIAN_POINT('',(-14.999999999999998,-4.000000000000002,-9.0));
#4200=DIRECTION('',(0.0,-1.0,0.0));
#4201=VECTOR('',#4200,2.999999999999999);
#4202=LINE('',#4199,#4201);
#4203=EDGE_CURVE('',#4055,#4198,#4202,.T.);
#4204=ORIENTED_EDGE('',*,*,#4203,.T.);
#4205=CARTESIAN_POINT('',(-15.0,-7.000000000000001,9.0));
#4206=VERTEX_POINT('',#4205);
#4207=CARTESIAN_POINT('',(-15.0,-7.000000000000001,9.0));
#4208=DIRECTION('',(0.0,0.0,-1.0));
#4209=VECTOR('',#4208,18.0);
#4210=LINE('',#4207,#4209);
#4211=EDGE_CURVE('',#4206,#4198,#4210,.T.);
#4212=ORIENTED_EDGE('',*,*,#4211,.F.);
#4213=CARTESIAN_POINT('',(-15.0,-7.000000000000001,9.0));
#4214=DIRECTION('',(0.0,1.0,0.0));
#4215=VECTOR('',#4214,2.999999999999999);
#4216=LINE('',#4213,#4215);
#4217=EDGE_CURVE('',#4206,#4065,#4216,.T.);
#4218=ORIENTED_EDGE('',*,*,#4217,.T.);
#4219=EDGE_LOOP('',(#4196,#4204,#4212,#4218));
#4220=FACE_OUTER_BOUND('',#4219,.T.);
#4221=ADVANCED_FACE('',(#4220),#4195,.T.);
#4222=CARTESIAN_POINT('',(0.0,0.0,9.0));
#4223=DIRECTION('',(0.0,0.0,1.0));
#4224=DIRECTION('',(1.0,0.0,0.0));
#4225=AXIS2_PLACEMENT_3D('',#4222,#4223,#4224);
#4226=PLANE('',#4225);
#4227=ORIENTED_EDGE('',*,*,#4109,.T.);
#4228=ORIENTED_EDGE('',*,*,#4078,.T.);
#4229=ORIENTED_EDGE('',*,*,#4217,.F.);
#4230=CARTESIAN_POINT('',(15.0,-7.000000000000001,9.0));
#4231=VERTEX_POINT('',#4230);
#4232=CARTESIAN_POINT('',(15.0,-7.000000000000001,9.0));
#4233=DIRECTION('',(-1.0,0.0,0.0));
#4234=VECTOR('',#4233,30.0);
#4235=LINE('',#4232,#4234);
#4236=EDGE_CURVE('',#4231,#4206,#4235,.T.);
#4237=ORIENTED_EDGE('',*,*,#4236,.F.);
#4238=CARTESIAN_POINT('',(15.000000000000004,-3.999999999999997,9.0));
#4239=DIRECTION('',(0.0,-1.0,0.0));
#4240=VECTOR('',#4239,3.000000000000004);
#4241=LINE('',#4238,#4240);
#4242=EDGE_CURVE('',#4175,#4231,#4241,.T.);
#4243=ORIENTED_EDGE('',*,*,#4242,.F.);
#4244=ORIENTED_EDGE('',*,*,#4180,.T.);
#4245=ORIENTED_EDGE('',*,*,#4149,.T.);
#4246=CARTESIAN_POINT('',(-5.0,7.000000000000001,9.0));
#4247=DIRECTION('',(1.0,0.0,0.0));
#4248=VECTOR('',#4247,10.0);
#4249=LINE('',#4246,#4248);
#4250=EDGE_CURVE('',#4104,#4136,#4249,.T.);
#4251=ORIENTED_EDGE('',*,*,#4250,.F.);
#4252=EDGE_LOOP('',(#4227,#4228,#4229,#4237,#4243,#4244,#4245,#4251));
#4253=FACE_OUTER_BOUND('',#4252,.T.);
#4254=CARTESIAN_POINT('',(0.0,-1.999999999999998,9.0));
#4255=VERTEX_POINT('',#4254);
#4256=CARTESIAN_POINT('',(0.0,2.000000000000001,9.0));
#4257=DIRECTION('',(0.0,0.0,-1.0));
#4258=DIRECTION('',(0.0,-1.0,0.0));
#4259=AXIS2_PLACEMENT_3D('',#4256,#4257,#4258);
#4260=CIRCLE('',#4259,3.999999999999999);
#4261=EDGE_CURVE('',#4255,#4255,#4260,.T.);
#4262=ORIENTED_EDGE('',*,*,#4261,.T.);
#4263=EDGE_LOOP('',(#4262));
#4264=FACE_BOUND('',#4263,.T.);
#4265=ADVANCED_FACE('',(#4253,#4264),#4226,.T.);
#4266=CARTESIAN_POINT('',(0.0,-7.000000000000001,0.0));
#4267=DIRECTION('',(0.0,-1.0,0.0));
#4268=DIRECTION('',(-1.0,0.0,0.0));
#4269=AXIS2_PLACEMENT_3D('',#4266,#4267,#4268);
#4270=CYLINDRICAL_SURFACE('',#4269,2.0);
#4271=CARTESIAN_POINT('',(2.0,-15.0,2.449294E-016));
#4272=VERTEX_POINT('',#4271);
#4273=CARTESIAN_POINT('',(0.0,-15.0,0.0));
#4274=DIRECTION('',(0.0,1.0,0.0));
#4275=DIRECTION('',(-1.0,0.0,0.0));
#4276=AXIS2_PLACEMENT_3D('',#4273,#4274,#4275);
#4277=CIRCLE('',#4276,2.0);
#4278=EDGE_CURVE('',#4272,#4272,#4277,.T.);
#4279=ORIENTED_EDGE('',*,*,#4278,.T.);
#4280=EDGE_LOOP('',(#4279));
#4281=FACE_OUTER_BOUND('',#4280,.T.);
#4282=CARTESIAN_POINT('',(2.0,-7.000000000000001,2.449294E-016));
#4283=VERTEX_POINT('',#4282);
#4284=CARTESIAN_POINT('',(0.0,-7.000000000000001,0.0));
#4285=DIRECTION('',(0.0,1.0,0.0));
#4286=DIRECTION('',(-1.0,0.0,0.0));
#4287=AXIS2_PLACEMENT_3D('',#4284,#4285,#4286);
#4288=CIRCLE('',#4287,2.0);
#4289=EDGE_CURVE('',#4283,#4283,#4288,.T.);
#4290=ORIENTED_EDGE('',*,*,#4289,.F.);
#4291=EDGE_LOOP('',(#4290));
#4292=FACE_BOUND('',#4291,.T.);
#4293=ADVANCED_FACE('',(#4281,#4292),#4270,.T.);
#4294=CARTESIAN_POINT('',(0.0,-15.0,0.0));
#4295=DIRECTION('',(0.0,1.0,0.0));
#4296=DIRECTION('',(0.0,0.0,1.0));
#4297=AXIS2_PLACEMENT_3D('',#4294,#4295,#4296);
#4298=PLANE('',#4297);
#4299=ORIENTED_EDGE('',*,*,#4278,.F.);
#4300=EDGE_LOOP('',(#4299));
#4301=FACE_OUTER_BOUND('',#4300,.T.);
#4302=ADVANCED_FACE('',(#4301),#4298,.F.);
#4303=CARTESIAN_POINT('',(-4.898425E-016,6.0,-9.0));
#4304=CARTESIAN_POINT('',(-4.898425E-016,6.0,-9.999999999999998));
#4305=CARTESIAN_POINT('',(-3.999999999999999,5.999999999999998,-9.0));
#4306=CARTESIAN_POINT('',(-3.999999999999999,5.999999999999998,-9.999999999999998));
#4307=CARTESIAN_POINT('',(-3.999999999999999,2.000000000000000,-9.0));
#4308=CARTESIAN_POINT('',(-3.999999999999999,2.000000000000000,-9.999999999999998));
#4309=CARTESIAN_POINT('',(-3.999999999999997,-1.999999999999998,-9.0));
#4310=CARTESIAN_POINT('',(-3.999999999999997,-1.999999999999998,-9.999999999999998));
#4311=CARTESIAN_POINT('',(4.898425E-016,-1.999999999999998,-9.0));
#4312=CARTESIAN_POINT('',(4.898425E-016,-1.999999999999998,-9.999999999999998));
#4313=CARTESIAN_POINT('',(3.999999999999999,-1.999999999999997,-9.0));
#4314=CARTESIAN_POINT('',(3.999999999999999,-1.999999999999997,-9.999999999999998));
#4315=CARTESIAN_POINT('',(3.999999999999999,2.000000000000001,-9.0));
#4316=CARTESIAN_POINT('',(3.999999999999999,2.000000000000001,-9.999999999999998));
#4317=CARTESIAN_POINT('',(3.999999999999997,6.0,-9.0));
#4318=CARTESIAN_POINT('',(3.999999999999997,6.0,-9.999999999999998));
#4319=CARTESIAN_POINT('',(-4.898425E-016,6.0,-9.0));
#4320=CARTESIAN_POINT('',(-4.898425E-016,6.0,-9.999999999999998));
#4328=(BOUNDED_SURFACE()B_SPLINE_SURFACE(1,2,((#4303,#4305,#4307,#4309,#4311,#4313,#4315,#4317,#4319),(#4304,#4306,#4308,#4310,#4312,#4314,#4316,#4318,#4320)),.UNSPECIFIED.,.F.,.T.,.U.)B_SPLINE_SURFACE_WITH_KNOTS((2,2),(3,2,2,2,3),(-0.125000000000000,0.125000000000000),(0.0,6.283185307179585,12.566370614359169,18.849555921538755,25.132741228718338),.UNSPECIFIED.)GEOMETRIC_REPRESENTATION_ITEM()RATIONAL_B_SPLINE_SURFACE(((1.0,0.707106781186548,1.0,0.707106781186548,1.0,0.707106781186548,1.0,0.707106781186548,1.0),(1.0,0.707106781186548,1.0,0.707106781186548,1.0,0.707106781186548,1.0,0.707106781186548,1.0)))REPRESENTATION_ITEM('')SURFACE());
#4329=CARTESIAN_POINT('',(0.0,-1.999999999999999,-9.999999999999998));
#4330=VERTEX_POINT('',#4329);
#4331=CARTESIAN_POINT('',(0.0,2.000000000000001,-9.999999999999998));
#4332=DIRECTION('',(0.0,0.0,1.0));
#4333=DIRECTION('',(0.0,-1.0,0.0));
#4334=AXIS2_PLACEMENT_3D('',#4331,#4332,#4333);
#4335=CIRCLE('',#4334,4.000000000000000);
#4336=EDGE_CURVE('',#4330,#4330,#4335,.T.);
#4337=ORIENTED_EDGE('',*,*,#4336,.T.);
#4338=EDGE_LOOP('',(#4337));
#4339=FACE_OUTER_BOUND('',#4338,.T.);
#4340=CARTESIAN_POINT('',(0.0,-1.999999999999998,-9.0));
#4341=VERTEX_POINT('',#4340);
#4342=CARTESIAN_POINT('',(0.0,2.000000000000001,-9.0));
#4343=DIRECTION('',(0.0,0.0,1.0));
#4344=DIRECTION('',(0.0,-1.0,0.0));
#4345=AXIS2_PLACEMENT_3D('',#4342,#4343,#4344);
#4346=CIRCLE('',#4345,3.999999999999999);
#4347=EDGE_CURVE('',#4341,#4341,#4346,.T.);
#4348=ORIENTED_EDGE('',*,*,#4347,.F.);
#4349=EDGE_LOOP('',(#4348));
#4350=FACE_BOUND('',#4349,.T.);
#4351=ADVANCED_FACE('',(#4339,#4350),#4328,.T.);
#4352=CARTESIAN_POINT('',(-4.000000000000000,5.999999999999999,-10.0));
#4353=CARTESIAN_POINT('',(4.000000000000000,5.999999999999999,-10.0));
#4354=CARTESIAN_POINT('',(-4.000000000000000,-1.999999999999999,-9.999999999999998));
#4355=CARTESIAN_POINT('',(4.000000000000000,-1.999999999999999,-10.0));
#4356=B_SPLINE_SURFACE_WITH_KNOTS('',1,1,((#4352,#4354),(#4353,#4355)),.UNSPECIFIED.,.F.,.F.,.U.,(2,2),(2,2),(0.0,7.999999999999999),(0.0,7.999999999999998),.UNSPECIFIED.);
#4357=ORIENTED_EDGE('',*,*,#4336,.F.);
#4358=EDGE_LOOP('',(#4357));
#4359=FACE_OUTER_BOUND('',#4358,.T.);
#4360=CARTESIAN_POINT('',(0.0,-0.999999999999999,-9.999999999999998));
#4361=VERTEX_POINT('',#4360);
#4362=CARTESIAN_POINT('',(0.0,2.000000000000001,-9.999999999999998));
#4363=DIRECTION('',(0.0,0.0,1.0));
#4364=DIRECTION('',(0.0,-1.0,0.0));
#4365=AXIS2_PLACEMENT_3D('',#4362,#4363,#4364);
#4366=CIRCLE('',#4365,2.999999999999999);
#4367=EDGE_CURVE('',#4361,#4361,#4366,.T.);
#4368=ORIENTED_EDGE('',*,*,#4367,.T.);
#4369=EDGE_LOOP('',(#4368));
#4370=FACE_BOUND('',#4369,.T.);
#4371=ADVANCED_FACE('',(#4359,#4370),#4356,.T.);
#4372=CARTESIAN_POINT('',(-3.673819E-016,5.0,-9.999999999999998));
#4373=CARTESIAN_POINT('',(-3.673819E-016,5.0,-15.999999999999998));
#4374=CARTESIAN_POINT('',(-3.000000000000000,4.999999999999999,-9.999999999999998));
#4375=CARTESIAN_POINT('',(-3.0,4.999999999999998,-15.999999999999998));
#4376=CARTESIAN_POINT('',(-3.000000000000000,2.0,-9.999999999999998));
#4377=CARTESIAN_POINT('',(-3.000000000000000,1.999999999999999,-15.999999999999998));
#4378=CARTESIAN_POINT('',(-2.999999999999999,-0.999999999999999,-9.999999999999998));
#4379=CARTESIAN_POINT('',(-2.999999999999999,-1.000000000000000,-15.999999999999998));
#4380=CARTESIAN_POINT('',(3.673819E-016,-0.999999999999999,-9.999999999999998));
#4381=CARTESIAN_POINT('',(3.673819E-016,-1.000000000000001,-15.999999999999998));
#4382=CARTESIAN_POINT('',(3.000000000000000,-0.999999999999998,-9.999999999999998));
#4383=CARTESIAN_POINT('',(3.0,-1.000000000000000,-15.999999999999998));
#4384=CARTESIAN_POINT('',(3.000000000000000,2.000000000000001,-9.999999999999998));
#4385=CARTESIAN_POINT('',(3.000000000000000,2.0,-15.999999999999998));
#4386=CARTESIAN_POINT('',(2.999999999999999,5.0,-9.999999999999998));
#4387=CARTESIAN_POINT('',(2.999999999999999,5.0,-15.999999999999998));
#4388=CARTESIAN_POINT('',(-3.673819E-016,5.0,-9.999999999999998));
#4389=CARTESIAN_POINT('',(-3.673819E-016,5.0,-15.999999999999998));
#4397=(BOUNDED_SURFACE()B_SPLINE_SURFACE(1,2,((#4372,#4374,#4376,#4378,#4380,#4382,#4384,#4386,#4388),(#4373,#4375,#4377,#4379,#4381,#4383,#4385,#4387,#4389)),.UNSPECIFIED.,.F.,.T.,.U.)B_SPLINE_SURFACE_WITH_KNOTS((2,2),(3,2,2,2,3),(-1.0,1.0),(0.0,4.712388980384690,9.424777960769379,14.137166941154069,18.849555921538759),.UNSPECIFIED.)GEOMETRIC_REPRESENTATION_ITEM()RATIONAL_B_SPLINE_SURFACE(((1.0,0.707106781186548,1.0,0.707106781186548,1.0,0.707106781186548,1.0,0.707106781186548,1.0),(1.0,0.707106781186548,1.0,0.707106781186548,1.0,0.707106781186548,1.0,0.707106781186548,1.0)))REPRESENTATION_ITEM('')SURFACE());
#4398=CARTESIAN_POINT('',(0.0,-1.000000000000001,-15.999999999999998));
#4399=VERTEX_POINT('',#4398);
#4400=CARTESIAN_POINT('',(0.0,2.000000000000000,-15.999999999999998));
#4401=DIRECTION('',(0.0,0.0,1.0));
#4402=DIRECTION('',(0.0,-1.0,0.0));
#4403=AXIS2_PLACEMENT_3D('',#4400,#4401,#4402);
#4404=CIRCLE('',#4403,3.000000000000000);
#4405=EDGE_CURVE('',#4399,#4399,#4404,.T.);
#4406=ORIENTED_EDGE('',*,*,#4405,.T.);
#4407=EDGE_LOOP('',(#4406));
#4408=FACE_OUTER_BOUND('',#4407,.T.);
#4409=ORIENTED_EDGE('',*,*,#4367,.F.);
#4410=EDGE_LOOP('',(#4409));
#4411=FACE_BOUND('',#4410,.T.);
#4412=ADVANCED_FACE('',(#4408,#4411),#4397,.T.);
#4413=CARTESIAN_POINT('',(-3.000000000000000,5.0,-16.0));
#4414=CARTESIAN_POINT('',(3.000000000000000,5.0,-16.0));
#4415=CARTESIAN_POINT('',(-3.000000000000000,-1.0,-16.0));
#4416=CARTESIAN_POINT('',(3.000000000000000,-1.0,-16.0));
#4417=B_SPLINE_SURFACE_WITH_KNOTS('',1,1,((#4413,#4415),(#4414,#4416)),.UNSPECIFIED.,.F.,.F.,.U.,(2,2),(2,2),(0.0,6.000000000000001),(0.0,6.0),.UNSPECIFIED.);
#4418=ORIENTED_EDGE('',*,*,#4405,.F.);
#4419=EDGE_LOOP('',(#4418));
#4420=FACE_OUTER_BOUND('',#4419,.T.);
#4421=ADVANCED_FACE('',(#4420),#4417,.T.);
#4422=CARTESIAN_POINT('',(-12.0,-8.0,3.575590E-015));
#4423=CARTESIAN_POINT('',(-12.0,-12.000000000000002,3.575590E-015));
#4424=CARTESIAN_POINT('',(-12.0,-8.0,2.000000000000003));
#4425=CARTESIAN_POINT('',(-12.0,-12.0,2.000000000000003));
#4426=CARTESIAN_POINT('',(-10.0,-8.0,2.000000000000004));
#4427=CARTESIAN_POINT('',(-10.0,-12.000000000000002,2.000000000000004));
#4428=CARTESIAN_POINT('',(-8.0,-8.0,2.000000000000002));
#4429=CARTESIAN_POINT('',(-8.0,-12.0,2.000000000000002));
#4430=CARTESIAN_POINT('',(-8.0,-8.0,3.085748E-015));
#4431=CARTESIAN_POINT('',(-8.0,-12.000000000000002,3.085748E-015));
#4432=CARTESIAN_POINT('',(-8.0,-8.0,-1.999999999999996));
#4433=CARTESIAN_POINT('',(-8.0,-12.0,-1.999999999999996));
#4434=CARTESIAN_POINT('',(-10.0,-8.0,-1.999999999999997));
#4435=CARTESIAN_POINT('',(-10.0,-12.000000000000002,-1.999999999999997));
#4436=CARTESIAN_POINT('',(-12.0,-8.0,-1.999999999999996));
#4437=CARTESIAN_POINT('',(-12.0,-12.0,-1.999999999999996));
#4438=CARTESIAN_POINT('',(-12.0,-8.0,3.575590E-015));
#4439=CARTESIAN_POINT('',(-12.0,-12.000000000000002,3.575590E-015));
#4447=(BOUNDED_SURFACE()B_SPLINE_SURFACE(1,2,((#4422,#4424,#4426,#4428,#4430,#4432,#4434,#4436,#4438),(#4423,#4425,#4427,#4429,#4431,#4433,#4435,#4437,#4439)),.UNSPECIFIED.,.F.,.T.,.U.)B_SPLINE_SURFACE_WITH_KNOTS((2,2),(3,2,2,2,3),(0.0,2.000000000000001),(0.0,3.141592653589793,6.283185307179586,9.424777960769379,12.566370614359172),.UNSPECIFIED.)GEOMETRIC_REPRESENTATION_ITEM()RATIONAL_B_SPLINE_SURFACE(((1.0,0.707106781186548,1.0,0.707106781186548,1.0,0.707106781186548,1.0,0.707106781186548,1.0),(1.0,0.707106781186548,1.0,0.707106781186548,1.0,0.707106781186548,1.0,0.707106781186548,1.0)))REPRESENTATION_ITEM('')SURFACE());
#4448=CARTESIAN_POINT('',(-12.0,-12.000000000000002,3.575598E-015));
#4449=VERTEX_POINT('',#4448);
#4450=CARTESIAN_POINT('',(-10.0,-12.000000000000002,3.330669E-015));
#4451=DIRECTION('',(0.0,-1.0,0.0));
#4452=DIRECTION('',(1.0,0.0,0.0));
#4453=AXIS2_PLACEMENT_3D('',#4450,#4451,#4452);
#4454=CIRCLE('',#4453,2.0);
#4455=EDGE_CURVE('',#4449,#4449,#4454,.T.);
#4456=ORIENTED_EDGE('',*,*,#4455,.F.);
#4457=EDGE_LOOP('',(#4456));
#4458=FACE_OUTER_BOUND('',#4457,.T.);
#4459=CARTESIAN_POINT('',(-12.0,-8.0,3.575598E-015));
#4460=VERTEX_POINT('',#4459);
#4461=CARTESIAN_POINT('',(-10.0,-8.0,3.330669E-015));
#4462=DIRECTION('',(0.0,-1.0,0.0));
#4463=DIRECTION('',(1.0,0.0,0.0));
#4464=AXIS2_PLACEMENT_3D('',#4461,#4462,#4463);
#4465=CIRCLE('',#4464,2.0);
#4466=EDGE_CURVE('',#4460,#4460,#4465,.T.);
#4467=ORIENTED_EDGE('',*,*,#4466,.T.);
#4468=EDGE_LOOP('',(#4467));
#4469=FACE_BOUND('',#4468,.T.);
#4470=ADVANCED_FACE('',(#4458,#4469),#4447,.T.);
#4471=CARTESIAN_POINT('',(-12.0,-12.000000000000002,-1.999999999999997));
#4472=CARTESIAN_POINT('',(-12.0,-12.000000000000002,2.000000000000004));
#4473=CARTESIAN_POINT('',(-8.0,-12.000000000000002,-1.999999999999997));
#4474=CARTESIAN_POINT('',(-8.0,-12.000000000000002,2.000000000000004));
#4475=B_SPLINE_SURFACE_WITH_KNOTS('',1,1,((#4471,#4473),(#4472,#4474)),.UNSPECIFIED.,.F.,.F.,.U.,(2,2),(2,2),(0.0,4.0),(0.0,4.0),.UNSPECIFIED.);
#4476=ORIENTED_EDGE('',*,*,#4455,.T.);
#4477=EDGE_LOOP('',(#4476));
#4478=FACE_OUTER_BOUND('',#4477,.T.);
#4479=ADVANCED_FACE('',(#4478),#4475,.F.);
#4480=CARTESIAN_POINT('',(-13.0,-7.000000000000001,3.698051E-015));
#4481=CARTESIAN_POINT('',(-13.0,-8.0,3.698051E-015));
#4482=CARTESIAN_POINT('',(-13.000000000000002,-7.000000000000001,3.000000000000003));
#4483=CARTESIAN_POINT('',(-13.000000000000002,-8.0,3.000000000000003));
#4484=CARTESIAN_POINT('',(-10.0,-7.000000000000001,3.000000000000004));
#4485=CARTESIAN_POINT('',(-10.0,-8.0,3.000000000000004));
#4486=CARTESIAN_POINT('',(-7.000000000000001,-7.000000000000001,3.000000000000002));
#4487=CARTESIAN_POINT('',(-7.000000000000001,-8.0,3.000000000000002));
#4488=CARTESIAN_POINT('',(-7.0,-7.000000000000001,2.963287E-015));
#4489=CARTESIAN_POINT('',(-7.0,-8.0,2.963287E-015));
#4490=CARTESIAN_POINT('',(-7.000000000000001,-7.000000000000001,-2.999999999999996));
#4491=CARTESIAN_POINT('',(-7.000000000000001,-8.0,-2.999999999999996));
#4492=CARTESIAN_POINT('',(-10.0,-7.000000000000001,-2.999999999999996));
#4493=CARTESIAN_POINT('',(-10.0,-8.0,-2.999999999999996));
#4494=CARTESIAN_POINT('',(-13.000000000000002,-7.000000000000001,-2.999999999999995));
#4495=CARTESIAN_POINT('',(-13.000000000000002,-8.0,-2.999999999999995));
#4496=CARTESIAN_POINT('',(-13.0,-7.000000000000001,3.698051E-015));
#4497=CARTESIAN_POINT('',(-13.0,-8.0,3.698051E-015));
#4505=(BOUNDED_SURFACE()B_SPLINE_SURFACE(1,2,((#4480,#4482,#4484,#4486,#4488,#4490,#4492,#4494,#4496),(#4481,#4483,#4485,#4487,#4489,#4491,#4493,#4495,#4497)),.UNSPECIFIED.,.F.,.T.,.U.)B_SPLINE_SURFACE_WITH_KNOTS((2,2),(3,2,2,2,3),(0.0,0.333333333333333),(0.0,4.712388980384691,9.424777960769381,14.137166941154071,18.849555921538762),.UNSPECIFIED.)GEOMETRIC_REPRESENTATION_ITEM()RATIONAL_B_SPLINE_SURFACE(((1.0,0.707106781186548,1.0,0.707106781186548,1.0,0.707106781186548,1.0,0.707106781186548,1.0),(1.0,0.707106781186548,1.0,0.707106781186548,1.0,0.707106781186548,1.0,0.707106781186548,1.0)))REPRESENTATION_ITEM('')SURFACE());
#4506=CARTESIAN_POINT('',(-13.0,-8.0,3.698063E-015));
#4507=VERTEX_POINT('',#4506);
#4508=CARTESIAN_POINT('',(-10.0,-8.0,3.330669E-015));
#4509=DIRECTION('',(0.0,-1.0,0.0));
#4510=DIRECTION('',(1.0,0.0,0.0));
#4511=AXIS2_PLACEMENT_3D('',#4508,#4509,#4510);
#4512=CIRCLE('',#4511,3.000000000000000);
#4513=EDGE_CURVE('',#4507,#4507,#4512,.T.);
#4514=ORIENTED_EDGE('',*,*,#4513,.F.);
#4515=EDGE_LOOP('',(#4514));
#4516=FACE_OUTER_BOUND('',#4515,.T.);
#4517=CARTESIAN_POINT('',(-13.0,-7.000000000000001,3.698063E-015));
#4518=VERTEX_POINT('',#4517);
#4519=CARTESIAN_POINT('',(-10.0,-7.000000000000001,3.330669E-015));
#4520=DIRECTION('',(0.0,1.0,0.0));
#4521=DIRECTION('',(1.0,0.0,0.0));
#4522=AXIS2_PLACEMENT_3D('',#4519,#4520,#4521);
#4523=CIRCLE('',#4522,3.000000000000000);
#4524=EDGE_CURVE('',#4518,#4518,#4523,.T.);
#4525=ORIENTED_EDGE('',*,*,#4524,.F.);
#4526=EDGE_LOOP('',(#4525));
#4527=FACE_BOUND('',#4526,.T.);
#4528=ADVANCED_FACE('',(#4516,#4527),#4505,.T.);
#4529=CARTESIAN_POINT('',(-13.0,-8.0,-2.999999999999997));
#4530=CARTESIAN_POINT('',(-13.0,-8.0,3.000000000000004));
#4531=CARTESIAN_POINT('',(-7.0,-8.0,-2.999999999999997));
#4532=CARTESIAN_POINT('',(-7.0,-8.0,3.000000000000004));
#4533=B_SPLINE_SURFACE_WITH_KNOTS('',1,1,((#4529,#4531),(#4530,#4532)),.UNSPECIFIED.,.F.,.F.,.U.,(2,2),(2,2),(0.0,6.000000000000001),(0.0,6.0),.UNSPECIFIED.);
#4534=ORIENTED_EDGE('',*,*,#4513,.T.);
#4535=EDGE_LOOP('',(#4534));
#4536=FACE_OUTER_BOUND('',#4535,.T.);
#4537=ORIENTED_EDGE('',*,*,#4466,.F.);
#4538=EDGE_LOOP('',(#4537));
#4539=FACE_BOUND('',#4538,.T.);
#4540=ADVANCED_FACE('',(#4536,#4539),#4533,.F.);
#4541=CARTESIAN_POINT('',(10.0,-8.0,3.330669E-015));
#4542=DIRECTION('',(0.0,-1.0,0.0));
#4543=DIRECTION('',(-1.0,0.0,0.0));
#4544=AXIS2_PLACEMENT_3D('',#4541,#4542,#4543);
#4545=CYLINDRICAL_SURFACE('',#4544,2.0);
#4546=CARTESIAN_POINT('',(12.0,-12.000000000000002,3.575598E-015));
#4547=VERTEX_POINT('',#4546);
#4548=CARTESIAN_POINT('',(10.0,-12.000000000000002,3.330669E-015));
#4549=DIRECTION('',(0.0,1.0,0.0));
#4550=DIRECTION('',(-1.0,0.0,0.0));
#4551=AXIS2_PLACEMENT_3D('',#4548,#4549,#4550);
#4552=CIRCLE('',#4551,2.0);
#4553=EDGE_CURVE('',#4547,#4547,#4552,.T.);
#4554=ORIENTED_EDGE('',*,*,#4553,.T.);
#4555=EDGE_LOOP('',(#4554));
#4556=FACE_OUTER_BOUND('',#4555,.T.);
#4557=CARTESIAN_POINT('',(12.0,-8.0,3.575598E-015));
#4558=VERTEX_POINT('',#4557);
#4559=CARTESIAN_POINT('',(10.0,-8.0,3.330669E-015));
#4560=DIRECTION('',(0.0,1.0,0.0));
#4561=DIRECTION('',(-1.0,0.0,0.0));
#4562=AXIS2_PLACEMENT_3D('',#4559,#4560,#4561);
#4563=CIRCLE('',#4562,2.0);
#4564=EDGE_CURVE('',#4558,#4558,#4563,.T.);
#4565=ORIENTED_EDGE('',*,*,#4564,.F.);
#4566=EDGE_LOOP('',(#4565));
#4567=FACE_BOUND('',#4566,.T.);
#4568=ADVANCED_FACE('',(#4556,#4567),#4545,.T.);
#4569=CARTESIAN_POINT('',(10.0,-12.000000000000002,3.330669E-015));
#4570=DIRECTION('',(0.0,1.0,0.0));
#4571=DIRECTION('',(0.0,0.0,1.0));
#4572=AXIS2_PLACEMENT_3D('',#4569,#4570,#4571);
#4573=PLANE('',#4572);
#4574=ORIENTED_EDGE('',*,*,#4553,.F.);
#4575=EDGE_LOOP('',(#4574));
#4576=FACE_OUTER_BOUND('',#4575,.T.);
#4577=ADVANCED_FACE('',(#4576),#4573,.F.);
#4578=CARTESIAN_POINT('',(10.0,-7.000000000000001,3.330669E-015));
#4579=DIRECTION('',(0.0,-1.0,0.0));
#4580=DIRECTION('',(-1.0,0.0,0.0));
#4581=AXIS2_PLACEMENT_3D('',#4578,#4579,#4580);
#4582=CYLINDRICAL_SURFACE('',#4581,3.000000000000000);
#4583=CARTESIAN_POINT('',(13.0,-8.0,3.698063E-015));
#4584=VERTEX_POINT('',#4583);
#4585=CARTESIAN_POINT('',(10.0,-8.0,3.330669E-015));
#4586=DIRECTION('',(0.0,1.0,0.0));
#4587=DIRECTION('',(-1.0,0.0,0.0));
#4588=AXIS2_PLACEMENT_3D('',#4585,#4586,#4587);
#4589=CIRCLE('',#4588,3.000000000000000);
#4590=EDGE_CURVE('',#4584,#4584,#4589,.T.);
#4591=ORIENTED_EDGE('',*,*,#4590,.T.);
#4592=EDGE_LOOP('',(#4591));
#4593=FACE_OUTER_BOUND('',#4592,.T.);
#4594=CARTESIAN_POINT('',(13.0,-7.000000000000001,3.698063E-015));
#4595=VERTEX_POINT('',#4594);
#4596=CARTESIAN_POINT('',(10.0,-7.000000000000001,3.330669E-015));
#4597=DIRECTION('',(0.0,1.0,0.0));
#4598=DIRECTION('',(-1.0,0.0,0.0));
#4599=AXIS2_PLACEMENT_3D('',#4596,#4597,#4598);
#4600=CIRCLE('',#4599,3.000000000000000);
#4601=EDGE_CURVE('',#4595,#4595,#4600,.T.);
#4602=ORIENTED_EDGE('',*,*,#4601,.F.);
#4603=EDGE_LOOP('',(#4602));
#4604=FACE_BOUND('',#4603,.T.);
#4605=ADVANCED_FACE('',(#4593,#4604),#4582,.T.);
#4606=CARTESIAN_POINT('',(10.0,-8.0,3.330669E-015));
#4607=DIRECTION('',(0.0,1.0,0.0));
#4608=DIRECTION('',(0.0,0.0,1.0));
#4609=AXIS2_PLACEMENT_3D('',#4606,#4607,#4608);
#4610=PLANE('',#4609);
#4611=ORIENTED_EDGE('',*,*,#4590,.F.);
#4612=EDGE_LOOP('',(#4611));
#4613=FACE_OUTER_BOUND('',#4612,.T.);
#4614=ORIENTED_EDGE('',*,*,#4564,.T.);
#4615=EDGE_LOOP('',(#4614));
#4616=FACE_BOUND('',#4615,.T.);
#4617=ADVANCED_FACE('',(#4613,#4616),#4610,.F.);
#4618=CARTESIAN_POINT('',(0.0,2.000000000000001,9.499999999999998));
#4619=DIRECTION('',(0.0,-1.189525E-016,1.0));
#4620=DIRECTION('',(0.0,-1.0,0.0));
#4621=AXIS2_PLACEMENT_3D('',#4618,#4619,#4620);
#4622=CYLINDRICAL_SURFACE('',#4621,3.999999999999999);
#4623=CARTESIAN_POINT('',(0.0,-1.999999999999999,9.999999999999998));
#4624=VERTEX_POINT('',#4623);
#4625=CARTESIAN_POINT('',(0.0,2.000000000000001,9.999999999999998));
#4626=DIRECTION('',(0.0,0.0,1.0));
#4627=DIRECTION('',(0.0,-1.0,0.0));
#4628=AXIS2_PLACEMENT_3D('',#4625,#4626,#4627);
#4629=CIRCLE('',#4628,4.000000000000000);
#4630=EDGE_CURVE('',#4624,#4624,#4629,.T.);
#4631=ORIENTED_EDGE('',*,*,#4630,.F.);
#4632=EDGE_LOOP('',(#4631));
#4633=FACE_OUTER_BOUND('',#4632,.T.);
#4634=ORIENTED_EDGE('',*,*,#4261,.F.);
#4635=EDGE_LOOP('',(#4634));
#4636=FACE_BOUND('',#4635,.T.);
#4637=ADVANCED_FACE('',(#4633,#4636),#4622,.T.);
#4638=CARTESIAN_POINT('',(0.0,-1.499999999999999,9.999999999999998));
#4639=DIRECTION('',(0.0,0.0,1.0));
#4640=DIRECTION('',(1.0,0.0,0.0));
#4641=AXIS2_PLACEMENT_3D('',#4638,#4639,#4640);
#4642=PLANE('',#4641);
#4643=ORIENTED_EDGE('',*,*,#4630,.T.);
#4644=EDGE_LOOP('',(#4643));
#4645=FACE_OUTER_BOUND('',#4644,.T.);
#4646=CARTESIAN_POINT('',(0.0,-0.999999999999999,9.999999999999998));
#4647=VERTEX_POINT('',#4646);
#4648=CARTESIAN_POINT('',(0.0,2.000000000000001,9.999999999999998));
#4649=DIRECTION('',(0.0,0.0,1.0));
#4650=DIRECTION('',(0.0,-1.0,0.0));
#4651=AXIS2_PLACEMENT_3D('',#4648,#4649,#4650);
#4652=CIRCLE('',#4651,2.999999999999999);
#4653=EDGE_CURVE('',#4647,#4647,#4652,.T.);
#4654=ORIENTED_EDGE('',*,*,#4653,.F.);
#4655=EDGE_LOOP('',(#4654));
#4656=FACE_BOUND('',#4655,.T.);
#4657=ADVANCED_FACE('',(#4645,#4656),#4642,.T.);
#4658=CARTESIAN_POINT('',(0.0,2.0,12.999999999999998));
#4659=DIRECTION('',(0.0,-1.189525E-016,1.0));
#4660=DIRECTION('',(0.0,-1.0,0.0));
#4661=AXIS2_PLACEMENT_3D('',#4658,#4659,#4660);
#4662=CYLINDRICAL_SURFACE('',#4661,3.0);
#4663=CARTESIAN_POINT('',(0.0,-1.000000000000001,15.999999999999998));
#4664=VERTEX_POINT('',#4663);
#4665=CARTESIAN_POINT('',(0.0,2.000000000000000,15.999999999999998));
#4666=DIRECTION('',(0.0,0.0,1.0));
#4667=DIRECTION('',(0.0,-1.0,0.0));
#4668=AXIS2_PLACEMENT_3D('',#4665,#4666,#4667);
#4669=CIRCLE('',#4668,3.000000000000000);
#4670=EDGE_CURVE('',#4664,#4664,#4669,.T.);
#4671=ORIENTED_EDGE('',*,*,#4670,.F.);
#4672=EDGE_LOOP('',(#4671));
#4673=FACE_OUTER_BOUND('',#4672,.T.);
#4674=ORIENTED_EDGE('',*,*,#4653,.T.);
#4675=EDGE_LOOP('',(#4674));
#4676=FACE_BOUND('',#4675,.T.);
#4677=ADVANCED_FACE('',(#4673,#4676),#4662,.T.);
#4678=CARTESIAN_POINT('',(0.0,0.500000000000000,16.0));
#4679=DIRECTION('',(0.0,0.0,1.0));
#4680=DIRECTION('',(1.0,0.0,0.0));
#4681=AXIS2_PLACEMENT_3D('',#4678,#4679,#4680);
#4682=PLANE('',#4681);
#4683=ORIENTED_EDGE('',*,*,#4670,.T.);
#4684=EDGE_LOOP('',(#4683));
#4685=FACE_OUTER_BOUND('',#4684,.T.);
#4686=ADVANCED_FACE('',(#4685),#4682,.T.);
#4687=CARTESIAN_POINT('',(-2.775558E-016,-1.387779E-016,-9.0));
#4688=DIRECTION('',(0.0,0.0,1.0));
#4689=DIRECTION('',(1.0,0.0,0.0));
#4690=AXIS2_PLACEMENT_3D('',#4687,#4688,#4689);
#4691=PLANE('',#4690);
#4692=ORIENTED_EDGE('',*,*,#4100,.T.);
#4693=CARTESIAN_POINT('',(5.0,7.0,-9.0));
#4694=DIRECTION('',(-1.0,0.0,0.0));
#4695=VECTOR('',#4694,10.0);
#4696=LINE('',#4693,#4695);
#4697=EDGE_CURVE('',#4126,#4095,#4696,.T.);
#4698=ORIENTED_EDGE('',*,*,#4697,.F.);
#4699=ORIENTED_EDGE('',*,*,#4133,.T.);
#4700=ORIENTED_EDGE('',*,*,#4171,.T.);
#4701=CARTESIAN_POINT('',(15.0,-7.000000000000001,-9.0));
#4702=VERTEX_POINT('',#4701);
#4703=CARTESIAN_POINT('',(15.0,-7.000000000000001,-9.0));
#4704=DIRECTION('',(0.0,1.0,0.0));
#4705=VECTOR('',#4704,3.000000000000004);
#4706=LINE('',#4703,#4705);
#4707=EDGE_CURVE('',#4702,#4166,#4706,.T.);
#4708=ORIENTED_EDGE('',*,*,#4707,.F.);
#4709=CARTESIAN_POINT('',(-15.0,-7.000000000000001,-9.0));
#4710=DIRECTION('',(1.0,0.0,0.0));
#4711=VECTOR('',#4710,30.0);
#4712=LINE('',#4709,#4711);
#4713=EDGE_CURVE('',#4198,#4702,#4712,.T.);
#4714=ORIENTED_EDGE('',*,*,#4713,.F.);
#4715=ORIENTED_EDGE('',*,*,#4203,.F.);
#4716=ORIENTED_EDGE('',*,*,#4062,.T.);
#4717=EDGE_LOOP('',(#4692,#4698,#4699,#4700,#4708,#4714,#4715,#4716));
#4718=FACE_OUTER_BOUND('',#4717,.T.);
#4719=ORIENTED_EDGE('',*,*,#4347,.T.);
#4720=EDGE_LOOP('',(#4719));
#4721=FACE_BOUND('',#4720,.T.);
#4722=ADVANCED_FACE('',(#4718,#4721),#4691,.F.);
#4723=CARTESIAN_POINT('',(15.0,0.0,0.0));
#4724=DIRECTION('',(1.0,0.0,0.0));
#4725=DIRECTION('',(0.0,0.0,-1.0));
#4726=AXIS2_PLACEMENT_3D('',#4723,#4724,#4725);
#4727=PLANE('',#4726);
#4728=ORIENTED_EDGE('',*,*,#4186,.T.);
#4729=ORIENTED_EDGE('',*,*,#4242,.T.);
#4730=CARTESIAN_POINT('',(15.0,-7.000000000000001,9.0));
#4731=DIRECTION('',(0.0,0.0,-1.0));
#4732=VECTOR('',#4731,18.0);
#4733=LINE('',#4730,#4732);
#4734=EDGE_CURVE('',#4231,#4702,#4733,.T.);
#4735=ORIENTED_EDGE('',*,*,#4734,.T.);
#4736=ORIENTED_EDGE('',*,*,#4707,.T.);
#4737=EDGE_LOOP('',(#4728,#4729,#4735,#4736));
#4738=FACE_OUTER_BOUND('',#4737,.T.);
#4739=ADVANCED_FACE('',(#4738),#4727,.T.);
#4740=CARTESIAN_POINT('',(15.0,-7.000000000000001,0.0));
#4741=DIRECTION('',(0.0,-1.0,0.0));
#4742=DIRECTION('',(0.0,0.0,-1.0));
#4743=AXIS2_PLACEMENT_3D('',#4740,#4741,#4742);
#4744=PLANE('',#4743);
#4745=ORIENTED_EDGE('',*,*,#4236,.T.);
#4746=ORIENTED_EDGE('',*,*,#4211,.T.);
#4747=ORIENTED_EDGE('',*,*,#4713,.T.);
#4748=ORIENTED_EDGE('',*,*,#4734,.F.);
#4749=EDGE_LOOP('',(#4745,#4746,#4747,#4748));
#4750=FACE_OUTER_BOUND('',#4749,.T.);
#4751=ORIENTED_EDGE('',*,*,#4289,.T.);
#4752=EDGE_LOOP('',(#4751));
#4753=FACE_BOUND('',#4752,.T.);
#4754=ORIENTED_EDGE('',*,*,#4524,.T.);
#4755=EDGE_LOOP('',(#4754));
#4756=FACE_BOUND('',#4755,.T.);
#4757=ORIENTED_EDGE('',*,*,#4601,.T.);
#4758=EDGE_LOOP('',(#4757));
#4759=FACE_BOUND('',#4758,.T.);
#4760=ADVANCED_FACE('',(#4750,#4753,#4756,#4759),#4744,.T.);
#4761=CARTESIAN_POINT('',(0.0,7.000000000000001,0.0));
#4762=DIRECTION('',(0.0,1.0,0.0));
#4763=DIRECTION('',(0.0,0.0,1.0));
#4764=AXIS2_PLACEMENT_3D('',#4761,#4762,#4763);
#4765=PLANE('',#4764);
#4766=ORIENTED_EDGE('',*,*,#4115,.T.);
#4767=ORIENTED_EDGE('',*,*,#4250,.T.);
#4768=ORIENTED_EDGE('',*,*,#4141,.T.);
#4769=ORIENTED_EDGE('',*,*,#4697,.T.);
#4770=EDGE_LOOP('',(#4766,#4767,#4768,#4769));
#4771=FACE_OUTER_BOUND('',#4770,.T.);
#4772=ORIENTED_EDGE('',*,*,#4035,.T.);
#4773=EDGE_LOOP('',(#4772));
#4774=FACE_BOUND('',#4773,.T.);
#4775=ADVANCED_FACE('',(#4771,#4774),#4765,.T.);
#4776=CLOSED_SHELL('',(#4039,#4048,#4088,#4119,#4159,#4190,#4221,#4265,#4293,#4302,#4351,#4371,#4412,#4421,#4470,#4479,#4528,#4540,#4568,#4577,#4605,#4617,#4637,#4657,#4677,#4686,#4722,#4739,#4760,#4775));
#4777=MANIFOLD_SOLID_BREP('',#4776);
#4778=COLOUR_RGB('Blue Sea',0.007843139581382,0.513725996017456,0.815685987472534);
#4779=FILL_AREA_STYLE_COLOUR('Blue Sea',#4778);
#4780=FILL_AREA_STYLE('Blue Sea',(#4779));
#4781=SURFACE_STYLE_FILL_AREA(#4780);
#4782=SURFACE_SIDE_STYLE('Blue Sea',(#4781));
#4783=SURFACE_STYLE_USAGE(.BOTH.,#4782);
#4784=PRESENTATION_STYLE_ASSIGNMENT((#4783));
#4785=STYLED_ITEM('',(#4784),#4777);
#4786=ADVANCED_BREP_SHAPE_REPRESENTATION('ABSR',(#4777),#3980);
#4787=SHAPE_REPRESENTATION_RELATIONSHIP('SRR','None',#4786,#3985);
#4788=AXIS2_PLACEMENT_3D('',#4789,#4790,#4791);
#4789=CARTESIAN_POINT('',(50.487977868759955,2.920828E-011,11.0));
#4790=DIRECTION('',(1.183199E-016,-1.0,-1.261617E-017));
#4791=DIRECTION('',(1.0,1.183199E-016,-4.796210E-034));
#4792=NEXT_ASSEMBLY_USAGE_OCCURRENCE('RollerBody:1','RollerBody:1','RollerBody:1',#3917,#3956,'RollerBody:1');
#4793=PRODUCT_DEFINITION_SHAPE('RollerBody:1','RollerBody:1',#4792);
#4794=ITEM_DEFINED_TRANSFORMATION('RollerBody:1','RollerBody:1',#3981,#4788);
#4798=(REPRESENTATION_RELATIONSHIP('RollerBody:1','RollerBody:1',#3985,#3946)REPRESENTATION_RELATIONSHIP_WITH_TRANSFORMATION(#4794)SHAPE_REPRESENTATION_RELATIONSHIP());
#4799=CONTEXT_DEPENDENT_SHAPE_REPRESENTATION(#4798,#4793);
#4800=APPLICATION_CONTEXT('automotive design');
#4801=APPLICATION_PROTOCOL_DEFINITION('International Standard','automotive_design',2001,#4800);
#4802=PRODUCT_CONTEXT('',#4800,'mechanical');
#4803=PRODUCT('RollerV','RollerV',$,(#4802));
#4804=PRODUCT_RELATED_PRODUCT_CATEGORY('part',$,(#4803));
#4805=PRODUCT_DEFINITION_FORMATION('',$,#4803);
#4806=PRODUCT_DEFINITION_CONTEXT('part definition',#4800,'design');
#4807=PRODUCT_DEFINITION('',$,#4805,#4806);
#4813=(NAMED_UNIT(*)PLANE_ANGLE_UNIT()SI_UNIT($,.RADIAN.));
#4814=DIMENSIONAL_EXPONENTS(0.0,0.0,0.0,0.0,0.0,0.0,0.0);
#4815=PLANE_ANGLE_MEASURE_WITH_UNIT(PLANE_ANGLE_MEASURE(0.017453292500000),#4813);
#4819=(CONVERSION_BASED_UNIT('DEGREE',#4815)NAMED_UNIT(#4814)PLANE_ANGLE_UNIT());
#4823=(NAMED_UNIT(*)SI_UNIT($,.STERADIAN.)SOLID_ANGLE_UNIT());
#4827=(LENGTH_UNIT()NAMED_UNIT(*)SI_UNIT(.MILLI.,.METRE.));
#4829=UNCERTAINTY_MEASURE_WITH_UNIT(LENGTH_MEASURE(0.010000000000000),#4827,'DISTANCE_ACCURACY_VALUE','');
#4831=(GEOMETRIC_REPRESENTATION_CONTEXT(3)GLOBAL_UNCERTAINTY_ASSIGNED_CONTEXT((#4829))GLOBAL_UNIT_ASSIGNED_CONTEXT((#4819,#4823,#4827))REPRESENTATION_CONTEXT('None','None'));
#4832=AXIS2_PLACEMENT_3D('',#4833,#4834,#4835);
#4833=CARTESIAN_POINT('',(0.0,0.0,0.0));
#4834=DIRECTION('',(0.0,0.0,1.0));
#4835=DIRECTION('',(1.0,0.0,0.0));
#4836=SHAPE_REPRESENTATION('',(#4832),#4831);
#4837=PRODUCT_DEFINITION_SHAPE('','',#4807);
#4838=SHAPE_DEFINITION_REPRESENTATION(#4837,#4836);
#4844=(NAMED_UNIT(*)PLANE_ANGLE_UNIT()SI_UNIT($,.RADIAN.));
#4845=DIMENSIONAL_EXPONENTS(0.0,0.0,0.0,0.0,0.0,0.0,0.0);
#4846=PLANE_ANGLE_MEASURE_WITH_UNIT(PLANE_ANGLE_MEASURE(0.017453292500000),#4844);
#4850=(CONVERSION_BASED_UNIT('DEGREE',#4846)NAMED_UNIT(#4845)PLANE_ANGLE_UNIT());
#4854=(NAMED_UNIT(*)SI_UNIT($,.STERADIAN.)SOLID_ANGLE_UNIT());
#4858=(LENGTH_UNIT()NAMED_UNIT(*)SI_UNIT(.MILLI.,.METRE.));
#4860=UNCERTAINTY_MEASURE_WITH_UNIT(LENGTH_MEASURE(0.000001000000000),#4858,'DISTANCE_ACCURACY_VALUE','');
#4862=(GEOMETRIC_REPRESENTATION_CONTEXT(3)GLOBAL_UNCERTAINTY_ASSIGNED_CONTEXT((#4860))GLOBAL_UNIT_ASSIGNED_CONTEXT((#4850,#4854,#4858))REPRESENTATION_CONTEXT('','3D'));
#4863=CARTESIAN_POINT('',(-1.500000000000000,-2.755455E-016,0.0));
#4864=DIRECTION('',(1.0,1.836970E-016,0.0));
#4865=DIRECTION('',(0.0,1.0,0.0));
#4866=AXIS2_PLACEMENT_3D('',#4863,#4864,#4865);
#4867=CYLINDRICAL_SURFACE('',#4866,3.000000000000000);
#4868=CARTESIAN_POINT('',(-3.000000000000002,3.000000000000000,0.0));
#4869=VERTEX_POINT('',#4868);
#4870=CARTESIAN_POINT('',(-3.000000000000001,-5.510911E-016,0.0));
#4871=DIRECTION('',(1.0,0.0,0.0));
#4872=DIRECTION('',(0.0,1.0,0.0));
#4873=AXIS2_PLACEMENT_3D('',#4870,#4871,#4872);
#4874=CIRCLE('',#4873,3.000000000000001);
#4875=EDGE_CURVE('',#4869,#4869,#4874,.T.);
#4876=ORIENTED_EDGE('',*,*,#4875,.F.);
#4877=EDGE_LOOP('',(#4876));
#4878=FACE_OUTER_BOUND('',#4877,.T.);
#4879=CARTESIAN_POINT('',(3.000000000000002,3.000000000000001,0.0));
#4880=VERTEX_POINT('',#4879);
#4881=CARTESIAN_POINT('',(3.000000000000002,5.510911E-016,0.0));
#4882=DIRECTION('',(1.0,0.0,0.0));
#4883=DIRECTION('',(0.0,1.0,0.0));
#4884=AXIS2_PLACEMENT_3D('',#4881,#4882,#4883);
#4885=CIRCLE('',#4884,3.000000000000000);
#4886=EDGE_CURVE('',#4880,#4880,#4885,.T.);
#4887=ORIENTED_EDGE('',*,*,#4886,.T.);
#4888=EDGE_LOOP('',(#4887));
#4889=FACE_BOUND('',#4888,.T.);
#4890=ADVANCED_FACE('',(#4878,#4889),#4867,.F.);
#4891=CARTESIAN_POINT('',(-3.000000000000002,7.098076211353316,0.0));
#4892=DIRECTION('',(-1.0,0.0,0.0));
#4893=DIRECTION('',(0.0,0.0,1.0));
#4894=AXIS2_PLACEMENT_3D('',#4891,#4892,#4893);
#4895=PLANE('',#4894);
#4896=CARTESIAN_POINT('',(-3.000000000000002,11.196152422706632,0.0));
#4897=VERTEX_POINT('',#4896);
#4898=CARTESIAN_POINT('',(-2.999999999999999,-5.510911E-016,0.0));
#4899=DIRECTION('',(1.0,0.0,0.0));
#4900=DIRECTION('',(0.0,1.0,0.0));
#4901=AXIS2_PLACEMENT_3D('',#4898,#4899,#4900);
#4902=CIRCLE('',#4901,11.196152422706632);
#4903=EDGE_CURVE('',#4897,#4897,#4902,.T.);
#4904=ORIENTED_EDGE('',*,*,#4903,.F.);
#4905=EDGE_LOOP('',(#4904));
#4906=FACE_OUTER_BOUND('',#4905,.T.);
#4907=ORIENTED_EDGE('',*,*,#4875,.T.);
#4908=EDGE_LOOP('',(#4907));
#4909=FACE_BOUND('',#4908,.T.);
#4910=ADVANCED_FACE('',(#4906,#4909),#4895,.T.);
#4911=CARTESIAN_POINT('',(1.102092E-015,0.0,0.0));
#4912=DIRECTION('',(1.0,1.836970E-016,0.0));
#4913=DIRECTION('',(0.0,0.0,-1.0));
#4914=AXIS2_PLACEMENT_3D('',#4911,#4912,#4913);
#4915=TOROIDAL_SURFACE('',#4914,6.000000000000001,6.0);
#4916=CARTESIAN_POINT('',(3.000000000000002,11.196152422706632,0.0));
#4917=VERTEX_POINT('',#4916);
#4918=CARTESIAN_POINT('',(3.000000000000004,5.510911E-016,0.0));
#4919=DIRECTION('',(1.0,0.0,0.0));
#4920=DIRECTION('',(0.0,1.0,0.0));
#4921=AXIS2_PLACEMENT_3D('',#4918,#4919,#4920);
#4922=CIRCLE('',#4921,11.196152422706632);
#4923=EDGE_CURVE('',#4917,#4917,#4922,.T.);
#4924=ORIENTED_EDGE('',*,*,#4923,.F.);
#4925=EDGE_LOOP('',(#4924));
#4926=FACE_OUTER_BOUND('',#4925,.T.);
#4927=ORIENTED_EDGE('',*,*,#4903,.T.);
#4928=EDGE_LOOP('',(#4927));
#4929=FACE_BOUND('',#4928,.T.);
#4930=ADVANCED_FACE('',(#4926,#4929),#4915,.T.);
#4931=CARTESIAN_POINT('',(3.000000000000002,7.098076211353316,0.0));
#4932=DIRECTION('',(1.0,0.0,0.0));
#4933=DIRECTION('',(0.0,0.0,-1.0));
#4934=AXIS2_PLACEMENT_3D('',#4931,#4932,#4933);
#4935=PLANE('',#4934);
#4936=ORIENTED_EDGE('',*,*,#4923,.T.);
#4937=EDGE_LOOP('',(#4936));
#4938=FACE_OUTER_BOUND('',#4937,.T.);
#4939=ORIENTED_EDGE('',*,*,#4886,.F.);
#4940=EDGE_LOOP('',(#4939));
#4941=FACE_BOUND('',#4940,.T.);
#4942=ADVANCED_FACE('',(#4938,#4941),#4935,.T.);
#4943=CLOSED_SHELL('',(#4890,#4910,#4930,#4942));
#4944=MANIFOLD_SOLID_BREP('',#4943);
#4945=COLOUR_RGB('Lavender',0.643136978149414,0.549019992351532,1.0);
#4946=FILL_AREA_STYLE_COLOUR('Lavender',#4945);
#4947=FILL_AREA_STYLE('Lavender',(#4946));
#4948=SURFACE_STYLE_FILL_AREA(#4947);
#4949=SURFACE_SIDE_STYLE('Lavender',(#4948));
#4950=SURFACE_STYLE_USAGE(.BOTH.,#4949);
#4951=PRESENTATION_STYLE_ASSIGNMENT((#4950));
#4952=STYLED_ITEM('',(#4951),#4944);
#4953=ADVANCED_BREP_SHAPE_REPRESENTATION('ABSR',(#4944),#4831);
#4954=SHAPE_REPRESENTATION_RELATIONSHIP('SRR','None',#4953,#4836);
#4955=AXIS2_PLACEMENT_3D('',#4956,#4957,#4958);
#4956=CARTESIAN_POINT('',(50.487977868759955,-12.999999999970772,13.0));
#4957=DIRECTION('',(-6.711626E-017,-1.261617E-017,1.0));
#4958=DIRECTION('',(1.641809E-016,1.0,1.261617E-017));
#4959=NEXT_ASSEMBLY_USAGE_OCCURRENCE('RollerV:1','RollerV:1','RollerV:1',#3917,#4807,'RollerV:1');
#4960=PRODUCT_DEFINITION_SHAPE('RollerV:1','RollerV:1',#4959);
#4961=ITEM_DEFINED_TRANSFORMATION('RollerV:1','RollerV:1',#4832,#4955);
#4965=(REPRESENTATION_RELATIONSHIP('RollerV:1','RollerV:1',#4836,#3946)REPRESENTATION_RELATIONSHIP_WITH_TRANSFORMATION(#4961)SHAPE_REPRESENTATION_RELATIONSHIP());
#4966=CONTEXT_DEPENDENT_SHAPE_REPRESENTATION(#4965,#4960);
#4967=AXIS2_PLACEMENT_3D('',#4968,#4969,#4970);
#4968=CARTESIAN_POINT('',(50.487977868759955,13.000000000029228,13.000000000000004));
#4969=DIRECTION('',(-6.711626E-017,-1.261617E-017,1.0));
#4970=DIRECTION('',(-1.546932E-016,-1.0,-1.261617E-017));
#4971=NEXT_ASSEMBLY_USAGE_OCCURRENCE('RollerV:2','RollerV:2','RollerV:2',#3917,#4807,'RollerV:2');
#4972=PRODUCT_DEFINITION_SHAPE('RollerV:2','RollerV:2',#4971);
#4973=ITEM_DEFINED_TRANSFORMATION('RollerV:2','RollerV:2',#4832,#4967);
#4977=(REPRESENTATION_RELATIONSHIP('RollerV:2','RollerV:2',#4836,#3946)REPRESENTATION_RELATIONSHIP_WITH_TRANSFORMATION(#4973)SHAPE_REPRESENTATION_RELATIONSHIP());
#4978=CONTEXT_DEPENDENT_SHAPE_REPRESENTATION(#4977,#4972);
#4979=APPLICATION_CONTEXT('automotive design');
#4980=APPLICATION_PROTOCOL_DEFINITION('International Standard','automotive_design',2001,#4979);
#4981=PRODUCT_CONTEXT('',#4979,'mechanical');
#4982=PRODUCT('RollerH','RollerH',$,(#4981));
#4983=PRODUCT_RELATED_PRODUCT_CATEGORY('part',$,(#4982));
#4984=PRODUCT_DEFINITION_FORMATION('',$,#4982);
#4985=PRODUCT_DEFINITION_CONTEXT('part definition',#4979,'design');
#4986=PRODUCT_DEFINITION('',$,#4984,#4985);
#4992=(NAMED_UNIT(*)PLANE_ANGLE_UNIT()SI_UNIT($,.RADIAN.));
#4993=DIMENSIONAL_EXPONENTS(0.0,0.0,0.0,0.0,0.0,0.0,0.0);
#4994=PLANE_ANGLE_MEASURE_WITH_UNIT(PLANE_ANGLE_MEASURE(0.017453292500000),#4992);
#4998=(CONVERSION_BASED_UNIT('DEGREE',#4994)NAMED_UNIT(#4993)PLANE_ANGLE_UNIT());
#5002=(NAMED_UNIT(*)SI_UNIT($,.STERADIAN.)SOLID_ANGLE_UNIT());
#5006=(LENGTH_UNIT()NAMED_UNIT(*)SI_UNIT(.MILLI.,.METRE.));
#5008=UNCERTAINTY_MEASURE_WITH_UNIT(LENGTH_MEASURE(0.010000000000000),#5006,'DISTANCE_ACCURACY_VALUE','');
#5010=(GEOMETRIC_REPRESENTATION_CONTEXT(3)GLOBAL_UNCERTAINTY_ASSIGNED_CONTEXT((#5008))GLOBAL_UNIT_ASSIGNED_CONTEXT((#4998,#5002,#5006))REPRESENTATION_CONTEXT('None','None'));
#5011=AXIS2_PLACEMENT_3D('',#5012,#5013,#5014);
#5012=CARTESIAN_POINT('',(0.0,0.0,0.0));
#5013=DIRECTION('',(0.0,0.0,1.0));
#5014=DIRECTION('',(1.0,0.0,0.0));
#5015=SHAPE_REPRESENTATION('',(#5011),#5010);
#5016=PRODUCT_DEFINITION_SHAPE('','',#4986);
#5017=SHAPE_DEFINITION_REPRESENTATION(#5016,#5015);
#5023=(NAMED_UNIT(*)PLANE_ANGLE_UNIT()SI_UNIT($,.RADIAN.));
#5024=DIMENSIONAL_EXPONENTS(0.0,0.0,0.0,0.0,0.0,0.0,0.0);
#5025=PLANE_ANGLE_MEASURE_WITH_UNIT(PLANE_ANGLE_MEASURE(0.017453292500000),#5023);
#5029=(CONVERSION_BASED_UNIT('DEGREE',#5025)NAMED_UNIT(#5024)PLANE_ANGLE_UNIT());
#5033=(NAMED_UNIT(*)SI_UNIT($,.STERADIAN.)SOLID_ANGLE_UNIT());
#5037=(LENGTH_UNIT()NAMED_UNIT(*)SI_UNIT(.MILLI.,.METRE.));
#5039=UNCERTAINTY_MEASURE_WITH_UNIT(LENGTH_MEASURE(0.000001000000000),#5037,'DISTANCE_ACCURACY_VALUE','');
#5041=(GEOMETRIC_REPRESENTATION_CONTEXT(3)GLOBAL_UNCERTAINTY_ASSIGNED_CONTEXT((#5039))GLOBAL_UNIT_ASSIGNED_CONTEXT((#5029,#5033,#5037))REPRESENTATION_CONTEXT('','3D'));
#5042=CARTESIAN_POINT('',(-1.799999999999999,-3.306546E-016,0.0));
#5043=DIRECTION('',(1.0,1.836970E-016,0.0));
#5044=DIRECTION('',(0.0,0.0,-1.0));
#5045=AXIS2_PLACEMENT_3D('',#5042,#5043,#5044);
#5046=TOROIDAL_SURFACE('',#5045,7.800000000000001,0.200000000000000);
#5047=CARTESIAN_POINT('',(-2.000000000000000,7.800000000000001,0.0));
#5048=VERTEX_POINT('',#5047);
#5049=CARTESIAN_POINT('',(-1.999999999999999,-3.673940E-016,0.0));
#5050=DIRECTION('',(1.0,0.0,0.0));
#5051=DIRECTION('',(0.0,-1.0,0.0));
#5052=AXIS2_PLACEMENT_3D('',#5049,#5050,#5051);
#5053=CIRCLE('',#5052,7.800000000000001);
#5054=EDGE_CURVE('',#5048,#5048,#5053,.T.);
#5055=ORIENTED_EDGE('',*,*,#5054,.T.);
#5056=EDGE_LOOP('',(#5055));
#5057=FACE_OUTER_BOUND('',#5056,.T.);
#5058=CARTESIAN_POINT('',(-1.800000000000001,8.0,-1.959370E-015));
#5059=VERTEX_POINT('',#5058);
#5060=CARTESIAN_POINT('',(-1.799999999999999,-3.306546E-016,0.0));
#5061=DIRECTION('',(-1.0,0.0,0.0));
#5062=DIRECTION('',(0.0,-1.0,0.0));
#5063=AXIS2_PLACEMENT_3D('',#5060,#5061,#5062);
#5064=CIRCLE('',#5063,8.0);
#5065=EDGE_CURVE('',#5059,#5059,#5064,.T.);
#5066=ORIENTED_EDGE('',*,*,#5065,.T.);
#5067=EDGE_LOOP('',(#5066));
#5068=FACE_BOUND('',#5067,.T.);
#5069=ADVANCED_FACE('',(#5057,#5068),#5046,.T.);
#5070=CARTESIAN_POINT('',(1.000000000000002,1.836970E-016,0.0));
#5071=DIRECTION('',(1.0,1.836970E-016,0.0));
#5072=DIRECTION('',(0.0,1.0,0.0));
#5073=AXIS2_PLACEMENT_3D('',#5070,#5071,#5072);
#5074=CYLINDRICAL_SURFACE('',#5073,8.0);
#5075=CARTESIAN_POINT('',(1.800000000000000,8.0,0.0));
#5076=VERTEX_POINT('',#5075);
#5077=CARTESIAN_POINT('',(1.800000000000001,3.306546E-016,0.0));
#5078=DIRECTION('',(1.0,0.0,0.0));
#5079=DIRECTION('',(0.0,-1.0,0.0));
#5080=AXIS2_PLACEMENT_3D('',#5077,#5078,#5079);
#5081=CIRCLE('',#5080,8.0);
#5082=EDGE_CURVE('',#5076,#5076,#5081,.T.);
#5083=ORIENTED_EDGE('',*,*,#5082,.F.);
#5084=EDGE_LOOP('',(#5083));
#5085=FACE_OUTER_BOUND('',#5084,.T.);
#5086=ORIENTED_EDGE('',*,*,#5065,.F.);
#5087=EDGE_LOOP('',(#5086));
#5088=FACE_BOUND('',#5087,.T.);
#5089=ADVANCED_FACE('',(#5085,#5088),#5074,.T.);
#5090=CARTESIAN_POINT('',(-2.000000000000000,7.828427124746192,0.0));
#5091=DIRECTION('',(-1.0,0.0,0.0));
#5092=DIRECTION('',(0.0,0.0,1.0));
#5093=AXIS2_PLACEMENT_3D('',#5090,#5091,#5092);
#5094=PLANE('',#5093);
#5095=ORIENTED_EDGE('',*,*,#5054,.F.);
#5096=EDGE_LOOP('',(#5095));
#5097=FACE_OUTER_BOUND('',#5096,.T.);
#5098=CARTESIAN_POINT('',(-2.000000000000001,1.999999999999998,0.0));
#5099=VERTEX_POINT('',#5098);
#5100=CARTESIAN_POINT('',(-2.000000000000001,-3.673940E-016,0.0));
#5101=DIRECTION('',(1.0,0.0,0.0));
#5102=DIRECTION('',(0.0,1.0,0.0));
#5103=AXIS2_PLACEMENT_3D('',#5100,#5101,#5102);
#5104=CIRCLE('',#5103,1.999999999999999);
#5105=EDGE_CURVE('',#5099,#5099,#5104,.T.);
#5106=ORIENTED_EDGE('',*,*,#5105,.T.);
#5107=EDGE_LOOP('',(#5106));
#5108=FACE_BOUND('',#5107,.T.);
#5109=ADVANCED_FACE('',(#5097,#5108),#5094,.T.);
#5110=CARTESIAN_POINT('',(1.800000000000001,3.306546E-016,0.0));
#5111=DIRECTION('',(1.0,1.836970E-016,0.0));
#5112=DIRECTION('',(0.0,0.0,-1.0));
#5113=AXIS2_PLACEMENT_3D('',#5110,#5111,#5112);
#5114=TOROIDAL_SURFACE('',#5113,7.800000000000001,0.200000000000000);
#5115=ORIENTED_EDGE('',*,*,#5082,.T.);
#5116=EDGE_LOOP('',(#5115));
#5117=FACE_OUTER_BOUND('',#5116,.T.);
#5118=CARTESIAN_POINT('',(2.0,7.800000000000001,-1.910386E-015));
#5119=VERTEX_POINT('',#5118);
#5120=CARTESIAN_POINT('',(2.000000000000001,3.673940E-016,0.0));
#5121=DIRECTION('',(-1.0,0.0,0.0));
#5122=DIRECTION('',(0.0,-1.0,0.0));
#5123=AXIS2_PLACEMENT_3D('',#5120,#5121,#5122);
#5124=CIRCLE('',#5123,7.800000000000001);
#5125=EDGE_CURVE('',#5119,#5119,#5124,.T.);
#5126=ORIENTED_EDGE('',*,*,#5125,.T.);
#5127=EDGE_LOOP('',(#5126));
#5128=FACE_BOUND('',#5127,.T.);
#5129=ADVANCED_FACE('',(#5117,#5128),#5114,.T.);
#5130=CARTESIAN_POINT('',(2.000000000000001,4.828427124746190,0.0));
#5131=DIRECTION('',(1.0,0.0,0.0));
#5132=DIRECTION('',(0.0,0.0,-1.0));
#5133=AXIS2_PLACEMENT_3D('',#5130,#5131,#5132);
#5134=PLANE('',#5133);
#5135=ORIENTED_EDGE('',*,*,#5125,.F.);
#5136=EDGE_LOOP('',(#5135));
#5137=FACE_OUTER_BOUND('',#5136,.T.);
#5138=CARTESIAN_POINT('',(2.000000000000001,1.999999999999998,0.0));
#5139=VERTEX_POINT('',#5138);
#5140=CARTESIAN_POINT('',(2.000000000000001,3.673940E-016,0.0));
#5141=DIRECTION('',(1.0,0.0,0.0));
#5142=DIRECTION('',(0.0,1.0,0.0));
#5143=AXIS2_PLACEMENT_3D('',#5140,#5141,#5142);
#5144=CIRCLE('',#5143,1.999999999999998);
#5145=EDGE_CURVE('',#5139,#5139,#5144,.T.);
#5146=ORIENTED_EDGE('',*,*,#5145,.F.);
#5147=EDGE_LOOP('',(#5146));
#5148=FACE_BOUND('',#5147,.T.);
#5149=ADVANCED_FACE('',(#5137,#5148),#5134,.T.);
#5150=CARTESIAN_POINT('',(-1.000000000000000,-1.836970E-016,0.0));
#5151=DIRECTION('',(1.0,1.836970E-016,0.0));
#5152=DIRECTION('',(0.0,1.0,0.0));
#5153=AXIS2_PLACEMENT_3D('',#5150,#5151,#5152);
#5154=CYLINDRICAL_SURFACE('',#5153,1.999999999999999);
#5155=ORIENTED_EDGE('',*,*,#5145,.T.);
#5156=EDGE_LOOP('',(#5155));
#5157=FACE_OUTER_BOUND('',#5156,.T.);
#5158=ORIENTED_EDGE('',*,*,#5105,.F.);
#5159=EDGE_LOOP('',(#5158));
#5160=FACE_BOUND('',#5159,.T.);
#5161=ADVANCED_FACE('',(#5157,#5160),#5154,.F.);
#5162=CLOSED_SHELL('',(#5069,#5089,#5109,#5129,#5149,#5161));
#5163=MANIFOLD_SOLID_BREP('',#5162);
#5164=DRAUGHTING_PRE_DEFINED_COLOUR('green');
#5165=FILL_AREA_STYLE_COLOUR('Green',#5164);
#5166=FILL_AREA_STYLE('Green',(#5165));
#5167=SURFACE_STYLE_FILL_AREA(#5166);
#5168=SURFACE_SIDE_STYLE('Green',(#5167));
#5169=SURFACE_STYLE_USAGE(.BOTH.,#5168);
#5170=PRESENTATION_STYLE_ASSIGNMENT((#5169));
#5171=STYLED_ITEM('',(#5170),#5163);
#5172=ADVANCED_BREP_SHAPE_REPRESENTATION('ABSR',(#5163),#5010);
#5173=SHAPE_REPRESENTATION_RELATIONSHIP('SRR','None',#5172,#5015);
#5174=AXIS2_PLACEMENT_3D('',#5175,#5176,#5177);
#5175=CARTESIAN_POINT('',(60.487977868759906,2.920622E-011,0.999999999999950));
#5176=DIRECTION('',(-1.0,-7.955549E-031,-1.895809E-016));
#5177=DIRECTION('',(-1.895809E-016,-1.813451E-016,1.0));
#5178=NEXT_ASSEMBLY_USAGE_OCCURRENCE('RollerH:1','RollerH:1','RollerH:1',#3917,#4986,'RollerH:1');
#5179=PRODUCT_DEFINITION_SHAPE('RollerH:1','RollerH:1',#5178);
#5180=ITEM_DEFINED_TRANSFORMATION('RollerH:1','RollerH:1',#5011,#5174);
#5184=(REPRESENTATION_RELATIONSHIP('RollerH:1','RollerH:1',#5015,#3946)REPRESENTATION_RELATIONSHIP_WITH_TRANSFORMATION(#5180)SHAPE_REPRESENTATION_RELATIONSHIP());
#5185=CONTEXT_DEPENDENT_SHAPE_REPRESENTATION(#5184,#5179);
#5186=AXIS2_PLACEMENT_3D('',#5187,#5188,#5189);
#5187=CARTESIAN_POINT('',(40.487977868759955,2.920375E-011,0.999999999999948));
#5188=DIRECTION('',(-0.808814917482098,0.588063286779941,-1.655724E-016));
#5189=DIRECTION('',(-3.131060E-016,-1.490867E-016,1.0));
#5190=NEXT_ASSEMBLY_USAGE_OCCURRENCE('RollerH:2','RollerH:2','RollerH:2',#3917,#4986,'RollerH:2');
#5191=PRODUCT_DEFINITION_SHAPE('RollerH:2','RollerH:2',#5190);
#5192=ITEM_DEFINED_TRANSFORMATION('RollerH:2','RollerH:2',#5011,#5186);
#5196=(REPRESENTATION_RELATIONSHIP('RollerH:2','RollerH:2',#5015,#3946)REPRESENTATION_RELATIONSHIP_WITH_TRANSFORMATION(#5192)SHAPE_REPRESENTATION_RELATIONSHIP());
#5197=CONTEXT_DEPENDENT_SHAPE_REPRESENTATION(#5196,#5191);
#5198=AXIS2_PLACEMENT_3D('',#5199,#5200,#5201);
#5199=CARTESIAN_POINT('',(297.563414180420920,-12.436585816428238,0.0));
#5200=DIRECTION('',(0.0,0.0,1.0));
#5201=DIRECTION('',(0.707106781190163,0.707106781182932,0.0));
#5202=NEXT_ASSEMBLY_USAGE_OCCURRENCE('AssSlider:1','AssSlider:1','AssSlider:1',#12,#3917,'AssSlider:1');
#5203=PRODUCT_DEFINITION_SHAPE('AssSlider:1','AssSlider:1',#5202);
#5204=ITEM_DEFINED_TRANSFORMATION('AssSlider:1','AssSlider:1',#3942,#5198);
#5208=(REPRESENTATION_RELATIONSHIP('AssSlider:1','AssSlider:1',#3946,#41)REPRESENTATION_RELATIONSHIP_WITH_TRANSFORMATION(#5204)SHAPE_REPRESENTATION_RELATIONSHIP());
#5209=CONTEXT_DEPENDENT_SHAPE_REPRESENTATION(#5208,#5203);
#5210=AXIS2_PLACEMENT_3D('',#5211,#5212,#5213);
#5211=CARTESIAN_POINT('',(597.563414192578190,-48.436585809071566,0.0));
#5212=DIRECTION('',(0.0,0.0,1.0));
#5213=DIRECTION('',(0.707106781168932,0.707106781204163,0.0));
#5214=NEXT_ASSEMBLY_USAGE_OCCURRENCE('AssSlider:2','AssSlider:2','AssSlider:2',#12,#3917,'AssSlider:2');
#5215=PRODUCT_DEFINITION_SHAPE('AssSlider:2','AssSlider:2',#5214);
#5216=ITEM_DEFINED_TRANSFORMATION('AssSlider:2','AssSlider:2',#3942,#5210);
#5220=(REPRESENTATION_RELATIONSHIP('AssSlider:2','AssSlider:2',#3946,#41)REPRESENTATION_RELATIONSHIP_WITH_TRANSFORMATION(#5216)SHAPE_REPRESENTATION_RELATIONSHIP());
#5221=CONTEXT_DEPENDENT_SHAPE_REPRESENTATION(#5220,#5215);
#5222=APPLICATION_CONTEXT('automotive design');
#5223=APPLICATION_PROTOCOL_DEFINITION('International Standard','automotive_design',2001,#5222);
#5224=PRODUCT_CONTEXT('',#5222,'mechanical');
#5225=PRODUCT('AssMovPanel','AssMovPanel',$,(#5224));
#5226=PRODUCT_RELATED_PRODUCT_CATEGORY('part',$,(#5225));
#5227=PRODUCT_DEFINITION_FORMATION('',$,#5225);
#5228=PRODUCT_DEFINITION_CONTEXT('part definition',#5222,'design');
#5229=PRODUCT_DEFINITION('',$,#5227,#5228);
#5235=(NAMED_UNIT(*)PLANE_ANGLE_UNIT()SI_UNIT($,.RADIAN.));
#5236=DIMENSIONAL_EXPONENTS(0.0,0.0,0.0,0.0,0.0,0.0,0.0);
#5237=PLANE_ANGLE_MEASURE_WITH_UNIT(PLANE_ANGLE_MEASURE(0.017453292500000),#5235);
#5241=(CONVERSION_BASED_UNIT('DEGREE',#5237)NAMED_UNIT(#5236)PLANE_ANGLE_UNIT());
#5245=(NAMED_UNIT(*)SI_UNIT($,.STERADIAN.)SOLID_ANGLE_UNIT());
#5249=(LENGTH_UNIT()NAMED_UNIT(*)SI_UNIT(.MILLI.,.METRE.));
#5251=UNCERTAINTY_MEASURE_WITH_UNIT(LENGTH_MEASURE(0.010000000000000),#5249,'DISTANCE_ACCURACY_VALUE','');
#5253=(GEOMETRIC_REPRESENTATION_CONTEXT(3)GLOBAL_UNCERTAINTY_ASSIGNED_CONTEXT((#5251))GLOBAL_UNIT_ASSIGNED_CONTEXT((#5241,#5245,#5249))REPRESENTATION_CONTEXT('None','None'));
#5254=AXIS2_PLACEMENT_3D('',#5255,#5256,#5257);
#5255=CARTESIAN_POINT('',(0.0,0.0,0.0));
#5256=DIRECTION('',(0.0,0.0,1.0));
#5257=DIRECTION('',(1.0,0.0,0.0));
#5258=SHAPE_REPRESENTATION('',(#5254,#5562,#5956,#6350),#5253);
#5259=PRODUCT_DEFINITION_SHAPE('','',#5229);
#5260=SHAPE_DEFINITION_REPRESENTATION(#5259,#5258);
#5261=APPLICATION_CONTEXT('automotive design');
#5262=APPLICATION_PROTOCOL_DEFINITION('International Standard','automotive_design',2001,#5261);
#5263=PRODUCT_CONTEXT('',#5261,'mechanical');
#5264=PRODUCT('MovingPanel','MovingPanel',$,(#5263));
#5265=PRODUCT_RELATED_PRODUCT_CATEGORY('part',$,(#5264));
#5266=PRODUCT_DEFINITION_FORMATION('',$,#5264);
#5267=PRODUCT_DEFINITION_CONTEXT('part definition',#5261,'design');
#5268=PRODUCT_DEFINITION('',$,#5266,#5267);
#5274=(NAMED_UNIT(*)PLANE_ANGLE_UNIT()SI_UNIT($,.RADIAN.));
#5275=DIMENSIONAL_EXPONENTS(0.0,0.0,0.0,0.0,0.0,0.0,0.0);
#5276=PLANE_ANGLE_MEASURE_WITH_UNIT(PLANE_ANGLE_MEASURE(0.017453292500000),#5274);
#5280=(CONVERSION_BASED_UNIT('DEGREE',#5276)NAMED_UNIT(#5275)PLANE_ANGLE_UNIT());
#5284=(NAMED_UNIT(*)SI_UNIT($,.STERADIAN.)SOLID_ANGLE_UNIT());
#5288=(LENGTH_UNIT()NAMED_UNIT(*)SI_UNIT(.MILLI.,.METRE.));
#5290=UNCERTAINTY_MEASURE_WITH_UNIT(LENGTH_MEASURE(0.010000000000000),#5288,'DISTANCE_ACCURACY_VALUE','');
#5292=(GEOMETRIC_REPRESENTATION_CONTEXT(3)GLOBAL_UNCERTAINTY_ASSIGNED_CONTEXT((#5290))GLOBAL_UNIT_ASSIGNED_CONTEXT((#5280,#5284,#5288))REPRESENTATION_CONTEXT('None','None'));
#5293=AXIS2_PLACEMENT_3D('',#5294,#5295,#5296);
#5294=CARTESIAN_POINT('',(0.0,0.0,0.0));
#5295=DIRECTION('',(0.0,0.0,1.0));
#5296=DIRECTION('',(1.0,0.0,0.0));
#5297=SHAPE_REPRESENTATION('',(#5293),#5292);
#5298=PRODUCT_DEFINITION_SHAPE('','',#5268);
#5299=SHAPE_DEFINITION_REPRESENTATION(#5298,#5297);
#5305=(NAMED_UNIT(*)PLANE_ANGLE_UNIT()SI_UNIT($,.RADIAN.));
#5306=DIMENSIONAL_EXPONENTS(0.0,0.0,0.0,0.0,0.0,0.0,0.0);
#5307=PLANE_ANGLE_MEASURE_WITH_UNIT(PLANE_ANGLE_MEASURE(0.017453292500000),#5305);
#5311=(CONVERSION_BASED_UNIT('DEGREE',#5307)NAMED_UNIT(#5306)PLANE_ANGLE_UNIT());
#5315=(NAMED_UNIT(*)SI_UNIT($,.STERADIAN.)SOLID_ANGLE_UNIT());
#5319=(LENGTH_UNIT()NAMED_UNIT(*)SI_UNIT(.MILLI.,.METRE.));
#5321=UNCERTAINTY_MEASURE_WITH_UNIT(LENGTH_MEASURE(0.000001000000000),#5319,'DISTANCE_ACCURACY_VALUE','');
#5323=(GEOMETRIC_REPRESENTATION_CONTEXT(3)GLOBAL_UNCERTAINTY_ASSIGNED_CONTEXT((#5321))GLOBAL_UNIT_ASSIGNED_CONTEXT((#5311,#5315,#5319))REPRESENTATION_CONTEXT('','3D'));
#5324=CARTESIAN_POINT('',(-1.071067811865482,-0.273117978704221,-426.000000000000110));
#5325=DIRECTION('',(0.0,0.0,1.0));
#5326=DIRECTION('',(1.0,0.0,0.0));
#5327=AXIS2_PLACEMENT_3D('',#5324,#5325,#5326);
#5328=PLANE('',#5327);
#5329=CARTESIAN_POINT('',(172.0,-10.0,-426.000000000000110));
#5330=VERTEX_POINT('',#5329);
#5331=CARTESIAN_POINT('',(172.0,10.0,-426.000000000000110));
#5332=VERTEX_POINT('',#5331);
#5333=CARTESIAN_POINT('',(172.0,-10.0,-426.000000000000110));
#5334=DIRECTION('',(0.0,1.0,0.0));
#5335=VECTOR('',#5334,20.0);
#5336=LINE('',#5333,#5335);
#5337=EDGE_CURVE('',#5330,#5332,#5336,.T.);
#5338=ORIENTED_EDGE('',*,*,#5337,.F.);
#5339=CARTESIAN_POINT('',(-180.0,-10.0,-426.000000000000110));
#5340=VERTEX_POINT('',#5339);
#5341=CARTESIAN_POINT('',(-180.0,-10.0,-426.000000000000110));
#5342=DIRECTION('',(1.0,0.0,0.0));
#5343=VECTOR('',#5342,352.0);
#5344=LINE('',#5341,#5343);
#5345=EDGE_CURVE('',#5340,#5330,#5344,.T.);
#5346=ORIENTED_EDGE('',*,*,#5345,.F.);
#5347=CARTESIAN_POINT('',(-160.0,10.0,-426.000000000000110));
#5348=VERTEX_POINT('',#5347);
#5349=CARTESIAN_POINT('',(-160.0,10.0,-426.000000000000110));
#5350=DIRECTION('',(-0.707106781186547,-0.707106781186547,0.0));
#5351=VECTOR('',#5350,28.284271247461902);
#5352=LINE('',#5349,#5351);
#5353=EDGE_CURVE('',#5348,#5340,#5352,.T.);
#5354=ORIENTED_EDGE('',*,*,#5353,.F.);
#5355=CARTESIAN_POINT('',(172.0,10.0,-426.000000000000110));
#5356=DIRECTION('',(-1.0,0.0,0.0));
#5357=VECTOR('',#5356,332.0);
#5358=LINE('',#5355,#5357);
#5359=EDGE_CURVE('',#5332,#5348,#5358,.T.);
#5360=ORIENTED_EDGE('',*,*,#5359,.F.);
#5361=EDGE_LOOP('',(#5338,#5346,#5354,#5360));
#5362=FACE_OUTER_BOUND('',#5361,.T.);
#5363=ADVANCED_FACE('',(#5362),#5328,.F.);
#5364=CARTESIAN_POINT('',(172.0,0.0,-100.0));
#5365=DIRECTION('',(1.0,0.0,0.0));
#5366=DIRECTION('',(0.0,0.0,-1.0));
#5367=AXIS2_PLACEMENT_3D('',#5364,#5365,#5366);
#5368=PLANE('',#5367);
#5369=CARTESIAN_POINT('',(172.0,-10.0,0.0));
#5370=VERTEX_POINT('',#5369);
#5371=CARTESIAN_POINT('',(172.0,-10.0,-426.000000000000110));
#5372=DIRECTION('',(0.0,0.0,1.0));
#5373=VECTOR('',#5372,426.000000000000110);
#5374=LINE('',#5371,#5373);
#5375=EDGE_CURVE('',#5330,#5370,#5374,.T.);
#5376=ORIENTED_EDGE('',*,*,#5375,.F.);
#5377=ORIENTED_EDGE('',*,*,#5337,.T.);
#5378=CARTESIAN_POINT('',(172.0,10.0,0.0));
#5379=VERTEX_POINT('',#5378);
#5380=CARTESIAN_POINT('',(172.0,10.0,0.0));
#5381=DIRECTION('',(0.0,0.0,-1.0));
#5382=VECTOR('',#5381,426.000000000000110);
#5383=LINE('',#5380,#5382);
#5384=EDGE_CURVE('',#5379,#5332,#5383,.T.);
#5385=ORIENTED_EDGE('',*,*,#5384,.F.);
#5386=CARTESIAN_POINT('',(172.0,-10.0,0.0));
#5387=DIRECTION('',(0.0,1.0,0.0));
#5388=VECTOR('',#5387,20.0);
#5389=LINE('',#5386,#5388);
#5390=EDGE_CURVE('',#5370,#5379,#5389,.T.);
#5391=ORIENTED_EDGE('',*,*,#5390,.F.);
#5392=EDGE_LOOP('',(#5376,#5377,#5385,#5391));
#5393=FACE_OUTER_BOUND('',#5392,.T.);
#5394=ADVANCED_FACE('',(#5393),#5368,.T.);
#5395=CARTESIAN_POINT('',(135.0,25.0,-180.0));
#5396=DIRECTION('',(-1.0,0.0,0.0));
#5397=DIRECTION('',(0.0,0.0,1.0));
#5398=AXIS2_PLACEMENT_3D('',#5395,#5396,#5397);
#5399=PLANE('',#5398);
#5400=CARTESIAN_POINT('',(135.0,10.0,-166.771243444677030));
#5401=VERTEX_POINT('',#5400);
#5402=CARTESIAN_POINT('',(135.0,10.0,-193.228756555322970));
#5403=VERTEX_POINT('',#5402);
#5404=CARTESIAN_POINT('',(135.0,10.0,-166.771243444677030));
#5405=DIRECTION('',(0.0,0.0,-1.0));
#5406=VECTOR('',#5405,26.457513110645948);
#5407=LINE('',#5404,#5406);
#5408=EDGE_CURVE('',#5401,#5403,#5407,.T.);
#5409=ORIENTED_EDGE('',*,*,#5408,.F.);
#5410=CARTESIAN_POINT('',(135.0,25.0,-180.0));
#5411=DIRECTION('',(1.0,0.0,0.0));
#5412=DIRECTION('',(0.0,0.0,1.0));
#5413=AXIS2_PLACEMENT_3D('',#5410,#5411,#5412);
#5414=CIRCLE('',#5413,20.0);
#5415=EDGE_CURVE('',#5401,#5403,#5414,.T.);
#5416=ORIENTED_EDGE('',*,*,#5415,.T.);
#5417=EDGE_LOOP('',(#5409,#5416));
#5418=FACE_OUTER_BOUND('',#5417,.T.);
#5419=ADVANCED_FACE('',(#5418),#5399,.F.);
#5420=CARTESIAN_POINT('',(145.0,25.0,-180.0));
#5421=DIRECTION('',(-1.0,0.0,0.0));
#5422=DIRECTION('',(0.0,0.0,1.0));
#5423=AXIS2_PLACEMENT_3D('',#5420,#5421,#5422);
#5424=PLANE('',#5423);
#5425=CARTESIAN_POINT('',(145.0,10.0,-193.228756555322970));
#5426=VERTEX_POINT('',#5425);
#5427=CARTESIAN_POINT('',(145.0,10.0,-166.771243444677030));
#5428=VERTEX_POINT('',#5427);
#5429=CARTESIAN_POINT('',(145.0,10.0,-193.228756555322970));
#5430=DIRECTION('',(0.0,0.0,1.0));
#5431=VECTOR('',#5430,26.457513110645948);
#5432=LINE('',#5429,#5431);
#5433=EDGE_CURVE('',#5426,#5428,#5432,.T.);
#5434=ORIENTED_EDGE('',*,*,#5433,.F.);
#5435=CARTESIAN_POINT('',(145.0,25.0,-180.0));
#5436=DIRECTION('',(-1.0,0.0,0.0));
#5437=DIRECTION('',(0.0,0.0,1.0));
#5438=AXIS2_PLACEMENT_3D('',#5435,#5436,#5437);
#5439=CIRCLE('',#5438,20.0);
#5440=EDGE_CURVE('',#5426,#5428,#5439,.T.);
#5441=ORIENTED_EDGE('',*,*,#5440,.T.);
#5442=EDGE_LOOP('',(#5434,#5441));
#5443=FACE_OUTER_BOUND('',#5442,.T.);
#5444=ADVANCED_FACE('',(#5443),#5424,.T.);
#5445=CARTESIAN_POINT('',(140.0,25.0,-180.0));
#5446=DIRECTION('',(-1.0,0.0,0.0));
#5447=DIRECTION('',(0.0,0.0,1.0));
#5448=AXIS2_PLACEMENT_3D('',#5445,#5446,#5447);
#5449=CYLINDRICAL_SURFACE('',#5448,20.0);
#5450=CARTESIAN_POINT('',(145.0,10.0,-166.771243444677030));
#5451=DIRECTION('',(-1.0,0.0,0.0));
#5452=VECTOR('',#5451,10.0);
#5453=LINE('',#5450,#5452);
#5454=EDGE_CURVE('',#5428,#5401,#5453,.T.);
#5455=ORIENTED_EDGE('',*,*,#5454,.F.);
#5456=ORIENTED_EDGE('',*,*,#5440,.F.);
#5457=CARTESIAN_POINT('',(135.0,10.0,-193.228756555322970));
#5458=DIRECTION('',(1.0,0.0,0.0));
#5459=VECTOR('',#5458,10.0);
#5460=LINE('',#5457,#5459);
#5461=EDGE_CURVE('',#5403,#5426,#5460,.T.);
#5462=ORIENTED_EDGE('',*,*,#5461,.F.);
#5463=ORIENTED_EDGE('',*,*,#5415,.F.);
#5464=EDGE_LOOP('',(#5455,#5456,#5462,#5463));
#5465=FACE_OUTER_BOUND('',#5464,.T.);
#5466=ADVANCED_FACE('',(#5465),#5449,.F.);
#5467=CARTESIAN_POINT('',(-160.0,10.0,0.0));
#5468=DIRECTION('',(-0.707106781186548,0.707106781186548,0.0));
#5469=DIRECTION('',(0.0,0.0,1.0));
#5470=AXIS2_PLACEMENT_3D('',#5467,#5468,#5469);
#5471=PLANE('',#5470);
#5472=CARTESIAN_POINT('',(-180.0,-10.0,0.0));
#5473=VERTEX_POINT('',#5472);
#5474=CARTESIAN_POINT('',(-180.0,-10.0,0.0));
#5475=DIRECTION('',(0.0,0.0,-1.0));
#5476=VECTOR('',#5475,426.000000000000110);
#5477=LINE('',#5474,#5476);
#5478=EDGE_CURVE('',#5473,#5340,#5477,.T.);
#5479=ORIENTED_EDGE('',*,*,#5478,.F.);
#5480=CARTESIAN_POINT('',(-160.0,10.0,0.0));
#5481=VERTEX_POINT('',#5480);
#5482=CARTESIAN_POINT('',(-160.0,10.0,0.0));
#5483=DIRECTION('',(-0.707106781186547,-0.707106781186547,0.0));
#5484=VECTOR('',#5483,28.284271247461902);
#5485=LINE('',#5482,#5484);
#5486=EDGE_CURVE('',#5481,#5473,#5485,.T.);
#5487=ORIENTED_EDGE('',*,*,#5486,.F.);
#5488=CARTESIAN_POINT('',(-160.0,10.0,0.0));
#5489=DIRECTION('',(0.0,0.0,-1.0));
#5490=VECTOR('',#5489,426.000000000000110);
#5491=LINE('',#5488,#5490);
#5492=EDGE_CURVE('',#5481,#5348,#5491,.T.);
#5493=ORIENTED_EDGE('',*,*,#5492,.T.);
#5494=ORIENTED_EDGE('',*,*,#5353,.T.);
#5495=EDGE_LOOP('',(#5479,#5487,#5493,#5494));
#5496=FACE_OUTER_BOUND('',#5495,.T.);
#5497=ADVANCED_FACE('',(#5496),#5471,.T.);
#5498=CARTESIAN_POINT('',(160.0,10.0,0.0));
#5499=DIRECTION('',(0.0,1.0,0.0));
#5500=DIRECTION('',(0.0,0.0,1.0));
#5501=AXIS2_PLACEMENT_3D('',#5498,#5499,#5500);
#5502=PLANE('',#5501);
#5503=ORIENTED_EDGE('',*,*,#5492,.F.);
#5504=CARTESIAN_POINT('',(172.0,10.0,0.0));
#5505=DIRECTION('',(-1.0,0.0,0.0));
#5506=VECTOR('',#5505,332.0);
#5507=LINE('',#5504,#5506);
#5508=EDGE_CURVE('',#5379,#5481,#5507,.T.);
#5509=ORIENTED_EDGE('',*,*,#5508,.F.);
#5510=ORIENTED_EDGE('',*,*,#5384,.T.);
#5511=ORIENTED_EDGE('',*,*,#5359,.T.);
#5512=EDGE_LOOP('',(#5503,#5509,#5510,#5511));
#5513=FACE_OUTER_BOUND('',#5512,.T.);
#5514=ORIENTED_EDGE('',*,*,#5433,.T.);
#5515=ORIENTED_EDGE('',*,*,#5454,.T.);
#5516=ORIENTED_EDGE('',*,*,#5408,.T.);
#5517=ORIENTED_EDGE('',*,*,#5461,.T.);
#5518=EDGE_LOOP('',(#5514,#5515,#5516,#5517));
#5519=FACE_BOUND('',#5518,.T.);
#5520=ADVANCED_FACE('',(#5513,#5519),#5502,.T.);
#5521=CARTESIAN_POINT('',(-160.0,-10.0,0.0));
#5522=DIRECTION('',(0.0,-1.0,0.0));
#5523=DIRECTION('',(0.0,0.0,-1.0));
#5524=AXIS2_PLACEMENT_3D('',#5521,#5522,#5523);
#5525=PLANE('',#5524);
#5526=ORIENTED_EDGE('',*,*,#5375,.T.);
#5527=CARTESIAN_POINT('',(-180.0,-10.0,0.0));
#5528=DIRECTION('',(1.0,0.0,0.0));
#5529=VECTOR('',#5528,352.0);
#5530=LINE('',#5527,#5529);
#5531=EDGE_CURVE('',#5473,#5370,#5530,.T.);
#5532=ORIENTED_EDGE('',*,*,#5531,.F.);
#5533=ORIENTED_EDGE('',*,*,#5478,.T.);
#5534=ORIENTED_EDGE('',*,*,#5345,.T.);
#5535=EDGE_LOOP('',(#5526,#5532,#5533,#5534));
#5536=FACE_OUTER_BOUND('',#5535,.T.);
#5537=ADVANCED_FACE('',(#5536),#5525,.T.);
#5538=CARTESIAN_POINT('',(0.0,-1.781106E-017,0.0));
#5539=DIRECTION('',(0.0,0.0,1.0));
#5540=DIRECTION('',(1.0,0.0,0.0));
#5541=AXIS2_PLACEMENT_3D('',#5538,#5539,#5540);
#5542=PLANE('',#5541);
#5543=ORIENTED_EDGE('',*,*,#5531,.T.);
#5544=ORIENTED_EDGE('',*,*,#5390,.T.);
#5545=ORIENTED_EDGE('',*,*,#5508,.T.);
#5546=ORIENTED_EDGE('',*,*,#5486,.T.);
#5547=EDGE_LOOP('',(#5543,#5544,#5545,#5546));
#5548=FACE_OUTER_BOUND('',#5547,.T.);
#5549=ADVANCED_FACE('',(#5548),#5542,.T.);
#5550=CLOSED_SHELL('',(#5363,#5394,#5419,#5444,#5466,#5497,#5520,#5537,#5549));
#5551=MANIFOLD_SOLID_BREP('',#5550);
#5552=COLOUR_RGB('Blue Pastel',0.682353019714355,0.807843029499054,0.749019980430603);
#5553=FILL_AREA_STYLE_COLOUR('Blue Pastel',#5552);
#5554=FILL_AREA_STYLE('Blue Pastel',(#5553));
#5555=SURFACE_STYLE_FILL_AREA(#5554);
#5556=SURFACE_SIDE_STYLE('Blue Pastel',(#5555));
#5557=SURFACE_STYLE_USAGE(.BOTH.,#5556);
#5558=PRESENTATION_STYLE_ASSIGNMENT((#5557));
#5559=STYLED_ITEM('',(#5558),#5551);
#5560=ADVANCED_BREP_SHAPE_REPRESENTATION('ABSR',(#5551),#5292);
#5561=SHAPE_REPRESENTATION_RELATIONSHIP('SRR','None',#5560,#5297);
#5562=AXIS2_PLACEMENT_3D('',#5563,#5564,#5565);
#5563=CARTESIAN_POINT('',(200.487977868759570,30.000000000029210,-10.000000000000018));
#5564=DIRECTION('',(6.123234E-017,-8.673617E-017,1.0));
#5565=DIRECTION('',(0.999999999999998,1.182559E-016,-6.123234E-017));
#5566=NEXT_ASSEMBLY_USAGE_OCCURRENCE('MovingPanel:1','MovingPanel:1','MovingPanel:1',#5229,#5268,'MovingPanel:1');
#5567=PRODUCT_DEFINITION_SHAPE('MovingPanel:1','MovingPanel:1',#5566);
#5568=ITEM_DEFINED_TRANSFORMATION('MovingPanel:1','MovingPanel:1',#5293,#5562);
#5572=(REPRESENTATION_RELATIONSHIP('MovingPanel:1','MovingPanel:1',#5297,#5258)REPRESENTATION_RELATIONSHIP_WITH_TRANSFORMATION(#5568)SHAPE_REPRESENTATION_RELATIONSHIP());
#5573=CONTEXT_DEPENDENT_SHAPE_REPRESENTATION(#5572,#5567);
#5574=APPLICATION_CONTEXT('automotive design');
#5575=APPLICATION_PROTOCOL_DEFINITION('International Standard','automotive_design',2001,#5574);
#5576=PRODUCT_CONTEXT('',#5574,'mechanical');
#5577=PRODUCT('Bracket2','Bracket2',$,(#5576));
#5578=PRODUCT_RELATED_PRODUCT_CATEGORY('part',$,(#5577));
#5579=PRODUCT_DEFINITION_FORMATION('',$,#5577);
#5580=PRODUCT_DEFINITION_CONTEXT('part definition',#5574,'design');
#5581=PRODUCT_DEFINITION('',$,#5579,#5580);
#5587=(NAMED_UNIT(*)PLANE_ANGLE_UNIT()SI_UNIT($,.RADIAN.));
#5588=DIMENSIONAL_EXPONENTS(0.0,0.0,0.0,0.0,0.0,0.0,0.0);
#5589=PLANE_ANGLE_MEASURE_WITH_UNIT(PLANE_ANGLE_MEASURE(0.017453292500000),#5587);
#5593=(CONVERSION_BASED_UNIT('DEGREE',#5589)NAMED_UNIT(#5588)PLANE_ANGLE_UNIT());
#5597=(NAMED_UNIT(*)SI_UNIT($,.STERADIAN.)SOLID_ANGLE_UNIT());
#5601=(LENGTH_UNIT()NAMED_UNIT(*)SI_UNIT(.MILLI.,.METRE.));
#5603=UNCERTAINTY_MEASURE_WITH_UNIT(LENGTH_MEASURE(0.010000000000000),#5601,'DISTANCE_ACCURACY_VALUE','');
#5605=(GEOMETRIC_REPRESENTATION_CONTEXT(3)GLOBAL_UNCERTAINTY_ASSIGNED_CONTEXT((#5603))GLOBAL_UNIT_ASSIGNED_CONTEXT((#5593,#5597,#5601))REPRESENTATION_CONTEXT('None','None'));
#5606=AXIS2_PLACEMENT_3D('',#5607,#5608,#5609);
#5607=CARTESIAN_POINT('',(0.0,0.0,0.0));
#5608=DIRECTION('',(0.0,0.0,1.0));
#5609=DIRECTION('',(1.0,0.0,0.0));
#5610=SHAPE_REPRESENTATION('',(#5606),#5605);
#5611=PRODUCT_DEFINITION_SHAPE('','',#5581);
#5612=SHAPE_DEFINITION_REPRESENTATION(#5611,#5610);
#5618=(NAMED_UNIT(*)PLANE_ANGLE_UNIT()SI_UNIT($,.RADIAN.));
#5619=DIMENSIONAL_EXPONENTS(0.0,0.0,0.0,0.0,0.0,0.0,0.0);
#5620=PLANE_ANGLE_MEASURE_WITH_UNIT(PLANE_ANGLE_MEASURE(0.017453292500000),#5618);
#5624=(CONVERSION_BASED_UNIT('DEGREE',#5620)NAMED_UNIT(#5619)PLANE_ANGLE_UNIT());
#5628=(NAMED_UNIT(*)SI_UNIT($,.STERADIAN.)SOLID_ANGLE_UNIT());
#5632=(LENGTH_UNIT()NAMED_UNIT(*)SI_UNIT(.MILLI.,.METRE.));
#5634=UNCERTAINTY_MEASURE_WITH_UNIT(LENGTH_MEASURE(0.000001000000000),#5632,'DISTANCE_ACCURACY_VALUE','');
#5636=(GEOMETRIC_REPRESENTATION_CONTEXT(3)GLOBAL_UNCERTAINTY_ASSIGNED_CONTEXT((#5634))GLOBAL_UNIT_ASSIGNED_CONTEXT((#5624,#5628,#5632))REPRESENTATION_CONTEXT('','3D'));
#5637=CARTESIAN_POINT('',(-57.500000000000000,-2.737500000000012,-7.500000000000000));
#5638=DIRECTION('',(-0.707106781186548,0.0,-0.707106781186548));
#5639=DIRECTION('',(-0.707106781186548,0.0,0.707106781186548));
#5640=AXIS2_PLACEMENT_3D('',#5637,#5638,#5639);
#5641=PLANE('',#5640);
#5642=CARTESIAN_POINT('',(-55.0,-2.000000000000016,-10.0));
#5643=VERTEX_POINT('',#5642);
#5644=CARTESIAN_POINT('',(-60.0,-2.000000000000017,-5.0));
#5645=VERTEX_POINT('',#5644);
#5646=CARTESIAN_POINT('',(-55.0,-2.000000000000016,-10.0));
#5647=DIRECTION('',(-0.707106781186547,-1.884111E-016,0.707106781186547));
#5648=VECTOR('',#5647,7.071067811865476);
#5649=LINE('',#5646,#5648);
#5650=EDGE_CURVE('',#5643,#5645,#5649,.T.);
#5651=ORIENTED_EDGE('',*,*,#5650,.T.);
#5652=CARTESIAN_POINT('',(-60.0,-2.364875E-014,-5.0));
#5653=VERTEX_POINT('',#5652);
#5654=CARTESIAN_POINT('',(-60.0,-2.000000000000017,-5.0));
#5655=DIRECTION('',(0.0,1.0,0.0));
#5656=VECTOR('',#5655,1.999999999999993);
#5657=LINE('',#5654,#5656);
#5658=EDGE_CURVE('',#5645,#5653,#5657,.T.);
#5659=ORIENTED_EDGE('',*,*,#5658,.T.);
#5660=CARTESIAN_POINT('',(-55.0,-2.167802E-014,-10.0));
#5661=VERTEX_POINT('',#5660);
#5662=CARTESIAN_POINT('',(-60.0,-2.364875E-014,-5.0));
#5663=DIRECTION('',(0.707106781186547,2.787032E-016,-0.707106781186547));
#5664=VECTOR('',#5663,7.071067811865476);
#5665=LINE('',#5662,#5664);
#5666=EDGE_CURVE('',#5653,#5661,#5665,.T.);
#5667=ORIENTED_EDGE('',*,*,#5666,.T.);
#5668=CARTESIAN_POINT('',(-55.0,-2.167802E-014,-10.0));
#5669=DIRECTION('',(0.0,-1.0,0.0));
#5670=VECTOR('',#5669,1.999999999999994);
#5671=LINE('',#5668,#5670);
#5672=EDGE_CURVE('',#5661,#5643,#5671,.T.);
#5673=ORIENTED_EDGE('',*,*,#5672,.T.);
#5674=EDGE_LOOP('',(#5651,#5659,#5667,#5673));
#5675=FACE_OUTER_BOUND('',#5674,.T.);
#5676=ADVANCED_FACE('',(#5675),#5641,.T.);
#5677=CARTESIAN_POINT('',(-60.0,-2.000000000000017,0.0));
#5678=DIRECTION('',(-1.0,0.0,0.0));
#5679=DIRECTION('',(0.0,0.0,1.0));
#5680=AXIS2_PLACEMENT_3D('',#5677,#5678,#5679);
#5681=PLANE('',#5680);
#5682=ORIENTED_EDGE('',*,*,#5658,.F.);
#5683=CARTESIAN_POINT('',(-60.0,-2.000000000000017,5.0));
#5684=VERTEX_POINT('',#5683);
#5685=CARTESIAN_POINT('',(-60.0,-2.000000000000017,5.0));
#5686=DIRECTION('',(0.0,0.0,-1.0));
#5687=VECTOR('',#5686,10.0);
#5688=LINE('',#5685,#5687);
#5689=EDGE_CURVE('',#5684,#5645,#5688,.T.);
#5690=ORIENTED_EDGE('',*,*,#5689,.F.);
#5691=CARTESIAN_POINT('',(-60.0,-2.364875E-014,5.0));
#5692=VERTEX_POINT('',#5691);
#5693=CARTESIAN_POINT('',(-60.0,-2.364875E-014,5.0));
#5694=DIRECTION('',(0.0,-1.0,0.0));
#5695=VECTOR('',#5694,1.999999999999993);
#5696=LINE('',#5693,#5695);
#5697=EDGE_CURVE('',#5692,#5684,#5696,.T.);
#5698=ORIENTED_EDGE('',*,*,#5697,.F.);
#5699=CARTESIAN_POINT('',(-60.0,-2.364875E-014,5.0));
#5700=DIRECTION('',(0.0,0.0,-1.0));
#5701=VECTOR('',#5700,10.0);
#5702=LINE('',#5699,#5701);
#5703=EDGE_CURVE('',#5692,#5653,#5702,.T.);
#5704=ORIENTED_EDGE('',*,*,#5703,.T.);
#5705=EDGE_LOOP('',(#5682,#5690,#5698,#5704));
#5706=FACE_OUTER_BOUND('',#5705,.T.);
#5707=ADVANCED_FACE('',(#5706),#5681,.T.);
#5708=CARTESIAN_POINT('',(-2.000000000000000,-1.999999999999999,0.0));
#5709=DIRECTION('',(0.0,-1.0,0.0));
#5710=DIRECTION('',(0.0,0.0,-1.0));
#5711=AXIS2_PLACEMENT_3D('',#5708,#5709,#5710);
#5712=PLANE('',#5711);
#5713=ORIENTED_EDGE('',*,*,#5650,.F.);
#5714=CARTESIAN_POINT('',(-2.000000000000000,-1.999999999999999,-10.0));
#5715=VERTEX_POINT('',#5714);
#5716=CARTESIAN_POINT('',(-55.0,-2.000000000000016,-10.0));
#5717=DIRECTION('',(1.0,0.0,0.0));
#5718=VECTOR('',#5717,53.0);
#5719=LINE('',#5716,#5718);
#5720=EDGE_CURVE('',#5643,#5715,#5719,.T.);
#5721=ORIENTED_EDGE('',*,*,#5720,.T.);
#5722=CARTESIAN_POINT('',(-2.000000000000000,-1.999999999999999,10.0));
#5723=VERTEX_POINT('',#5722);
#5724=CARTESIAN_POINT('',(-2.000000000000000,-1.999999999999999,10.0));
#5725=DIRECTION('',(0.0,0.0,-1.0));
#5726=VECTOR('',#5725,20.0);
#5727=LINE('',#5724,#5726);
#5728=EDGE_CURVE('',#5723,#5715,#5727,.T.);
#5729=ORIENTED_EDGE('',*,*,#5728,.F.);
#5730=CARTESIAN_POINT('',(-55.0,-2.000000000000016,10.0));
#5731=VERTEX_POINT('',#5730);
#5732=CARTESIAN_POINT('',(-2.000000000000000,-1.999999999999999,10.0));
#5733=DIRECTION('',(-1.0,0.0,0.0));
#5734=VECTOR('',#5733,53.0);
#5735=LINE('',#5732,#5734);
#5736=EDGE_CURVE('',#5723,#5731,#5735,.T.);
#5737=ORIENTED_EDGE('',*,*,#5736,.T.);
#5738=CARTESIAN_POINT('',(-60.0,-2.000000000000017,5.0));
#5739=DIRECTION('',(0.707106781186547,1.884111E-016,0.707106781186547));
#5740=VECTOR('',#5739,7.071067811865476);
#5741=LINE('',#5738,#5740);
#5742=EDGE_CURVE('',#5684,#5731,#5741,.T.);
#5743=ORIENTED_EDGE('',*,*,#5742,.F.);
#5744=ORIENTED_EDGE('',*,*,#5689,.T.);
#5745=EDGE_LOOP('',(#5713,#5721,#5729,#5737,#5743,#5744));
#5746=FACE_OUTER_BOUND('',#5745,.T.);
#5747=CARTESIAN_POINT('',(-54.0,-2.000000000000022,-2.449213E-016));
#5748=VERTEX_POINT('',#5747);
#5749=CARTESIAN_POINT('',(-56.000000000000007,-2.000000000000023,0.0));
#5750=DIRECTION('',(0.0,1.0,0.0));
#5751=DIRECTION('',(-1.0,0.0,0.0));
#5752=AXIS2_PLACEMENT_3D('',#5749,#5750,#5751);
#5753=CIRCLE('',#5752,2.0);
#5754=EDGE_CURVE('',#5748,#5748,#5753,.T.);
#5755=ORIENTED_EDGE('',*,*,#5754,.T.);
#5756=EDGE_LOOP('',(#5755));
#5757=FACE_BOUND('',#5756,.T.);
#5758=ADVANCED_FACE('',(#5746,#5757),#5712,.T.);
#5759=CARTESIAN_POINT('',(-57.500000000000000,-2.737500000000012,7.500000000000000));
#5760=DIRECTION('',(-0.707106781186548,0.0,0.707106781186548));
#5761=DIRECTION('',(0.707106781186548,0.0,0.707106781186548));
#5762=AXIS2_PLACEMENT_3D('',#5759,#5760,#5761);
#5763=PLANE('',#5762);
#5764=CARTESIAN_POINT('',(-55.0,-2.167802E-014,10.0));
#5765=VERTEX_POINT('',#5764);
#5766=CARTESIAN_POINT('',(-55.0,-2.167802E-014,10.0));
#5767=DIRECTION('',(-0.707106781186547,-2.787032E-016,-0.707106781186547));
#5768=VECTOR('',#5767,7.071067811865476);
#5769=LINE('',#5766,#5768);
#5770=EDGE_CURVE('',#5765,#5692,#5769,.T.);
#5771=ORIENTED_EDGE('',*,*,#5770,.T.);
#5772=ORIENTED_EDGE('',*,*,#5697,.T.);
#5773=ORIENTED_EDGE('',*,*,#5742,.T.);
#5774=CARTESIAN_POINT('',(-55.0,-2.000000000000016,10.0));
#5775=DIRECTION('',(0.0,1.0,0.0));
#5776=VECTOR('',#5775,1.999999999999994);
#5777=LINE('',#5774,#5776);
#5778=EDGE_CURVE('',#5731,#5765,#5777,.T.);
#5779=ORIENTED_EDGE('',*,*,#5778,.T.);
#5780=EDGE_LOOP('',(#5771,#5772,#5773,#5779));
#5781=FACE_OUTER_BOUND('',#5780,.T.);
#5782=ADVANCED_FACE('',(#5781),#5763,.T.);
#5783=CARTESIAN_POINT('',(-23.474999999999998,-3.475000000000008,10.0));
#5784=DIRECTION('',(0.0,0.0,1.0));
#5785=DIRECTION('',(1.0,0.0,0.0));
#5786=AXIS2_PLACEMENT_3D('',#5783,#5784,#5785);
#5787=PLANE('',#5786);
#5788=ORIENTED_EDGE('',*,*,#5778,.F.);
#5789=ORIENTED_EDGE('',*,*,#5736,.F.);
#5790=CARTESIAN_POINT('',(-1.999999999999998,-20.0,10.0));
#5791=VERTEX_POINT('',#5790);
#5792=CARTESIAN_POINT('',(-1.999999999999998,-20.0,10.0));
#5793=DIRECTION('',(0.0,1.0,0.0));
#5794=VECTOR('',#5793,18.0);
#5795=LINE('',#5792,#5794);
#5796=EDGE_CURVE('',#5791,#5723,#5795,.T.);
#5797=ORIENTED_EDGE('',*,*,#5796,.F.);
#5798=CARTESIAN_POINT('',(2.449294E-015,-19.999999999999996,10.0));
#5799=VERTEX_POINT('',#5798);
#5800=CARTESIAN_POINT('',(2.449294E-015,-19.999999999999996,10.0));
#5801=DIRECTION('',(-1.0,0.0,0.0));
#5802=VECTOR('',#5801,2.0);
#5803=LINE('',#5800,#5802);
#5804=EDGE_CURVE('',#5799,#5791,#5803,.T.);
#5805=ORIENTED_EDGE('',*,*,#5804,.F.);
#5806=CARTESIAN_POINT('',(0.0,0.0,10.0));
#5807=VERTEX_POINT('',#5806);
#5808=CARTESIAN_POINT('',(0.0,0.0,10.0));
#5809=DIRECTION('',(0.0,-1.0,0.0));
#5810=VECTOR('',#5809,19.999999999999996);
#5811=LINE('',#5808,#5810);
#5812=EDGE_CURVE('',#5807,#5799,#5811,.T.);
#5813=ORIENTED_EDGE('',*,*,#5812,.F.);
#5814=CARTESIAN_POINT('',(-55.0,-2.167802E-014,10.0));
#5815=DIRECTION('',(1.0,0.0,0.0));
#5816=VECTOR('',#5815,55.0);
#5817=LINE('',#5814,#5816);
#5818=EDGE_CURVE('',#5765,#5807,#5817,.T.);
#5819=ORIENTED_EDGE('',*,*,#5818,.F.);
#5820=EDGE_LOOP('',(#5788,#5789,#5797,#5805,#5813,#5819));
#5821=FACE_OUTER_BOUND('',#5820,.T.);
#5822=ADVANCED_FACE('',(#5821),#5787,.T.);
#5823=CARTESIAN_POINT('',(-56.000000000000007,-2.207217E-014,0.0));
#5824=DIRECTION('',(4.440892E-016,-1.0,0.0));
#5825=DIRECTION('',(-1.0,0.0,0.0));
#5826=AXIS2_PLACEMENT_3D('',#5823,#5824,#5825);
#5827=CYLINDRICAL_SURFACE('',#5826,2.0);
#5828=ORIENTED_EDGE('',*,*,#5754,.F.);
#5829=EDGE_LOOP('',(#5828));
#5830=FACE_OUTER_BOUND('',#5829,.T.);
#5831=CARTESIAN_POINT('',(-54.0,-2.128388E-014,-2.449294E-016));
#5832=VERTEX_POINT('',#5831);
#5833=CARTESIAN_POINT('',(-56.000000000000007,-2.187239E-014,0.0));
#5834=DIRECTION('',(0.0,-1.0,0.0));
#5835=DIRECTION('',(-1.0,0.0,0.0));
#5836=AXIS2_PLACEMENT_3D('',#5833,#5834,#5835);
#5837=CIRCLE('',#5836,2.0);
#5838=EDGE_CURVE('',#5832,#5832,#5837,.T.);
#5839=ORIENTED_EDGE('',*,*,#5838,.F.);
#5840=EDGE_LOOP('',(#5839));
#5841=FACE_BOUND('',#5840,.T.);
#5842=ADVANCED_FACE('',(#5830,#5841),#5827,.F.);
#5843=CARTESIAN_POINT('',(-23.474999999999998,-3.475000000000008,-10.0));
#5844=DIRECTION('',(0.0,0.0,1.0));
#5845=DIRECTION('',(1.0,0.0,0.0));
#5846=AXIS2_PLACEMENT_3D('',#5843,#5844,#5845);
#5847=PLANE('',#5846);
#5848=ORIENTED_EDGE('',*,*,#5672,.F.);
#5849=CARTESIAN_POINT('',(0.0,0.0,-10.0));
#5850=VERTEX_POINT('',#5849);
#5851=CARTESIAN_POINT('',(0.0,0.0,-10.0));
#5852=DIRECTION('',(-1.0,0.0,0.0));
#5853=VECTOR('',#5852,55.0);
#5854=LINE('',#5851,#5853);
#5855=EDGE_CURVE('',#5850,#5661,#5854,.T.);
#5856=ORIENTED_EDGE('',*,*,#5855,.F.);
#5857=CARTESIAN_POINT('',(2.449294E-015,-19.999999999999996,-10.0));
#5858=VERTEX_POINT('',#5857);
#5859=CARTESIAN_POINT('',(2.449294E-015,-19.999999999999996,-10.0));
#5860=DIRECTION('',(0.0,1.0,0.0));
#5861=VECTOR('',#5860,19.999999999999996);
#5862=LINE('',#5859,#5861);
#5863=EDGE_CURVE('',#5858,#5850,#5862,.T.);
#5864=ORIENTED_EDGE('',*,*,#5863,.F.);
#5865=CARTESIAN_POINT('',(-1.999999999999998,-20.0,-10.0));
#5866=VERTEX_POINT('',#5865);
#5867=CARTESIAN_POINT('',(-1.999999999999998,-20.0,-10.0));
#5868=DIRECTION('',(1.0,0.0,0.0));
#5869=VECTOR('',#5868,2.0);
#5870=LINE('',#5867,#5869);
#5871=EDGE_CURVE('',#5866,#5858,#5870,.T.);
#5872=ORIENTED_EDGE('',*,*,#5871,.F.);
#5873=CARTESIAN_POINT('',(-2.000000000000000,-1.999999999999999,-10.0));
#5874=DIRECTION('',(0.0,-1.0,0.0));
#5875=VECTOR('',#5874,18.0);
#5876=LINE('',#5873,#5875);
#5877=EDGE_CURVE('',#5715,#5866,#5876,.T.);
#5878=ORIENTED_EDGE('',*,*,#5877,.F.);
#5879=ORIENTED_EDGE('',*,*,#5720,.F.);
#5880=EDGE_LOOP('',(#5848,#5856,#5864,#5872,#5878,#5879));
#5881=FACE_OUTER_BOUND('',#5880,.T.);
#5882=ADVANCED_FACE('',(#5881),#5847,.F.);
#5883=CARTESIAN_POINT('',(2.449294E-015,-19.999999999999996,0.0));
#5884=DIRECTION('',(0.0,-1.0,0.0));
#5885=DIRECTION('',(0.0,0.0,-1.0));
#5886=AXIS2_PLACEMENT_3D('',#5883,#5884,#5885);
#5887=PLANE('',#5886);
#5888=ORIENTED_EDGE('',*,*,#5804,.T.);
#5889=CARTESIAN_POINT('',(-1.999999999999998,-20.0,10.0));
#5890=DIRECTION('',(0.0,0.0,-1.0));
#5891=VECTOR('',#5890,20.0);
#5892=LINE('',#5889,#5891);
#5893=EDGE_CURVE('',#5791,#5866,#5892,.T.);
#5894=ORIENTED_EDGE('',*,*,#5893,.T.);
#5895=ORIENTED_EDGE('',*,*,#5871,.T.);
#5896=CARTESIAN_POINT('',(2.449294E-015,-19.999999999999996,10.0));
#5897=DIRECTION('',(0.0,0.0,-1.0));
#5898=VECTOR('',#5897,20.0);
#5899=LINE('',#5896,#5898);
#5900=EDGE_CURVE('',#5799,#5858,#5899,.T.);
#5901=ORIENTED_EDGE('',*,*,#5900,.F.);
#5902=EDGE_LOOP('',(#5888,#5894,#5895,#5901));
#5903=FACE_OUTER_BOUND('',#5902,.T.);
#5904=ADVANCED_FACE('',(#5903),#5887,.T.);
#5905=CARTESIAN_POINT('',(-1.999999999999998,-20.0,0.0));
#5906=DIRECTION('',(-1.0,0.0,0.0));
#5907=DIRECTION('',(0.0,0.0,1.0));
#5908=AXIS2_PLACEMENT_3D('',#5905,#5906,#5907);
#5909=PLANE('',#5908);
#5910=ORIENTED_EDGE('',*,*,#5796,.T.);
#5911=ORIENTED_EDGE('',*,*,#5728,.T.);
#5912=ORIENTED_EDGE('',*,*,#5877,.T.);
#5913=ORIENTED_EDGE('',*,*,#5893,.F.);
#5914=EDGE_LOOP('',(#5910,#5911,#5912,#5913));
#5915=FACE_OUTER_BOUND('',#5914,.T.);
#5916=ADVANCED_FACE('',(#5915),#5909,.T.);
#5917=CARTESIAN_POINT('',(-60.0,-2.364875E-014,0.0));
#5918=DIRECTION('',(0.0,1.0,0.0));
#5919=DIRECTION('',(0.0,0.0,1.0));
#5920=AXIS2_PLACEMENT_3D('',#5917,#5918,#5919);
#5921=PLANE('',#5920);
#5922=ORIENTED_EDGE('',*,*,#5666,.F.);
#5923=ORIENTED_EDGE('',*,*,#5703,.F.);
#5924=ORIENTED_EDGE('',*,*,#5770,.F.);
#5925=ORIENTED_EDGE('',*,*,#5818,.T.);
#5926=CARTESIAN_POINT('',(0.0,0.0,-10.0));
#5927=DIRECTION('',(0.0,0.0,1.0));
#5928=VECTOR('',#5927,20.0);
#5929=LINE('',#5926,#5928);
#5930=EDGE_CURVE('',#5850,#5807,#5929,.T.);
#5931=ORIENTED_EDGE('',*,*,#5930,.F.);
#5932=ORIENTED_EDGE('',*,*,#5855,.T.);
#5933=EDGE_LOOP('',(#5922,#5923,#5924,#5925,#5931,#5932));
#5934=FACE_OUTER_BOUND('',#5933,.T.);
#5935=ORIENTED_EDGE('',*,*,#5838,.T.);
#5936=EDGE_LOOP('',(#5935));
#5937=FACE_BOUND('',#5936,.T.);
#5938=ADVANCED_FACE('',(#5934,#5937),#5921,.T.);
#5939=CARTESIAN_POINT('',(0.0,0.0,0.0));
#5940=DIRECTION('',(1.0,0.0,0.0));
#5941=DIRECTION('',(0.0,0.0,-1.0));
#5942=AXIS2_PLACEMENT_3D('',#5939,#5940,#5941);
#5943=PLANE('',#5942);
#5944=ORIENTED_EDGE('',*,*,#5812,.T.);
#5945=ORIENTED_EDGE('',*,*,#5900,.T.);
#5946=ORIENTED_EDGE('',*,*,#5863,.T.);
#5947=ORIENTED_EDGE('',*,*,#5930,.T.);
#5948=EDGE_LOOP('',(#5944,#5945,#5946,#5947));
#5949=FACE_OUTER_BOUND('',#5948,.T.);
#5950=ADVANCED_FACE('',(#5949),#5943,.T.);
#5951=CLOSED_SHELL('',(#5676,#5707,#5758,#5782,#5822,#5842,#5882,#5904,#5916,#5938,#5950));
#5952=MANIFOLD_SOLID_BREP('',#5951);
#5953=STYLED_ITEM('',(#5558),#5952);
#5954=ADVANCED_BREP_SHAPE_REPRESENTATION('ABSR',(#5952),#5605);
#5955=SHAPE_REPRESENTATION_RELATIONSHIP('SRR','None',#5954,#5610);
#5956=AXIS2_PLACEMENT_3D('',#5957,#5958,#5959);
#5957=CARTESIAN_POINT('',(350.487977868759340,20.000000000029242,-10.000000000000027));
#5958=DIRECTION('',(1.0,9.622147E-017,-6.123234E-017));
#5959=DIRECTION('',(-9.622147E-017,1.0,-3.572851E-017));
#5960=NEXT_ASSEMBLY_USAGE_OCCURRENCE('Bracket2:1','Bracket2:1','Bracket2:1',#5229,#5581,'Bracket2:1');
#5961=PRODUCT_DEFINITION_SHAPE('Bracket2:1','Bracket2:1',#5960);
#5962=ITEM_DEFINED_TRANSFORMATION('Bracket2:1','Bracket2:1',#5606,#5956);
#5966=(REPRESENTATION_RELATIONSHIP('Bracket2:1','Bracket2:1',#5610,#5258)REPRESENTATION_RELATIONSHIP_WITH_TRANSFORMATION(#5962)SHAPE_REPRESENTATION_RELATIONSHIP());
#5967=CONTEXT_DEPENDENT_SHAPE_REPRESENTATION(#5966,#5961);
#5968=APPLICATION_CONTEXT('automotive design');
#5969=APPLICATION_PROTOCOL_DEFINITION('International Standard','automotive_design',2001,#5968);
#5970=PRODUCT_CONTEXT('',#5968,'mechanical');
#5971=PRODUCT('Bracket1','Bracket1',$,(#5970));
#5972=PRODUCT_RELATED_PRODUCT_CATEGORY('part',$,(#5971));
#5973=PRODUCT_DEFINITION_FORMATION('',$,#5971);
#5974=PRODUCT_DEFINITION_CONTEXT('part definition',#5968,'design');
#5975=PRODUCT_DEFINITION('',$,#5973,#5974);
#5981=(NAMED_UNIT(*)PLANE_ANGLE_UNIT()SI_UNIT($,.RADIAN.));
#5982=DIMENSIONAL_EXPONENTS(0.0,0.0,0.0,0.0,0.0,0.0,0.0);
#5983=PLANE_ANGLE_MEASURE_WITH_UNIT(PLANE_ANGLE_MEASURE(0.017453292500000),#5981);
#5987=(CONVERSION_BASED_UNIT('DEGREE',#5983)NAMED_UNIT(#5982)PLANE_ANGLE_UNIT());
#5991=(NAMED_UNIT(*)SI_UNIT($,.STERADIAN.)SOLID_ANGLE_UNIT());
#5995=(LENGTH_UNIT()NAMED_UNIT(*)SI_UNIT(.MILLI.,.METRE.));
#5997=UNCERTAINTY_MEASURE_WITH_UNIT(LENGTH_MEASURE(0.010000000000000),#5995,'DISTANCE_ACCURACY_VALUE','');
#5999=(GEOMETRIC_REPRESENTATION_CONTEXT(3)GLOBAL_UNCERTAINTY_ASSIGNED_CONTEXT((#5997))GLOBAL_UNIT_ASSIGNED_CONTEXT((#5987,#5991,#5995))REPRESENTATION_CONTEXT('None','None'));
#6000=AXIS2_PLACEMENT_3D('',#6001,#6002,#6003);
#6001=CARTESIAN_POINT('',(0.0,0.0,0.0));
#6002=DIRECTION('',(0.0,0.0,1.0));
#6003=DIRECTION('',(1.0,0.0,0.0));
#6004=SHAPE_REPRESENTATION('',(#6000),#5999);
#6005=PRODUCT_DEFINITION_SHAPE('','',#5975);
#6006=SHAPE_DEFINITION_REPRESENTATION(#6005,#6004);
#6012=(NAMED_UNIT(*)PLANE_ANGLE_UNIT()SI_UNIT($,.RADIAN.));
#6013=DIMENSIONAL_EXPONENTS(0.0,0.0,0.0,0.0,0.0,0.0,0.0);
#6014=PLANE_ANGLE_MEASURE_WITH_UNIT(PLANE_ANGLE_MEASURE(0.017453292500000),#6012);
#6018=(CONVERSION_BASED_UNIT('DEGREE',#6014)NAMED_UNIT(#6013)PLANE_ANGLE_UNIT());
#6022=(NAMED_UNIT(*)SI_UNIT($,.STERADIAN.)SOLID_ANGLE_UNIT());
#6026=(LENGTH_UNIT()NAMED_UNIT(*)SI_UNIT(.MILLI.,.METRE.));
#6028=UNCERTAINTY_MEASURE_WITH_UNIT(LENGTH_MEASURE(0.000001000000000),#6026,'DISTANCE_ACCURACY_VALUE','');
#6030=(GEOMETRIC_REPRESENTATION_CONTEXT(3)GLOBAL_UNCERTAINTY_ASSIGNED_CONTEXT((#6028))GLOBAL_UNIT_ASSIGNED_CONTEXT((#6018,#6022,#6026))REPRESENTATION_CONTEXT('','3D'));
#6031=CARTESIAN_POINT('',(-21.500000000000004,-3.750000000000004,-7.500000000000000));
#6032=DIRECTION('',(-0.707106781186548,0.0,-0.707106781186548));
#6033=DIRECTION('',(-0.707106781186548,0.0,0.707106781186548));
#6034=AXIS2_PLACEMENT_3D('',#6031,#6032,#6033);
#6035=PLANE('',#6034);
#6036=CARTESIAN_POINT('',(-19.000000000000004,-2.000000000000004,-10.0));
#6037=VERTEX_POINT('',#6036);
#6038=CARTESIAN_POINT('',(-24.000000000000004,-2.000000000000006,-5.0));
#6039=VERTEX_POINT('',#6038);
#6040=CARTESIAN_POINT('',(-19.000000000000004,-2.000000000000004,-10.0));
#6041=DIRECTION('',(-0.707106781186547,-1.884111E-016,0.707106781186547));
#6042=VECTOR('',#6041,7.071067811865476);
#6043=LINE('',#6040,#6042);
#6044=EDGE_CURVE('',#6037,#6039,#6043,.T.);
#6045=ORIENTED_EDGE('',*,*,#6044,.T.);
#6046=CARTESIAN_POINT('',(-24.000000000000004,-8.218202E-015,-5.0));
#6047=VERTEX_POINT('',#6046);
#6048=CARTESIAN_POINT('',(-24.000000000000004,-2.000000000000006,-5.0));
#6049=DIRECTION('',(0.0,1.0,0.0));
#6050=VECTOR('',#6049,1.999999999999998);
#6051=LINE('',#6048,#6050);
#6052=EDGE_CURVE('',#6039,#6047,#6051,.T.);
#6053=ORIENTED_EDGE('',*,*,#6052,.T.);
#6054=CARTESIAN_POINT('',(-19.000000000000004,-6.506076E-015,-10.0));
#6055=VERTEX_POINT('',#6054);
#6056=CARTESIAN_POINT('',(-24.000000000000004,-8.218202E-015,-5.0));
#6057=DIRECTION('',(0.707106781186547,2.421311E-016,-0.707106781186547));
#6058=VECTOR('',#6057,7.071067811865476);
#6059=LINE('',#6056,#6058);
#6060=EDGE_CURVE('',#6047,#6055,#6059,.T.);
#6061=ORIENTED_EDGE('',*,*,#6060,.T.);
#6062=CARTESIAN_POINT('',(-19.000000000000004,-6.506076E-015,-10.0));
#6063=DIRECTION('',(0.0,-1.0,0.0));
#6064=VECTOR('',#6063,1.999999999999998);
#6065=LINE('',#6062,#6064);
#6066=EDGE_CURVE('',#6055,#6037,#6065,.T.);
#6067=ORIENTED_EDGE('',*,*,#6066,.T.);
#6068=EDGE_LOOP('',(#6045,#6053,#6061,#6067));
#6069=FACE_OUTER_BOUND('',#6068,.T.);
#6070=ADVANCED_FACE('',(#6069),#6035,.T.);
#6071=CARTESIAN_POINT('',(-24.000000000000004,-2.000000000000006,0.0));
#6072=DIRECTION('',(-1.0,0.0,0.0));
#6073=DIRECTION('',(0.0,0.0,1.0));
#6074=AXIS2_PLACEMENT_3D('',#6071,#6072,#6073);
#6075=PLANE('',#6074);
#6076=ORIENTED_EDGE('',*,*,#6052,.F.);
#6077=CARTESIAN_POINT('',(-24.000000000000004,-2.000000000000006,5.0));
#6078=VERTEX_POINT('',#6077);
#6079=CARTESIAN_POINT('',(-24.000000000000004,-2.000000000000006,5.0));
#6080=DIRECTION('',(0.0,0.0,-1.0));
#6081=VECTOR('',#6080,10.0);
#6082=LINE('',#6079,#6081);
#6083=EDGE_CURVE('',#6078,#6039,#6082,.T.);
#6084=ORIENTED_EDGE('',*,*,#6083,.F.);
#6085=CARTESIAN_POINT('',(-24.000000000000004,-8.218202E-015,5.0));
#6086=VERTEX_POINT('',#6085);
#6087=CARTESIAN_POINT('',(-24.000000000000004,-8.218202E-015,5.0));
#6088=DIRECTION('',(0.0,-1.0,0.0));
#6089=VECTOR('',#6088,1.999999999999998);
#6090=LINE('',#6087,#6089);
#6091=EDGE_CURVE('',#6086,#6078,#6090,.T.);
#6092=ORIENTED_EDGE('',*,*,#6091,.F.);
#6093=CARTESIAN_POINT('',(-24.000000000000004,-8.218202E-015,5.0));
#6094=DIRECTION('',(0.0,0.0,-1.0));
#6095=VECTOR('',#6094,10.0);
#6096=LINE('',#6093,#6095);
#6097=EDGE_CURVE('',#6086,#6047,#6096,.T.);
#6098=ORIENTED_EDGE('',*,*,#6097,.T.);
#6099=EDGE_LOOP('',(#6076,#6084,#6092,#6098));
#6100=FACE_OUTER_BOUND('',#6099,.T.);
#6101=ADVANCED_FACE('',(#6100),#6075,.T.);
#6102=CARTESIAN_POINT('',(-2.000000000000000,-1.999999999999999,0.0));
#6103=DIRECTION('',(0.0,-1.0,0.0));
#6104=DIRECTION('',(0.0,0.0,-1.0));
#6105=AXIS2_PLACEMENT_3D('',#6102,#6103,#6104);
#6106=PLANE('',#6105);
#6107=ORIENTED_EDGE('',*,*,#6044,.F.);
#6108=CARTESIAN_POINT('',(-2.000000000000000,-1.999999999999999,-10.0));
#6109=VERTEX_POINT('',#6108);
#6110=CARTESIAN_POINT('',(-19.000000000000004,-2.000000000000004,-10.0));
#6111=DIRECTION('',(1.0,0.0,0.0));
#6112=VECTOR('',#6111,17.000000000000004);
#6113=LINE('',#6110,#6112);
#6114=EDGE_CURVE('',#6037,#6109,#6113,.T.);
#6115=ORIENTED_EDGE('',*,*,#6114,.T.);
#6116=CARTESIAN_POINT('',(-2.000000000000000,-1.999999999999999,10.0));
#6117=VERTEX_POINT('',#6116);
#6118=CARTESIAN_POINT('',(-2.000000000000000,-1.999999999999999,10.0));
#6119=DIRECTION('',(0.0,0.0,-1.0));
#6120=VECTOR('',#6119,20.0);
#6121=LINE('',#6118,#6120);
#6122=EDGE_CURVE('',#6117,#6109,#6121,.T.);
#6123=ORIENTED_EDGE('',*,*,#6122,.F.);
#6124=CARTESIAN_POINT('',(-19.000000000000004,-2.000000000000004,10.0));
#6125=VERTEX_POINT('',#6124);
#6126=CARTESIAN_POINT('',(-2.000000000000000,-1.999999999999999,10.0));
#6127=DIRECTION('',(-1.0,0.0,0.0));
#6128=VECTOR('',#6127,17.000000000000004);
#6129=LINE('',#6126,#6128);
#6130=EDGE_CURVE('',#6117,#6125,#6129,.T.);
#6131=ORIENTED_EDGE('',*,*,#6130,.T.);
#6132=CARTESIAN_POINT('',(-24.000000000000004,-2.000000000000006,5.0));
#6133=DIRECTION('',(0.707106781186547,1.884111E-016,0.707106781186547));
#6134=VECTOR('',#6133,7.071067811865476);
#6135=LINE('',#6132,#6134);
#6136=EDGE_CURVE('',#6078,#6125,#6135,.T.);
#6137=ORIENTED_EDGE('',*,*,#6136,.F.);
#6138=ORIENTED_EDGE('',*,*,#6083,.T.);
#6139=EDGE_LOOP('',(#6107,#6115,#6123,#6131,#6137,#6138));
#6140=FACE_OUTER_BOUND('',#6139,.T.);
#6141=CARTESIAN_POINT('',(-18.0,-2.000000000000004,-2.449213E-016));
#6142=VERTEX_POINT('',#6141);
#6143=CARTESIAN_POINT('',(-20.0,-2.000000000000005,0.0));
#6144=DIRECTION('',(0.0,1.0,0.0));
#6145=DIRECTION('',(-1.0,0.0,0.0));
#6146=AXIS2_PLACEMENT_3D('',#6143,#6144,#6145);
#6147=CIRCLE('',#6146,2.0);
#6148=EDGE_CURVE('',#6142,#6142,#6147,.T.);
#6149=ORIENTED_EDGE('',*,*,#6148,.T.);
#6150=EDGE_LOOP('',(#6149));
#6151=FACE_BOUND('',#6150,.T.);
#6152=ADVANCED_FACE('',(#6140,#6151),#6106,.T.);
#6153=CARTESIAN_POINT('',(-21.500000000000004,-3.750000000000004,7.500000000000000));
#6154=DIRECTION('',(-0.707106781186548,0.0,0.707106781186548));
#6155=DIRECTION('',(0.707106781186548,0.0,0.707106781186548));
#6156=AXIS2_PLACEMENT_3D('',#6153,#6154,#6155);
#6157=PLANE('',#6156);
#6158=CARTESIAN_POINT('',(-19.000000000000004,-6.506076E-015,10.0));
#6159=VERTEX_POINT('',#6158);
#6160=CARTESIAN_POINT('',(-19.000000000000004,-6.506076E-015,10.0));
#6161=DIRECTION('',(-0.707106781186547,-2.421311E-016,-0.707106781186547));
#6162=VECTOR('',#6161,7.071067811865476);
#6163=LINE('',#6160,#6162);
#6164=EDGE_CURVE('',#6159,#6086,#6163,.T.);
#6165=ORIENTED_EDGE('',*,*,#6164,.T.);
#6166=ORIENTED_EDGE('',*,*,#6091,.T.);
#6167=ORIENTED_EDGE('',*,*,#6136,.T.);
#6168=CARTESIAN_POINT('',(-19.000000000000004,-2.000000000000004,10.0));
#6169=DIRECTION('',(0.0,1.0,0.0));
#6170=VECTOR('',#6169,1.999999999999998);
#6171=LINE('',#6168,#6170);
#6172=EDGE_CURVE('',#6125,#6159,#6171,.T.);
#6173=ORIENTED_EDGE('',*,*,#6172,.T.);
#6174=EDGE_LOOP('',(#6165,#6166,#6167,#6173));
#6175=FACE_OUTER_BOUND('',#6174,.T.);
#6176=ADVANCED_FACE('',(#6175),#6157,.T.);
#6177=CARTESIAN_POINT('',(-7.500000000000000,-5.500000000000002,10.0));
#6178=DIRECTION('',(0.0,0.0,1.0));
#6179=DIRECTION('',(1.0,0.0,0.0));
#6180=AXIS2_PLACEMENT_3D('',#6177,#6178,#6179);
#6181=PLANE('',#6180);
#6182=ORIENTED_EDGE('',*,*,#6172,.F.);
#6183=ORIENTED_EDGE('',*,*,#6130,.F.);
#6184=CARTESIAN_POINT('',(-1.999999999999998,-20.0,10.0));
#6185=VERTEX_POINT('',#6184);
#6186=CARTESIAN_POINT('',(-1.999999999999998,-20.0,10.0));
#6187=DIRECTION('',(0.0,1.0,0.0));
#6188=VECTOR('',#6187,18.0);
#6189=LINE('',#6186,#6188);
#6190=EDGE_CURVE('',#6185,#6117,#6189,.T.);
#6191=ORIENTED_EDGE('',*,*,#6190,.F.);
#6192=CARTESIAN_POINT('',(2.449294E-015,-19.999999999999996,10.0));
#6193=VERTEX_POINT('',#6192);
#6194=CARTESIAN_POINT('',(2.449294E-015,-19.999999999999996,10.0));
#6195=DIRECTION('',(-1.0,0.0,0.0));
#6196=VECTOR('',#6195,2.0);
#6197=LINE('',#6194,#6196);
#6198=EDGE_CURVE('',#6193,#6185,#6197,.T.);
#6199=ORIENTED_EDGE('',*,*,#6198,.F.);
#6200=CARTESIAN_POINT('',(0.0,0.0,10.0));
#6201=VERTEX_POINT('',#6200);
#6202=CARTESIAN_POINT('',(0.0,0.0,10.0));
#6203=DIRECTION('',(0.0,-1.0,0.0));
#6204=VECTOR('',#6203,19.999999999999996);
#6205=LINE('',#6202,#6204);
#6206=EDGE_CURVE('',#6201,#6193,#6205,.T.);
#6207=ORIENTED_EDGE('',*,*,#6206,.F.);
#6208=CARTESIAN_POINT('',(-19.000000000000004,-6.506076E-015,10.0));
#6209=DIRECTION('',(1.0,0.0,0.0));
#6210=VECTOR('',#6209,19.000000000000004);
#6211=LINE('',#6208,#6210);
#6212=EDGE_CURVE('',#6159,#6201,#6211,.T.);
#6213=ORIENTED_EDGE('',*,*,#6212,.F.);
#6214=EDGE_LOOP('',(#6182,#6183,#6191,#6199,#6207,#6213));
#6215=FACE_OUTER_BOUND('',#6214,.T.);
#6216=ADVANCED_FACE('',(#6215),#6181,.T.);
#6217=CARTESIAN_POINT('',(-20.0,-6.848502E-015,0.0));
#6218=DIRECTION('',(3.330669E-016,-1.0,0.0));
#6219=DIRECTION('',(-1.0,0.0,0.0));
#6220=AXIS2_PLACEMENT_3D('',#6217,#6218,#6219);
#6221=CYLINDRICAL_SURFACE('',#6220,2.0);
#6222=ORIENTED_EDGE('',*,*,#6148,.F.);
#6223=EDGE_LOOP('',(#6222));
#6224=FACE_OUTER_BOUND('',#6223,.T.);
#6225=CARTESIAN_POINT('',(-18.0,-6.163651E-015,-2.449294E-016));
#6226=VERTEX_POINT('',#6225);
#6227=CARTESIAN_POINT('',(-20.0,-6.885934E-015,0.0));
#6228=DIRECTION('',(0.0,-1.0,0.0));
#6229=DIRECTION('',(-1.0,0.0,0.0));
#6230=AXIS2_PLACEMENT_3D('',#6227,#6228,#6229);
#6231=CIRCLE('',#6230,2.0);
#6232=EDGE_CURVE('',#6226,#6226,#6231,.T.);
#6233=ORIENTED_EDGE('',*,*,#6232,.F.);
#6234=EDGE_LOOP('',(#6233));
#6235=FACE_BOUND('',#6234,.T.);
#6236=ADVANCED_FACE('',(#6224,#6235),#6221,.F.);
#6237=CARTESIAN_POINT('',(-7.500000000000000,-5.500000000000002,-10.0));
#6238=DIRECTION('',(0.0,0.0,1.0));
#6239=DIRECTION('',(1.0,0.0,0.0));
#6240=AXIS2_PLACEMENT_3D('',#6237,#6238,#6239);
#6241=PLANE('',#6240);
#6242=ORIENTED_EDGE('',*,*,#6066,.F.);
#6243=CARTESIAN_POINT('',(0.0,0.0,-10.0));
#6244=VERTEX_POINT('',#6243);
#6245=CARTESIAN_POINT('',(0.0,0.0,-10.0));
#6246=DIRECTION('',(-1.0,0.0,0.0));
#6247=VECTOR('',#6246,19.000000000000004);
#6248=LINE('',#6245,#6247);
#6249=EDGE_CURVE('',#6244,#6055,#6248,.T.);
#6250=ORIENTED_EDGE('',*,*,#6249,.F.);
#6251=CARTESIAN_POINT('',(2.449294E-015,-19.999999999999996,-10.0));
#6252=VERTEX_POINT('',#6251);
#6253=CARTESIAN_POINT('',(2.449294E-015,-19.999999999999996,-10.0));
#6254=DIRECTION('',(0.0,1.0,0.0));
#6255=VECTOR('',#6254,19.999999999999996);
#6256=LINE('',#6253,#6255);
#6257=EDGE_CURVE('',#6252,#6244,#6256,.T.);
#6258=ORIENTED_EDGE('',*,*,#6257,.F.);
#6259=CARTESIAN_POINT('',(-1.999999999999998,-20.0,-10.0));
#6260=VERTEX_POINT('',#6259);
#6261=CARTESIAN_POINT('',(-1.999999999999998,-20.0,-10.0));
#6262=DIRECTION('',(1.0,0.0,0.0));
#6263=VECTOR('',#6262,2.0);
#6264=LINE('',#6261,#6263);
#6265=EDGE_CURVE('',#6260,#6252,#6264,.T.);
#6266=ORIENTED_EDGE('',*,*,#6265,.F.);
#6267=CARTESIAN_POINT('',(-2.000000000000000,-1.999999999999999,-10.0));
#6268=DIRECTION('',(0.0,-1.0,0.0));
#6269=VECTOR('',#6268,18.0);
#6270=LINE('',#6267,#6269);
#6271=EDGE_CURVE('',#6109,#6260,#6270,.T.);
#6272=ORIENTED_EDGE('',*,*,#6271,.F.);
#6273=ORIENTED_EDGE('',*,*,#6114,.F.);
#6274=EDGE_LOOP('',(#6242,#6250,#6258,#6266,#6272,#6273));
#6275=FACE_OUTER_BOUND('',#6274,.T.);
#6276=ADVANCED_FACE('',(#6275),#6241,.F.);
#6277=CARTESIAN_POINT('',(2.449294E-015,-19.999999999999996,0.0));
#6278=DIRECTION('',(0.0,-1.0,0.0));
#6279=DIRECTION('',(0.0,0.0,-1.0));
#6280=AXIS2_PLACEMENT_3D('',#6277,#6278,#6279);
#6281=PLANE('',#6280);
#6282=ORIENTED_EDGE('',*,*,#6198,.T.);
#6283=CARTESIAN_POINT('',(-1.999999999999998,-20.0,10.0));
#6284=DIRECTION('',(0.0,0.0,-1.0));
#6285=VECTOR('',#6284,20.0);
#6286=LINE('',#6283,#6285);
#6287=EDGE_CURVE('',#6185,#6260,#6286,.T.);
#6288=ORIENTED_EDGE('',*,*,#6287,.T.);
#6289=ORIENTED_EDGE('',*,*,#6265,.T.);
#6290=CARTESIAN_POINT('',(2.449294E-015,-19.999999999999996,10.0));
#6291=DIRECTION('',(0.0,0.0,-1.0));
#6292=VECTOR('',#6291,20.0);
#6293=LINE('',#6290,#6292);
#6294=EDGE_CURVE('',#6193,#6252,#6293,.T.);
#6295=ORIENTED_EDGE('',*,*,#6294,.F.);
#6296=EDGE_LOOP('',(#6282,#6288,#6289,#6295));
#6297=FACE_OUTER_BOUND('',#6296,.T.);
#6298=ADVANCED_FACE('',(#6297),#6281,.T.);
#6299=CARTESIAN_POINT('',(-1.999999999999998,-20.0,0.0));
#6300=DIRECTION('',(-1.0,0.0,0.0));
#6301=DIRECTION('',(0.0,0.0,1.0));
#6302=AXIS2_PLACEMENT_3D('',#6299,#6300,#6301);
#6303=PLANE('',#6302);
#6304=ORIENTED_EDGE('',*,*,#6190,.T.);
#6305=ORIENTED_EDGE('',*,*,#6122,.T.);
#6306=ORIENTED_EDGE('',*,*,#6271,.T.);
#6307=ORIENTED_EDGE('',*,*,#6287,.F.);
#6308=EDGE_LOOP('',(#6304,#6305,#6306,#6307));
#6309=FACE_OUTER_BOUND('',#6308,.T.);
#6310=ADVANCED_FACE('',(#6309),#6303,.T.);
#6311=CARTESIAN_POINT('',(-24.000000000000004,-8.218202E-015,0.0));
#6312=DIRECTION('',(0.0,1.0,0.0));
#6313=DIRECTION('',(0.0,0.0,1.0));
#6314=AXIS2_PLACEMENT_3D('',#6311,#6312,#6313);
#6315=PLANE('',#6314);
#6316=ORIENTED_EDGE('',*,*,#6060,.F.);
#6317=ORIENTED_EDGE('',*,*,#6097,.F.);
#6318=ORIENTED_EDGE('',*,*,#6164,.F.);
#6319=ORIENTED_EDGE('',*,*,#6212,.T.);
#6320=CARTESIAN_POINT('',(0.0,0.0,-10.0));
#6321=DIRECTION('',(0.0,0.0,1.0));
#6322=VECTOR('',#6321,20.0);
#6323=LINE('',#6320,#6322);
#6324=EDGE_CURVE('',#6244,#6201,#6323,.T.);
#6325=ORIENTED_EDGE('',*,*,#6324,.F.);
#6326=ORIENTED_EDGE('',*,*,#6249,.T.);
#6327=EDGE_LOOP('',(#6316,#6317,#6318,#6319,#6325,#6326));
#6328=FACE_OUTER_BOUND('',#6327,.T.);
#6329=ORIENTED_EDGE('',*,*,#6232,.T.);
#6330=EDGE_LOOP('',(#6329));
#6331=FACE_BOUND('',#6330,.T.);
#6332=ADVANCED_FACE('',(#6328,#6331),#6315,.T.);
#6333=CARTESIAN_POINT('',(0.0,0.0,0.0));
#6334=DIRECTION('',(1.0,0.0,0.0));
#6335=DIRECTION('',(0.0,0.0,-1.0));
#6336=AXIS2_PLACEMENT_3D('',#6333,#6334,#6335);
#6337=PLANE('',#6336);
#6338=ORIENTED_EDGE('',*,*,#6206,.T.);
#6339=ORIENTED_EDGE('',*,*,#6294,.T.);
#6340=ORIENTED_EDGE('',*,*,#6257,.T.);
#6341=ORIENTED_EDGE('',*,*,#6324,.T.);
#6342=EDGE_LOOP('',(#6338,#6339,#6340,#6341));
#6343=FACE_OUTER_BOUND('',#6342,.T.);
#6344=ADVANCED_FACE('',(#6343),#6337,.T.);
#6345=CLOSED_SHELL('',(#6070,#6101,#6152,#6176,#6216,#6236,#6276,#6298,#6310,#6332,#6344));
#6346=MANIFOLD_SOLID_BREP('',#6345);
#6347=STYLED_ITEM('',(#5558),#6346);
#6348=ADVANCED_BREP_SHAPE_REPRESENTATION('ABSR',(#6346),#5999);
#6349=SHAPE_REPRESENTATION_RELATIONSHIP('SRR','None',#6348,#6004);
#6350=AXIS2_PLACEMENT_3D('',#6351,#6352,#6353);
#6351=CARTESIAN_POINT('',(50.487977868759955,20.000000000029210,-10.000000000000009));
#6352=DIRECTION('',(1.0,-2.624321E-017,-6.123234E-017));
#6353=DIRECTION('',(2.624321E-017,1.0,-3.572851E-017));
#6354=NEXT_ASSEMBLY_USAGE_OCCURRENCE('Bracket1:1','Bracket1:1','Bracket1:1',#5229,#5975,'Bracket1:1');
#6355=PRODUCT_DEFINITION_SHAPE('Bracket1:1','Bracket1:1',#6354);
#6356=ITEM_DEFINED_TRANSFORMATION('Bracket1:1','Bracket1:1',#6000,#6350);
#6360=(REPRESENTATION_RELATIONSHIP('Bracket1:1','Bracket1:1',#6004,#5258)REPRESENTATION_RELATIONSHIP_WITH_TRANSFORMATION(#6356)SHAPE_REPRESENTATION_RELATIONSHIP());
#6361=CONTEXT_DEPENDENT_SHAPE_REPRESENTATION(#6360,#6355);
#6362=AXIS2_PLACEMENT_3D('',#6363,#6364,#6365);
#6363=CARTESIAN_POINT('',(282.775827841199540,23.263805707419635,7.999999999999847));
#6364=DIRECTION('',(0.0,0.0,1.0));
#6365=DIRECTION('',(1.0,0.0,0.0));
#6366=NEXT_ASSEMBLY_USAGE_OCCURRENCE('AssMovPanel:1','AssMovPanel:1','AssMovPanel:1',#12,#5229,'AssMovPanel:1');
#6367=PRODUCT_DEFINITION_SHAPE('AssMovPanel:1','AssMovPanel:1',#6366);
#6368=ITEM_DEFINED_TRANSFORMATION('AssMovPanel:1','AssMovPanel:1',#5254,#6362);
#6372=(REPRESENTATION_RELATIONSHIP('AssMovPanel:1','AssMovPanel:1',#5258,#41)REPRESENTATION_RELATIONSHIP_WITH_TRANSFORMATION(#6368)SHAPE_REPRESENTATION_RELATIONSHIP());
#6373=CONTEXT_DEPENDENT_SHAPE_REPRESENTATION(#6372,#6367);
#6374=APPLICATION_CONTEXT('automotive design');
#6375=APPLICATION_PROTOCOL_DEFINITION('International Standard','automotive_design',2001,#6374);
#6376=PRODUCT_CONTEXT('',#6374,'mechanical');
#6377=PRODUCT('RackM3','RackM3',$,(#6376));
#6378=PRODUCT_RELATED_PRODUCT_CATEGORY('part',$,(#6377));
#6379=PRODUCT_DEFINITION_FORMATION('',$,#6377);
#6380=PRODUCT_DEFINITION_CONTEXT('part definition',#6374,'design');
#6381=PRODUCT_DEFINITION('',$,#6379,#6380);
#6387=(NAMED_UNIT(*)PLANE_ANGLE_UNIT()SI_UNIT($,.RADIAN.));
#6388=DIMENSIONAL_EXPONENTS(0.0,0.0,0.0,0.0,0.0,0.0,0.0);
#6389=PLANE_ANGLE_MEASURE_WITH_UNIT(PLANE_ANGLE_MEASURE(0.017453292500000),#6387);
#6393=(CONVERSION_BASED_UNIT('DEGREE',#6389)NAMED_UNIT(#6388)PLANE_ANGLE_UNIT());
#6397=(NAMED_UNIT(*)SI_UNIT($,.STERADIAN.)SOLID_ANGLE_UNIT());
#6401=(LENGTH_UNIT()NAMED_UNIT(*)SI_UNIT(.MILLI.,.METRE.));
#6403=UNCERTAINTY_MEASURE_WITH_UNIT(LENGTH_MEASURE(0.010000000000000),#6401,'DISTANCE_ACCURACY_VALUE','');
#6405=(GEOMETRIC_REPRESENTATION_CONTEXT(3)GLOBAL_UNCERTAINTY_ASSIGNED_CONTEXT((#6403))GLOBAL_UNIT_ASSIGNED_CONTEXT((#6393,#6397,#6401))REPRESENTATION_CONTEXT('None','None'));
#6406=AXIS2_PLACEMENT_3D('',#6407,#6408,#6409);
#6407=CARTESIAN_POINT('',(0.0,0.0,0.0));
#6408=DIRECTION('',(0.0,0.0,1.0));
#6409=DIRECTION('',(1.0,0.0,0.0));
#6410=SHAPE_REPRESENTATION('',(#6406),#6405);
#6411=PRODUCT_DEFINITION_SHAPE('','',#6381);
#6412=SHAPE_DEFINITION_REPRESENTATION(#6411,#6410);
#6418=(NAMED_UNIT(*)PLANE_ANGLE_UNIT()SI_UNIT($,.RADIAN.));
#6419=DIMENSIONAL_EXPONENTS(0.0,0.0,0.0,0.0,0.0,0.0,0.0);
#6420=PLANE_ANGLE_MEASURE_WITH_UNIT(PLANE_ANGLE_MEASURE(0.017453292500000),#6418);
#6424=(CONVERSION_BASED_UNIT('DEGREE',#6420)NAMED_UNIT(#6419)PLANE_ANGLE_UNIT());
#6428=(NAMED_UNIT(*)SI_UNIT($,.STERADIAN.)SOLID_ANGLE_UNIT());
#6432=(LENGTH_UNIT()NAMED_UNIT(*)SI_UNIT(.MILLI.,.METRE.));
#6434=UNCERTAINTY_MEASURE_WITH_UNIT(LENGTH_MEASURE(0.000001000000000),#6432,'DISTANCE_ACCURACY_VALUE','');
#6436=(GEOMETRIC_REPRESENTATION_CONTEXT(3)GLOBAL_UNCERTAINTY_ASSIGNED_CONTEXT((#6434))GLOBAL_UNIT_ASSIGNED_CONTEXT((#6424,#6428,#6432))REPRESENTATION_CONTEXT('','3D'));
#6437=CARTESIAN_POINT('',(369.335388378498290,-9.999999999999975,30.999999999999996));
#6438=DIRECTION('',(1.0,0.0,0.0));
#6439=DIRECTION('',(0.0,0.0,-1.0));
#6440=AXIS2_PLACEMENT_3D('',#6437,#6438,#6439);
#6441=PLANE('',#6440);
#6442=CARTESIAN_POINT('',(369.335388378498290,-14.999999999999975,30.999999999999996));
#6443=VERTEX_POINT('',#6442);
#6444=CARTESIAN_POINT('',(369.335388378498290,-14.999999999999975,-10.0));
#6445=VERTEX_POINT('',#6444);
#6446=CARTESIAN_POINT('',(369.335388378498290,-14.999999999999975,30.999999999999996));
#6447=DIRECTION('',(0.0,0.0,-1.0));
#6448=VECTOR('',#6447,41.0);
#6449=LINE('',#6446,#6448);
#6450=EDGE_CURVE('',#6443,#6445,#6449,.T.);
#6451=ORIENTED_EDGE('',*,*,#6450,.T.);
#6452=CARTESIAN_POINT('',(369.335388378498290,-9.999999999999975,-10.0));
#6453=VERTEX_POINT('',#6452);
#6454=CARTESIAN_POINT('',(369.335388378498290,-9.999999999999975,-10.0));
#6455=DIRECTION('',(0.0,-1.0,0.0));
#6456=VECTOR('',#6455,5.0);
#6457=LINE('',#6454,#6456);
#6458=EDGE_CURVE('',#6453,#6445,#6457,.T.);
#6459=ORIENTED_EDGE('',*,*,#6458,.F.);
#6460=CARTESIAN_POINT('',(369.335388378498290,-9.999999999999975,0.0));
#6461=VERTEX_POINT('',#6460);
#6462=CARTESIAN_POINT('',(369.335388378498290,-9.999999999999975,0.0));
#6463=DIRECTION('',(0.0,0.0,-1.0));
#6464=VECTOR('',#6463,10.0);
#6465=LINE('',#6462,#6464);
#6466=EDGE_CURVE('',#6461,#6453,#6465,.T.);
#6467=ORIENTED_EDGE('',*,*,#6466,.F.);
#6468=CARTESIAN_POINT('',(369.335388378498290,-9.999999999999975,30.999999999999996));
#6469=VERTEX_POINT('',#6468);
#6470=CARTESIAN_POINT('',(369.335388378498290,-9.999999999999975,0.0));
#6471=DIRECTION('',(0.0,0.0,1.0));
#6472=VECTOR('',#6471,30.999999999999996);
#6473=LINE('',#6470,#6472);
#6474=EDGE_CURVE('',#6461,#6469,#6473,.T.);
#6475=ORIENTED_EDGE('',*,*,#6474,.T.);
#6476=CARTESIAN_POINT('',(369.335388378498290,-9.999999999999975,30.999999999999996));
#6477=DIRECTION('',(0.0,-1.0,0.0));
#6478=VECTOR('',#6477,5.0);
#6479=LINE('',#6476,#6478);
#6480=EDGE_CURVE('',#6469,#6443,#6479,.T.);
#6481=ORIENTED_EDGE('',*,*,#6480,.T.);
#6482=EDGE_LOOP('',(#6451,#6459,#6467,#6475,#6481));
#6483=FACE_OUTER_BOUND('',#6482,.T.);
#6484=ADVANCED_FACE('',(#6483),#6441,.T.);
#6485=CARTESIAN_POINT('',(353.335388378498350,-9.999999999999981,-10.0));
#6486=DIRECTION('',(-1.0,0.0,0.0));
#6487=DIRECTION('',(0.0,0.0,1.0));
#6488=AXIS2_PLACEMENT_3D('',#6485,#6486,#6487);
#6489=PLANE('',#6488);
#6490=CARTESIAN_POINT('',(353.335388378498350,-14.999999999999980,-10.0));
#6491=VERTEX_POINT('',#6490);
#6492=CARTESIAN_POINT('',(353.335388378498350,-14.999999999999980,30.999999999999996));
#6493=VERTEX_POINT('',#6492);
#6494=CARTESIAN_POINT('',(353.335388378498350,-14.999999999999980,-10.0));
#6495=DIRECTION('',(0.0,0.0,1.0));
#6496=VECTOR('',#6495,41.0);
#6497=LINE('',#6494,#6496);
#6498=EDGE_CURVE('',#6491,#6493,#6497,.T.);
#6499=ORIENTED_EDGE('',*,*,#6498,.T.);
#6500=CARTESIAN_POINT('',(353.335388378498350,-9.999999999999981,30.999999999999996));
#6501=VERTEX_POINT('',#6500);
#6502=CARTESIAN_POINT('',(353.335388378498350,-9.999999999999981,30.999999999999996));
#6503=DIRECTION('',(0.0,-1.0,0.0));
#6504=VECTOR('',#6503,5.0);
#6505=LINE('',#6502,#6504);
#6506=EDGE_CURVE('',#6501,#6493,#6505,.T.);
#6507=ORIENTED_EDGE('',*,*,#6506,.F.);
#6508=CARTESIAN_POINT('',(353.335388378498350,-9.999999999999981,0.0));
#6509=VERTEX_POINT('',#6508);
#6510=CARTESIAN_POINT('',(353.335388378498350,-9.999999999999981,30.999999999999996));
#6511=DIRECTION('',(0.0,0.0,-1.0));
#6512=VECTOR('',#6511,30.999999999999996);
#6513=LINE('',#6510,#6512);
#6514=EDGE_CURVE('',#6501,#6509,#6513,.T.);
#6515=ORIENTED_EDGE('',*,*,#6514,.T.);
#6516=CARTESIAN_POINT('',(353.335388378498350,-9.999999999999981,-10.0));
#6517=VERTEX_POINT('',#6516);
#6518=CARTESIAN_POINT('',(353.335388378498350,-9.999999999999981,-10.0));
#6519=DIRECTION('',(0.0,0.0,1.0));
#6520=VECTOR('',#6519,10.0);
#6521=LINE('',#6518,#6520);
#6522=EDGE_CURVE('',#6517,#6509,#6521,.T.);
#6523=ORIENTED_EDGE('',*,*,#6522,.F.);
#6524=CARTESIAN_POINT('',(353.335388378498350,-9.999999999999981,-10.0));
#6525=DIRECTION('',(0.0,-1.0,0.0));
#6526=VECTOR('',#6525,5.0);
#6527=LINE('',#6524,#6526);
#6528=EDGE_CURVE('',#6517,#6491,#6527,.T.);
#6529=ORIENTED_EDGE('',*,*,#6528,.T.);
#6530=EDGE_LOOP('',(#6499,#6507,#6515,#6523,#6529));
#6531=FACE_OUTER_BOUND('',#6530,.T.);
#6532=ADVANCED_FACE('',(#6531),#6489,.T.);
#6533=CARTESIAN_POINT('',(-3.721388378498259,-10.000000000000069,0.0));
#6534=DIRECTION('',(0.0,-1.0,0.0));
#6535=DIRECTION('',(0.0,0.0,-1.0));
#6536=AXIS2_PLACEMENT_3D('',#6533,#6534,#6535);
#6537=PLANE('',#6536);
#6538=ORIENTED_EDGE('',*,*,#6466,.T.);
#6539=CARTESIAN_POINT('',(371.335388378498350,-9.999999999999975,-10.0));
#6540=VERTEX_POINT('',#6539);
#6541=CARTESIAN_POINT('',(371.335388378498350,-9.999999999999975,-10.0));
#6542=DIRECTION('',(-1.0,0.0,0.0));
#6543=VECTOR('',#6542,2.000000000000057);
#6544=LINE('',#6541,#6543);
#6545=EDGE_CURVE('',#6540,#6453,#6544,.T.);
#6546=ORIENTED_EDGE('',*,*,#6545,.F.);
#6547=CARTESIAN_POINT('',(371.335388378498350,-9.999999999999975,0.0));
#6548=VERTEX_POINT('',#6547);
#6549=CARTESIAN_POINT('',(371.335388378498350,-9.999999999999975,0.0));
#6550=DIRECTION('',(0.0,0.0,-1.0));
#6551=VECTOR('',#6550,10.0);
#6552=LINE('',#6549,#6551);
#6553=EDGE_CURVE('',#6548,#6540,#6552,.T.);
#6554=ORIENTED_EDGE('',*,*,#6553,.F.);
#6555=CARTESIAN_POINT('',(369.335388378498290,-9.999999999999975,0.0));
#6556=DIRECTION('',(1.0,0.0,0.0));
#6557=VECTOR('',#6556,2.000000000000057);
#6558=LINE('',#6555,#6557);
#6559=EDGE_CURVE('',#6461,#6548,#6558,.T.);
#6560=ORIENTED_EDGE('',*,*,#6559,.F.);
#6561=EDGE_LOOP('',(#6538,#6546,#6554,#6560));
#6562=FACE_OUTER_BOUND('',#6561,.T.);
#6563=ADVANCED_FACE('',(#6562),#6537,.T.);
#6564=CARTESIAN_POINT('',(-3.721388378498259,-10.000000000000069,0.0));
#6565=DIRECTION('',(0.0,-1.0,0.0));
#6566=DIRECTION('',(0.0,0.0,-1.0));
#6567=AXIS2_PLACEMENT_3D('',#6564,#6565,#6566);
#6568=PLANE('',#6567);
#6569=ORIENTED_EDGE('',*,*,#6522,.T.);
#6570=CARTESIAN_POINT('',(67.580386376896655,-10.000000000000052,0.0));
#6571=VERTEX_POINT('',#6570);
#6572=CARTESIAN_POINT('',(67.580386376896655,-10.000000000000052,0.0));
#6573=DIRECTION('',(1.0,0.0,0.0));
#6574=VECTOR('',#6573,285.755002001601720);
#6575=LINE('',#6572,#6574);
#6576=EDGE_CURVE('',#6571,#6509,#6575,.T.);
#6577=ORIENTED_EDGE('',*,*,#6576,.F.);
#6578=CARTESIAN_POINT('',(67.580386376896783,-10.000000000000052,-10.0));
#6579=VERTEX_POINT('',#6578);
#6580=CARTESIAN_POINT('',(61.335388378498322,-10.000000000000069,-5.000000000000084));
#6581=DIRECTION('',(0.0,1.0,0.0));
#6582=DIRECTION('',(-1.0,0.0,0.0));
#6583=AXIS2_PLACEMENT_3D('',#6580,#6581,#6582);
#6584=CIRCLE('',#6583,8.0);
#6585=EDGE_CURVE('',#6571,#6579,#6584,.T.);
#6586=ORIENTED_EDGE('',*,*,#6585,.T.);
#6587=CARTESIAN_POINT('',(353.335388378498350,-9.999999999999981,-10.0));
#6588=DIRECTION('',(-1.0,0.0,0.0));
#6589=VECTOR('',#6588,285.755002001601550);
#6590=LINE('',#6587,#6589);
#6591=EDGE_CURVE('',#6517,#6579,#6590,.T.);
#6592=ORIENTED_EDGE('',*,*,#6591,.F.);
#6593=EDGE_LOOP('',(#6569,#6577,#6586,#6592));
#6594=FACE_OUTER_BOUND('',#6593,.T.);
#6595=ADVANCED_FACE('',(#6594),#6568,.T.);
#6596=CARTESIAN_POINT('',(61.335388378498322,-10.000000000000053,-5.000000000000084));
#6597=DIRECTION('',(0.0,1.0,0.0));
#6598=DIRECTION('',(0.0,0.0,1.0));
#6599=AXIS2_PLACEMENT_3D('',#6596,#6597,#6598);
#6600=PLANE('',#6599);
#6601=CARTESIAN_POINT('',(55.090390380099983,-10.000000000000053,0.0));
#6602=VERTEX_POINT('',#6601);
#6603=CARTESIAN_POINT('',(55.090390380099983,-10.000000000000053,0.0));
#6604=DIRECTION('',(1.0,0.0,0.0));
#6605=VECTOR('',#6604,12.489995996796672);
#6606=LINE('',#6603,#6605);
#6607=EDGE_CURVE('',#6602,#6571,#6606,.T.);
#6608=ORIENTED_EDGE('',*,*,#6607,.F.);
#6609=CARTESIAN_POINT('',(61.335388378498322,-10.000000000000053,-5.000000000000084));
#6610=DIRECTION('',(0.0,1.0,0.0));
#6611=DIRECTION('',(-1.0,0.0,0.0));
#6612=AXIS2_PLACEMENT_3D('',#6609,#6610,#6611);
#6613=CIRCLE('',#6612,8.0);
#6614=EDGE_CURVE('',#6602,#6571,#6613,.T.);
#6615=ORIENTED_EDGE('',*,*,#6614,.T.);
#6616=EDGE_LOOP('',(#6608,#6615));
#6617=FACE_OUTER_BOUND('',#6616,.T.);
#6618=ADVANCED_FACE('',(#6617),#6600,.T.);
#6619=CARTESIAN_POINT('',(61.335388378498322,-10.000000000000053,-5.000000000000084));
#6620=DIRECTION('',(0.0,1.0,0.0));
#6621=DIRECTION('',(0.0,0.0,1.0));
#6622=AXIS2_PLACEMENT_3D('',#6619,#6620,#6621);
#6623=PLANE('',#6622);
#6624=CARTESIAN_POINT('',(55.090390380099848,-10.000000000000053,-10.0));
#6625=VERTEX_POINT('',#6624);
#6626=CARTESIAN_POINT('',(67.580386376896783,-10.000000000000052,-10.0));
#6627=DIRECTION('',(-1.0,0.0,0.0));
#6628=VECTOR('',#6627,12.489995996796935);
#6629=LINE('',#6626,#6628);
#6630=EDGE_CURVE('',#6579,#6625,#6629,.T.);
#6631=ORIENTED_EDGE('',*,*,#6630,.F.);
#6632=CARTESIAN_POINT('',(61.335388378498322,-10.000000000000053,-5.000000000000084));
#6633=DIRECTION('',(0.0,1.0,0.0));
#6634=DIRECTION('',(-1.0,0.0,0.0));
#6635=AXIS2_PLACEMENT_3D('',#6632,#6633,#6634);
#6636=CIRCLE('',#6635,8.0);
#6637=EDGE_CURVE('',#6579,#6625,#6636,.T.);
#6638=ORIENTED_EDGE('',*,*,#6637,.T.);
#6639=EDGE_LOOP('',(#6631,#6638));
#6640=FACE_OUTER_BOUND('',#6639,.T.);
#6641=ADVANCED_FACE('',(#6640),#6623,.T.);
#6642=CARTESIAN_POINT('',(61.335388378498322,-10.000000000000053,-5.000000000000093));
#6643=DIRECTION('',(0.0,-1.0,0.0));
#6644=DIRECTION('',(-1.0,0.0,0.0));
#6645=AXIS2_PLACEMENT_3D('',#6642,#6643,#6644);
#6646=CYLINDRICAL_SURFACE('',#6645,4.0);
#6647=CARTESIAN_POINT('',(65.335388378498322,-10.000000000000053,-5.000000000000093));
#6648=VERTEX_POINT('',#6647);
#6649=CARTESIAN_POINT('',(61.335388378498322,-10.000000000000069,-5.000000000000093));
#6650=DIRECTION('',(0.0,-1.0,0.0));
#6651=DIRECTION('',(-1.0,0.0,0.0));
#6652=AXIS2_PLACEMENT_3D('',#6649,#6650,#6651);
#6653=CIRCLE('',#6652,4.0);
#6654=EDGE_CURVE('',#6648,#6648,#6653,.T.);
#6655=ORIENTED_EDGE('',*,*,#6654,.F.);
#6656=EDGE_LOOP('',(#6655));
#6657=FACE_OUTER_BOUND('',#6656,.T.);
#6658=CARTESIAN_POINT('',(65.335388378498322,-15.000000000000053,-5.000000000000093));
#6659=VERTEX_POINT('',#6658);
#6660=CARTESIAN_POINT('',(61.335388378498322,-15.000000000000053,-5.000000000000093));
#6661=DIRECTION('',(0.0,1.0,0.0));
#6662=DIRECTION('',(-1.0,0.0,0.0));
#6663=AXIS2_PLACEMENT_3D('',#6660,#6661,#6662);
#6664=CIRCLE('',#6663,4.0);
#6665=EDGE_CURVE('',#6659,#6659,#6664,.T.);
#6666=ORIENTED_EDGE('',*,*,#6665,.F.);
#6667=EDGE_LOOP('',(#6666));
#6668=FACE_BOUND('',#6667,.T.);
#6669=ADVANCED_FACE('',(#6657,#6668),#6646,.F.);
#6670=CARTESIAN_POINT('',(61.335388378498322,-10.000000000000053,-5.000000000000084));
#6671=DIRECTION('',(0.0,-1.0,0.0));
#6672=DIRECTION('',(-1.0,0.0,0.0));
#6673=AXIS2_PLACEMENT_3D('',#6670,#6671,#6672);
#6674=CYLINDRICAL_SURFACE('',#6673,8.0);
#6675=ORIENTED_EDGE('',*,*,#6585,.F.);
#6676=ORIENTED_EDGE('',*,*,#6614,.F.);
#6677=CARTESIAN_POINT('',(61.335388378498322,-10.000000000000069,-5.000000000000084));
#6678=DIRECTION('',(0.0,1.0,0.0));
#6679=DIRECTION('',(-1.0,0.0,0.0));
#6680=AXIS2_PLACEMENT_3D('',#6677,#6678,#6679);
#6681=CIRCLE('',#6680,8.0);
#6682=EDGE_CURVE('',#6625,#6602,#6681,.T.);
#6683=ORIENTED_EDGE('',*,*,#6682,.F.);
#6684=ORIENTED_EDGE('',*,*,#6637,.F.);
#6685=EDGE_LOOP('',(#6675,#6676,#6683,#6684));
#6686=FACE_OUTER_BOUND('',#6685,.T.);
#6687=CARTESIAN_POINT('',(69.335388378498322,-15.000000000000053,-5.000000000000084));
#6688=VERTEX_POINT('',#6687);
#6689=CARTESIAN_POINT('',(61.335388378498322,-15.000000000000053,-5.000000000000084));
#6690=DIRECTION('',(0.0,-1.0,0.0));
#6691=DIRECTION('',(-1.0,0.0,0.0));
#6692=AXIS2_PLACEMENT_3D('',#6689,#6690,#6691);
#6693=CIRCLE('',#6692,8.0);
#6694=EDGE_CURVE('',#6688,#6688,#6693,.T.);
#6695=ORIENTED_EDGE('',*,*,#6694,.F.);
#6696=EDGE_LOOP('',(#6695));
#6697=FACE_BOUND('',#6696,.T.);
#6698=ADVANCED_FACE('',(#6686,#6697),#6674,.T.);
#6699=CARTESIAN_POINT('',(61.335388378498322,-15.000000000000053,-5.000000000000084));
#6700=DIRECTION('',(0.0,1.0,0.0));
#6701=DIRECTION('',(0.0,0.0,1.0));
#6702=AXIS2_PLACEMENT_3D('',#6699,#6700,#6701);
#6703=PLANE('',#6702);
#6704=ORIENTED_EDGE('',*,*,#6694,.T.);
#6705=EDGE_LOOP('',(#6704));
#6706=FACE_OUTER_BOUND('',#6705,.T.);
#6707=ORIENTED_EDGE('',*,*,#6665,.T.);
#6708=EDGE_LOOP('',(#6707));
#6709=FACE_BOUND('',#6708,.T.);
#6710=ADVANCED_FACE('',(#6706,#6709),#6703,.F.);
#6711=CARTESIAN_POINT('',(-3.721388378498259,-10.000000000000069,0.0));
#6712=DIRECTION('',(0.0,-1.0,0.0));
#6713=DIRECTION('',(0.0,0.0,-1.0));
#6714=AXIS2_PLACEMENT_3D('',#6711,#6712,#6713);
#6715=PLANE('',#6714);
#6716=ORIENTED_EDGE('',*,*,#6682,.T.);
#6717=CARTESIAN_POINT('',(-3.721388378498259,-10.000000000000069,0.0));
#6718=VERTEX_POINT('',#6717);
#6719=CARTESIAN_POINT('',(-3.721388378498259,-10.000000000000069,0.0));
#6720=DIRECTION('',(1.0,0.0,0.0));
#6721=VECTOR('',#6720,58.811778758598244);
#6722=LINE('',#6719,#6721);
#6723=EDGE_CURVE('',#6718,#6602,#6722,.T.);
#6724=ORIENTED_EDGE('',*,*,#6723,.F.);
#6725=CARTESIAN_POINT('',(-3.721388378498259,-10.000000000000069,-10.0));
#6726=VERTEX_POINT('',#6725);
#6727=CARTESIAN_POINT('',(-3.721388378498259,-10.000000000000069,0.0));
#6728=DIRECTION('',(0.0,0.0,-1.0));
#6729=VECTOR('',#6728,10.0);
#6730=LINE('',#6727,#6729);
#6731=EDGE_CURVE('',#6718,#6726,#6730,.T.);
#6732=ORIENTED_EDGE('',*,*,#6731,.T.);
#6733=CARTESIAN_POINT('',(55.090390380099848,-10.000000000000053,-10.0));
#6734=DIRECTION('',(-1.0,0.0,0.0));
#6735=VECTOR('',#6734,58.811778758598109);
#6736=LINE('',#6733,#6735);
#6737=EDGE_CURVE('',#6625,#6726,#6736,.T.);
#6738=ORIENTED_EDGE('',*,*,#6737,.F.);
#6739=EDGE_LOOP('',(#6716,#6724,#6732,#6738));
#6740=FACE_OUTER_BOUND('',#6739,.T.);
#6741=ADVANCED_FACE('',(#6740),#6715,.T.);
#6742=CARTESIAN_POINT('',(371.335388378498350,1.110223E-015,0.0));
#6743=DIRECTION('',(0.0,1.0,0.0));
#6744=DIRECTION('',(0.0,0.0,1.0));
#6745=AXIS2_PLACEMENT_3D('',#6742,#6743,#6744);
#6746=PLANE('',#6745);
#6747=CARTESIAN_POINT('',(5.704611621501744,1.110223E-015,0.0));
#6748=VERTEX_POINT('',#6747);
#6749=CARTESIAN_POINT('',(5.704611621501744,1.110223E-015,-10.0));
#6750=VERTEX_POINT('',#6749);
#6751=CARTESIAN_POINT('',(5.704611621501744,1.110223E-015,0.0));
#6752=DIRECTION('',(0.0,0.0,-1.0));
#6753=VECTOR('',#6752,10.0);
#6754=LINE('',#6751,#6753);
#6755=EDGE_CURVE('',#6748,#6750,#6754,.T.);
#6756=ORIENTED_EDGE('',*,*,#6755,.T.);
#6757=CARTESIAN_POINT('',(3.721388378498258,1.110223E-015,-10.0));
#6758=VERTEX_POINT('',#6757);
#6759=CARTESIAN_POINT('',(3.721388378498258,1.110223E-015,-10.0));
#6760=DIRECTION('',(1.0,0.0,0.0));
#6761=VECTOR('',#6760,1.983223243003486);
#6762=LINE('',#6759,#6761);
#6763=EDGE_CURVE('',#6758,#6750,#6762,.T.);
#6764=ORIENTED_EDGE('',*,*,#6763,.F.);
#6765=CARTESIAN_POINT('',(3.721388378498258,1.110223E-015,0.0));
#6766=VERTEX_POINT('',#6765);
#6767=CARTESIAN_POINT('',(3.721388378498258,1.110223E-015,0.0));
#6768=DIRECTION('',(0.0,0.0,-1.0));
#6769=VECTOR('',#6768,10.0);
#6770=LINE('',#6767,#6769);
#6771=EDGE_CURVE('',#6766,#6758,#6770,.T.);
#6772=ORIENTED_EDGE('',*,*,#6771,.F.);
#6773=CARTESIAN_POINT('',(5.704611621501744,1.110223E-015,0.0));
#6774=DIRECTION('',(-1.0,0.0,0.0));
#6775=VECTOR('',#6774,1.983223243003486);
#6776=LINE('',#6773,#6775);
#6777=EDGE_CURVE('',#6748,#6766,#6776,.T.);
#6778=ORIENTED_EDGE('',*,*,#6777,.F.);
#6779=EDGE_LOOP('',(#6756,#6764,#6772,#6778));
#6780=FACE_OUTER_BOUND('',#6779,.T.);
#6781=ADVANCED_FACE('',(#6780),#6746,.T.);
#6782=CARTESIAN_POINT('',(371.335388378498350,1.110223E-015,0.0));
#6783=DIRECTION('',(0.0,1.0,0.0));
#6784=DIRECTION('',(0.0,0.0,1.0));
#6785=AXIS2_PLACEMENT_3D('',#6782,#6783,#6784);
#6786=PLANE('',#6785);
#6787=CARTESIAN_POINT('',(15.130611621501746,1.110223E-015,0.0));
#6788=VERTEX_POINT('',#6787);
#6789=CARTESIAN_POINT('',(15.130611621501746,1.110223E-015,-10.0));
#6790=VERTEX_POINT('',#6789);
#6791=CARTESIAN_POINT('',(15.130611621501746,1.110223E-015,0.0));
#6792=DIRECTION('',(0.0,0.0,-1.0));
#6793=VECTOR('',#6792,10.0);
#6794=LINE('',#6791,#6793);
#6795=EDGE_CURVE('',#6788,#6790,#6794,.T.);
#6796=ORIENTED_EDGE('',*,*,#6795,.T.);
#6797=CARTESIAN_POINT('',(13.147388378498261,1.110223E-015,-10.0));
#6798=VERTEX_POINT('',#6797);
#6799=CARTESIAN_POINT('',(13.147388378498261,1.110223E-015,-10.0));
#6800=DIRECTION('',(1.0,0.0,0.0));
#6801=VECTOR('',#6800,1.983223243003485);
#6802=LINE('',#6799,#6801);
#6803=EDGE_CURVE('',#6798,#6790,#6802,.T.);
#6804=ORIENTED_EDGE('',*,*,#6803,.F.);
#6805=CARTESIAN_POINT('',(13.147388378498261,1.110223E-015,0.0));
#6806=VERTEX_POINT('',#6805);
#6807=CARTESIAN_POINT('',(13.147388378498261,1.110223E-015,0.0));
#6808=DIRECTION('',(0.0,0.0,-1.0));
#6809=VECTOR('',#6808,10.0);
#6810=LINE('',#6807,#6809);
#6811=EDGE_CURVE('',#6806,#6798,#6810,.T.);
#6812=ORIENTED_EDGE('',*,*,#6811,.F.);
#6813=CARTESIAN_POINT('',(15.130611621501746,1.110223E-015,0.0));
#6814=DIRECTION('',(-1.0,0.0,0.0));
#6815=VECTOR('',#6814,1.983223243003485);
#6816=LINE('',#6813,#6815);
#6817=EDGE_CURVE('',#6788,#6806,#6816,.T.);
#6818=ORIENTED_EDGE('',*,*,#6817,.F.);
#6819=EDGE_LOOP('',(#6796,#6804,#6812,#6818));
#6820=FACE_OUTER_BOUND('',#6819,.T.);
#6821=ADVANCED_FACE('',(#6820),#6786,.T.);
#6822=CARTESIAN_POINT('',(371.335388378498350,1.110223E-015,0.0));
#6823=DIRECTION('',(0.0,1.0,0.0));
#6824=DIRECTION('',(0.0,0.0,1.0));
#6825=AXIS2_PLACEMENT_3D('',#6822,#6823,#6824);
#6826=PLANE('',#6825);
#6827=CARTESIAN_POINT('',(24.556611621501752,1.110223E-015,0.0));
#6828=VERTEX_POINT('',#6827);
#6829=CARTESIAN_POINT('',(24.556611621501752,1.110223E-015,-10.0));
#6830=VERTEX_POINT('',#6829);
#6831=CARTESIAN_POINT('',(24.556611621501752,1.110223E-015,0.0));
#6832=DIRECTION('',(0.0,0.0,-1.0));
#6833=VECTOR('',#6832,10.0);
#6834=LINE('',#6831,#6833);
#6835=EDGE_CURVE('',#6828,#6830,#6834,.T.);
#6836=ORIENTED_EDGE('',*,*,#6835,.T.);
#6837=CARTESIAN_POINT('',(22.573388378498262,1.110223E-015,-10.0));
#6838=VERTEX_POINT('',#6837);
#6839=CARTESIAN_POINT('',(22.573388378498262,1.110223E-015,-10.0));
#6840=DIRECTION('',(1.0,0.0,0.0));
#6841=VECTOR('',#6840,1.983223243003490);
#6842=LINE('',#6839,#6841);
#6843=EDGE_CURVE('',#6838,#6830,#6842,.T.);
#6844=ORIENTED_EDGE('',*,*,#6843,.F.);
#6845=CARTESIAN_POINT('',(22.573388378498262,1.110223E-015,0.0));
#6846=VERTEX_POINT('',#6845);
#6847=CARTESIAN_POINT('',(22.573388378498262,1.110223E-015,0.0));
#6848=DIRECTION('',(0.0,0.0,-1.0));
#6849=VECTOR('',#6848,10.0);
#6850=LINE('',#6847,#6849);
#6851=EDGE_CURVE('',#6846,#6838,#6850,.T.);
#6852=ORIENTED_EDGE('',*,*,#6851,.F.);
#6853=CARTESIAN_POINT('',(24.556611621501752,1.110223E-015,0.0));
#6854=DIRECTION('',(-1.0,0.0,0.0));
#6855=VECTOR('',#6854,1.983223243003490);
#6856=LINE('',#6853,#6855);
#6857=EDGE_CURVE('',#6828,#6846,#6856,.T.);
#6858=ORIENTED_EDGE('',*,*,#6857,.F.);
#6859=EDGE_LOOP('',(#6836,#6844,#6852,#6858));
#6860=FACE_OUTER_BOUND('',#6859,.T.);
#6861=ADVANCED_FACE('',(#6860),#6826,.T.);
#6862=CARTESIAN_POINT('',(371.335388378498350,1.110223E-015,0.0));
#6863=DIRECTION('',(0.0,1.0,0.0));
#6864=DIRECTION('',(0.0,0.0,1.0));
#6865=AXIS2_PLACEMENT_3D('',#6862,#6863,#6864);
#6866=PLANE('',#6865);
#6867=CARTESIAN_POINT('',(33.982611621501754,1.110223E-015,0.0));
#6868=VERTEX_POINT('',#6867);
#6869=CARTESIAN_POINT('',(33.982611621501754,1.110223E-015,-10.0));
#6870=VERTEX_POINT('',#6869);
#6871=CARTESIAN_POINT('',(33.982611621501754,1.110223E-015,0.0));
#6872=DIRECTION('',(0.0,0.0,-1.0));
#6873=VECTOR('',#6872,10.0);
#6874=LINE('',#6871,#6873);
#6875=EDGE_CURVE('',#6868,#6870,#6874,.T.);
#6876=ORIENTED_EDGE('',*,*,#6875,.T.);
#6877=CARTESIAN_POINT('',(31.999388378498267,1.110223E-015,-10.0));
#6878=VERTEX_POINT('',#6877);
#6879=CARTESIAN_POINT('',(31.999388378498267,1.110223E-015,-10.0));
#6880=DIRECTION('',(1.0,0.0,0.0));
#6881=VECTOR('',#6880,1.983223243003486);
#6882=LINE('',#6879,#6881);
#6883=EDGE_CURVE('',#6878,#6870,#6882,.T.);
#6884=ORIENTED_EDGE('',*,*,#6883,.F.);
#6885=CARTESIAN_POINT('',(31.999388378498267,1.110223E-015,0.0));
#6886=VERTEX_POINT('',#6885);
#6887=CARTESIAN_POINT('',(31.999388378498267,1.110223E-015,0.0));
#6888=DIRECTION('',(0.0,0.0,-1.0));
#6889=VECTOR('',#6888,10.0);
#6890=LINE('',#6887,#6889);
#6891=EDGE_CURVE('',#6886,#6878,#6890,.T.);
#6892=ORIENTED_EDGE('',*,*,#6891,.F.);
#6893=CARTESIAN_POINT('',(33.982611621501754,1.110223E-015,0.0));
#6894=DIRECTION('',(-1.0,0.0,0.0));
#6895=VECTOR('',#6894,1.983223243003486);
#6896=LINE('',#6893,#6895);
#6897=EDGE_CURVE('',#6868,#6886,#6896,.T.);
#6898=ORIENTED_EDGE('',*,*,#6897,.F.);
#6899=EDGE_LOOP('',(#6876,#6884,#6892,#6898));
#6900=FACE_OUTER_BOUND('',#6899,.T.);
#6901=ADVANCED_FACE('',(#6900),#6866,.T.);
#6902=CARTESIAN_POINT('',(371.335388378498350,1.110223E-015,0.0));
#6903=DIRECTION('',(0.0,1.0,0.0));
#6904=DIRECTION('',(0.0,0.0,1.0));
#6905=AXIS2_PLACEMENT_3D('',#6902,#6903,#6904);
#6906=PLANE('',#6905);
#6907=CARTESIAN_POINT('',(43.408611621501755,1.110223E-015,0.0));
#6908=VERTEX_POINT('',#6907);
#6909=CARTESIAN_POINT('',(43.408611621501755,1.110223E-015,-10.0));
#6910=VERTEX_POINT('',#6909);
#6911=CARTESIAN_POINT('',(43.408611621501755,1.110223E-015,0.0));
#6912=DIRECTION('',(0.0,0.0,-1.0));
#6913=VECTOR('',#6912,10.0);
#6914=LINE('',#6911,#6913);
#6915=EDGE_CURVE('',#6908,#6910,#6914,.T.);
#6916=ORIENTED_EDGE('',*,*,#6915,.T.);
#6917=CARTESIAN_POINT('',(41.425388378498269,1.110223E-015,-10.0));
#6918=VERTEX_POINT('',#6917);
#6919=CARTESIAN_POINT('',(41.425388378498269,1.110223E-015,-10.0));
#6920=DIRECTION('',(1.0,0.0,0.0));
#6921=VECTOR('',#6920,1.983223243003486);
#6922=LINE('',#6919,#6921);
#6923=EDGE_CURVE('',#6918,#6910,#6922,.T.);
#6924=ORIENTED_EDGE('',*,*,#6923,.F.);
#6925=CARTESIAN_POINT('',(41.425388378498269,1.110223E-015,0.0));
#6926=VERTEX_POINT('',#6925);
#6927=CARTESIAN_POINT('',(41.425388378498269,1.110223E-015,0.0));
#6928=DIRECTION('',(0.0,0.0,-1.0));
#6929=VECTOR('',#6928,10.0);
#6930=LINE('',#6927,#6929);
#6931=EDGE_CURVE('',#6926,#6918,#6930,.T.);
#6932=ORIENTED_EDGE('',*,*,#6931,.F.);
#6933=CARTESIAN_POINT('',(43.408611621501755,1.110223E-015,0.0));
#6934=DIRECTION('',(-1.0,0.0,0.0));
#6935=VECTOR('',#6934,1.983223243003486);
#6936=LINE('',#6933,#6935);
#6937=EDGE_CURVE('',#6908,#6926,#6936,.T.);
#6938=ORIENTED_EDGE('',*,*,#6937,.F.);
#6939=EDGE_LOOP('',(#6916,#6924,#6932,#6938));
#6940=FACE_OUTER_BOUND('',#6939,.T.);
#6941=ADVANCED_FACE('',(#6940),#6906,.T.);
#6942=CARTESIAN_POINT('',(371.335388378498350,1.110223E-015,0.0));
#6943=DIRECTION('',(0.0,1.0,0.0));
#6944=DIRECTION('',(0.0,0.0,1.0));
#6945=AXIS2_PLACEMENT_3D('',#6942,#6943,#6944);
#6946=PLANE('',#6945);
#6947=CARTESIAN_POINT('',(52.834611621501757,1.110223E-015,0.0));
#6948=VERTEX_POINT('',#6947);
#6949=CARTESIAN_POINT('',(52.834611621501757,1.110223E-015,-10.0));
#6950=VERTEX_POINT('',#6949);
#6951=CARTESIAN_POINT('',(52.834611621501757,1.110223E-015,0.0));
#6952=DIRECTION('',(0.0,0.0,-1.0));
#6953=VECTOR('',#6952,10.0);
#6954=LINE('',#6951,#6953);
#6955=EDGE_CURVE('',#6948,#6950,#6954,.T.);
#6956=ORIENTED_EDGE('',*,*,#6955,.T.);
#6957=CARTESIAN_POINT('',(50.851388378498271,1.110223E-015,-10.0));
#6958=VERTEX_POINT('',#6957);
#6959=CARTESIAN_POINT('',(50.851388378498271,1.110223E-015,-10.0));
#6960=DIRECTION('',(1.0,0.0,0.0));
#6961=VECTOR('',#6960,1.983223243003486);
#6962=LINE('',#6959,#6961);
#6963=EDGE_CURVE('',#6958,#6950,#6962,.T.);
#6964=ORIENTED_EDGE('',*,*,#6963,.F.);
#6965=CARTESIAN_POINT('',(50.851388378498271,1.110223E-015,0.0));
#6966=VERTEX_POINT('',#6965);
#6967=CARTESIAN_POINT('',(50.851388378498271,1.110223E-015,0.0));
#6968=DIRECTION('',(0.0,0.0,-1.0));
#6969=VECTOR('',#6968,10.0);
#6970=LINE('',#6967,#6969);
#6971=EDGE_CURVE('',#6966,#6958,#6970,.T.);
#6972=ORIENTED_EDGE('',*,*,#6971,.F.);
#6973=CARTESIAN_POINT('',(52.834611621501757,1.110223E-015,0.0));
#6974=DIRECTION('',(-1.0,0.0,0.0));
#6975=VECTOR('',#6974,1.983223243003486);
#6976=LINE('',#6973,#6975);
#6977=EDGE_CURVE('',#6948,#6966,#6976,.T.);
#6978=ORIENTED_EDGE('',*,*,#6977,.F.);
#6979=EDGE_LOOP('',(#6956,#6964,#6972,#6978));
#6980=FACE_OUTER_BOUND('',#6979,.T.);
#6981=ADVANCED_FACE('',(#6980),#6946,.T.);
#6982=CARTESIAN_POINT('',(371.335388378498350,1.110223E-015,0.0));
#6983=DIRECTION('',(0.0,1.0,0.0));
#6984=DIRECTION('',(0.0,0.0,1.0));
#6985=AXIS2_PLACEMENT_3D('',#6982,#6983,#6984);
#6986=PLANE('',#6985);
#6987=CARTESIAN_POINT('',(62.260611621501752,1.110223E-015,0.0));
#6988=VERTEX_POINT('',#6987);
#6989=CARTESIAN_POINT('',(62.260611621501752,1.110223E-015,-10.0));
#6990=VERTEX_POINT('',#6989);
#6991=CARTESIAN_POINT('',(62.260611621501752,1.110223E-015,0.0));
#6992=DIRECTION('',(0.0,0.0,-1.0));
#6993=VECTOR('',#6992,10.0);
#6994=LINE('',#6991,#6993);
#6995=EDGE_CURVE('',#6988,#6990,#6994,.T.);
#6996=ORIENTED_EDGE('',*,*,#6995,.T.);
#6997=CARTESIAN_POINT('',(60.277388378498273,1.110223E-015,-10.0));
#6998=VERTEX_POINT('',#6997);
#6999=CARTESIAN_POINT('',(60.277388378498273,1.110223E-015,-10.0));
#7000=DIRECTION('',(1.0,0.0,0.0));
#7001=VECTOR('',#7000,1.983223243003479);
#7002=LINE('',#6999,#7001);
#7003=EDGE_CURVE('',#6998,#6990,#7002,.T.);
#7004=ORIENTED_EDGE('',*,*,#7003,.F.);
#7005=CARTESIAN_POINT('',(60.277388378498273,1.110223E-015,0.0));
#7006=VERTEX_POINT('',#7005);
#7007=CARTESIAN_POINT('',(60.277388378498273,1.110223E-015,0.0));
#7008=DIRECTION('',(0.0,0.0,-1.0));
#7009=VECTOR('',#7008,10.0);
#7010=LINE('',#7007,#7009);
#7011=EDGE_CURVE('',#7006,#6998,#7010,.T.);
#7012=ORIENTED_EDGE('',*,*,#7011,.F.);
#7013=CARTESIAN_POINT('',(62.260611621501752,1.110223E-015,0.0));
#7014=DIRECTION('',(-1.0,0.0,0.0));
#7015=VECTOR('',#7014,1.983223243003479);
#7016=LINE('',#7013,#7015);
#7017=EDGE_CURVE('',#6988,#7006,#7016,.T.);
#7018=ORIENTED_EDGE('',*,*,#7017,.F.);
#7019=EDGE_LOOP('',(#6996,#7004,#7012,#7018));
#7020=FACE_OUTER_BOUND('',#7019,.T.);
#7021=ADVANCED_FACE('',(#7020),#6986,.T.);
#7022=CARTESIAN_POINT('',(371.335388378498350,1.110223E-015,0.0));
#7023=DIRECTION('',(0.0,1.0,0.0));
#7024=DIRECTION('',(0.0,0.0,1.0));
#7025=AXIS2_PLACEMENT_3D('',#7022,#7023,#7024);
#7026=PLANE('',#7025);
#7027=CARTESIAN_POINT('',(71.686611621501754,1.110223E-015,0.0));
#7028=VERTEX_POINT('',#7027);
#7029=CARTESIAN_POINT('',(71.686611621501754,1.110223E-015,-10.0));
#7030=VERTEX_POINT('',#7029);
#7031=CARTESIAN_POINT('',(71.686611621501754,1.110223E-015,0.0));
#7032=DIRECTION('',(0.0,0.0,-1.0));
#7033=VECTOR('',#7032,10.0);
#7034=LINE('',#7031,#7033);
#7035=EDGE_CURVE('',#7028,#7030,#7034,.T.);
#7036=ORIENTED_EDGE('',*,*,#7035,.T.);
#7037=CARTESIAN_POINT('',(69.703388378498261,1.110223E-015,-10.0));
#7038=VERTEX_POINT('',#7037);
#7039=CARTESIAN_POINT('',(69.703388378498261,1.110223E-015,-10.0));
#7040=DIRECTION('',(1.0,0.0,0.0));
#7041=VECTOR('',#7040,1.983223243003494);
#7042=LINE('',#7039,#7041);
#7043=EDGE_CURVE('',#7038,#7030,#7042,.T.);
#7044=ORIENTED_EDGE('',*,*,#7043,.F.);
#7045=CARTESIAN_POINT('',(69.703388378498261,1.110223E-015,0.0));
#7046=VERTEX_POINT('',#7045);
#7047=CARTESIAN_POINT('',(69.703388378498261,1.110223E-015,0.0));
#7048=DIRECTION('',(0.0,0.0,-1.0));
#7049=VECTOR('',#7048,10.0);
#7050=LINE('',#7047,#7049);
#7051=EDGE_CURVE('',#7046,#7038,#7050,.T.);
#7052=ORIENTED_EDGE('',*,*,#7051,.F.);
#7053=CARTESIAN_POINT('',(71.686611621501754,1.110223E-015,0.0));
#7054=DIRECTION('',(-1.0,0.0,0.0));
#7055=VECTOR('',#7054,1.983223243003494);
#7056=LINE('',#7053,#7055);
#7057=EDGE_CURVE('',#7028,#7046,#7056,.T.);
#7058=ORIENTED_EDGE('',*,*,#7057,.F.);
#7059=EDGE_LOOP('',(#7036,#7044,#7052,#7058));
#7060=FACE_OUTER_BOUND('',#7059,.T.);
#7061=ADVANCED_FACE('',(#7060),#7026,.T.);
#7062=CARTESIAN_POINT('',(371.335388378498350,1.110223E-015,0.0));
#7063=DIRECTION('',(0.0,1.0,0.0));
#7064=DIRECTION('',(0.0,0.0,1.0));
#7065=AXIS2_PLACEMENT_3D('',#7062,#7063,#7064);
#7066=PLANE('',#7065);
#7067=CARTESIAN_POINT('',(81.112611621501742,1.110223E-015,0.0));
#7068=VERTEX_POINT('',#7067);
#7069=CARTESIAN_POINT('',(81.112611621501742,1.110223E-015,-10.0));
#7070=VERTEX_POINT('',#7069);
#7071=CARTESIAN_POINT('',(81.112611621501742,1.110223E-015,0.0));
#7072=DIRECTION('',(0.0,0.0,-1.0));
#7073=VECTOR('',#7072,10.0);
#7074=LINE('',#7071,#7073);
#7075=EDGE_CURVE('',#7068,#7070,#7074,.T.);
#7076=ORIENTED_EDGE('',*,*,#7075,.T.);
#7077=CARTESIAN_POINT('',(79.129388378498277,1.110223E-015,-10.0));
#7078=VERTEX_POINT('',#7077);
#7079=CARTESIAN_POINT('',(79.129388378498277,1.110223E-015,-10.0));
#7080=DIRECTION('',(1.0,0.0,0.0));
#7081=VECTOR('',#7080,1.983223243003465);
#7082=LINE('',#7079,#7081);
#7083=EDGE_CURVE('',#7078,#7070,#7082,.T.);
#7084=ORIENTED_EDGE('',*,*,#7083,.F.);
#7085=CARTESIAN_POINT('',(79.129388378498277,1.110223E-015,0.0));
#7086=VERTEX_POINT('',#7085);
#7087=CARTESIAN_POINT('',(79.129388378498277,1.110223E-015,0.0));
#7088=DIRECTION('',(0.0,0.0,-1.0));
#7089=VECTOR('',#7088,10.0);
#7090=LINE('',#7087,#7089);
#7091=EDGE_CURVE('',#7086,#7078,#7090,.T.);
#7092=ORIENTED_EDGE('',*,*,#7091,.F.);
#7093=CARTESIAN_POINT('',(81.112611621501742,1.110223E-015,0.0));
#7094=DIRECTION('',(-1.0,0.0,0.0));
#7095=VECTOR('',#7094,1.983223243003465);
#7096=LINE('',#7093,#7095);
#7097=EDGE_CURVE('',#7068,#7086,#7096,.T.);
#7098=ORIENTED_EDGE('',*,*,#7097,.F.);
#7099=EDGE_LOOP('',(#7076,#7084,#7092,#7098));
#7100=FACE_OUTER_BOUND('',#7099,.T.);
#7101=ADVANCED_FACE('',(#7100),#7066,.T.);
#7102=CARTESIAN_POINT('',(371.335388378498350,1.110223E-015,0.0));
#7103=DIRECTION('',(0.0,1.0,0.0));
#7104=DIRECTION('',(0.0,0.0,1.0));
#7105=AXIS2_PLACEMENT_3D('',#7102,#7103,#7104);
#7106=PLANE('',#7105);
#7107=CARTESIAN_POINT('',(90.538611621501758,1.110223E-015,0.0));
#7108=VERTEX_POINT('',#7107);
#7109=CARTESIAN_POINT('',(90.538611621501758,1.110223E-015,-10.0));
#7110=VERTEX_POINT('',#7109);
#7111=CARTESIAN_POINT('',(90.538611621501758,1.110223E-015,0.0));
#7112=DIRECTION('',(0.0,0.0,-1.0));
#7113=VECTOR('',#7112,10.0);
#7114=LINE('',#7111,#7113);
#7115=EDGE_CURVE('',#7108,#7110,#7114,.T.);
#7116=ORIENTED_EDGE('',*,*,#7115,.T.);
#7117=CARTESIAN_POINT('',(88.555388378498265,1.110223E-015,-10.0));
#7118=VERTEX_POINT('',#7117);
#7119=CARTESIAN_POINT('',(88.555388378498265,1.110223E-015,-10.0));
#7120=DIRECTION('',(1.0,0.0,0.0));
#7121=VECTOR('',#7120,1.983223243003494);
#7122=LINE('',#7119,#7121);
#7123=EDGE_CURVE('',#7118,#7110,#7122,.T.);
#7124=ORIENTED_EDGE('',*,*,#7123,.F.);
#7125=CARTESIAN_POINT('',(88.555388378498265,1.110223E-015,0.0));
#7126=VERTEX_POINT('',#7125);
#7127=CARTESIAN_POINT('',(88.555388378498265,1.110223E-015,0.0));
#7128=DIRECTION('',(0.0,0.0,-1.0));
#7129=VECTOR('',#7128,10.0);
#7130=LINE('',#7127,#7129);
#7131=EDGE_CURVE('',#7126,#7118,#7130,.T.);
#7132=ORIENTED_EDGE('',*,*,#7131,.F.);
#7133=CARTESIAN_POINT('',(90.538611621501758,1.110223E-015,0.0));
#7134=DIRECTION('',(-1.0,0.0,0.0));
#7135=VECTOR('',#7134,1.983223243003494);
#7136=LINE('',#7133,#7135);
#7137=EDGE_CURVE('',#7108,#7126,#7136,.T.);
#7138=ORIENTED_EDGE('',*,*,#7137,.F.);
#7139=EDGE_LOOP('',(#7116,#7124,#7132,#7138));
#7140=FACE_OUTER_BOUND('',#7139,.T.);
#7141=ADVANCED_FACE('',(#7140),#7106,.T.);
#7142=CARTESIAN_POINT('',(371.335388378498350,1.110223E-015,0.0));
#7143=DIRECTION('',(0.0,1.0,0.0));
#7144=DIRECTION('',(0.0,0.0,1.0));
#7145=AXIS2_PLACEMENT_3D('',#7142,#7143,#7144);
#7146=PLANE('',#7145);
#7147=CARTESIAN_POINT('',(99.964611621501760,1.110223E-015,0.0));
#7148=VERTEX_POINT('',#7147);
#7149=CARTESIAN_POINT('',(99.964611621501760,1.110223E-015,-10.0));
#7150=VERTEX_POINT('',#7149);
#7151=CARTESIAN_POINT('',(99.964611621501760,1.110223E-015,0.0));
#7152=DIRECTION('',(0.0,0.0,-1.0));
#7153=VECTOR('',#7152,10.0);
#7154=LINE('',#7151,#7153);
#7155=EDGE_CURVE('',#7148,#7150,#7154,.T.);
#7156=ORIENTED_EDGE('',*,*,#7155,.T.);
#7157=CARTESIAN_POINT('',(97.981388378498281,1.110223E-015,-10.0));
#7158=VERTEX_POINT('',#7157);
#7159=CARTESIAN_POINT('',(97.981388378498281,1.110223E-015,-10.0));
#7160=DIRECTION('',(1.0,0.0,0.0));
#7161=VECTOR('',#7160,1.983223243003479);
#7162=LINE('',#7159,#7161);
#7163=EDGE_CURVE('',#7158,#7150,#7162,.T.);
#7164=ORIENTED_EDGE('',*,*,#7163,.F.);
#7165=CARTESIAN_POINT('',(97.981388378498281,1.110223E-015,0.0));
#7166=VERTEX_POINT('',#7165);
#7167=CARTESIAN_POINT('',(97.981388378498281,1.110223E-015,0.0));
#7168=DIRECTION('',(0.0,0.0,-1.0));
#7169=VECTOR('',#7168,10.0);
#7170=LINE('',#7167,#7169);
#7171=EDGE_CURVE('',#7166,#7158,#7170,.T.);
#7172=ORIENTED_EDGE('',*,*,#7171,.F.);
#7173=CARTESIAN_POINT('',(99.964611621501760,1.110223E-015,0.0));
#7174=DIRECTION('',(-1.0,0.0,0.0));
#7175=VECTOR('',#7174,1.983223243003479);
#7176=LINE('',#7173,#7175);
#7177=EDGE_CURVE('',#7148,#7166,#7176,.T.);
#7178=ORIENTED_EDGE('',*,*,#7177,.F.);
#7179=EDGE_LOOP('',(#7156,#7164,#7172,#7178));
#7180=FACE_OUTER_BOUND('',#7179,.T.);
#7181=ADVANCED_FACE('',(#7180),#7146,.T.);
#7182=CARTESIAN_POINT('',(371.335388378498350,1.110223E-015,0.0));
#7183=DIRECTION('',(0.0,1.0,0.0));
#7184=DIRECTION('',(0.0,0.0,1.0));
#7185=AXIS2_PLACEMENT_3D('',#7182,#7183,#7184);
#7186=PLANE('',#7185);
#7187=CARTESIAN_POINT('',(109.390611621501760,1.110223E-015,0.0));
#7188=VERTEX_POINT('',#7187);
#7189=CARTESIAN_POINT('',(109.390611621501760,1.110223E-015,-10.0));
#7190=VERTEX_POINT('',#7189);
#7191=CARTESIAN_POINT('',(109.390611621501760,1.110223E-015,0.0));
#7192=DIRECTION('',(0.0,0.0,-1.0));
#7193=VECTOR('',#7192,10.0);
#7194=LINE('',#7191,#7193);
#7195=EDGE_CURVE('',#7188,#7190,#7194,.T.);
#7196=ORIENTED_EDGE('',*,*,#7195,.T.);
#7197=CARTESIAN_POINT('',(107.407388378498300,1.110223E-015,-10.0));
#7198=VERTEX_POINT('',#7197);
#7199=CARTESIAN_POINT('',(107.407388378498300,1.110223E-015,-10.0));
#7200=DIRECTION('',(1.0,0.0,0.0));
#7201=VECTOR('',#7200,1.983223243003465);
#7202=LINE('',#7199,#7201);
#7203=EDGE_CURVE('',#7198,#7190,#7202,.T.);
#7204=ORIENTED_EDGE('',*,*,#7203,.F.);
#7205=CARTESIAN_POINT('',(107.407388378498300,1.110223E-015,0.0));
#7206=VERTEX_POINT('',#7205);
#7207=CARTESIAN_POINT('',(107.407388378498300,1.110223E-015,0.0));
#7208=DIRECTION('',(0.0,0.0,-1.0));
#7209=VECTOR('',#7208,10.0);
#7210=LINE('',#7207,#7209);
#7211=EDGE_CURVE('',#7206,#7198,#7210,.T.);
#7212=ORIENTED_EDGE('',*,*,#7211,.F.);
#7213=CARTESIAN_POINT('',(109.390611621501760,1.110223E-015,0.0));
#7214=DIRECTION('',(-1.0,0.0,0.0));
#7215=VECTOR('',#7214,1.983223243003465);
#7216=LINE('',#7213,#7215);
#7217=EDGE_CURVE('',#7188,#7206,#7216,.T.);
#7218=ORIENTED_EDGE('',*,*,#7217,.F.);
#7219=EDGE_LOOP('',(#7196,#7204,#7212,#7218));
#7220=FACE_OUTER_BOUND('',#7219,.T.);
#7221=ADVANCED_FACE('',(#7220),#7186,.T.);
#7222=CARTESIAN_POINT('',(371.335388378498350,1.110223E-015,0.0));
#7223=DIRECTION('',(0.0,1.0,0.0));
#7224=DIRECTION('',(0.0,0.0,1.0));
#7225=AXIS2_PLACEMENT_3D('',#7222,#7223,#7224);
#7226=PLANE('',#7225);
#7227=CARTESIAN_POINT('',(118.816611621501780,1.110223E-015,0.0));
#7228=VERTEX_POINT('',#7227);
#7229=CARTESIAN_POINT('',(118.816611621501780,1.110223E-015,-10.0));
#7230=VERTEX_POINT('',#7229);
#7231=CARTESIAN_POINT('',(118.816611621501780,1.110223E-015,0.0));
#7232=DIRECTION('',(0.0,0.0,-1.0));
#7233=VECTOR('',#7232,10.0);
#7234=LINE('',#7231,#7233);
#7235=EDGE_CURVE('',#7228,#7230,#7234,.T.);
#7236=ORIENTED_EDGE('',*,*,#7235,.T.);
#7237=CARTESIAN_POINT('',(116.833388378498300,1.110223E-015,-10.0));
#7238=VERTEX_POINT('',#7237);
#7239=CARTESIAN_POINT('',(116.833388378498300,1.110223E-015,-10.0));
#7240=DIRECTION('',(1.0,0.0,0.0));
#7241=VECTOR('',#7240,1.983223243003479);
#7242=LINE('',#7239,#7241);
#7243=EDGE_CURVE('',#7238,#7230,#7242,.T.);
#7244=ORIENTED_EDGE('',*,*,#7243,.F.);
#7245=CARTESIAN_POINT('',(116.833388378498300,1.110223E-015,0.0));
#7246=VERTEX_POINT('',#7245);
#7247=CARTESIAN_POINT('',(116.833388378498300,1.110223E-015,0.0));
#7248=DIRECTION('',(0.0,0.0,-1.0));
#7249=VECTOR('',#7248,10.0);
#7250=LINE('',#7247,#7249);
#7251=EDGE_CURVE('',#7246,#7238,#7250,.T.);
#7252=ORIENTED_EDGE('',*,*,#7251,.F.);
#7253=CARTESIAN_POINT('',(118.816611621501780,1.110223E-015,0.0));
#7254=DIRECTION('',(-1.0,0.0,0.0));
#7255=VECTOR('',#7254,1.983223243003479);
#7256=LINE('',#7253,#7255);
#7257=EDGE_CURVE('',#7228,#7246,#7256,.T.);
#7258=ORIENTED_EDGE('',*,*,#7257,.F.);
#7259=EDGE_LOOP('',(#7236,#7244,#7252,#7258));
#7260=FACE_OUTER_BOUND('',#7259,.T.);
#7261=ADVANCED_FACE('',(#7260),#7226,.T.);
#7262=CARTESIAN_POINT('',(371.335388378498350,1.110223E-015,0.0));
#7263=DIRECTION('',(0.0,1.0,0.0));
#7264=DIRECTION('',(0.0,0.0,1.0));
#7265=AXIS2_PLACEMENT_3D('',#7262,#7263,#7264);
#7266=PLANE('',#7265);
#7267=CARTESIAN_POINT('',(128.242611621501770,1.110223E-015,0.0));
#7268=VERTEX_POINT('',#7267);
#7269=CARTESIAN_POINT('',(128.242611621501770,1.110223E-015,-10.0));
#7270=VERTEX_POINT('',#7269);
#7271=CARTESIAN_POINT('',(128.242611621501770,1.110223E-015,0.0));
#7272=DIRECTION('',(0.0,0.0,-1.0));
#7273=VECTOR('',#7272,10.0);
#7274=LINE('',#7271,#7273);
#7275=EDGE_CURVE('',#7268,#7270,#7274,.T.);
#7276=ORIENTED_EDGE('',*,*,#7275,.T.);
#7277=CARTESIAN_POINT('',(126.259388378498300,1.110223E-015,-10.0));
#7278=VERTEX_POINT('',#7277);
#7279=CARTESIAN_POINT('',(126.259388378498300,1.110223E-015,-10.0));
#7280=DIRECTION('',(1.0,0.0,0.0));
#7281=VECTOR('',#7280,1.983223243003465);
#7282=LINE('',#7279,#7281);
#7283=EDGE_CURVE('',#7278,#7270,#7282,.T.);
#7284=ORIENTED_EDGE('',*,*,#7283,.F.);
#7285=CARTESIAN_POINT('',(126.259388378498300,1.110223E-015,0.0));
#7286=VERTEX_POINT('',#7285);
#7287=CARTESIAN_POINT('',(126.259388378498300,1.110223E-015,0.0));
#7288=DIRECTION('',(0.0,0.0,-1.0));
#7289=VECTOR('',#7288,10.0);
#7290=LINE('',#7287,#7289);
#7291=EDGE_CURVE('',#7286,#7278,#7290,.T.);
#7292=ORIENTED_EDGE('',*,*,#7291,.F.);
#7293=CARTESIAN_POINT('',(128.242611621501770,1.110223E-015,0.0));
#7294=DIRECTION('',(-1.0,0.0,0.0));
#7295=VECTOR('',#7294,1.983223243003465);
#7296=LINE('',#7293,#7295);
#7297=EDGE_CURVE('',#7268,#7286,#7296,.T.);
#7298=ORIENTED_EDGE('',*,*,#7297,.F.);
#7299=EDGE_LOOP('',(#7276,#7284,#7292,#7298));
#7300=FACE_OUTER_BOUND('',#7299,.T.);
#7301=ADVANCED_FACE('',(#7300),#7266,.T.);
#7302=CARTESIAN_POINT('',(371.335388378498350,1.110223E-015,0.0));
#7303=DIRECTION('',(0.0,1.0,0.0));
#7304=DIRECTION('',(0.0,0.0,1.0));
#7305=AXIS2_PLACEMENT_3D('',#7302,#7303,#7304);
#7306=PLANE('',#7305);
#7307=CARTESIAN_POINT('',(137.668611621501750,1.110223E-015,0.0));
#7308=VERTEX_POINT('',#7307);
#7309=CARTESIAN_POINT('',(137.668611621501750,1.110223E-015,-10.0));
#7310=VERTEX_POINT('',#7309);
#7311=CARTESIAN_POINT('',(137.668611621501750,1.110223E-015,0.0));
#7312=DIRECTION('',(0.0,0.0,-1.0));
#7313=VECTOR('',#7312,10.0);
#7314=LINE('',#7311,#7313);
#7315=EDGE_CURVE('',#7308,#7310,#7314,.T.);
#7316=ORIENTED_EDGE('',*,*,#7315,.T.);
#7317=CARTESIAN_POINT('',(135.685388378498290,1.110223E-015,-10.0));
#7318=VERTEX_POINT('',#7317);
#7319=CARTESIAN_POINT('',(135.685388378498290,1.110223E-015,-10.0));
#7320=DIRECTION('',(1.0,0.0,0.0));
#7321=VECTOR('',#7320,1.983223243003465);
#7322=LINE('',#7319,#7321);
#7323=EDGE_CURVE('',#7318,#7310,#7322,.T.);
#7324=ORIENTED_EDGE('',*,*,#7323,.F.);
#7325=CARTESIAN_POINT('',(135.685388378498290,1.110223E-015,0.0));
#7326=VERTEX_POINT('',#7325);
#7327=CARTESIAN_POINT('',(135.685388378498290,1.110223E-015,0.0));
#7328=DIRECTION('',(0.0,0.0,-1.0));
#7329=VECTOR('',#7328,10.0);
#7330=LINE('',#7327,#7329);
#7331=EDGE_CURVE('',#7326,#7318,#7330,.T.);
#7332=ORIENTED_EDGE('',*,*,#7331,.F.);
#7333=CARTESIAN_POINT('',(137.668611621501750,1.110223E-015,0.0));
#7334=DIRECTION('',(-1.0,0.0,0.0));
#7335=VECTOR('',#7334,1.983223243003465);
#7336=LINE('',#7333,#7335);
#7337=EDGE_CURVE('',#7308,#7326,#7336,.T.);
#7338=ORIENTED_EDGE('',*,*,#7337,.F.);
#7339=EDGE_LOOP('',(#7316,#7324,#7332,#7338));
#7340=FACE_OUTER_BOUND('',#7339,.T.);
#7341=ADVANCED_FACE('',(#7340),#7306,.T.);
#7342=CARTESIAN_POINT('',(371.335388378498350,1.110223E-015,0.0));
#7343=DIRECTION('',(0.0,1.0,0.0));
#7344=DIRECTION('',(0.0,0.0,1.0));
#7345=AXIS2_PLACEMENT_3D('',#7342,#7343,#7344);
#7346=PLANE('',#7345);
#7347=CARTESIAN_POINT('',(147.094611621501770,1.110223E-015,0.0));
#7348=VERTEX_POINT('',#7347);
#7349=CARTESIAN_POINT('',(147.094611621501770,1.110223E-015,-10.0));
#7350=VERTEX_POINT('',#7349);
#7351=CARTESIAN_POINT('',(147.094611621501770,1.110223E-015,0.0));
#7352=DIRECTION('',(0.0,0.0,-1.0));
#7353=VECTOR('',#7352,10.0);
#7354=LINE('',#7351,#7353);
#7355=EDGE_CURVE('',#7348,#7350,#7354,.T.);
#7356=ORIENTED_EDGE('',*,*,#7355,.T.);
#7357=CARTESIAN_POINT('',(145.111388378498300,1.110223E-015,-10.0));
#7358=VERTEX_POINT('',#7357);
#7359=CARTESIAN_POINT('',(145.111388378498300,1.110223E-015,-10.0));
#7360=DIRECTION('',(1.0,0.0,0.0));
#7361=VECTOR('',#7360,1.983223243003465);
#7362=LINE('',#7359,#7361);
#7363=EDGE_CURVE('',#7358,#7350,#7362,.T.);
#7364=ORIENTED_EDGE('',*,*,#7363,.F.);
#7365=CARTESIAN_POINT('',(145.111388378498300,1.110223E-015,0.0));
#7366=VERTEX_POINT('',#7365);
#7367=CARTESIAN_POINT('',(145.111388378498300,1.110223E-015,0.0));
#7368=DIRECTION('',(0.0,0.0,-1.0));
#7369=VECTOR('',#7368,10.0);
#7370=LINE('',#7367,#7369);
#7371=EDGE_CURVE('',#7366,#7358,#7370,.T.);
#7372=ORIENTED_EDGE('',*,*,#7371,.F.);
#7373=CARTESIAN_POINT('',(147.094611621501770,1.110223E-015,0.0));
#7374=DIRECTION('',(-1.0,0.0,0.0));
#7375=VECTOR('',#7374,1.983223243003465);
#7376=LINE('',#7373,#7375);
#7377=EDGE_CURVE('',#7348,#7366,#7376,.T.);
#7378=ORIENTED_EDGE('',*,*,#7377,.F.);
#7379=EDGE_LOOP('',(#7356,#7364,#7372,#7378));
#7380=FACE_OUTER_BOUND('',#7379,.T.);
#7381=ADVANCED_FACE('',(#7380),#7346,.T.);
#7382=CARTESIAN_POINT('',(371.335388378498350,1.110223E-015,0.0));
#7383=DIRECTION('',(0.0,1.0,0.0));
#7384=DIRECTION('',(0.0,0.0,1.0));
#7385=AXIS2_PLACEMENT_3D('',#7382,#7383,#7384);
#7386=PLANE('',#7385);
#7387=CARTESIAN_POINT('',(156.520611621501790,1.110223E-015,0.0));
#7388=VERTEX_POINT('',#7387);
#7389=CARTESIAN_POINT('',(156.520611621501790,1.110223E-015,-10.0));
#7390=VERTEX_POINT('',#7389);
#7391=CARTESIAN_POINT('',(156.520611621501790,1.110223E-015,0.0));
#7392=DIRECTION('',(0.0,0.0,-1.0));
#7393=VECTOR('',#7392,10.0);
#7394=LINE('',#7391,#7393);
#7395=EDGE_CURVE('',#7388,#7390,#7394,.T.);
#7396=ORIENTED_EDGE('',*,*,#7395,.T.);
#7397=CARTESIAN_POINT('',(154.537388378498290,1.110223E-015,-10.0));
#7398=VERTEX_POINT('',#7397);
#7399=CARTESIAN_POINT('',(154.537388378498290,1.110223E-015,-10.0));
#7400=DIRECTION('',(1.0,0.0,0.0));
#7401=VECTOR('',#7400,1.983223243003494);
#7402=LINE('',#7399,#7401);
#7403=EDGE_CURVE('',#7398,#7390,#7402,.T.);
#7404=ORIENTED_EDGE('',*,*,#7403,.F.);
#7405=CARTESIAN_POINT('',(154.537388378498290,1.110223E-015,0.0));
#7406=VERTEX_POINT('',#7405);
#7407=CARTESIAN_POINT('',(154.537388378498290,1.110223E-015,0.0));
#7408=DIRECTION('',(0.0,0.0,-1.0));
#7409=VECTOR('',#7408,10.0);
#7410=LINE('',#7407,#7409);
#7411=EDGE_CURVE('',#7406,#7398,#7410,.T.);
#7412=ORIENTED_EDGE('',*,*,#7411,.F.);
#7413=CARTESIAN_POINT('',(156.520611621501790,1.110223E-015,0.0));
#7414=DIRECTION('',(-1.0,0.0,0.0));
#7415=VECTOR('',#7414,1.983223243003494);
#7416=LINE('',#7413,#7415);
#7417=EDGE_CURVE('',#7388,#7406,#7416,.T.);
#7418=ORIENTED_EDGE('',*,*,#7417,.F.);
#7419=EDGE_LOOP('',(#7396,#7404,#7412,#7418));
#7420=FACE_OUTER_BOUND('',#7419,.T.);
#7421=ADVANCED_FACE('',(#7420),#7386,.T.);
#7422=CARTESIAN_POINT('',(371.335388378498350,1.110223E-015,0.0));
#7423=DIRECTION('',(0.0,1.0,0.0));
#7424=DIRECTION('',(0.0,0.0,1.0));
#7425=AXIS2_PLACEMENT_3D('',#7422,#7423,#7424);
#7426=PLANE('',#7425);
#7427=CARTESIAN_POINT('',(165.946611621501770,1.110223E-015,0.0));
#7428=VERTEX_POINT('',#7427);
#7429=CARTESIAN_POINT('',(165.946611621501770,1.110223E-015,-10.0));
#7430=VERTEX_POINT('',#7429);
#7431=CARTESIAN_POINT('',(165.946611621501770,1.110223E-015,0.0));
#7432=DIRECTION('',(0.0,0.0,-1.0));
#7433=VECTOR('',#7432,10.0);
#7434=LINE('',#7431,#7433);
#7435=EDGE_CURVE('',#7428,#7430,#7434,.T.);
#7436=ORIENTED_EDGE('',*,*,#7435,.T.);
#7437=CARTESIAN_POINT('',(163.963388378498280,1.110223E-015,-10.0));
#7438=VERTEX_POINT('',#7437);
#7439=CARTESIAN_POINT('',(163.963388378498280,1.110223E-015,-10.0));
#7440=DIRECTION('',(1.0,0.0,0.0));
#7441=VECTOR('',#7440,1.983223243003494);
#7442=LINE('',#7439,#7441);
#7443=EDGE_CURVE('',#7438,#7430,#7442,.T.);
#7444=ORIENTED_EDGE('',*,*,#7443,.F.);
#7445=CARTESIAN_POINT('',(163.963388378498280,1.110223E-015,0.0));
#7446=VERTEX_POINT('',#7445);
#7447=CARTESIAN_POINT('',(163.963388378498280,1.110223E-015,0.0));
#7448=DIRECTION('',(0.0,0.0,-1.0));
#7449=VECTOR('',#7448,10.0);
#7450=LINE('',#7447,#7449);
#7451=EDGE_CURVE('',#7446,#7438,#7450,.T.);
#7452=ORIENTED_EDGE('',*,*,#7451,.F.);
#7453=CARTESIAN_POINT('',(165.946611621501770,1.110223E-015,0.0));
#7454=DIRECTION('',(-1.0,0.0,0.0));
#7455=VECTOR('',#7454,1.983223243003494);
#7456=LINE('',#7453,#7455);
#7457=EDGE_CURVE('',#7428,#7446,#7456,.T.);
#7458=ORIENTED_EDGE('',*,*,#7457,.F.);
#7459=EDGE_LOOP('',(#7436,#7444,#7452,#7458));
#7460=FACE_OUTER_BOUND('',#7459,.T.);
#7461=ADVANCED_FACE('',(#7460),#7426,.T.);
#7462=CARTESIAN_POINT('',(371.335388378498350,1.110223E-015,0.0));
#7463=DIRECTION('',(0.0,1.0,0.0));
#7464=DIRECTION('',(0.0,0.0,1.0));
#7465=AXIS2_PLACEMENT_3D('',#7462,#7463,#7464);
#7466=PLANE('',#7465);
#7467=CARTESIAN_POINT('',(175.372611621501790,1.110223E-015,0.0));
#7468=VERTEX_POINT('',#7467);
#7469=CARTESIAN_POINT('',(175.372611621501790,1.110223E-015,-10.0));
#7470=VERTEX_POINT('',#7469);
#7471=CARTESIAN_POINT('',(175.372611621501790,1.110223E-015,0.0));
#7472=DIRECTION('',(0.0,0.0,-1.0));
#7473=VECTOR('',#7472,10.0);
#7474=LINE('',#7471,#7473);
#7475=EDGE_CURVE('',#7468,#7470,#7474,.T.);
#7476=ORIENTED_EDGE('',*,*,#7475,.T.);
#7477=CARTESIAN_POINT('',(173.389388378498270,1.110223E-015,-10.0));
#7478=VERTEX_POINT('',#7477);
#7479=CARTESIAN_POINT('',(173.389388378498270,1.110223E-015,-10.0));
#7480=DIRECTION('',(1.0,0.0,0.0));
#7481=VECTOR('',#7480,1.983223243003522);
#7482=LINE('',#7479,#7481);
#7483=EDGE_CURVE('',#7478,#7470,#7482,.T.);
#7484=ORIENTED_EDGE('',*,*,#7483,.F.);
#7485=CARTESIAN_POINT('',(173.389388378498270,1.110223E-015,0.0));
#7486=VERTEX_POINT('',#7485);
#7487=CARTESIAN_POINT('',(173.389388378498270,1.110223E-015,0.0));
#7488=DIRECTION('',(0.0,0.0,-1.0));
#7489=VECTOR('',#7488,10.0);
#7490=LINE('',#7487,#7489);
#7491=EDGE_CURVE('',#7486,#7478,#7490,.T.);
#7492=ORIENTED_EDGE('',*,*,#7491,.F.);
#7493=CARTESIAN_POINT('',(175.372611621501790,1.110223E-015,0.0));
#7494=DIRECTION('',(-1.0,0.0,0.0));
#7495=VECTOR('',#7494,1.983223243003522);
#7496=LINE('',#7493,#7495);
#7497=EDGE_CURVE('',#7468,#7486,#7496,.T.);
#7498=ORIENTED_EDGE('',*,*,#7497,.F.);
#7499=EDGE_LOOP('',(#7476,#7484,#7492,#7498));
#7500=FACE_OUTER_BOUND('',#7499,.T.);
#7501=ADVANCED_FACE('',(#7500),#7466,.T.);
#7502=CARTESIAN_POINT('',(371.335388378498350,1.110223E-015,0.0));
#7503=DIRECTION('',(0.0,1.0,0.0));
#7504=DIRECTION('',(0.0,0.0,1.0));
#7505=AXIS2_PLACEMENT_3D('',#7502,#7503,#7504);
#7506=PLANE('',#7505);
#7507=CARTESIAN_POINT('',(184.798611621501780,1.110223E-015,0.0));
#7508=VERTEX_POINT('',#7507);
#7509=CARTESIAN_POINT('',(184.798611621501780,1.110223E-015,-10.0));
#7510=VERTEX_POINT('',#7509);
#7511=CARTESIAN_POINT('',(184.798611621501780,1.110223E-015,0.0));
#7512=DIRECTION('',(0.0,0.0,-1.0));
#7513=VECTOR('',#7512,10.0);
#7514=LINE('',#7511,#7513);
#7515=EDGE_CURVE('',#7508,#7510,#7514,.T.);
#7516=ORIENTED_EDGE('',*,*,#7515,.T.);
#7517=CARTESIAN_POINT('',(182.815388378498310,1.110223E-015,-10.0));
#7518=VERTEX_POINT('',#7517);
#7519=CARTESIAN_POINT('',(182.815388378498310,1.110223E-015,-10.0));
#7520=DIRECTION('',(1.0,0.0,0.0));
#7521=VECTOR('',#7520,1.983223243003465);
#7522=LINE('',#7519,#7521);
#7523=EDGE_CURVE('',#7518,#7510,#7522,.T.);
#7524=ORIENTED_EDGE('',*,*,#7523,.F.);
#7525=CARTESIAN_POINT('',(182.815388378498310,1.110223E-015,0.0));
#7526=VERTEX_POINT('',#7525);
#7527=CARTESIAN_POINT('',(182.815388378498310,1.110223E-015,0.0));
#7528=DIRECTION('',(0.0,0.0,-1.0));
#7529=VECTOR('',#7528,10.0);
#7530=LINE('',#7527,#7529);
#7531=EDGE_CURVE('',#7526,#7518,#7530,.T.);
#7532=ORIENTED_EDGE('',*,*,#7531,.F.);
#7533=CARTESIAN_POINT('',(184.798611621501780,1.110223E-015,0.0));
#7534=DIRECTION('',(-1.0,0.0,0.0));
#7535=VECTOR('',#7534,1.983223243003465);
#7536=LINE('',#7533,#7535);
#7537=EDGE_CURVE('',#7508,#7526,#7536,.T.);
#7538=ORIENTED_EDGE('',*,*,#7537,.F.);
#7539=EDGE_LOOP('',(#7516,#7524,#7532,#7538));
#7540=FACE_OUTER_BOUND('',#7539,.T.);
#7541=ADVANCED_FACE('',(#7540),#7506,.T.);
#7542=CARTESIAN_POINT('',(371.335388378498350,1.110223E-015,0.0));
#7543=DIRECTION('',(0.0,1.0,0.0));
#7544=DIRECTION('',(0.0,0.0,1.0));
#7545=AXIS2_PLACEMENT_3D('',#7542,#7543,#7544);
#7546=PLANE('',#7545);
#7547=CARTESIAN_POINT('',(194.224611621501820,1.110223E-015,0.0));
#7548=VERTEX_POINT('',#7547);
#7549=CARTESIAN_POINT('',(194.224611621501820,1.110223E-015,-10.0));
#7550=VERTEX_POINT('',#7549);
#7551=CARTESIAN_POINT('',(194.224611621501820,1.110223E-015,0.0));
#7552=DIRECTION('',(0.0,0.0,-1.0));
#7553=VECTOR('',#7552,10.0);
#7554=LINE('',#7551,#7553);
#7555=EDGE_CURVE('',#7548,#7550,#7554,.T.);
#7556=ORIENTED_EDGE('',*,*,#7555,.T.);
#7557=CARTESIAN_POINT('',(192.241388378498300,1.110223E-015,-10.0));
#7558=VERTEX_POINT('',#7557);
#7559=CARTESIAN_POINT('',(192.241388378498300,1.110223E-015,-10.0));
#7560=DIRECTION('',(1.0,0.0,0.0));
#7561=VECTOR('',#7560,1.983223243003522);
#7562=LINE('',#7559,#7561);
#7563=EDGE_CURVE('',#7558,#7550,#7562,.T.);
#7564=ORIENTED_EDGE('',*,*,#7563,.F.);
#7565=CARTESIAN_POINT('',(192.241388378498300,1.110223E-015,0.0));
#7566=VERTEX_POINT('',#7565);
#7567=CARTESIAN_POINT('',(192.241388378498300,1.110223E-015,0.0));
#7568=DIRECTION('',(0.0,0.0,-1.0));
#7569=VECTOR('',#7568,10.0);
#7570=LINE('',#7567,#7569);
#7571=EDGE_CURVE('',#7566,#7558,#7570,.T.);
#7572=ORIENTED_EDGE('',*,*,#7571,.F.);
#7573=CARTESIAN_POINT('',(194.224611621501820,1.110223E-015,0.0));
#7574=DIRECTION('',(-1.0,0.0,0.0));
#7575=VECTOR('',#7574,1.983223243003522);
#7576=LINE('',#7573,#7575);
#7577=EDGE_CURVE('',#7548,#7566,#7576,.T.);
#7578=ORIENTED_EDGE('',*,*,#7577,.F.);
#7579=EDGE_LOOP('',(#7556,#7564,#7572,#7578));
#7580=FACE_OUTER_BOUND('',#7579,.T.);
#7581=ADVANCED_FACE('',(#7580),#7546,.T.);
#7582=CARTESIAN_POINT('',(371.335388378498350,1.110223E-015,0.0));
#7583=DIRECTION('',(0.0,1.0,0.0));
#7584=DIRECTION('',(0.0,0.0,1.0));
#7585=AXIS2_PLACEMENT_3D('',#7582,#7583,#7584);
#7586=PLANE('',#7585);
#7587=CARTESIAN_POINT('',(203.650611621501810,1.110223E-015,0.0));
#7588=VERTEX_POINT('',#7587);
#7589=CARTESIAN_POINT('',(203.650611621501810,1.110223E-015,-10.0));
#7590=VERTEX_POINT('',#7589);
#7591=CARTESIAN_POINT('',(203.650611621501810,1.110223E-015,0.0));
#7592=DIRECTION('',(0.0,0.0,-1.0));
#7593=VECTOR('',#7592,10.0);
#7594=LINE('',#7591,#7593);
#7595=EDGE_CURVE('',#7588,#7590,#7594,.T.);
#7596=ORIENTED_EDGE('',*,*,#7595,.T.);
#7597=CARTESIAN_POINT('',(201.667388378498320,1.110223E-015,-10.0));
#7598=VERTEX_POINT('',#7597);
#7599=CARTESIAN_POINT('',(201.667388378498320,1.110223E-015,-10.0));
#7600=DIRECTION('',(1.0,0.0,0.0));
#7601=VECTOR('',#7600,1.983223243003494);
#7602=LINE('',#7599,#7601);
#7603=EDGE_CURVE('',#7598,#7590,#7602,.T.);
#7604=ORIENTED_EDGE('',*,*,#7603,.F.);
#7605=CARTESIAN_POINT('',(201.667388378498320,1.110223E-015,0.0));
#7606=VERTEX_POINT('',#7605);
#7607=CARTESIAN_POINT('',(201.667388378498320,1.110223E-015,0.0));
#7608=DIRECTION('',(0.0,0.0,-1.0));
#7609=VECTOR('',#7608,10.0);
#7610=LINE('',#7607,#7609);
#7611=EDGE_CURVE('',#7606,#7598,#7610,.T.);
#7612=ORIENTED_EDGE('',*,*,#7611,.F.);
#7613=CARTESIAN_POINT('',(203.650611621501810,1.110223E-015,0.0));
#7614=DIRECTION('',(-1.0,0.0,0.0));
#7615=VECTOR('',#7614,1.983223243003494);
#7616=LINE('',#7613,#7615);
#7617=EDGE_CURVE('',#7588,#7606,#7616,.T.);
#7618=ORIENTED_EDGE('',*,*,#7617,.F.);
#7619=EDGE_LOOP('',(#7596,#7604,#7612,#7618));
#7620=FACE_OUTER_BOUND('',#7619,.T.);
#7621=ADVANCED_FACE('',(#7620),#7586,.T.);
#7622=CARTESIAN_POINT('',(371.335388378498350,1.110223E-015,0.0));
#7623=DIRECTION('',(0.0,1.0,0.0));
#7624=DIRECTION('',(0.0,0.0,1.0));
#7625=AXIS2_PLACEMENT_3D('',#7622,#7623,#7624);
#7626=PLANE('',#7625);
#7627=CARTESIAN_POINT('',(213.076611621501800,1.110223E-015,0.0));
#7628=VERTEX_POINT('',#7627);
#7629=CARTESIAN_POINT('',(213.076611621501800,1.110223E-015,-10.0));
#7630=VERTEX_POINT('',#7629);
#7631=CARTESIAN_POINT('',(213.076611621501800,1.110223E-015,0.0));
#7632=DIRECTION('',(0.0,0.0,-1.0));
#7633=VECTOR('',#7632,10.0);
#7634=LINE('',#7631,#7633);
#7635=EDGE_CURVE('',#7628,#7630,#7634,.T.);
#7636=ORIENTED_EDGE('',*,*,#7635,.T.);
#7637=CARTESIAN_POINT('',(211.093388378498300,1.110223E-015,-10.0));
#7638=VERTEX_POINT('',#7637);
#7639=CARTESIAN_POINT('',(211.093388378498300,1.110223E-015,-10.0));
#7640=DIRECTION('',(1.0,0.0,0.0));
#7641=VECTOR('',#7640,1.983223243003494);
#7642=LINE('',#7639,#7641);
#7643=EDGE_CURVE('',#7638,#7630,#7642,.T.);
#7644=ORIENTED_EDGE('',*,*,#7643,.F.);
#7645=CARTESIAN_POINT('',(211.093388378498300,1.110223E-015,0.0));
#7646=VERTEX_POINT('',#7645);
#7647=CARTESIAN_POINT('',(211.093388378498300,1.110223E-015,0.0));
#7648=DIRECTION('',(0.0,0.0,-1.0));
#7649=VECTOR('',#7648,10.0);
#7650=LINE('',#7647,#7649);
#7651=EDGE_CURVE('',#7646,#7638,#7650,.T.);
#7652=ORIENTED_EDGE('',*,*,#7651,.F.);
#7653=CARTESIAN_POINT('',(213.076611621501800,1.110223E-015,0.0));
#7654=DIRECTION('',(-1.0,0.0,0.0));
#7655=VECTOR('',#7654,1.983223243003494);
#7656=LINE('',#7653,#7655);
#7657=EDGE_CURVE('',#7628,#7646,#7656,.T.);
#7658=ORIENTED_EDGE('',*,*,#7657,.F.);
#7659=EDGE_LOOP('',(#7636,#7644,#7652,#7658));
#7660=FACE_OUTER_BOUND('',#7659,.T.);
#7661=ADVANCED_FACE('',(#7660),#7626,.T.);
#7662=CARTESIAN_POINT('',(371.335388378498350,1.110223E-015,0.0));
#7663=DIRECTION('',(0.0,1.0,0.0));
#7664=DIRECTION('',(0.0,0.0,1.0));
#7665=AXIS2_PLACEMENT_3D('',#7662,#7663,#7664);
#7666=PLANE('',#7665);
#7667=CARTESIAN_POINT('',(222.502611621501810,1.110223E-015,0.0));
#7668=VERTEX_POINT('',#7667);
#7669=CARTESIAN_POINT('',(222.502611621501810,1.110223E-015,-10.0));
#7670=VERTEX_POINT('',#7669);
#7671=CARTESIAN_POINT('',(222.502611621501810,1.110223E-015,0.0));
#7672=DIRECTION('',(0.0,0.0,-1.0));
#7673=VECTOR('',#7672,10.0);
#7674=LINE('',#7671,#7673);
#7675=EDGE_CURVE('',#7668,#7670,#7674,.T.);
#7676=ORIENTED_EDGE('',*,*,#7675,.T.);
#7677=CARTESIAN_POINT('',(220.519388378498290,1.110223E-015,-10.0));
#7678=VERTEX_POINT('',#7677);
#7679=CARTESIAN_POINT('',(220.519388378498290,1.110223E-015,-10.0));
#7680=DIRECTION('',(1.0,0.0,0.0));
#7681=VECTOR('',#7680,1.983223243003522);
#7682=LINE('',#7679,#7681);
#7683=EDGE_CURVE('',#7678,#7670,#7682,.T.);
#7684=ORIENTED_EDGE('',*,*,#7683,.F.);
#7685=CARTESIAN_POINT('',(220.519388378498290,1.110223E-015,0.0));
#7686=VERTEX_POINT('',#7685);
#7687=CARTESIAN_POINT('',(220.519388378498290,1.110223E-015,0.0));
#7688=DIRECTION('',(0.0,0.0,-1.0));
#7689=VECTOR('',#7688,10.0);
#7690=LINE('',#7687,#7689);
#7691=EDGE_CURVE('',#7686,#7678,#7690,.T.);
#7692=ORIENTED_EDGE('',*,*,#7691,.F.);
#7693=CARTESIAN_POINT('',(222.502611621501810,1.110223E-015,0.0));
#7694=DIRECTION('',(-1.0,0.0,0.0));
#7695=VECTOR('',#7694,1.983223243003522);
#7696=LINE('',#7693,#7695);
#7697=EDGE_CURVE('',#7668,#7686,#7696,.T.);
#7698=ORIENTED_EDGE('',*,*,#7697,.F.);
#7699=EDGE_LOOP('',(#7676,#7684,#7692,#7698));
#7700=FACE_OUTER_BOUND('',#7699,.T.);
#7701=ADVANCED_FACE('',(#7700),#7666,.T.);
#7702=CARTESIAN_POINT('',(371.335388378498350,1.110223E-015,0.0));
#7703=DIRECTION('',(0.0,1.0,0.0));
#7704=DIRECTION('',(0.0,0.0,1.0));
#7705=AXIS2_PLACEMENT_3D('',#7702,#7703,#7704);
#7706=PLANE('',#7705);
#7707=CARTESIAN_POINT('',(231.928611621501800,1.110223E-015,0.0));
#7708=VERTEX_POINT('',#7707);
#7709=CARTESIAN_POINT('',(231.928611621501800,1.110223E-015,-10.0));
#7710=VERTEX_POINT('',#7709);
#7711=CARTESIAN_POINT('',(231.928611621501800,1.110223E-015,0.0));
#7712=DIRECTION('',(0.0,0.0,-1.0));
#7713=VECTOR('',#7712,10.0);
#7714=LINE('',#7711,#7713);
#7715=EDGE_CURVE('',#7708,#7710,#7714,.T.);
#7716=ORIENTED_EDGE('',*,*,#7715,.T.);
#7717=CARTESIAN_POINT('',(229.945388378498310,1.110223E-015,-10.0));
#7718=VERTEX_POINT('',#7717);
#7719=CARTESIAN_POINT('',(229.945388378498310,1.110223E-015,-10.0));
#7720=DIRECTION('',(1.0,0.0,0.0));
#7721=VECTOR('',#7720,1.983223243003494);
#7722=LINE('',#7719,#7721);
#7723=EDGE_CURVE('',#7718,#7710,#7722,.T.);
#7724=ORIENTED_EDGE('',*,*,#7723,.F.);
#7725=CARTESIAN_POINT('',(229.945388378498310,1.110223E-015,0.0));
#7726=VERTEX_POINT('',#7725);
#7727=CARTESIAN_POINT('',(229.945388378498310,1.110223E-015,0.0));
#7728=DIRECTION('',(0.0,0.0,-1.0));
#7729=VECTOR('',#7728,10.0);
#7730=LINE('',#7727,#7729);
#7731=EDGE_CURVE('',#7726,#7718,#7730,.T.);
#7732=ORIENTED_EDGE('',*,*,#7731,.F.);
#7733=CARTESIAN_POINT('',(231.928611621501800,1.110223E-015,0.0));
#7734=DIRECTION('',(-1.0,0.0,0.0));
#7735=VECTOR('',#7734,1.983223243003494);
#7736=LINE('',#7733,#7735);
#7737=EDGE_CURVE('',#7708,#7726,#7736,.T.);
#7738=ORIENTED_EDGE('',*,*,#7737,.F.);
#7739=EDGE_LOOP('',(#7716,#7724,#7732,#7738));
#7740=FACE_OUTER_BOUND('',#7739,.T.);
#7741=ADVANCED_FACE('',(#7740),#7706,.T.);
#7742=CARTESIAN_POINT('',(371.335388378498350,1.110223E-015,0.0));
#7743=DIRECTION('',(0.0,1.0,0.0));
#7744=DIRECTION('',(0.0,0.0,1.0));
#7745=AXIS2_PLACEMENT_3D('',#7742,#7743,#7744);
#7746=PLANE('',#7745);
#7747=CARTESIAN_POINT('',(241.354611621501820,1.110223E-015,0.0));
#7748=VERTEX_POINT('',#7747);
#7749=CARTESIAN_POINT('',(241.354611621501820,1.110223E-015,-10.0));
#7750=VERTEX_POINT('',#7749);
#7751=CARTESIAN_POINT('',(241.354611621501820,1.110223E-015,0.0));
#7752=DIRECTION('',(0.0,0.0,-1.0));
#7753=VECTOR('',#7752,10.0);
#7754=LINE('',#7751,#7753);
#7755=EDGE_CURVE('',#7748,#7750,#7754,.T.);
#7756=ORIENTED_EDGE('',*,*,#7755,.T.);
#7757=CARTESIAN_POINT('',(239.371388378498300,1.110223E-015,-10.0));
#7758=VERTEX_POINT('',#7757);
#7759=CARTESIAN_POINT('',(239.371388378498300,1.110223E-015,-10.0));
#7760=DIRECTION('',(1.0,0.0,0.0));
#7761=VECTOR('',#7760,1.983223243003522);
#7762=LINE('',#7759,#7761);
#7763=EDGE_CURVE('',#7758,#7750,#7762,.T.);
#7764=ORIENTED_EDGE('',*,*,#7763,.F.);
#7765=CARTESIAN_POINT('',(239.371388378498300,1.110223E-015,0.0));
#7766=VERTEX_POINT('',#7765);
#7767=CARTESIAN_POINT('',(239.371388378498300,1.110223E-015,0.0));
#7768=DIRECTION('',(0.0,0.0,-1.0));
#7769=VECTOR('',#7768,10.0);
#7770=LINE('',#7767,#7769);
#7771=EDGE_CURVE('',#7766,#7758,#7770,.T.);
#7772=ORIENTED_EDGE('',*,*,#7771,.F.);
#7773=CARTESIAN_POINT('',(241.354611621501820,1.110223E-015,0.0));
#7774=DIRECTION('',(-1.0,0.0,0.0));
#7775=VECTOR('',#7774,1.983223243003522);
#7776=LINE('',#7773,#7775);
#7777=EDGE_CURVE('',#7748,#7766,#7776,.T.);
#7778=ORIENTED_EDGE('',*,*,#7777,.F.);
#7779=EDGE_LOOP('',(#7756,#7764,#7772,#7778));
#7780=FACE_OUTER_BOUND('',#7779,.T.);
#7781=ADVANCED_FACE('',(#7780),#7746,.T.);
#7782=CARTESIAN_POINT('',(371.335388378498350,1.110223E-015,0.0));
#7783=DIRECTION('',(0.0,1.0,0.0));
#7784=DIRECTION('',(0.0,0.0,1.0));
#7785=AXIS2_PLACEMENT_3D('',#7782,#7783,#7784);
#7786=PLANE('',#7785);
#7787=CARTESIAN_POINT('',(250.780611621501810,1.110223E-015,0.0));
#7788=VERTEX_POINT('',#7787);
#7789=CARTESIAN_POINT('',(250.780611621501810,1.110223E-015,-10.0));
#7790=VERTEX_POINT('',#7789);
#7791=CARTESIAN_POINT('',(250.780611621501810,1.110223E-015,0.0));
#7792=DIRECTION('',(0.0,0.0,-1.0));
#7793=VECTOR('',#7792,10.0);
#7794=LINE('',#7791,#7793);
#7795=EDGE_CURVE('',#7788,#7790,#7794,.T.);
#7796=ORIENTED_EDGE('',*,*,#7795,.T.);
#7797=CARTESIAN_POINT('',(248.797388378498310,1.110223E-015,-10.0));
#7798=VERTEX_POINT('',#7797);
#7799=CARTESIAN_POINT('',(248.797388378498310,1.110223E-015,-10.0));
#7800=DIRECTION('',(1.0,0.0,0.0));
#7801=VECTOR('',#7800,1.983223243003494);
#7802=LINE('',#7799,#7801);
#7803=EDGE_CURVE('',#7798,#7790,#7802,.T.);
#7804=ORIENTED_EDGE('',*,*,#7803,.F.);
#7805=CARTESIAN_POINT('',(248.797388378498310,1.110223E-015,0.0));
#7806=VERTEX_POINT('',#7805);
#7807=CARTESIAN_POINT('',(248.797388378498310,1.110223E-015,0.0));
#7808=DIRECTION('',(0.0,0.0,-1.0));
#7809=VECTOR('',#7808,10.0);
#7810=LINE('',#7807,#7809);
#7811=EDGE_CURVE('',#7806,#7798,#7810,.T.);
#7812=ORIENTED_EDGE('',*,*,#7811,.F.);
#7813=CARTESIAN_POINT('',(250.780611621501810,1.110223E-015,0.0));
#7814=DIRECTION('',(-1.0,0.0,0.0));
#7815=VECTOR('',#7814,1.983223243003494);
#7816=LINE('',#7813,#7815);
#7817=EDGE_CURVE('',#7788,#7806,#7816,.T.);
#7818=ORIENTED_EDGE('',*,*,#7817,.F.);
#7819=EDGE_LOOP('',(#7796,#7804,#7812,#7818));
#7820=FACE_OUTER_BOUND('',#7819,.T.);
#7821=ADVANCED_FACE('',(#7820),#7786,.T.);
#7822=CARTESIAN_POINT('',(371.335388378498350,1.110223E-015,0.0));
#7823=DIRECTION('',(0.0,1.0,0.0));
#7824=DIRECTION('',(0.0,0.0,1.0));
#7825=AXIS2_PLACEMENT_3D('',#7822,#7823,#7824);
#7826=PLANE('',#7825);
#7827=CARTESIAN_POINT('',(260.206611621501790,1.110223E-015,0.0));
#7828=VERTEX_POINT('',#7827);
#7829=CARTESIAN_POINT('',(260.206611621501790,1.110223E-015,-10.0));
#7830=VERTEX_POINT('',#7829);
#7831=CARTESIAN_POINT('',(260.206611621501790,1.110223E-015,0.0));
#7832=DIRECTION('',(0.0,0.0,-1.0));
#7833=VECTOR('',#7832,10.0);
#7834=LINE('',#7831,#7833);
#7835=EDGE_CURVE('',#7828,#7830,#7834,.T.);
#7836=ORIENTED_EDGE('',*,*,#7835,.T.);
#7837=CARTESIAN_POINT('',(258.223388378498330,1.110223E-015,-10.0));
#7838=VERTEX_POINT('',#7837);
#7839=CARTESIAN_POINT('',(258.223388378498330,1.110223E-015,-10.0));
#7840=DIRECTION('',(1.0,0.0,0.0));
#7841=VECTOR('',#7840,1.983223243003465);
#7842=LINE('',#7839,#7841);
#7843=EDGE_CURVE('',#7838,#7830,#7842,.T.);
#7844=ORIENTED_EDGE('',*,*,#7843,.F.);
#7845=CARTESIAN_POINT('',(258.223388378498330,1.110223E-015,0.0));
#7846=VERTEX_POINT('',#7845);
#7847=CARTESIAN_POINT('',(258.223388378498330,1.110223E-015,0.0));
#7848=DIRECTION('',(0.0,0.0,-1.0));
#7849=VECTOR('',#7848,10.0);
#7850=LINE('',#7847,#7849);
#7851=EDGE_CURVE('',#7846,#7838,#7850,.T.);
#7852=ORIENTED_EDGE('',*,*,#7851,.F.);
#7853=CARTESIAN_POINT('',(260.206611621501790,1.110223E-015,0.0));
#7854=DIRECTION('',(-1.0,0.0,0.0));
#7855=VECTOR('',#7854,1.983223243003465);
#7856=LINE('',#7853,#7855);
#7857=EDGE_CURVE('',#7828,#7846,#7856,.T.);
#7858=ORIENTED_EDGE('',*,*,#7857,.F.);
#7859=EDGE_LOOP('',(#7836,#7844,#7852,#7858));
#7860=FACE_OUTER_BOUND('',#7859,.T.);
#7861=ADVANCED_FACE('',(#7860),#7826,.T.);
#7862=CARTESIAN_POINT('',(371.335388378498350,1.110223E-015,0.0));
#7863=DIRECTION('',(0.0,1.0,0.0));
#7864=DIRECTION('',(0.0,0.0,1.0));
#7865=AXIS2_PLACEMENT_3D('',#7862,#7863,#7864);
#7866=PLANE('',#7865);
#7867=CARTESIAN_POINT('',(269.632611621501840,1.110223E-015,0.0));
#7868=VERTEX_POINT('',#7867);
#7869=CARTESIAN_POINT('',(269.632611621501840,1.110223E-015,-10.0));
#7870=VERTEX_POINT('',#7869);
#7871=CARTESIAN_POINT('',(269.632611621501840,1.110223E-015,0.0));
#7872=DIRECTION('',(0.0,0.0,-1.0));
#7873=VECTOR('',#7872,10.0);
#7874=LINE('',#7871,#7873);
#7875=EDGE_CURVE('',#7868,#7870,#7874,.T.);
#7876=ORIENTED_EDGE('',*,*,#7875,.T.);
#7877=CARTESIAN_POINT('',(267.649388378498320,1.110223E-015,-10.0));
#7878=VERTEX_POINT('',#7877);
#7879=CARTESIAN_POINT('',(267.649388378498320,1.110223E-015,-10.0));
#7880=DIRECTION('',(1.0,0.0,0.0));
#7881=VECTOR('',#7880,1.983223243003522);
#7882=LINE('',#7879,#7881);
#7883=EDGE_CURVE('',#7878,#7870,#7882,.T.);
#7884=ORIENTED_EDGE('',*,*,#7883,.F.);
#7885=CARTESIAN_POINT('',(267.649388378498320,1.110223E-015,0.0));
#7886=VERTEX_POINT('',#7885);
#7887=CARTESIAN_POINT('',(267.649388378498320,1.110223E-015,0.0));
#7888=DIRECTION('',(0.0,0.0,-1.0));
#7889=VECTOR('',#7888,10.0);
#7890=LINE('',#7887,#7889);
#7891=EDGE_CURVE('',#7886,#7878,#7890,.T.);
#7892=ORIENTED_EDGE('',*,*,#7891,.F.);
#7893=CARTESIAN_POINT('',(269.632611621501840,1.110223E-015,0.0));
#7894=DIRECTION('',(-1.0,0.0,0.0));
#7895=VECTOR('',#7894,1.983223243003522);
#7896=LINE('',#7893,#7895);
#7897=EDGE_CURVE('',#7868,#7886,#7896,.T.);
#7898=ORIENTED_EDGE('',*,*,#7897,.F.);
#7899=EDGE_LOOP('',(#7876,#7884,#7892,#7898));
#7900=FACE_OUTER_BOUND('',#7899,.T.);
#7901=ADVANCED_FACE('',(#7900),#7866,.T.);
#7902=CARTESIAN_POINT('',(371.335388378498350,1.110223E-015,0.0));
#7903=DIRECTION('',(0.0,1.0,0.0));
#7904=DIRECTION('',(0.0,0.0,1.0));
#7905=AXIS2_PLACEMENT_3D('',#7902,#7903,#7904);
#7906=PLANE('',#7905);
#7907=CARTESIAN_POINT('',(279.058611621501830,1.110223E-015,0.0));
#7908=VERTEX_POINT('',#7907);
#7909=CARTESIAN_POINT('',(279.058611621501830,1.110223E-015,-10.0));
#7910=VERTEX_POINT('',#7909);
#7911=CARTESIAN_POINT('',(279.058611621501830,1.110223E-015,0.0));
#7912=DIRECTION('',(0.0,0.0,-1.0));
#7913=VECTOR('',#7912,10.0);
#7914=LINE('',#7911,#7913);
#7915=EDGE_CURVE('',#7908,#7910,#7914,.T.);
#7916=ORIENTED_EDGE('',*,*,#7915,.T.);
#7917=CARTESIAN_POINT('',(277.075388378498300,1.110223E-015,-10.0));
#7918=VERTEX_POINT('',#7917);
#7919=CARTESIAN_POINT('',(277.075388378498300,1.110223E-015,-10.0));
#7920=DIRECTION('',(1.0,0.0,0.0));
#7921=VECTOR('',#7920,1.983223243003522);
#7922=LINE('',#7919,#7921);
#7923=EDGE_CURVE('',#7918,#7910,#7922,.T.);
#7924=ORIENTED_EDGE('',*,*,#7923,.F.);
#7925=CARTESIAN_POINT('',(277.075388378498300,1.110223E-015,0.0));
#7926=VERTEX_POINT('',#7925);
#7927=CARTESIAN_POINT('',(277.075388378498300,1.110223E-015,0.0));
#7928=DIRECTION('',(0.0,0.0,-1.0));
#7929=VECTOR('',#7928,10.0);
#7930=LINE('',#7927,#7929);
#7931=EDGE_CURVE('',#7926,#7918,#7930,.T.);
#7932=ORIENTED_EDGE('',*,*,#7931,.F.);
#7933=CARTESIAN_POINT('',(279.058611621501830,1.110223E-015,0.0));
#7934=DIRECTION('',(-1.0,0.0,0.0));
#7935=VECTOR('',#7934,1.983223243003522);
#7936=LINE('',#7933,#7935);
#7937=EDGE_CURVE('',#7908,#7926,#7936,.T.);
#7938=ORIENTED_EDGE('',*,*,#7937,.F.);
#7939=EDGE_LOOP('',(#7916,#7924,#7932,#7938));
#7940=FACE_OUTER_BOUND('',#7939,.T.);
#7941=ADVANCED_FACE('',(#7940),#7906,.T.);
#7942=CARTESIAN_POINT('',(371.335388378498350,1.110223E-015,0.0));
#7943=DIRECTION('',(0.0,1.0,0.0));
#7944=DIRECTION('',(0.0,0.0,1.0));
#7945=AXIS2_PLACEMENT_3D('',#7942,#7943,#7944);
#7946=PLANE('',#7945);
#7947=CARTESIAN_POINT('',(288.484611621501810,1.110223E-015,0.0));
#7948=VERTEX_POINT('',#7947);
#7949=CARTESIAN_POINT('',(288.484611621501810,1.110223E-015,-10.0));
#7950=VERTEX_POINT('',#7949);
#7951=CARTESIAN_POINT('',(288.484611621501810,1.110223E-015,0.0));
#7952=DIRECTION('',(0.0,0.0,-1.0));
#7953=VECTOR('',#7952,10.0);
#7954=LINE('',#7951,#7953);
#7955=EDGE_CURVE('',#7948,#7950,#7954,.T.);
#7956=ORIENTED_EDGE('',*,*,#7955,.T.);
#7957=CARTESIAN_POINT('',(286.501388378498290,1.110223E-015,-10.0));
#7958=VERTEX_POINT('',#7957);
#7959=CARTESIAN_POINT('',(286.501388378498290,1.110223E-015,-10.0));
#7960=DIRECTION('',(1.0,0.0,0.0));
#7961=VECTOR('',#7960,1.983223243003522);
#7962=LINE('',#7959,#7961);
#7963=EDGE_CURVE('',#7958,#7950,#7962,.T.);
#7964=ORIENTED_EDGE('',*,*,#7963,.F.);
#7965=CARTESIAN_POINT('',(286.501388378498290,1.110223E-015,0.0));
#7966=VERTEX_POINT('',#7965);
#7967=CARTESIAN_POINT('',(286.501388378498290,1.110223E-015,0.0));
#7968=DIRECTION('',(0.0,0.0,-1.0));
#7969=VECTOR('',#7968,10.0);
#7970=LINE('',#7967,#7969);
#7971=EDGE_CURVE('',#7966,#7958,#7970,.T.);
#7972=ORIENTED_EDGE('',*,*,#7971,.F.);
#7973=CARTESIAN_POINT('',(288.484611621501810,1.110223E-015,0.0));
#7974=DIRECTION('',(-1.0,0.0,0.0));
#7975=VECTOR('',#7974,1.983223243003522);
#7976=LINE('',#7973,#7975);
#7977=EDGE_CURVE('',#7948,#7966,#7976,.T.);
#7978=ORIENTED_EDGE('',*,*,#7977,.F.);
#7979=EDGE_LOOP('',(#7956,#7964,#7972,#7978));
#7980=FACE_OUTER_BOUND('',#7979,.T.);
#7981=ADVANCED_FACE('',(#7980),#7946,.T.);
#7982=CARTESIAN_POINT('',(371.335388378498350,1.110223E-015,0.0));
#7983=DIRECTION('',(0.0,1.0,0.0));
#7984=DIRECTION('',(0.0,0.0,1.0));
#7985=AXIS2_PLACEMENT_3D('',#7982,#7983,#7984);
#7986=PLANE('',#7985);
#7987=CARTESIAN_POINT('',(297.910611621501800,1.110223E-015,0.0));
#7988=VERTEX_POINT('',#7987);
#7989=CARTESIAN_POINT('',(297.910611621501800,1.110223E-015,-10.0));
#7990=VERTEX_POINT('',#7989);
#7991=CARTESIAN_POINT('',(297.910611621501800,1.110223E-015,0.0));
#7992=DIRECTION('',(0.0,0.0,-1.0));
#7993=VECTOR('',#7992,10.0);
#7994=LINE('',#7991,#7993);
#7995=EDGE_CURVE('',#7988,#7990,#7994,.T.);
#7996=ORIENTED_EDGE('',*,*,#7995,.T.);
#7997=CARTESIAN_POINT('',(295.927388378498340,1.110223E-015,-10.0));
#7998=VERTEX_POINT('',#7997);
#7999=CARTESIAN_POINT('',(295.927388378498340,1.110223E-015,-10.0));
#8000=DIRECTION('',(1.0,0.0,0.0));
#8001=VECTOR('',#8000,1.983223243003465);
#8002=LINE('',#7999,#8001);
#8003=EDGE_CURVE('',#7998,#7990,#8002,.T.);
#8004=ORIENTED_EDGE('',*,*,#8003,.F.);
#8005=CARTESIAN_POINT('',(295.927388378498340,1.110223E-015,0.0));
#8006=VERTEX_POINT('',#8005);
#8007=CARTESIAN_POINT('',(295.927388378498340,1.110223E-015,0.0));
#8008=DIRECTION('',(0.0,0.0,-1.0));
#8009=VECTOR('',#8008,10.0);
#8010=LINE('',#8007,#8009);
#8011=EDGE_CURVE('',#8006,#7998,#8010,.T.);
#8012=ORIENTED_EDGE('',*,*,#8011,.F.);
#8013=CARTESIAN_POINT('',(297.910611621501800,1.110223E-015,0.0));
#8014=DIRECTION('',(-1.0,0.0,0.0));
#8015=VECTOR('',#8014,1.983223243003465);
#8016=LINE('',#8013,#8015);
#8017=EDGE_CURVE('',#7988,#8006,#8016,.T.);
#8018=ORIENTED_EDGE('',*,*,#8017,.F.);
#8019=EDGE_LOOP('',(#7996,#8004,#8012,#8018));
#8020=FACE_OUTER_BOUND('',#8019,.T.);
#8021=ADVANCED_FACE('',(#8020),#7986,.T.);
#8022=CARTESIAN_POINT('',(371.335388378498350,1.110223E-015,0.0));
#8023=DIRECTION('',(0.0,1.0,0.0));
#8024=DIRECTION('',(0.0,0.0,1.0));
#8025=AXIS2_PLACEMENT_3D('',#8022,#8023,#8024);
#8026=PLANE('',#8025);
#8027=CARTESIAN_POINT('',(307.336611621501790,1.110223E-015,0.0));
#8028=VERTEX_POINT('',#8027);
#8029=CARTESIAN_POINT('',(307.336611621501790,1.110223E-015,-10.0));
#8030=VERTEX_POINT('',#8029);
#8031=CARTESIAN_POINT('',(307.336611621501790,1.110223E-015,0.0));
#8032=DIRECTION('',(0.0,0.0,-1.0));
#8033=VECTOR('',#8032,10.0);
#8034=LINE('',#8031,#8033);
#8035=EDGE_CURVE('',#8028,#8030,#8034,.T.);
#8036=ORIENTED_EDGE('',*,*,#8035,.T.);
#8037=CARTESIAN_POINT('',(305.353388378498320,1.110223E-015,-10.0));
#8038=VERTEX_POINT('',#8037);
#8039=CARTESIAN_POINT('',(305.353388378498320,1.110223E-015,-10.0));
#8040=DIRECTION('',(1.0,0.0,0.0));
#8041=VECTOR('',#8040,1.983223243003465);
#8042=LINE('',#8039,#8041);
#8043=EDGE_CURVE('',#8038,#8030,#8042,.T.);
#8044=ORIENTED_EDGE('',*,*,#8043,.F.);
#8045=CARTESIAN_POINT('',(305.353388378498320,1.110223E-015,0.0));
#8046=VERTEX_POINT('',#8045);
#8047=CARTESIAN_POINT('',(305.353388378498320,1.110223E-015,0.0));
#8048=DIRECTION('',(0.0,0.0,-1.0));
#8049=VECTOR('',#8048,10.0);
#8050=LINE('',#8047,#8049);
#8051=EDGE_CURVE('',#8046,#8038,#8050,.T.);
#8052=ORIENTED_EDGE('',*,*,#8051,.F.);
#8053=CARTESIAN_POINT('',(307.336611621501790,1.110223E-015,0.0));
#8054=DIRECTION('',(-1.0,0.0,0.0));
#8055=VECTOR('',#8054,1.983223243003465);
#8056=LINE('',#8053,#8055);
#8057=EDGE_CURVE('',#8028,#8046,#8056,.T.);
#8058=ORIENTED_EDGE('',*,*,#8057,.F.);
#8059=EDGE_LOOP('',(#8036,#8044,#8052,#8058));
#8060=FACE_OUTER_BOUND('',#8059,.T.);
#8061=ADVANCED_FACE('',(#8060),#8026,.T.);
#8062=CARTESIAN_POINT('',(371.335388378498350,1.110223E-015,0.0));
#8063=DIRECTION('',(0.0,1.0,0.0));
#8064=DIRECTION('',(0.0,0.0,1.0));
#8065=AXIS2_PLACEMENT_3D('',#8062,#8063,#8064);
#8066=PLANE('',#8065);
#8067=CARTESIAN_POINT('',(316.762611621501830,1.110223E-015,0.0));
#8068=VERTEX_POINT('',#8067);
#8069=CARTESIAN_POINT('',(316.762611621501830,1.110223E-015,-10.0));
#8070=VERTEX_POINT('',#8069);
#8071=CARTESIAN_POINT('',(316.762611621501830,1.110223E-015,0.0));
#8072=DIRECTION('',(0.0,0.0,-1.0));
#8073=VECTOR('',#8072,10.0);
#8074=LINE('',#8071,#8073);
#8075=EDGE_CURVE('',#8068,#8070,#8074,.T.);
#8076=ORIENTED_EDGE('',*,*,#8075,.T.);
#8077=CARTESIAN_POINT('',(314.779388378498310,1.110223E-015,-10.0));
#8078=VERTEX_POINT('',#8077);
#8079=CARTESIAN_POINT('',(314.779388378498310,1.110223E-015,-10.0));
#8080=DIRECTION('',(1.0,0.0,0.0));
#8081=VECTOR('',#8080,1.983223243003522);
#8082=LINE('',#8079,#8081);
#8083=EDGE_CURVE('',#8078,#8070,#8082,.T.);
#8084=ORIENTED_EDGE('',*,*,#8083,.F.);
#8085=CARTESIAN_POINT('',(314.779388378498310,1.110223E-015,0.0));
#8086=VERTEX_POINT('',#8085);
#8087=CARTESIAN_POINT('',(314.779388378498310,1.110223E-015,0.0));
#8088=DIRECTION('',(0.0,0.0,-1.0));
#8089=VECTOR('',#8088,10.0);
#8090=LINE('',#8087,#8089);
#8091=EDGE_CURVE('',#8086,#8078,#8090,.T.);
#8092=ORIENTED_EDGE('',*,*,#8091,.F.);
#8093=CARTESIAN_POINT('',(316.762611621501830,1.110223E-015,0.0));
#8094=DIRECTION('',(-1.0,0.0,0.0));
#8095=VECTOR('',#8094,1.983223243003522);
#8096=LINE('',#8093,#8095);
#8097=EDGE_CURVE('',#8068,#8086,#8096,.T.);
#8098=ORIENTED_EDGE('',*,*,#8097,.F.);
#8099=EDGE_LOOP('',(#8076,#8084,#8092,#8098));
#8100=FACE_OUTER_BOUND('',#8099,.T.);
#8101=ADVANCED_FACE('',(#8100),#8066,.T.);
#8102=CARTESIAN_POINT('',(371.335388378498350,1.110223E-015,0.0));
#8103=DIRECTION('',(0.0,1.0,0.0));
#8104=DIRECTION('',(0.0,0.0,1.0));
#8105=AXIS2_PLACEMENT_3D('',#8102,#8103,#8104);
#8106=PLANE('',#8105);
#8107=CARTESIAN_POINT('',(326.188611621501820,1.110223E-015,0.0));
#8108=VERTEX_POINT('',#8107);
#8109=CARTESIAN_POINT('',(326.188611621501820,1.110223E-015,-10.0));
#8110=VERTEX_POINT('',#8109);
#8111=CARTESIAN_POINT('',(326.188611621501820,1.110223E-015,0.0));
#8112=DIRECTION('',(0.0,0.0,-1.0));
#8113=VECTOR('',#8112,10.0);
#8114=LINE('',#8111,#8113);
#8115=EDGE_CURVE('',#8108,#8110,#8114,.T.);
#8116=ORIENTED_EDGE('',*,*,#8115,.T.);
#8117=CARTESIAN_POINT('',(324.205388378498360,1.110223E-015,-10.0));
#8118=VERTEX_POINT('',#8117);
#8119=CARTESIAN_POINT('',(324.205388378498360,1.110223E-015,-10.0));
#8120=DIRECTION('',(1.0,0.0,0.0));
#8121=VECTOR('',#8120,1.983223243003465);
#8122=LINE('',#8119,#8121);
#8123=EDGE_CURVE('',#8118,#8110,#8122,.T.);
#8124=ORIENTED_EDGE('',*,*,#8123,.F.);
#8125=CARTESIAN_POINT('',(324.205388378498360,1.110223E-015,0.0));
#8126=VERTEX_POINT('',#8125);
#8127=CARTESIAN_POINT('',(324.205388378498360,1.110223E-015,0.0));
#8128=DIRECTION('',(0.0,0.0,-1.0));
#8129=VECTOR('',#8128,10.0);
#8130=LINE('',#8127,#8129);
#8131=EDGE_CURVE('',#8126,#8118,#8130,.T.);
#8132=ORIENTED_EDGE('',*,*,#8131,.F.);
#8133=CARTESIAN_POINT('',(326.188611621501820,1.110223E-015,0.0));
#8134=DIRECTION('',(-1.0,0.0,0.0));
#8135=VECTOR('',#8134,1.983223243003465);
#8136=LINE('',#8133,#8135);
#8137=EDGE_CURVE('',#8108,#8126,#8136,.T.);
#8138=ORIENTED_EDGE('',*,*,#8137,.F.);
#8139=EDGE_LOOP('',(#8116,#8124,#8132,#8138));
#8140=FACE_OUTER_BOUND('',#8139,.T.);
#8141=ADVANCED_FACE('',(#8140),#8106,.T.);
#8142=CARTESIAN_POINT('',(371.335388378498350,1.110223E-015,0.0));
#8143=DIRECTION('',(0.0,1.0,0.0));
#8144=DIRECTION('',(0.0,0.0,1.0));
#8145=AXIS2_PLACEMENT_3D('',#8142,#8143,#8144);
#8146=PLANE('',#8145);
#8147=CARTESIAN_POINT('',(335.614611621501810,1.110223E-015,0.0));
#8148=VERTEX_POINT('',#8147);
#8149=CARTESIAN_POINT('',(335.614611621501810,1.110223E-015,-10.0));
#8150=VERTEX_POINT('',#8149);
#8151=CARTESIAN_POINT('',(335.614611621501810,1.110223E-015,0.0));
#8152=DIRECTION('',(0.0,0.0,-1.0));
#8153=VECTOR('',#8152,10.0);
#8154=LINE('',#8151,#8153);
#8155=EDGE_CURVE('',#8148,#8150,#8154,.T.);
#8156=ORIENTED_EDGE('',*,*,#8155,.T.);
#8157=CARTESIAN_POINT('',(333.631388378498290,1.110223E-015,-10.0));
#8158=VERTEX_POINT('',#8157);
#8159=CARTESIAN_POINT('',(333.631388378498290,1.110223E-015,-10.0));
#8160=DIRECTION('',(1.0,0.0,0.0));
#8161=VECTOR('',#8160,1.983223243003522);
#8162=LINE('',#8159,#8161);
#8163=EDGE_CURVE('',#8158,#8150,#8162,.T.);
#8164=ORIENTED_EDGE('',*,*,#8163,.F.);
#8165=CARTESIAN_POINT('',(333.631388378498290,1.110223E-015,0.0));
#8166=VERTEX_POINT('',#8165);
#8167=CARTESIAN_POINT('',(333.631388378498290,1.110223E-015,0.0));
#8168=DIRECTION('',(0.0,0.0,-1.0));
#8169=VECTOR('',#8168,10.0);
#8170=LINE('',#8167,#8169);
#8171=EDGE_CURVE('',#8166,#8158,#8170,.T.);
#8172=ORIENTED_EDGE('',*,*,#8171,.F.);
#8173=CARTESIAN_POINT('',(335.614611621501810,1.110223E-015,0.0));
#8174=DIRECTION('',(-1.0,0.0,0.0));
#8175=VECTOR('',#8174,1.983223243003522);
#8176=LINE('',#8173,#8175);
#8177=EDGE_CURVE('',#8148,#8166,#8176,.T.);
#8178=ORIENTED_EDGE('',*,*,#8177,.F.);
#8179=EDGE_LOOP('',(#8156,#8164,#8172,#8178));
#8180=FACE_OUTER_BOUND('',#8179,.T.);
#8181=ADVANCED_FACE('',(#8180),#8146,.T.);
#8182=CARTESIAN_POINT('',(371.335388378498350,1.110223E-015,0.0));
#8183=DIRECTION('',(0.0,1.0,0.0));
#8184=DIRECTION('',(0.0,0.0,1.0));
#8185=AXIS2_PLACEMENT_3D('',#8182,#8183,#8184);
#8186=PLANE('',#8185);
#8187=CARTESIAN_POINT('',(345.040611621501850,1.110223E-015,0.0));
#8188=VERTEX_POINT('',#8187);
#8189=CARTESIAN_POINT('',(345.040611621501850,1.110223E-015,-10.0));
#8190=VERTEX_POINT('',#8189);
#8191=CARTESIAN_POINT('',(345.040611621501850,1.110223E-015,0.0));
#8192=DIRECTION('',(0.0,0.0,-1.0));
#8193=VECTOR('',#8192,10.0);
#8194=LINE('',#8191,#8193);
#8195=EDGE_CURVE('',#8188,#8190,#8194,.T.);
#8196=ORIENTED_EDGE('',*,*,#8195,.T.);
#8197=CARTESIAN_POINT('',(343.057388378498330,1.110223E-015,-10.0));
#8198=VERTEX_POINT('',#8197);
#8199=CARTESIAN_POINT('',(343.057388378498330,1.110223E-015,-10.0));
#8200=DIRECTION('',(1.0,0.0,0.0));
#8201=VECTOR('',#8200,1.983223243003522);
#8202=LINE('',#8199,#8201);
#8203=EDGE_CURVE('',#8198,#8190,#8202,.T.);
#8204=ORIENTED_EDGE('',*,*,#8203,.F.);
#8205=CARTESIAN_POINT('',(343.057388378498330,1.110223E-015,0.0));
#8206=VERTEX_POINT('',#8205);
#8207=CARTESIAN_POINT('',(343.057388378498330,1.110223E-015,0.0));
#8208=DIRECTION('',(0.0,0.0,-1.0));
#8209=VECTOR('',#8208,10.0);
#8210=LINE('',#8207,#8209);
#8211=EDGE_CURVE('',#8206,#8198,#8210,.T.);
#8212=ORIENTED_EDGE('',*,*,#8211,.F.);
#8213=CARTESIAN_POINT('',(345.040611621501850,1.110223E-015,0.0));
#8214=DIRECTION('',(-1.0,0.0,0.0));
#8215=VECTOR('',#8214,1.983223243003522);
#8216=LINE('',#8213,#8215);
#8217=EDGE_CURVE('',#8188,#8206,#8216,.T.);
#8218=ORIENTED_EDGE('',*,*,#8217,.F.);
#8219=EDGE_LOOP('',(#8196,#8204,#8212,#8218));
#8220=FACE_OUTER_BOUND('',#8219,.T.);
#8221=ADVANCED_FACE('',(#8220),#8186,.T.);
#8222=CARTESIAN_POINT('',(371.335388378498350,1.110223E-015,0.0));
#8223=DIRECTION('',(0.0,1.0,0.0));
#8224=DIRECTION('',(0.0,0.0,1.0));
#8225=AXIS2_PLACEMENT_3D('',#8222,#8223,#8224);
#8226=PLANE('',#8225);
#8227=CARTESIAN_POINT('',(354.466611621501840,1.110223E-015,0.0));
#8228=VERTEX_POINT('',#8227);
#8229=CARTESIAN_POINT('',(354.466611621501840,1.110223E-015,-10.0));
#8230=VERTEX_POINT('',#8229);
#8231=CARTESIAN_POINT('',(354.466611621501840,1.110223E-015,0.0));
#8232=DIRECTION('',(0.0,0.0,-1.0));
#8233=VECTOR('',#8232,10.0);
#8234=LINE('',#8231,#8233);
#8235=EDGE_CURVE('',#8228,#8230,#8234,.T.);
#8236=ORIENTED_EDGE('',*,*,#8235,.T.);
#8237=CARTESIAN_POINT('',(352.483388378498380,1.110223E-015,-10.0));
#8238=VERTEX_POINT('',#8237);
#8239=CARTESIAN_POINT('',(352.483388378498380,1.110223E-015,-10.0));
#8240=DIRECTION('',(1.0,0.0,0.0));
#8241=VECTOR('',#8240,1.983223243003465);
#8242=LINE('',#8239,#8241);
#8243=EDGE_CURVE('',#8238,#8230,#8242,.T.);
#8244=ORIENTED_EDGE('',*,*,#8243,.F.);
#8245=CARTESIAN_POINT('',(352.483388378498380,1.110223E-015,0.0));
#8246=VERTEX_POINT('',#8245);
#8247=CARTESIAN_POINT('',(352.483388378498380,1.110223E-015,0.0));
#8248=DIRECTION('',(0.0,0.0,-1.0));
#8249=VECTOR('',#8248,10.0);
#8250=LINE('',#8247,#8249);
#8251=EDGE_CURVE('',#8246,#8238,#8250,.T.);
#8252=ORIENTED_EDGE('',*,*,#8251,.F.);
#8253=CARTESIAN_POINT('',(354.466611621501840,1.110223E-015,0.0));
#8254=DIRECTION('',(-1.0,0.0,0.0));
#8255=VECTOR('',#8254,1.983223243003465);
#8256=LINE('',#8253,#8255);
#8257=EDGE_CURVE('',#8228,#8246,#8256,.T.);
#8258=ORIENTED_EDGE('',*,*,#8257,.F.);
#8259=EDGE_LOOP('',(#8236,#8244,#8252,#8258));
#8260=FACE_OUTER_BOUND('',#8259,.T.);
#8261=ADVANCED_FACE('',(#8260),#8226,.T.);
#8262=CARTESIAN_POINT('',(371.335388378498350,1.110223E-015,0.0));
#8263=DIRECTION('',(0.0,1.0,0.0));
#8264=DIRECTION('',(0.0,0.0,1.0));
#8265=AXIS2_PLACEMENT_3D('',#8262,#8263,#8264);
#8266=PLANE('',#8265);
#8267=CARTESIAN_POINT('',(363.892611621501830,1.110223E-015,0.0));
#8268=VERTEX_POINT('',#8267);
#8269=CARTESIAN_POINT('',(363.892611621501830,1.110223E-015,-10.0));
#8270=VERTEX_POINT('',#8269);
#8271=CARTESIAN_POINT('',(363.892611621501830,1.110223E-015,0.0));
#8272=DIRECTION('',(0.0,0.0,-1.0));
#8273=VECTOR('',#8272,10.0);
#8274=LINE('',#8271,#8273);
#8275=EDGE_CURVE('',#8268,#8270,#8274,.T.);
#8276=ORIENTED_EDGE('',*,*,#8275,.T.);
#8277=CARTESIAN_POINT('',(361.909388378498360,1.110223E-015,-10.0));
#8278=VERTEX_POINT('',#8277);
#8279=CARTESIAN_POINT('',(361.909388378498360,1.110223E-015,-10.0));
#8280=DIRECTION('',(1.0,0.0,0.0));
#8281=VECTOR('',#8280,1.983223243003465);
#8282=LINE('',#8279,#8281);
#8283=EDGE_CURVE('',#8278,#8270,#8282,.T.);
#8284=ORIENTED_EDGE('',*,*,#8283,.F.);
#8285=CARTESIAN_POINT('',(361.909388378498360,1.110223E-015,0.0));
#8286=VERTEX_POINT('',#8285);
#8287=CARTESIAN_POINT('',(361.909388378498360,1.110223E-015,0.0));
#8288=DIRECTION('',(0.0,0.0,-1.0));
#8289=VECTOR('',#8288,10.0);
#8290=LINE('',#8287,#8289);
#8291=EDGE_CURVE('',#8286,#8278,#8290,.T.);
#8292=ORIENTED_EDGE('',*,*,#8291,.F.);
#8293=CARTESIAN_POINT('',(363.892611621501830,1.110223E-015,0.0));
#8294=DIRECTION('',(-1.0,0.0,0.0));
#8295=VECTOR('',#8294,1.983223243003465);
#8296=LINE('',#8293,#8295);
#8297=EDGE_CURVE('',#8268,#8286,#8296,.T.);
#8298=ORIENTED_EDGE('',*,*,#8297,.F.);
#8299=EDGE_LOOP('',(#8276,#8284,#8292,#8298));
#8300=FACE_OUTER_BOUND('',#8299,.T.);
#8301=ADVANCED_FACE('',(#8300),#8266,.T.);
#8302=CARTESIAN_POINT('',(-3.721388378498258,1.110223E-015,0.0));
#8303=DIRECTION('',(-1.0,0.0,0.0));
#8304=DIRECTION('',(0.0,0.0,1.0));
#8305=AXIS2_PLACEMENT_3D('',#8302,#8303,#8304);
#8306=PLANE('',#8305);
#8307=CARTESIAN_POINT('',(-3.721388378498258,1.110223E-015,-10.0));
#8308=VERTEX_POINT('',#8307);
#8309=CARTESIAN_POINT('',(-3.721388378498259,-10.000000000000069,-10.0));
#8310=DIRECTION('',(0.0,1.0,0.0));
#8311=VECTOR('',#8310,10.000000000000071);
#8312=LINE('',#8309,#8311);
#8313=EDGE_CURVE('',#6726,#8308,#8312,.T.);
#8314=ORIENTED_EDGE('',*,*,#8313,.F.);
#8315=ORIENTED_EDGE('',*,*,#6731,.F.);
#8316=CARTESIAN_POINT('',(-3.721388378498258,1.110223E-015,0.0));
#8317=VERTEX_POINT('',#8316);
#8318=CARTESIAN_POINT('',(-3.721388378498258,1.110223E-015,0.0));
#8319=DIRECTION('',(0.0,-1.0,0.0));
#8320=VECTOR('',#8319,10.000000000000071);
#8321=LINE('',#8318,#8320);
#8322=EDGE_CURVE('',#8317,#6718,#8321,.T.);
#8323=ORIENTED_EDGE('',*,*,#8322,.F.);
#8324=CARTESIAN_POINT('',(-3.721388378498258,1.110223E-015,0.0));
#8325=DIRECTION('',(0.0,0.0,-1.0));
#8326=VECTOR('',#8325,10.0);
#8327=LINE('',#8324,#8326);
#8328=EDGE_CURVE('',#8317,#8308,#8327,.T.);
#8329=ORIENTED_EDGE('',*,*,#8328,.T.);
#8330=EDGE_LOOP('',(#8314,#8315,#8323,#8329));
#8331=FACE_OUTER_BOUND('',#8330,.T.);
#8332=ADVANCED_FACE('',(#8331),#8306,.T.);
#8333=CARTESIAN_POINT('',(-3.721388378498259,-10.000000000000069,0.0));
#8334=DIRECTION('',(0.0,-1.0,0.0));
#8335=DIRECTION('',(0.0,0.0,-1.0));
#8336=AXIS2_PLACEMENT_3D('',#8333,#8334,#8335);
#8337=PLANE('',#8336);
#8338=ORIENTED_EDGE('',*,*,#6654,.T.);
#8339=EDGE_LOOP('',(#8338));
#8340=FACE_OUTER_BOUND('',#8339,.T.);
#8341=ADVANCED_FACE('',(#8340),#8337,.T.);
#8342=CARTESIAN_POINT('',(371.335388378498350,-9.999999999999975,0.0));
#8343=DIRECTION('',(1.0,0.0,0.0));
#8344=DIRECTION('',(0.0,0.0,-1.0));
#8345=AXIS2_PLACEMENT_3D('',#8342,#8343,#8344);
#8346=PLANE('',#8345);
#8347=CARTESIAN_POINT('',(371.335388378498350,1.110223E-015,-10.0));
#8348=VERTEX_POINT('',#8347);
#8349=CARTESIAN_POINT('',(371.335388378498350,1.110223E-015,-10.0));
#8350=DIRECTION('',(0.0,-1.0,0.0));
#8351=VECTOR('',#8350,9.999999999999977);
#8352=LINE('',#8349,#8351);
#8353=EDGE_CURVE('',#8348,#6540,#8352,.T.);
#8354=ORIENTED_EDGE('',*,*,#8353,.F.);
#8355=CARTESIAN_POINT('',(371.335388378498350,1.110223E-015,0.0));
#8356=VERTEX_POINT('',#8355);
#8357=CARTESIAN_POINT('',(371.335388378498350,1.110223E-015,0.0));
#8358=DIRECTION('',(0.0,0.0,-1.0));
#8359=VECTOR('',#8358,10.0);
#8360=LINE('',#8357,#8359);
#8361=EDGE_CURVE('',#8356,#8348,#8360,.T.);
#8362=ORIENTED_EDGE('',*,*,#8361,.F.);
#8363=CARTESIAN_POINT('',(371.335388378498350,-9.999999999999975,0.0));
#8364=DIRECTION('',(0.0,1.0,0.0));
#8365=VECTOR('',#8364,9.999999999999977);
#8366=LINE('',#8363,#8365);
#8367=EDGE_CURVE('',#6548,#8356,#8366,.T.);
#8368=ORIENTED_EDGE('',*,*,#8367,.F.);
#8369=ORIENTED_EDGE('',*,*,#6553,.T.);
#8370=EDGE_LOOP('',(#8354,#8362,#8368,#8369));
#8371=FACE_OUTER_BOUND('',#8370,.T.);
#8372=ADVANCED_FACE('',(#8371),#8346,.T.);
#8373=CARTESIAN_POINT('',(-1.271601E-032,6.750000000000000,0.0));
#8374=DIRECTION('',(0.0,1.0,0.0));
#8375=DIRECTION('',(0.0,0.0,1.0));
#8376=AXIS2_PLACEMENT_3D('',#8373,#8374,#8375);
#8377=PLANE('',#8376);
#8378=CARTESIAN_POINT('',(1.264589297201392,6.750000000000002,-10.0));
#8379=VERTEX_POINT('',#8378);
#8380=CARTESIAN_POINT('',(-1.264589297201392,6.750000000000002,-10.0));
#8381=VERTEX_POINT('',#8380);
#8382=CARTESIAN_POINT('',(1.264589297201392,6.750000000000002,-10.0));
#8383=DIRECTION('',(-1.0,0.0,0.0));
#8384=VECTOR('',#8383,2.529178594402783);
#8385=LINE('',#8382,#8384);
#8386=EDGE_CURVE('',#8379,#8381,#8385,.T.);
#8387=ORIENTED_EDGE('',*,*,#8386,.T.);
#8388=CARTESIAN_POINT('',(-1.264589297201392,6.750000000000002,0.0));
#8389=VERTEX_POINT('',#8388);
#8390=CARTESIAN_POINT('',(-1.264589297201392,6.750000000000002,0.0));
#8391=DIRECTION('',(0.0,0.0,-1.0));
#8392=VECTOR('',#8391,10.0);
#8393=LINE('',#8390,#8392);
#8394=EDGE_CURVE('',#8389,#8381,#8393,.T.);
#8395=ORIENTED_EDGE('',*,*,#8394,.F.);
#8396=CARTESIAN_POINT('',(1.264589297201392,6.750000000000002,0.0));
#8397=VERTEX_POINT('',#8396);
#8398=CARTESIAN_POINT('',(-1.264589297201392,6.750000000000002,0.0));
#8399=DIRECTION('',(1.0,0.0,0.0));
#8400=VECTOR('',#8399,2.529178594402783);
#8401=LINE('',#8398,#8400);
#8402=EDGE_CURVE('',#8389,#8397,#8401,.T.);
#8403=ORIENTED_EDGE('',*,*,#8402,.T.);
#8404=CARTESIAN_POINT('',(1.264589297201392,6.750000000000002,0.0));
#8405=DIRECTION('',(0.0,0.0,-1.0));
#8406=VECTOR('',#8405,10.0);
#8407=LINE('',#8404,#8406);
#8408=EDGE_CURVE('',#8397,#8379,#8407,.T.);
#8409=ORIENTED_EDGE('',*,*,#8408,.T.);
#8410=EDGE_LOOP('',(#8387,#8395,#8403,#8409));
#8411=FACE_OUTER_BOUND('',#8410,.T.);
#8412=ADVANCED_FACE('',(#8411),#8377,.T.);
#8413=CARTESIAN_POINT('',(-1.264589297201392,6.750000000000002,0.0));
#8414=DIRECTION('',(-0.939692620785908,0.342020143325669,0.0));
#8415=DIRECTION('',(0.0,0.0,1.0));
#8416=AXIS2_PLACEMENT_3D('',#8413,#8414,#8415);
#8417=PLANE('',#8416);
#8418=CARTESIAN_POINT('',(-1.264589297201392,6.750000000000002,-10.0));
#8419=DIRECTION('',(-0.342020143325669,-0.939692620785908,0.0));
#8420=VECTOR('',#8419,7.183199964212408);
#8421=LINE('',#8418,#8420);
#8422=EDGE_CURVE('',#8381,#8308,#8421,.T.);
#8423=ORIENTED_EDGE('',*,*,#8422,.T.);
#8424=ORIENTED_EDGE('',*,*,#8328,.F.);
#8425=CARTESIAN_POINT('',(-3.721388378498258,1.110223E-015,0.0));
#8426=DIRECTION('',(0.342020143325669,0.939692620785908,0.0));
#8427=VECTOR('',#8426,7.183199964212408);
#8428=LINE('',#8425,#8427);
#8429=EDGE_CURVE('',#8317,#8389,#8428,.T.);
#8430=ORIENTED_EDGE('',*,*,#8429,.T.);
#8431=ORIENTED_EDGE('',*,*,#8394,.T.);
#8432=EDGE_LOOP('',(#8423,#8424,#8430,#8431));
#8433=FACE_OUTER_BOUND('',#8432,.T.);
#8434=ADVANCED_FACE('',(#8433),#8417,.T.);
#8435=CARTESIAN_POINT('',(3.721388378498258,1.110223E-015,0.0));
#8436=DIRECTION('',(0.939692620785908,0.342020143325669,0.0));
#8437=DIRECTION('',(0.0,0.0,-1.0));
#8438=AXIS2_PLACEMENT_3D('',#8435,#8436,#8437);
#8439=PLANE('',#8438);
#8440=CARTESIAN_POINT('',(3.721388378498258,1.110223E-015,-10.0));
#8441=DIRECTION('',(-0.342020143325669,0.939692620785908,0.0));
#8442=VECTOR('',#8441,7.183199964212408);
#8443=LINE('',#8440,#8442);
#8444=EDGE_CURVE('',#6758,#8379,#8443,.T.);
#8445=ORIENTED_EDGE('',*,*,#8444,.T.);
#8446=ORIENTED_EDGE('',*,*,#8408,.F.);
#8447=CARTESIAN_POINT('',(1.264589297201392,6.750000000000002,0.0));
#8448=DIRECTION('',(0.342020143325669,-0.939692620785908,0.0));
#8449=VECTOR('',#8448,7.183199964212408);
#8450=LINE('',#8447,#8449);
#8451=EDGE_CURVE('',#8397,#6766,#8450,.T.);
#8452=ORIENTED_EDGE('',*,*,#8451,.T.);
#8453=ORIENTED_EDGE('',*,*,#6771,.T.);
#8454=EDGE_LOOP('',(#8445,#8446,#8452,#8453));
#8455=FACE_OUTER_BOUND('',#8454,.T.);
#8456=ADVANCED_FACE('',(#8455),#8439,.T.);
#8457=CARTESIAN_POINT('',(9.426000000000002,6.750000000000000,0.0));
#8458=DIRECTION('',(0.0,1.0,0.0));
#8459=DIRECTION('',(0.0,0.0,1.0));
#8460=AXIS2_PLACEMENT_3D('',#8457,#8458,#8459);
#8461=PLANE('',#8460);
#8462=CARTESIAN_POINT('',(10.690589297201393,6.750000000000002,-10.0));
#8463=VERTEX_POINT('',#8462);
#8464=CARTESIAN_POINT('',(8.161410702798611,6.750000000000002,-10.0));
#8465=VERTEX_POINT('',#8464);
#8466=CARTESIAN_POINT('',(10.690589297201393,6.750000000000002,-10.0));
#8467=DIRECTION('',(-1.0,0.0,0.0));
#8468=VECTOR('',#8467,2.529178594402783);
#8469=LINE('',#8466,#8468);
#8470=EDGE_CURVE('',#8463,#8465,#8469,.T.);
#8471=ORIENTED_EDGE('',*,*,#8470,.T.);
#8472=CARTESIAN_POINT('',(8.161410702798611,6.750000000000002,0.0));
#8473=VERTEX_POINT('',#8472);
#8474=CARTESIAN_POINT('',(8.161410702798611,6.750000000000002,0.0));
#8475=DIRECTION('',(0.0,0.0,-1.0));
#8476=VECTOR('',#8475,10.0);
#8477=LINE('',#8474,#8476);
#8478=EDGE_CURVE('',#8473,#8465,#8477,.T.);
#8479=ORIENTED_EDGE('',*,*,#8478,.F.);
#8480=CARTESIAN_POINT('',(10.690589297201393,6.750000000000002,0.0));
#8481=VERTEX_POINT('',#8480);
#8482=CARTESIAN_POINT('',(8.161410702798611,6.750000000000002,0.0));
#8483=DIRECTION('',(1.0,0.0,0.0));
#8484=VECTOR('',#8483,2.529178594402783);
#8485=LINE('',#8482,#8484);
#8486=EDGE_CURVE('',#8473,#8481,#8485,.T.);
#8487=ORIENTED_EDGE('',*,*,#8486,.T.);
#8488=CARTESIAN_POINT('',(10.690589297201393,6.750000000000002,0.0));
#8489=DIRECTION('',(0.0,0.0,-1.0));
#8490=VECTOR('',#8489,10.0);
#8491=LINE('',#8488,#8490);
#8492=EDGE_CURVE('',#8481,#8463,#8491,.T.);
#8493=ORIENTED_EDGE('',*,*,#8492,.T.);
#8494=EDGE_LOOP('',(#8471,#8479,#8487,#8493));
#8495=FACE_OUTER_BOUND('',#8494,.T.);
#8496=ADVANCED_FACE('',(#8495),#8461,.T.);
#8497=CARTESIAN_POINT('',(8.161410702798611,6.750000000000002,0.0));
#8498=DIRECTION('',(-0.939692620785908,0.342020143325669,0.0));
#8499=DIRECTION('',(0.0,0.0,1.0));
#8500=AXIS2_PLACEMENT_3D('',#8497,#8498,#8499);
#8501=PLANE('',#8500);
#8502=CARTESIAN_POINT('',(8.161410702798611,6.750000000000002,-10.0));
#8503=DIRECTION('',(-0.342020143325669,-0.939692620785908,0.0));
#8504=VECTOR('',#8503,7.183199964212408);
#8505=LINE('',#8502,#8504);
#8506=EDGE_CURVE('',#8465,#6750,#8505,.T.);
#8507=ORIENTED_EDGE('',*,*,#8506,.T.);
#8508=ORIENTED_EDGE('',*,*,#6755,.F.);
#8509=CARTESIAN_POINT('',(5.704611621501744,1.110223E-015,0.0));
#8510=DIRECTION('',(0.342020143325669,0.939692620785908,0.0));
#8511=VECTOR('',#8510,7.183199964212408);
#8512=LINE('',#8509,#8511);
#8513=EDGE_CURVE('',#6748,#8473,#8512,.T.);
#8514=ORIENTED_EDGE('',*,*,#8513,.T.);
#8515=ORIENTED_EDGE('',*,*,#8478,.T.);
#8516=EDGE_LOOP('',(#8507,#8508,#8514,#8515));
#8517=FACE_OUTER_BOUND('',#8516,.T.);
#8518=ADVANCED_FACE('',(#8517),#8501,.T.);
#8519=CARTESIAN_POINT('',(13.147388378498261,1.110223E-015,0.0));
#8520=DIRECTION('',(0.939692620785908,0.342020143325669,0.0));
#8521=DIRECTION('',(0.0,0.0,-1.0));
#8522=AXIS2_PLACEMENT_3D('',#8519,#8520,#8521);
#8523=PLANE('',#8522);
#8524=CARTESIAN_POINT('',(13.147388378498261,1.110223E-015,-10.0));
#8525=DIRECTION('',(-0.342020143325669,0.939692620785908,0.0));
#8526=VECTOR('',#8525,7.183199964212409);
#8527=LINE('',#8524,#8526);
#8528=EDGE_CURVE('',#6798,#8463,#8527,.T.);
#8529=ORIENTED_EDGE('',*,*,#8528,.T.);
#8530=ORIENTED_EDGE('',*,*,#8492,.F.);
#8531=CARTESIAN_POINT('',(10.690589297201393,6.750000000000002,0.0));
#8532=DIRECTION('',(0.342020143325669,-0.939692620785908,0.0));
#8533=VECTOR('',#8532,7.183199964212409);
#8534=LINE('',#8531,#8533);
#8535=EDGE_CURVE('',#8481,#6806,#8534,.T.);
#8536=ORIENTED_EDGE('',*,*,#8535,.T.);
#8537=ORIENTED_EDGE('',*,*,#6811,.T.);
#8538=EDGE_LOOP('',(#8529,#8530,#8536,#8537));
#8539=FACE_OUTER_BOUND('',#8538,.T.);
#8540=ADVANCED_FACE('',(#8539),#8523,.T.);
#8541=CARTESIAN_POINT('',(18.852000000000004,6.750000000000000,0.0));
#8542=DIRECTION('',(0.0,1.0,0.0));
#8543=DIRECTION('',(0.0,0.0,1.0));
#8544=AXIS2_PLACEMENT_3D('',#8541,#8542,#8543);
#8545=PLANE('',#8544);
#8546=CARTESIAN_POINT('',(20.116589297201397,6.750000000000002,-10.0));
#8547=VERTEX_POINT('',#8546);
#8548=CARTESIAN_POINT('',(17.587410702798611,6.750000000000002,-10.0));
#8549=VERTEX_POINT('',#8548);
#8550=CARTESIAN_POINT('',(20.116589297201397,6.750000000000002,-10.0));
#8551=DIRECTION('',(-1.0,0.0,0.0));
#8552=VECTOR('',#8551,2.529178594402787);
#8553=LINE('',#8550,#8552);
#8554=EDGE_CURVE('',#8547,#8549,#8553,.T.);
#8555=ORIENTED_EDGE('',*,*,#8554,.T.);
#8556=CARTESIAN_POINT('',(17.587410702798611,6.750000000000002,0.0));
#8557=VERTEX_POINT('',#8556);
#8558=CARTESIAN_POINT('',(17.587410702798611,6.750000000000002,0.0));
#8559=DIRECTION('',(0.0,0.0,-1.0));
#8560=VECTOR('',#8559,10.0);
#8561=LINE('',#8558,#8560);
#8562=EDGE_CURVE('',#8557,#8549,#8561,.T.);
#8563=ORIENTED_EDGE('',*,*,#8562,.F.);
#8564=CARTESIAN_POINT('',(20.116589297201397,6.750000000000002,0.0));
#8565=VERTEX_POINT('',#8564);
#8566=CARTESIAN_POINT('',(17.587410702798611,6.750000000000002,0.0));
#8567=DIRECTION('',(1.0,0.0,0.0));
#8568=VECTOR('',#8567,2.529178594402787);
#8569=LINE('',#8566,#8568);
#8570=EDGE_CURVE('',#8557,#8565,#8569,.T.);
#8571=ORIENTED_EDGE('',*,*,#8570,.T.);
#8572=CARTESIAN_POINT('',(20.116589297201397,6.750000000000002,0.0));
#8573=DIRECTION('',(0.0,0.0,-1.0));
#8574=VECTOR('',#8573,10.0);
#8575=LINE('',#8572,#8574);
#8576=EDGE_CURVE('',#8565,#8547,#8575,.T.);
#8577=ORIENTED_EDGE('',*,*,#8576,.T.);
#8578=EDGE_LOOP('',(#8555,#8563,#8571,#8577));
#8579=FACE_OUTER_BOUND('',#8578,.T.);
#8580=ADVANCED_FACE('',(#8579),#8545,.T.);
#8581=CARTESIAN_POINT('',(17.587410702798611,6.750000000000002,0.0));
#8582=DIRECTION('',(-0.939692620785908,0.342020143325669,0.0));
#8583=DIRECTION('',(0.0,0.0,1.0));
#8584=AXIS2_PLACEMENT_3D('',#8581,#8582,#8583);
#8585=PLANE('',#8584);
#8586=CARTESIAN_POINT('',(17.587410702798611,6.750000000000002,-10.0));
#8587=DIRECTION('',(-0.342020143325668,-0.939692620785908,0.0));
#8588=VECTOR('',#8587,7.183199964212408);
#8589=LINE('',#8586,#8588);
#8590=EDGE_CURVE('',#8549,#6790,#8589,.T.);
#8591=ORIENTED_EDGE('',*,*,#8590,.T.);
#8592=ORIENTED_EDGE('',*,*,#6795,.F.);
#8593=CARTESIAN_POINT('',(15.130611621501746,1.110223E-015,0.0));
#8594=DIRECTION('',(0.342020143325668,0.939692620785908,0.0));
#8595=VECTOR('',#8594,7.183199964212408);
#8596=LINE('',#8593,#8595);
#8597=EDGE_CURVE('',#6788,#8557,#8596,.T.);
#8598=ORIENTED_EDGE('',*,*,#8597,.T.);
#8599=ORIENTED_EDGE('',*,*,#8562,.T.);
#8600=EDGE_LOOP('',(#8591,#8592,#8598,#8599));
#8601=FACE_OUTER_BOUND('',#8600,.T.);
#8602=ADVANCED_FACE('',(#8601),#8585,.T.);
#8603=CARTESIAN_POINT('',(22.573388378498262,1.110223E-015,0.0));
#8604=DIRECTION('',(0.939692620785908,0.342020143325669,0.0));
#8605=DIRECTION('',(0.0,0.0,-1.0));
#8606=AXIS2_PLACEMENT_3D('',#8603,#8604,#8605);
#8607=PLANE('',#8606);
#8608=CARTESIAN_POINT('',(22.573388378498262,1.110223E-015,-10.0));
#8609=DIRECTION('',(-0.342020143325668,0.939692620785908,0.0));
#8610=VECTOR('',#8609,7.183199964212408);
#8611=LINE('',#8608,#8610);
#8612=EDGE_CURVE('',#6838,#8547,#8611,.T.);
#8613=ORIENTED_EDGE('',*,*,#8612,.T.);
#8614=ORIENTED_EDGE('',*,*,#8576,.F.);
#8615=CARTESIAN_POINT('',(20.116589297201397,6.750000000000002,0.0));
#8616=DIRECTION('',(0.342020143325668,-0.939692620785908,0.0));
#8617=VECTOR('',#8616,7.183199964212408);
#8618=LINE('',#8615,#8617);
#8619=EDGE_CURVE('',#8565,#6846,#8618,.T.);
#8620=ORIENTED_EDGE('',*,*,#8619,.T.);
#8621=ORIENTED_EDGE('',*,*,#6851,.T.);
#8622=EDGE_LOOP('',(#8613,#8614,#8620,#8621));
#8623=FACE_OUTER_BOUND('',#8622,.T.);
#8624=ADVANCED_FACE('',(#8623),#8607,.T.);
#8625=CARTESIAN_POINT('',(28.278000000000006,6.750000000000000,0.0));
#8626=DIRECTION('',(0.0,1.0,0.0));
#8627=DIRECTION('',(0.0,0.0,1.0));
#8628=AXIS2_PLACEMENT_3D('',#8625,#8626,#8627);
#8629=PLANE('',#8628);
#8630=CARTESIAN_POINT('',(29.542589297201399,6.750000000000002,-10.0));
#8631=VERTEX_POINT('',#8630);
#8632=CARTESIAN_POINT('',(27.013410702798616,6.750000000000002,-10.0));
#8633=VERTEX_POINT('',#8632);
#8634=CARTESIAN_POINT('',(29.542589297201399,6.750000000000002,-10.0));
#8635=DIRECTION('',(-1.0,0.0,0.0));
#8636=VECTOR('',#8635,2.529178594402783);
#8637=LINE('',#8634,#8636);
#8638=EDGE_CURVE('',#8631,#8633,#8637,.T.);
#8639=ORIENTED_EDGE('',*,*,#8638,.T.);
#8640=CARTESIAN_POINT('',(27.013410702798616,6.750000000000002,0.0));
#8641=VERTEX_POINT('',#8640);
#8642=CARTESIAN_POINT('',(27.013410702798616,6.750000000000002,0.0));
#8643=DIRECTION('',(0.0,0.0,-1.0));
#8644=VECTOR('',#8643,10.0);
#8645=LINE('',#8642,#8644);
#8646=EDGE_CURVE('',#8641,#8633,#8645,.T.);
#8647=ORIENTED_EDGE('',*,*,#8646,.F.);
#8648=CARTESIAN_POINT('',(29.542589297201399,6.750000000000002,0.0));
#8649=VERTEX_POINT('',#8648);
#8650=CARTESIAN_POINT('',(27.013410702798616,6.750000000000002,0.0));
#8651=DIRECTION('',(1.0,0.0,0.0));
#8652=VECTOR('',#8651,2.529178594402783);
#8653=LINE('',#8650,#8652);
#8654=EDGE_CURVE('',#8641,#8649,#8653,.T.);
#8655=ORIENTED_EDGE('',*,*,#8654,.T.);
#8656=CARTESIAN_POINT('',(29.542589297201399,6.750000000000002,0.0));
#8657=DIRECTION('',(0.0,0.0,-1.0));
#8658=VECTOR('',#8657,10.0);
#8659=LINE('',#8656,#8658);
#8660=EDGE_CURVE('',#8649,#8631,#8659,.T.);
#8661=ORIENTED_EDGE('',*,*,#8660,.T.);
#8662=EDGE_LOOP('',(#8639,#8647,#8655,#8661));
#8663=FACE_OUTER_BOUND('',#8662,.T.);
#8664=ADVANCED_FACE('',(#8663),#8629,.T.);
#8665=CARTESIAN_POINT('',(27.013410702798616,6.750000000000002,0.0));
#8666=DIRECTION('',(-0.939692620785908,0.342020143325669,0.0));
#8667=DIRECTION('',(0.0,0.0,1.0));
#8668=AXIS2_PLACEMENT_3D('',#8665,#8666,#8667);
#8669=PLANE('',#8668);
#8670=CARTESIAN_POINT('',(27.013410702798616,6.750000000000002,-10.0));
#8671=DIRECTION('',(-0.342020143325668,-0.939692620785908,0.0));
#8672=VECTOR('',#8671,7.183199964212408);
#8673=LINE('',#8670,#8672);
#8674=EDGE_CURVE('',#8633,#6830,#8673,.T.);
#8675=ORIENTED_EDGE('',*,*,#8674,.T.);
#8676=ORIENTED_EDGE('',*,*,#6835,.F.);
#8677=CARTESIAN_POINT('',(24.556611621501752,1.110223E-015,0.0));
#8678=DIRECTION('',(0.342020143325668,0.939692620785908,0.0));
#8679=VECTOR('',#8678,7.183199964212408);
#8680=LINE('',#8677,#8679);
#8681=EDGE_CURVE('',#6828,#8641,#8680,.T.);
#8682=ORIENTED_EDGE('',*,*,#8681,.T.);
#8683=ORIENTED_EDGE('',*,*,#8646,.T.);
#8684=EDGE_LOOP('',(#8675,#8676,#8682,#8683));
#8685=FACE_OUTER_BOUND('',#8684,.T.);
#8686=ADVANCED_FACE('',(#8685),#8669,.T.);
#8687=CARTESIAN_POINT('',(31.999388378498267,1.110223E-015,0.0));
#8688=DIRECTION('',(0.939692620785908,0.342020143325669,0.0));
#8689=DIRECTION('',(0.0,0.0,-1.0));
#8690=AXIS2_PLACEMENT_3D('',#8687,#8688,#8689);
#8691=PLANE('',#8690);
#8692=CARTESIAN_POINT('',(31.999388378498267,1.110223E-015,-10.0));
#8693=DIRECTION('',(-0.342020143325669,0.939692620785908,0.0));
#8694=VECTOR('',#8693,7.183199964212409);
#8695=LINE('',#8692,#8694);
#8696=EDGE_CURVE('',#6878,#8631,#8695,.T.);
#8697=ORIENTED_EDGE('',*,*,#8696,.T.);
#8698=ORIENTED_EDGE('',*,*,#8660,.F.);
#8699=CARTESIAN_POINT('',(29.542589297201399,6.750000000000002,0.0));
#8700=DIRECTION('',(0.342020143325669,-0.939692620785908,0.0));
#8701=VECTOR('',#8700,7.183199964212409);
#8702=LINE('',#8699,#8701);
#8703=EDGE_CURVE('',#8649,#6886,#8702,.T.);
#8704=ORIENTED_EDGE('',*,*,#8703,.T.);
#8705=ORIENTED_EDGE('',*,*,#6891,.T.);
#8706=EDGE_LOOP('',(#8697,#8698,#8704,#8705));
#8707=FACE_OUTER_BOUND('',#8706,.T.);
#8708=ADVANCED_FACE('',(#8707),#8691,.T.);
#8709=CARTESIAN_POINT('',(37.704000000000008,6.750000000000000,0.0));
#8710=DIRECTION('',(0.0,1.0,0.0));
#8711=DIRECTION('',(0.0,0.0,1.0));
#8712=AXIS2_PLACEMENT_3D('',#8709,#8710,#8711);
#8713=PLANE('',#8712);
#8714=CARTESIAN_POINT('',(38.968589297201397,6.750000000000002,-10.0));
#8715=VERTEX_POINT('',#8714);
#8716=CARTESIAN_POINT('',(36.439410702798618,6.750000000000002,-10.0));
#8717=VERTEX_POINT('',#8716);
#8718=CARTESIAN_POINT('',(38.968589297201397,6.750000000000002,-10.0));
#8719=DIRECTION('',(-1.0,0.0,0.0));
#8720=VECTOR('',#8719,2.529178594402779);
#8721=LINE('',#8718,#8720);
#8722=EDGE_CURVE('',#8715,#8717,#8721,.T.);
#8723=ORIENTED_EDGE('',*,*,#8722,.T.);
#8724=CARTESIAN_POINT('',(36.439410702798618,6.750000000000002,0.0));
#8725=VERTEX_POINT('',#8724);
#8726=CARTESIAN_POINT('',(36.439410702798618,6.750000000000002,0.0));
#8727=DIRECTION('',(0.0,0.0,-1.0));
#8728=VECTOR('',#8727,10.0);
#8729=LINE('',#8726,#8728);
#8730=EDGE_CURVE('',#8725,#8717,#8729,.T.);
#8731=ORIENTED_EDGE('',*,*,#8730,.F.);
#8732=CARTESIAN_POINT('',(38.968589297201397,6.750000000000002,0.0));
#8733=VERTEX_POINT('',#8732);
#8734=CARTESIAN_POINT('',(36.439410702798618,6.750000000000002,0.0));
#8735=DIRECTION('',(1.0,0.0,0.0));
#8736=VECTOR('',#8735,2.529178594402779);
#8737=LINE('',#8734,#8736);
#8738=EDGE_CURVE('',#8725,#8733,#8737,.T.);
#8739=ORIENTED_EDGE('',*,*,#8738,.T.);
#8740=CARTESIAN_POINT('',(38.968589297201397,6.750000000000002,0.0));
#8741=DIRECTION('',(0.0,0.0,-1.0));
#8742=VECTOR('',#8741,10.0);
#8743=LINE('',#8740,#8742);
#8744=EDGE_CURVE('',#8733,#8715,#8743,.T.);
#8745=ORIENTED_EDGE('',*,*,#8744,.T.);
#8746=EDGE_LOOP('',(#8723,#8731,#8739,#8745));
#8747=FACE_OUTER_BOUND('',#8746,.T.);
#8748=ADVANCED_FACE('',(#8747),#8713,.T.);
#8749=CARTESIAN_POINT('',(36.439410702798618,6.750000000000002,0.0));
#8750=DIRECTION('',(-0.939692620785908,0.342020143325669,0.0));
#8751=DIRECTION('',(0.0,0.0,1.0));
#8752=AXIS2_PLACEMENT_3D('',#8749,#8750,#8751);
#8753=PLANE('',#8752);
#8754=CARTESIAN_POINT('',(36.439410702798618,6.750000000000002,-10.0));
#8755=DIRECTION('',(-0.342020143325668,-0.939692620785908,0.0));
#8756=VECTOR('',#8755,7.183199964212408);
#8757=LINE('',#8754,#8756);
#8758=EDGE_CURVE('',#8717,#6870,#8757,.T.);
#8759=ORIENTED_EDGE('',*,*,#8758,.T.);
#8760=ORIENTED_EDGE('',*,*,#6875,.F.);
#8761=CARTESIAN_POINT('',(33.982611621501754,1.110223E-015,0.0));
#8762=DIRECTION('',(0.342020143325668,0.939692620785908,0.0));
#8763=VECTOR('',#8762,7.183199964212408);
#8764=LINE('',#8761,#8763);
#8765=EDGE_CURVE('',#6868,#8725,#8764,.T.);
#8766=ORIENTED_EDGE('',*,*,#8765,.T.);
#8767=ORIENTED_EDGE('',*,*,#8730,.T.);
#8768=EDGE_LOOP('',(#8759,#8760,#8766,#8767));
#8769=FACE_OUTER_BOUND('',#8768,.T.);
#8770=ADVANCED_FACE('',(#8769),#8753,.T.);
#8771=CARTESIAN_POINT('',(41.425388378498269,1.110223E-015,0.0));
#8772=DIRECTION('',(0.939692620785908,0.342020143325669,0.0));
#8773=DIRECTION('',(0.0,0.0,-1.0));
#8774=AXIS2_PLACEMENT_3D('',#8771,#8772,#8773);
#8775=PLANE('',#8774);
#8776=CARTESIAN_POINT('',(41.425388378498269,1.110223E-015,-10.0));
#8777=DIRECTION('',(-0.342020143325669,0.939692620785908,0.0));
#8778=VECTOR('',#8777,7.183199964212410);
#8779=LINE('',#8776,#8778);
#8780=EDGE_CURVE('',#6918,#8715,#8779,.T.);
#8781=ORIENTED_EDGE('',*,*,#8780,.T.);
#8782=ORIENTED_EDGE('',*,*,#8744,.F.);
#8783=CARTESIAN_POINT('',(38.968589297201397,6.750000000000002,0.0));
#8784=DIRECTION('',(0.342020143325669,-0.939692620785908,0.0));
#8785=VECTOR('',#8784,7.183199964212410);
#8786=LINE('',#8783,#8785);
#8787=EDGE_CURVE('',#8733,#6926,#8786,.T.);
#8788=ORIENTED_EDGE('',*,*,#8787,.T.);
#8789=ORIENTED_EDGE('',*,*,#6931,.T.);
#8790=EDGE_LOOP('',(#8781,#8782,#8788,#8789));
#8791=FACE_OUTER_BOUND('',#8790,.T.);
#8792=ADVANCED_FACE('',(#8791),#8775,.T.);
#8793=CARTESIAN_POINT('',(47.130000000000010,6.750000000000000,0.0));
#8794=DIRECTION('',(0.0,1.0,0.0));
#8795=DIRECTION('',(0.0,0.0,1.0));
#8796=AXIS2_PLACEMENT_3D('',#8793,#8794,#8795);
#8797=PLANE('',#8796);
#8798=CARTESIAN_POINT('',(48.394589297201406,6.750000000000002,-10.0));
#8799=VERTEX_POINT('',#8798);
#8800=CARTESIAN_POINT('',(45.865410702798627,6.750000000000002,-10.0));
#8801=VERTEX_POINT('',#8800);
#8802=CARTESIAN_POINT('',(48.394589297201406,6.750000000000002,-10.0));
#8803=DIRECTION('',(-1.0,0.0,0.0));
#8804=VECTOR('',#8803,2.529178594402779);
#8805=LINE('',#8802,#8804);
#8806=EDGE_CURVE('',#8799,#8801,#8805,.T.);
#8807=ORIENTED_EDGE('',*,*,#8806,.T.);
#8808=CARTESIAN_POINT('',(45.865410702798627,6.750000000000002,0.0));
#8809=VERTEX_POINT('',#8808);
#8810=CARTESIAN_POINT('',(45.865410702798627,6.750000000000002,0.0));
#8811=DIRECTION('',(0.0,0.0,-1.0));
#8812=VECTOR('',#8811,10.0);
#8813=LINE('',#8810,#8812);
#8814=EDGE_CURVE('',#8809,#8801,#8813,.T.);
#8815=ORIENTED_EDGE('',*,*,#8814,.F.);
#8816=CARTESIAN_POINT('',(48.394589297201406,6.750000000000002,0.0));
#8817=VERTEX_POINT('',#8816);
#8818=CARTESIAN_POINT('',(45.865410702798627,6.750000000000002,0.0));
#8819=DIRECTION('',(1.0,0.0,0.0));
#8820=VECTOR('',#8819,2.529178594402779);
#8821=LINE('',#8818,#8820);
#8822=EDGE_CURVE('',#8809,#8817,#8821,.T.);
#8823=ORIENTED_EDGE('',*,*,#8822,.T.);
#8824=CARTESIAN_POINT('',(48.394589297201406,6.750000000000002,0.0));
#8825=DIRECTION('',(0.0,0.0,-1.0));
#8826=VECTOR('',#8825,10.0);
#8827=LINE('',#8824,#8826);
#8828=EDGE_CURVE('',#8817,#8799,#8827,.T.);
#8829=ORIENTED_EDGE('',*,*,#8828,.T.);
#8830=EDGE_LOOP('',(#8807,#8815,#8823,#8829));
#8831=FACE_OUTER_BOUND('',#8830,.T.);
#8832=ADVANCED_FACE('',(#8831),#8797,.T.);
#8833=CARTESIAN_POINT('',(45.865410702798627,6.750000000000002,0.0));
#8834=DIRECTION('',(-0.939692620785908,0.342020143325669,0.0));
#8835=DIRECTION('',(0.0,0.0,1.0));
#8836=AXIS2_PLACEMENT_3D('',#8833,#8834,#8835);
#8837=PLANE('',#8836);
#8838=CARTESIAN_POINT('',(45.865410702798627,6.750000000000002,-10.0));
#8839=DIRECTION('',(-0.342020143325669,-0.939692620785908,0.0));
#8840=VECTOR('',#8839,7.183199964212410);
#8841=LINE('',#8838,#8840);
#8842=EDGE_CURVE('',#8801,#6910,#8841,.T.);
#8843=ORIENTED_EDGE('',*,*,#8842,.T.);
#8844=ORIENTED_EDGE('',*,*,#6915,.F.);
#8845=CARTESIAN_POINT('',(43.408611621501755,1.110223E-015,0.0));
#8846=DIRECTION('',(0.342020143325669,0.939692620785908,0.0));
#8847=VECTOR('',#8846,7.183199964212410);
#8848=LINE('',#8845,#8847);
#8849=EDGE_CURVE('',#6908,#8809,#8848,.T.);
#8850=ORIENTED_EDGE('',*,*,#8849,.T.);
#8851=ORIENTED_EDGE('',*,*,#8814,.T.);
#8852=EDGE_LOOP('',(#8843,#8844,#8850,#8851));
#8853=FACE_OUTER_BOUND('',#8852,.T.);
#8854=ADVANCED_FACE('',(#8853),#8837,.T.);
#8855=CARTESIAN_POINT('',(50.851388378498271,1.110223E-015,0.0));
#8856=DIRECTION('',(0.939692620785908,0.342020143325669,0.0));
#8857=DIRECTION('',(0.0,0.0,-1.0));
#8858=AXIS2_PLACEMENT_3D('',#8855,#8856,#8857);
#8859=PLANE('',#8858);
#8860=CARTESIAN_POINT('',(50.851388378498271,1.110223E-015,-10.0));
#8861=DIRECTION('',(-0.342020143325668,0.939692620785908,0.0));
#8862=VECTOR('',#8861,7.183199964212408);
#8863=LINE('',#8860,#8862);
#8864=EDGE_CURVE('',#6958,#8799,#8863,.T.);
#8865=ORIENTED_EDGE('',*,*,#8864,.T.);
#8866=ORIENTED_EDGE('',*,*,#8828,.F.);
#8867=CARTESIAN_POINT('',(48.394589297201406,6.750000000000002,0.0));
#8868=DIRECTION('',(0.342020143325668,-0.939692620785908,0.0));
#8869=VECTOR('',#8868,7.183199964212408);
#8870=LINE('',#8867,#8869);
#8871=EDGE_CURVE('',#8817,#6966,#8870,.T.);
#8872=ORIENTED_EDGE('',*,*,#8871,.T.);
#8873=ORIENTED_EDGE('',*,*,#6971,.T.);
#8874=EDGE_LOOP('',(#8865,#8866,#8872,#8873));
#8875=FACE_OUTER_BOUND('',#8874,.T.);
#8876=ADVANCED_FACE('',(#8875),#8859,.T.);
#8877=CARTESIAN_POINT('',(56.556000000000012,6.750000000000000,0.0));
#8878=DIRECTION('',(0.0,1.0,0.0));
#8879=DIRECTION('',(0.0,0.0,1.0));
#8880=AXIS2_PLACEMENT_3D('',#8877,#8878,#8879);
#8881=PLANE('',#8880);
#8882=CARTESIAN_POINT('',(57.820589297201408,6.750000000000002,-10.0));
#8883=VERTEX_POINT('',#8882);
#8884=CARTESIAN_POINT('',(55.291410702798622,6.750000000000002,-10.0));
#8885=VERTEX_POINT('',#8884);
#8886=CARTESIAN_POINT('',(57.820589297201408,6.750000000000002,-10.0));
#8887=DIRECTION('',(-1.0,0.0,0.0));
#8888=VECTOR('',#8887,2.529178594402787);
#8889=LINE('',#8886,#8888);
#8890=EDGE_CURVE('',#8883,#8885,#8889,.T.);
#8891=ORIENTED_EDGE('',*,*,#8890,.T.);
#8892=CARTESIAN_POINT('',(55.291410702798622,6.750000000000002,0.0));
#8893=VERTEX_POINT('',#8892);
#8894=CARTESIAN_POINT('',(55.291410702798622,6.750000000000002,0.0));
#8895=DIRECTION('',(0.0,0.0,-1.0));
#8896=VECTOR('',#8895,10.0);
#8897=LINE('',#8894,#8896);
#8898=EDGE_CURVE('',#8893,#8885,#8897,.T.);
#8899=ORIENTED_EDGE('',*,*,#8898,.F.);
#8900=CARTESIAN_POINT('',(57.820589297201408,6.750000000000002,0.0));
#8901=VERTEX_POINT('',#8900);
#8902=CARTESIAN_POINT('',(55.291410702798622,6.750000000000002,0.0));
#8903=DIRECTION('',(1.0,0.0,0.0));
#8904=VECTOR('',#8903,2.529178594402787);
#8905=LINE('',#8902,#8904);
#8906=EDGE_CURVE('',#8893,#8901,#8905,.T.);
#8907=ORIENTED_EDGE('',*,*,#8906,.T.);
#8908=CARTESIAN_POINT('',(57.820589297201408,6.750000000000002,0.0));
#8909=DIRECTION('',(0.0,0.0,-1.0));
#8910=VECTOR('',#8909,10.0);
#8911=LINE('',#8908,#8910);
#8912=EDGE_CURVE('',#8901,#8883,#8911,.T.);
#8913=ORIENTED_EDGE('',*,*,#8912,.T.);
#8914=EDGE_LOOP('',(#8891,#8899,#8907,#8913));
#8915=FACE_OUTER_BOUND('',#8914,.T.);
#8916=ADVANCED_FACE('',(#8915),#8881,.T.);
#8917=CARTESIAN_POINT('',(55.291410702798622,6.750000000000002,0.0));
#8918=DIRECTION('',(-0.939692620785908,0.342020143325669,0.0));
#8919=DIRECTION('',(0.0,0.0,1.0));
#8920=AXIS2_PLACEMENT_3D('',#8917,#8918,#8919);
#8921=PLANE('',#8920);
#8922=CARTESIAN_POINT('',(55.291410702798622,6.750000000000002,-10.0));
#8923=DIRECTION('',(-0.342020143325668,-0.939692620785908,0.0));
#8924=VECTOR('',#8923,7.183199964212408);
#8925=LINE('',#8922,#8924);
#8926=EDGE_CURVE('',#8885,#6950,#8925,.T.);
#8927=ORIENTED_EDGE('',*,*,#8926,.T.);
#8928=ORIENTED_EDGE('',*,*,#6955,.F.);
#8929=CARTESIAN_POINT('',(52.834611621501757,1.110223E-015,0.0));
#8930=DIRECTION('',(0.342020143325668,0.939692620785908,0.0));
#8931=VECTOR('',#8930,7.183199964212408);
#8932=LINE('',#8929,#8931);
#8933=EDGE_CURVE('',#6948,#8893,#8932,.T.);
#8934=ORIENTED_EDGE('',*,*,#8933,.T.);
#8935=ORIENTED_EDGE('',*,*,#8898,.T.);
#8936=EDGE_LOOP('',(#8927,#8928,#8934,#8935));
#8937=FACE_OUTER_BOUND('',#8936,.T.);
#8938=ADVANCED_FACE('',(#8937),#8921,.T.);
#8939=CARTESIAN_POINT('',(60.277388378498273,1.110223E-015,0.0));
#8940=DIRECTION('',(0.939692620785908,0.342020143325669,0.0));
#8941=DIRECTION('',(0.0,0.0,-1.0));
#8942=AXIS2_PLACEMENT_3D('',#8939,#8940,#8941);
#8943=PLANE('',#8942);
#8944=CARTESIAN_POINT('',(60.277388378498273,1.110223E-015,-10.0));
#8945=DIRECTION('',(-0.342020143325668,0.939692620785908,0.0));
#8946=VECTOR('',#8945,7.183199964212408);
#8947=LINE('',#8944,#8946);
#8948=EDGE_CURVE('',#6998,#8883,#8947,.T.);
#8949=ORIENTED_EDGE('',*,*,#8948,.T.);
#8950=ORIENTED_EDGE('',*,*,#8912,.F.);
#8951=CARTESIAN_POINT('',(57.820589297201408,6.750000000000002,0.0));
#8952=DIRECTION('',(0.342020143325668,-0.939692620785908,0.0));
#8953=VECTOR('',#8952,7.183199964212408);
#8954=LINE('',#8951,#8953);
#8955=EDGE_CURVE('',#8901,#7006,#8954,.T.);
#8956=ORIENTED_EDGE('',*,*,#8955,.T.);
#8957=ORIENTED_EDGE('',*,*,#7011,.T.);
#8958=EDGE_LOOP('',(#8949,#8950,#8956,#8957));
#8959=FACE_OUTER_BOUND('',#8958,.T.);
#8960=ADVANCED_FACE('',(#8959),#8943,.T.);
#8961=CARTESIAN_POINT('',(65.982000000000014,6.750000000000000,0.0));
#8962=DIRECTION('',(0.0,1.0,0.0));
#8963=DIRECTION('',(0.0,0.0,1.0));
#8964=AXIS2_PLACEMENT_3D('',#8961,#8962,#8963);
#8965=PLANE('',#8964);
#8966=CARTESIAN_POINT('',(67.246589297201410,6.750000000000002,-10.0));
#8967=VERTEX_POINT('',#8966);
#8968=CARTESIAN_POINT('',(64.717410702798617,6.750000000000002,-10.0));
#8969=VERTEX_POINT('',#8968);
#8970=CARTESIAN_POINT('',(67.246589297201410,6.750000000000002,-10.0));
#8971=DIRECTION('',(-1.0,0.0,0.0));
#8972=VECTOR('',#8971,2.529178594402794);
#8973=LINE('',#8970,#8972);
#8974=EDGE_CURVE('',#8967,#8969,#8973,.T.);
#8975=ORIENTED_EDGE('',*,*,#8974,.T.);
#8976=CARTESIAN_POINT('',(64.717410702798617,6.750000000000002,0.0));
#8977=VERTEX_POINT('',#8976);
#8978=CARTESIAN_POINT('',(64.717410702798617,6.750000000000002,0.0));
#8979=DIRECTION('',(0.0,0.0,-1.0));
#8980=VECTOR('',#8979,10.0);
#8981=LINE('',#8978,#8980);
#8982=EDGE_CURVE('',#8977,#8969,#8981,.T.);
#8983=ORIENTED_EDGE('',*,*,#8982,.F.);
#8984=CARTESIAN_POINT('',(67.246589297201410,6.750000000000002,0.0));
#8985=VERTEX_POINT('',#8984);
#8986=CARTESIAN_POINT('',(64.717410702798617,6.750000000000002,0.0));
#8987=DIRECTION('',(1.0,0.0,0.0));
#8988=VECTOR('',#8987,2.529178594402794);
#8989=LINE('',#8986,#8988);
#8990=EDGE_CURVE('',#8977,#8985,#8989,.T.);
#8991=ORIENTED_EDGE('',*,*,#8990,.T.);
#8992=CARTESIAN_POINT('',(67.246589297201410,6.750000000000002,0.0));
#8993=DIRECTION('',(0.0,0.0,-1.0));
#8994=VECTOR('',#8993,10.0);
#8995=LINE('',#8992,#8994);
#8996=EDGE_CURVE('',#8985,#8967,#8995,.T.);
#8997=ORIENTED_EDGE('',*,*,#8996,.T.);
#8998=EDGE_LOOP('',(#8975,#8983,#8991,#8997));
#8999=FACE_OUTER_BOUND('',#8998,.T.);
#9000=ADVANCED_FACE('',(#8999),#8965,.T.);
#9001=CARTESIAN_POINT('',(64.717410702798617,6.750000000000002,0.0));
#9002=DIRECTION('',(-0.939692620785908,0.342020143325669,0.0));
#9003=DIRECTION('',(0.0,0.0,1.0));
#9004=AXIS2_PLACEMENT_3D('',#9001,#9002,#9003);
#9005=PLANE('',#9004);
#9006=CARTESIAN_POINT('',(64.717410702798617,6.750000000000002,-10.0));
#9007=DIRECTION('',(-0.342020143325668,-0.939692620785908,0.0));
#9008=VECTOR('',#9007,7.183199964212408);
#9009=LINE('',#9006,#9008);
#9010=EDGE_CURVE('',#8969,#6990,#9009,.T.);
#9011=ORIENTED_EDGE('',*,*,#9010,.T.);
#9012=ORIENTED_EDGE('',*,*,#6995,.F.);
#9013=CARTESIAN_POINT('',(62.260611621501752,1.110223E-015,0.0));
#9014=DIRECTION('',(0.342020143325668,0.939692620785908,0.0));
#9015=VECTOR('',#9014,7.183199964212408);
#9016=LINE('',#9013,#9015);
#9017=EDGE_CURVE('',#6988,#8977,#9016,.T.);
#9018=ORIENTED_EDGE('',*,*,#9017,.T.);
#9019=ORIENTED_EDGE('',*,*,#8982,.T.);
#9020=EDGE_LOOP('',(#9011,#9012,#9018,#9019));
#9021=FACE_OUTER_BOUND('',#9020,.T.);
#9022=ADVANCED_FACE('',(#9021),#9005,.T.);
#9023=CARTESIAN_POINT('',(69.703388378498261,1.110223E-015,0.0));
#9024=DIRECTION('',(0.939692620785908,0.342020143325669,0.0));
#9025=DIRECTION('',(0.0,0.0,-1.0));
#9026=AXIS2_PLACEMENT_3D('',#9023,#9024,#9025);
#9027=PLANE('',#9026);
#9028=CARTESIAN_POINT('',(69.703388378498261,1.110223E-015,-10.0));
#9029=DIRECTION('',(-0.342020143325667,0.939692620785909,0.0));
#9030=VECTOR('',#9029,7.183199964212403);
#9031=LINE('',#9028,#9030);
#9032=EDGE_CURVE('',#7038,#8967,#9031,.T.);
#9033=ORIENTED_EDGE('',*,*,#9032,.T.);
#9034=ORIENTED_EDGE('',*,*,#8996,.F.);
#9035=CARTESIAN_POINT('',(67.246589297201410,6.750000000000002,0.0));
#9036=DIRECTION('',(0.342020143325667,-0.939692620785909,0.0));
#9037=VECTOR('',#9036,7.183199964212403);
#9038=LINE('',#9035,#9037);
#9039=EDGE_CURVE('',#8985,#7046,#9038,.T.);
#9040=ORIENTED_EDGE('',*,*,#9039,.T.);
#9041=ORIENTED_EDGE('',*,*,#7051,.T.);
#9042=EDGE_LOOP('',(#9033,#9034,#9040,#9041));
#9043=FACE_OUTER_BOUND('',#9042,.T.);
#9044=ADVANCED_FACE('',(#9043),#9027,.T.);
#9045=CARTESIAN_POINT('',(75.408000000000015,6.750000000000000,0.0));
#9046=DIRECTION('',(0.0,1.0,0.0));
#9047=DIRECTION('',(0.0,0.0,1.0));
#9048=AXIS2_PLACEMENT_3D('',#9045,#9046,#9047);
#9049=PLANE('',#9048);
#9050=CARTESIAN_POINT('',(76.672589297201412,6.750000000000002,-10.0));
#9051=VERTEX_POINT('',#9050);
#9052=CARTESIAN_POINT('',(74.143410702798619,6.750000000000002,-10.0));
#9053=VERTEX_POINT('',#9052);
#9054=CARTESIAN_POINT('',(76.672589297201412,6.750000000000002,-10.0));
#9055=DIRECTION('',(-1.0,0.0,0.0));
#9056=VECTOR('',#9055,2.529178594402794);
#9057=LINE('',#9054,#9056);
#9058=EDGE_CURVE('',#9051,#9053,#9057,.T.);
#9059=ORIENTED_EDGE('',*,*,#9058,.T.);
#9060=CARTESIAN_POINT('',(74.143410702798619,6.750000000000002,0.0));
#9061=VERTEX_POINT('',#9060);
#9062=CARTESIAN_POINT('',(74.143410702798619,6.750000000000002,0.0));
#9063=DIRECTION('',(0.0,0.0,-1.0));
#9064=VECTOR('',#9063,10.0);
#9065=LINE('',#9062,#9064);
#9066=EDGE_CURVE('',#9061,#9053,#9065,.T.);
#9067=ORIENTED_EDGE('',*,*,#9066,.F.);
#9068=CARTESIAN_POINT('',(76.672589297201412,6.750000000000002,0.0));
#9069=VERTEX_POINT('',#9068);
#9070=CARTESIAN_POINT('',(74.143410702798619,6.750000000000002,0.0));
#9071=DIRECTION('',(1.0,0.0,0.0));
#9072=VECTOR('',#9071,2.529178594402794);
#9073=LINE('',#9070,#9072);
#9074=EDGE_CURVE('',#9061,#9069,#9073,.T.);
#9075=ORIENTED_EDGE('',*,*,#9074,.T.);
#9076=CARTESIAN_POINT('',(76.672589297201412,6.750000000000002,0.0));
#9077=DIRECTION('',(0.0,0.0,-1.0));
#9078=VECTOR('',#9077,10.0);
#9079=LINE('',#9076,#9078);
#9080=EDGE_CURVE('',#9069,#9051,#9079,.T.);
#9081=ORIENTED_EDGE('',*,*,#9080,.T.);
#9082=EDGE_LOOP('',(#9059,#9067,#9075,#9081));
#9083=FACE_OUTER_BOUND('',#9082,.T.);
#9084=ADVANCED_FACE('',(#9083),#9049,.T.);
#9085=CARTESIAN_POINT('',(74.143410702798619,6.750000000000002,0.0));
#9086=DIRECTION('',(-0.939692620785908,0.342020143325669,0.0));
#9087=DIRECTION('',(0.0,0.0,1.0));
#9088=AXIS2_PLACEMENT_3D('',#9085,#9086,#9087);
#9089=PLANE('',#9088);
#9090=CARTESIAN_POINT('',(74.143410702798619,6.750000000000002,-10.0));
#9091=DIRECTION('',(-0.342020143325668,-0.939692620785908,0.0));
#9092=VECTOR('',#9091,7.183199964212408);
#9093=LINE('',#9090,#9092);
#9094=EDGE_CURVE('',#9053,#7030,#9093,.T.);
#9095=ORIENTED_EDGE('',*,*,#9094,.T.);
#9096=ORIENTED_EDGE('',*,*,#7035,.F.);
#9097=CARTESIAN_POINT('',(71.686611621501754,1.110223E-015,0.0));
#9098=DIRECTION('',(0.342020143325668,0.939692620785908,0.0));
#9099=VECTOR('',#9098,7.183199964212408);
#9100=LINE('',#9097,#9099);
#9101=EDGE_CURVE('',#7028,#9061,#9100,.T.);
#9102=ORIENTED_EDGE('',*,*,#9101,.T.);
#9103=ORIENTED_EDGE('',*,*,#9066,.T.);
#9104=EDGE_LOOP('',(#9095,#9096,#9102,#9103));
#9105=FACE_OUTER_BOUND('',#9104,.T.);
#9106=ADVANCED_FACE('',(#9105),#9089,.T.);
#9107=CARTESIAN_POINT('',(79.129388378498277,1.110223E-015,0.0));
#9108=DIRECTION('',(0.939692620785908,0.342020143325669,0.0));
#9109=DIRECTION('',(0.0,0.0,-1.0));
#9110=AXIS2_PLACEMENT_3D('',#9107,#9108,#9109);
#9111=PLANE('',#9110);
#9112=CARTESIAN_POINT('',(79.129388378498277,1.110223E-015,-10.0));
#9113=DIRECTION('',(-0.342020143325668,0.939692620785908,0.0));
#9114=VECTOR('',#9113,7.183199964212408);
#9115=LINE('',#9112,#9114);
#9116=EDGE_CURVE('',#7078,#9051,#9115,.T.);
#9117=ORIENTED_EDGE('',*,*,#9116,.T.);
#9118=ORIENTED_EDGE('',*,*,#9080,.F.);
#9119=CARTESIAN_POINT('',(76.672589297201412,6.750000000000002,0.0));
#9120=DIRECTION('',(0.342020143325668,-0.939692620785908,0.0));
#9121=VECTOR('',#9120,7.183199964212408);
#9122=LINE('',#9119,#9121);
#9123=EDGE_CURVE('',#9069,#7086,#9122,.T.);
#9124=ORIENTED_EDGE('',*,*,#9123,.T.);
#9125=ORIENTED_EDGE('',*,*,#7091,.T.);
#9126=EDGE_LOOP('',(#9117,#9118,#9124,#9125));
#9127=FACE_OUTER_BOUND('',#9126,.T.);
#9128=ADVANCED_FACE('',(#9127),#9111,.T.);
#9129=CARTESIAN_POINT('',(84.834000000000017,6.750000000000000,0.0));
#9130=DIRECTION('',(0.0,1.0,0.0));
#9131=DIRECTION('',(0.0,0.0,1.0));
#9132=AXIS2_PLACEMENT_3D('',#9129,#9130,#9131);
#9133=PLANE('',#9132);
#9134=CARTESIAN_POINT('',(86.098589297201400,6.750000000000002,-10.0));
#9135=VERTEX_POINT('',#9134);
#9136=CARTESIAN_POINT('',(83.569410702798606,6.750000000000002,-10.0));
#9137=VERTEX_POINT('',#9136);
#9138=CARTESIAN_POINT('',(86.098589297201400,6.750000000000002,-10.0));
#9139=DIRECTION('',(-1.0,0.0,0.0));
#9140=VECTOR('',#9139,2.529178594402794);
#9141=LINE('',#9138,#9140);
#9142=EDGE_CURVE('',#9135,#9137,#9141,.T.);
#9143=ORIENTED_EDGE('',*,*,#9142,.T.);
#9144=CARTESIAN_POINT('',(83.569410702798606,6.750000000000002,0.0));
#9145=VERTEX_POINT('',#9144);
#9146=CARTESIAN_POINT('',(83.569410702798606,6.750000000000002,0.0));
#9147=DIRECTION('',(0.0,0.0,-1.0));
#9148=VECTOR('',#9147,10.0);
#9149=LINE('',#9146,#9148);
#9150=EDGE_CURVE('',#9145,#9137,#9149,.T.);
#9151=ORIENTED_EDGE('',*,*,#9150,.F.);
#9152=CARTESIAN_POINT('',(86.098589297201400,6.750000000000002,0.0));
#9153=VERTEX_POINT('',#9152);
#9154=CARTESIAN_POINT('',(83.569410702798606,6.750000000000002,0.0));
#9155=DIRECTION('',(1.0,0.0,0.0));
#9156=VECTOR('',#9155,2.529178594402794);
#9157=LINE('',#9154,#9156);
#9158=EDGE_CURVE('',#9145,#9153,#9157,.T.);
#9159=ORIENTED_EDGE('',*,*,#9158,.T.);
#9160=CARTESIAN_POINT('',(86.098589297201400,6.750000000000002,0.0));
#9161=DIRECTION('',(0.0,0.0,-1.0));
#9162=VECTOR('',#9161,10.0);
#9163=LINE('',#9160,#9162);
#9164=EDGE_CURVE('',#9153,#9135,#9163,.T.);
#9165=ORIENTED_EDGE('',*,*,#9164,.T.);
#9166=EDGE_LOOP('',(#9143,#9151,#9159,#9165));
#9167=FACE_OUTER_BOUND('',#9166,.T.);
#9168=ADVANCED_FACE('',(#9167),#9133,.T.);
#9169=CARTESIAN_POINT('',(83.569410702798606,6.750000000000002,0.0));
#9170=DIRECTION('',(-0.939692620785908,0.342020143325669,0.0));
#9171=DIRECTION('',(0.0,0.0,1.0));
#9172=AXIS2_PLACEMENT_3D('',#9169,#9170,#9171);
#9173=PLANE('',#9172);
#9174=CARTESIAN_POINT('',(83.569410702798606,6.750000000000002,-10.0));
#9175=DIRECTION('',(-0.342020143325668,-0.939692620785908,0.0));
#9176=VECTOR('',#9175,7.183199964212408);
#9177=LINE('',#9174,#9176);
#9178=EDGE_CURVE('',#9137,#7070,#9177,.T.);
#9179=ORIENTED_EDGE('',*,*,#9178,.T.);
#9180=ORIENTED_EDGE('',*,*,#7075,.F.);
#9181=CARTESIAN_POINT('',(81.112611621501742,1.110223E-015,0.0));
#9182=DIRECTION('',(0.342020143325668,0.939692620785908,0.0));
#9183=VECTOR('',#9182,7.183199964212408);
#9184=LINE('',#9181,#9183);
#9185=EDGE_CURVE('',#7068,#9145,#9184,.T.);
#9186=ORIENTED_EDGE('',*,*,#9185,.T.);
#9187=ORIENTED_EDGE('',*,*,#9150,.T.);
#9188=EDGE_LOOP('',(#9179,#9180,#9186,#9187));
#9189=FACE_OUTER_BOUND('',#9188,.T.);
#9190=ADVANCED_FACE('',(#9189),#9173,.T.);
#9191=CARTESIAN_POINT('',(88.555388378498265,1.110223E-015,0.0));
#9192=DIRECTION('',(0.939692620785908,0.342020143325669,0.0));
#9193=DIRECTION('',(0.0,0.0,-1.0));
#9194=AXIS2_PLACEMENT_3D('',#9191,#9192,#9193);
#9195=PLANE('',#9194);
#9196=CARTESIAN_POINT('',(88.555388378498265,1.110223E-015,-10.0));
#9197=DIRECTION('',(-0.342020143325668,0.939692620785908,0.0));
#9198=VECTOR('',#9197,7.183199964212408);
#9199=LINE('',#9196,#9198);
#9200=EDGE_CURVE('',#7118,#9135,#9199,.T.);
#9201=ORIENTED_EDGE('',*,*,#9200,.T.);
#9202=ORIENTED_EDGE('',*,*,#9164,.F.);
#9203=CARTESIAN_POINT('',(86.098589297201400,6.750000000000002,0.0));
#9204=DIRECTION('',(0.342020143325668,-0.939692620785908,0.0));
#9205=VECTOR('',#9204,7.183199964212408);
#9206=LINE('',#9203,#9205);
#9207=EDGE_CURVE('',#9153,#7126,#9206,.T.);
#9208=ORIENTED_EDGE('',*,*,#9207,.T.);
#9209=ORIENTED_EDGE('',*,*,#7131,.T.);
#9210=EDGE_LOOP('',(#9201,#9202,#9208,#9209));
#9211=FACE_OUTER_BOUND('',#9210,.T.);
#9212=ADVANCED_FACE('',(#9211),#9195,.T.);
#9213=CARTESIAN_POINT('',(94.260000000000019,6.750000000000000,0.0));
#9214=DIRECTION('',(0.0,1.0,0.0));
#9215=DIRECTION('',(0.0,0.0,1.0));
#9216=AXIS2_PLACEMENT_3D('',#9213,#9214,#9215);
#9217=PLANE('',#9216);
#9218=CARTESIAN_POINT('',(95.524589297201402,6.750000000000002,-10.0));
#9219=VERTEX_POINT('',#9218);
#9220=CARTESIAN_POINT('',(92.995410702798637,6.750000000000002,-10.0));
#9221=VERTEX_POINT('',#9220);
#9222=CARTESIAN_POINT('',(95.524589297201402,6.750000000000002,-10.0));
#9223=DIRECTION('',(-1.0,0.0,0.0));
#9224=VECTOR('',#9223,2.529178594402765);
#9225=LINE('',#9222,#9224);
#9226=EDGE_CURVE('',#9219,#9221,#9225,.T.);
#9227=ORIENTED_EDGE('',*,*,#9226,.T.);
#9228=CARTESIAN_POINT('',(92.995410702798637,6.750000000000002,0.0));
#9229=VERTEX_POINT('',#9228);
#9230=CARTESIAN_POINT('',(92.995410702798637,6.750000000000002,0.0));
#9231=DIRECTION('',(0.0,0.0,-1.0));
#9232=VECTOR('',#9231,10.0);
#9233=LINE('',#9230,#9232);
#9234=EDGE_CURVE('',#9229,#9221,#9233,.T.);
#9235=ORIENTED_EDGE('',*,*,#9234,.F.);
#9236=CARTESIAN_POINT('',(95.524589297201402,6.750000000000002,0.0));
#9237=VERTEX_POINT('',#9236);
#9238=CARTESIAN_POINT('',(92.995410702798637,6.750000000000002,0.0));
#9239=DIRECTION('',(1.0,0.0,0.0));
#9240=VECTOR('',#9239,2.529178594402765);
#9241=LINE('',#9238,#9240);
#9242=EDGE_CURVE('',#9229,#9237,#9241,.T.);
#9243=ORIENTED_EDGE('',*,*,#9242,.T.);
#9244=CARTESIAN_POINT('',(95.524589297201402,6.750000000000002,0.0));
#9245=DIRECTION('',(0.0,0.0,-1.0));
#9246=VECTOR('',#9245,10.0);
#9247=LINE('',#9244,#9246);
#9248=EDGE_CURVE('',#9237,#9219,#9247,.T.);
#9249=ORIENTED_EDGE('',*,*,#9248,.T.);
#9250=EDGE_LOOP('',(#9227,#9235,#9243,#9249));
#9251=FACE_OUTER_BOUND('',#9250,.T.);
#9252=ADVANCED_FACE('',(#9251),#9217,.T.);
#9253=CARTESIAN_POINT('',(92.995410702798637,6.750000000000002,0.0));
#9254=DIRECTION('',(-0.939692620785908,0.342020143325669,0.0));
#9255=DIRECTION('',(0.0,0.0,1.0));
#9256=AXIS2_PLACEMENT_3D('',#9253,#9254,#9255);
#9257=PLANE('',#9256);
#9258=CARTESIAN_POINT('',(92.995410702798637,6.750000000000002,-10.0));
#9259=DIRECTION('',(-0.342020143325670,-0.939692620785908,0.0));
#9260=VECTOR('',#9259,7.183199964212412);
#9261=LINE('',#9258,#9260);
#9262=EDGE_CURVE('',#9221,#7110,#9261,.T.);
#9263=ORIENTED_EDGE('',*,*,#9262,.T.);
#9264=ORIENTED_EDGE('',*,*,#7115,.F.);
#9265=CARTESIAN_POINT('',(90.538611621501758,1.110223E-015,0.0));
#9266=DIRECTION('',(0.342020143325670,0.939692620785908,0.0));
#9267=VECTOR('',#9266,7.183199964212412);
#9268=LINE('',#9265,#9267);
#9269=EDGE_CURVE('',#7108,#9229,#9268,.T.);
#9270=ORIENTED_EDGE('',*,*,#9269,.T.);
#9271=ORIENTED_EDGE('',*,*,#9234,.T.);
#9272=EDGE_LOOP('',(#9263,#9264,#9270,#9271));
#9273=FACE_OUTER_BOUND('',#9272,.T.);
#9274=ADVANCED_FACE('',(#9273),#9257,.T.);
#9275=CARTESIAN_POINT('',(97.981388378498281,1.110223E-015,0.0));
#9276=DIRECTION('',(0.939692620785908,0.342020143325669,0.0));
#9277=DIRECTION('',(0.0,0.0,-1.0));
#9278=AXIS2_PLACEMENT_3D('',#9275,#9276,#9277);
#9279=PLANE('',#9278);
#9280=CARTESIAN_POINT('',(97.981388378498281,1.110223E-015,-10.0));
#9281=DIRECTION('',(-0.342020143325670,0.939692620785908,0.0));
#9282=VECTOR('',#9281,7.183199964212412);
#9283=LINE('',#9280,#9282);
#9284=EDGE_CURVE('',#7158,#9219,#9283,.T.);
#9285=ORIENTED_EDGE('',*,*,#9284,.T.);
#9286=ORIENTED_EDGE('',*,*,#9248,.F.);
#9287=CARTESIAN_POINT('',(95.524589297201402,6.750000000000002,0.0));
#9288=DIRECTION('',(0.342020143325670,-0.939692620785908,0.0));
#9289=VECTOR('',#9288,7.183199964212412);
#9290=LINE('',#9287,#9289);
#9291=EDGE_CURVE('',#9237,#7166,#9290,.T.);
#9292=ORIENTED_EDGE('',*,*,#9291,.T.);
#9293=ORIENTED_EDGE('',*,*,#7171,.T.);
#9294=EDGE_LOOP('',(#9285,#9286,#9292,#9293));
#9295=FACE_OUTER_BOUND('',#9294,.T.);
#9296=ADVANCED_FACE('',(#9295),#9279,.T.);
#9297=CARTESIAN_POINT('',(103.686000000000020,6.750000000000000,0.0));
#9298=DIRECTION('',(0.0,1.0,0.0));
#9299=DIRECTION('',(0.0,0.0,1.0));
#9300=AXIS2_PLACEMENT_3D('',#9297,#9298,#9299);
#9301=PLANE('',#9300);
#9302=CARTESIAN_POINT('',(104.950589297201420,6.750000000000002,-10.0));
#9303=VERTEX_POINT('',#9302);
#9304=CARTESIAN_POINT('',(102.421410702798640,6.750000000000002,-10.0));
#9305=VERTEX_POINT('',#9304);
#9306=CARTESIAN_POINT('',(104.950589297201420,6.750000000000002,-10.0));
#9307=DIRECTION('',(-1.0,0.0,0.0));
#9308=VECTOR('',#9307,2.529178594402779);
#9309=LINE('',#9306,#9308);
#9310=EDGE_CURVE('',#9303,#9305,#9309,.T.);
#9311=ORIENTED_EDGE('',*,*,#9310,.T.);
#9312=CARTESIAN_POINT('',(102.421410702798640,6.750000000000002,0.0));
#9313=VERTEX_POINT('',#9312);
#9314=CARTESIAN_POINT('',(102.421410702798640,6.750000000000002,0.0));
#9315=DIRECTION('',(0.0,0.0,-1.0));
#9316=VECTOR('',#9315,10.0);
#9317=LINE('',#9314,#9316);
#9318=EDGE_CURVE('',#9313,#9305,#9317,.T.);
#9319=ORIENTED_EDGE('',*,*,#9318,.F.);
#9320=CARTESIAN_POINT('',(104.950589297201420,6.750000000000002,0.0));
#9321=VERTEX_POINT('',#9320);
#9322=CARTESIAN_POINT('',(102.421410702798640,6.750000000000002,0.0));
#9323=DIRECTION('',(1.0,0.0,0.0));
#9324=VECTOR('',#9323,2.529178594402779);
#9325=LINE('',#9322,#9324);
#9326=EDGE_CURVE('',#9313,#9321,#9325,.T.);
#9327=ORIENTED_EDGE('',*,*,#9326,.T.);
#9328=CARTESIAN_POINT('',(104.950589297201420,6.750000000000002,0.0));
#9329=DIRECTION('',(0.0,0.0,-1.0));
#9330=VECTOR('',#9329,10.0);
#9331=LINE('',#9328,#9330);
#9332=EDGE_CURVE('',#9321,#9303,#9331,.T.);
#9333=ORIENTED_EDGE('',*,*,#9332,.T.);
#9334=EDGE_LOOP('',(#9311,#9319,#9327,#9333));
#9335=FACE_OUTER_BOUND('',#9334,.T.);
#9336=ADVANCED_FACE('',(#9335),#9301,.T.);
#9337=CARTESIAN_POINT('',(102.421410702798640,6.750000000000002,0.0));
#9338=DIRECTION('',(-0.939692620785908,0.342020143325669,0.0));
#9339=DIRECTION('',(0.0,0.0,1.0));
#9340=AXIS2_PLACEMENT_3D('',#9337,#9338,#9339);
#9341=PLANE('',#9340);
#9342=CARTESIAN_POINT('',(102.421410702798640,6.750000000000002,-10.0));
#9343=DIRECTION('',(-0.342020143325670,-0.939692620785908,0.0));
#9344=VECTOR('',#9343,7.183199964212412);
#9345=LINE('',#9342,#9344);
#9346=EDGE_CURVE('',#9305,#7150,#9345,.T.);
#9347=ORIENTED_EDGE('',*,*,#9346,.T.);
#9348=ORIENTED_EDGE('',*,*,#7155,.F.);
#9349=CARTESIAN_POINT('',(99.964611621501760,1.110223E-015,0.0));
#9350=DIRECTION('',(0.342020143325670,0.939692620785908,0.0));
#9351=VECTOR('',#9350,7.183199964212412);
#9352=LINE('',#9349,#9351);
#9353=EDGE_CURVE('',#7148,#9313,#9352,.T.);
#9354=ORIENTED_EDGE('',*,*,#9353,.T.);
#9355=ORIENTED_EDGE('',*,*,#9318,.T.);
#9356=EDGE_LOOP('',(#9347,#9348,#9354,#9355));
#9357=FACE_OUTER_BOUND('',#9356,.T.);
#9358=ADVANCED_FACE('',(#9357),#9341,.T.);
#9359=CARTESIAN_POINT('',(107.407388378498300,1.110223E-015,0.0));
#9360=DIRECTION('',(0.939692620785908,0.342020143325669,0.0));
#9361=DIRECTION('',(0.0,0.0,-1.0));
#9362=AXIS2_PLACEMENT_3D('',#9359,#9360,#9361);
#9363=PLANE('',#9362);
#9364=CARTESIAN_POINT('',(107.407388378498300,1.110223E-015,-10.0));
#9365=DIRECTION('',(-0.342020143325670,0.939692620785908,0.0));
#9366=VECTOR('',#9365,7.183199964212412);
#9367=LINE('',#9364,#9366);
#9368=EDGE_CURVE('',#7198,#9303,#9367,.T.);
#9369=ORIENTED_EDGE('',*,*,#9368,.T.);
#9370=ORIENTED_EDGE('',*,*,#9332,.F.);
#9371=CARTESIAN_POINT('',(104.950589297201420,6.750000000000002,0.0));
#9372=DIRECTION('',(0.342020143325670,-0.939692620785908,0.0));
#9373=VECTOR('',#9372,7.183199964212412);
#9374=LINE('',#9371,#9373);
#9375=EDGE_CURVE('',#9321,#7206,#9374,.T.);
#9376=ORIENTED_EDGE('',*,*,#9375,.T.);
#9377=ORIENTED_EDGE('',*,*,#7211,.T.);
#9378=EDGE_LOOP('',(#9369,#9370,#9376,#9377));
#9379=FACE_OUTER_BOUND('',#9378,.T.);
#9380=ADVANCED_FACE('',(#9379),#9363,.T.);
#9381=CARTESIAN_POINT('',(113.112000000000020,6.750000000000000,0.0));
#9382=DIRECTION('',(0.0,1.0,0.0));
#9383=DIRECTION('',(0.0,0.0,1.0));
#9384=AXIS2_PLACEMENT_3D('',#9381,#9382,#9383);
#9385=PLANE('',#9384);
#9386=CARTESIAN_POINT('',(114.376589297201420,6.750000000000002,-10.0));
#9387=VERTEX_POINT('',#9386);
#9388=CARTESIAN_POINT('',(111.847410702798640,6.750000000000002,-10.0));
#9389=VERTEX_POINT('',#9388);
#9390=CARTESIAN_POINT('',(114.376589297201420,6.750000000000002,-10.0));
#9391=DIRECTION('',(-1.0,0.0,0.0));
#9392=VECTOR('',#9391,2.529178594402779);
#9393=LINE('',#9390,#9392);
#9394=EDGE_CURVE('',#9387,#9389,#9393,.T.);
#9395=ORIENTED_EDGE('',*,*,#9394,.T.);
#9396=CARTESIAN_POINT('',(111.847410702798640,6.750000000000002,0.0));
#9397=VERTEX_POINT('',#9396);
#9398=CARTESIAN_POINT('',(111.847410702798640,6.750000000000002,0.0));
#9399=DIRECTION('',(0.0,0.0,-1.0));
#9400=VECTOR('',#9399,10.0);
#9401=LINE('',#9398,#9400);
#9402=EDGE_CURVE('',#9397,#9389,#9401,.T.);
#9403=ORIENTED_EDGE('',*,*,#9402,.F.);
#9404=CARTESIAN_POINT('',(114.376589297201420,6.750000000000002,0.0));
#9405=VERTEX_POINT('',#9404);
#9406=CARTESIAN_POINT('',(111.847410702798640,6.750000000000002,0.0));
#9407=DIRECTION('',(1.0,0.0,0.0));
#9408=VECTOR('',#9407,2.529178594402779);
#9409=LINE('',#9406,#9408);
#9410=EDGE_CURVE('',#9397,#9405,#9409,.T.);
#9411=ORIENTED_EDGE('',*,*,#9410,.T.);
#9412=CARTESIAN_POINT('',(114.376589297201420,6.750000000000002,0.0));
#9413=DIRECTION('',(0.0,0.0,-1.0));
#9414=VECTOR('',#9413,10.0);
#9415=LINE('',#9412,#9414);
#9416=EDGE_CURVE('',#9405,#9387,#9415,.T.);
#9417=ORIENTED_EDGE('',*,*,#9416,.T.);
#9418=EDGE_LOOP('',(#9395,#9403,#9411,#9417));
#9419=FACE_OUTER_BOUND('',#9418,.T.);
#9420=ADVANCED_FACE('',(#9419),#9385,.T.);
#9421=CARTESIAN_POINT('',(111.847410702798640,6.750000000000002,0.0));
#9422=DIRECTION('',(-0.939692620785908,0.342020143325669,0.0));
#9423=DIRECTION('',(0.0,0.0,1.0));
#9424=AXIS2_PLACEMENT_3D('',#9421,#9422,#9423);
#9425=PLANE('',#9424);
#9426=CARTESIAN_POINT('',(111.847410702798640,6.750000000000002,-10.0));
#9427=DIRECTION('',(-0.342020143325670,-0.939692620785908,0.0));
#9428=VECTOR('',#9427,7.183199964212412);
#9429=LINE('',#9426,#9428);
#9430=EDGE_CURVE('',#9389,#7190,#9429,.T.);
#9431=ORIENTED_EDGE('',*,*,#9430,.T.);
#9432=ORIENTED_EDGE('',*,*,#7195,.F.);
#9433=CARTESIAN_POINT('',(109.390611621501760,1.110223E-015,0.0));
#9434=DIRECTION('',(0.342020143325670,0.939692620785908,0.0));
#9435=VECTOR('',#9434,7.183199964212412);
#9436=LINE('',#9433,#9435);
#9437=EDGE_CURVE('',#7188,#9397,#9436,.T.);
#9438=ORIENTED_EDGE('',*,*,#9437,.T.);
#9439=ORIENTED_EDGE('',*,*,#9402,.T.);
#9440=EDGE_LOOP('',(#9431,#9432,#9438,#9439));
#9441=FACE_OUTER_BOUND('',#9440,.T.);
#9442=ADVANCED_FACE('',(#9441),#9425,.T.);
#9443=CARTESIAN_POINT('',(116.833388378498300,1.110223E-015,0.0));
#9444=DIRECTION('',(0.939692620785908,0.342020143325669,0.0));
#9445=DIRECTION('',(0.0,0.0,-1.0));
#9446=AXIS2_PLACEMENT_3D('',#9443,#9444,#9445);
#9447=PLANE('',#9446);
#9448=CARTESIAN_POINT('',(116.833388378498300,1.110223E-015,-10.0));
#9449=DIRECTION('',(-0.342020143325670,0.939692620785908,0.0));
#9450=VECTOR('',#9449,7.183199964212412);
#9451=LINE('',#9448,#9450);
#9452=EDGE_CURVE('',#7238,#9387,#9451,.T.);
#9453=ORIENTED_EDGE('',*,*,#9452,.T.);
#9454=ORIENTED_EDGE('',*,*,#9416,.F.);
#9455=CARTESIAN_POINT('',(114.376589297201420,6.750000000000002,0.0));
#9456=DIRECTION('',(0.342020143325670,-0.939692620785908,0.0));
#9457=VECTOR('',#9456,7.183199964212412);
#9458=LINE('',#9455,#9457);
#9459=EDGE_CURVE('',#9405,#7246,#9458,.T.);
#9460=ORIENTED_EDGE('',*,*,#9459,.T.);
#9461=ORIENTED_EDGE('',*,*,#7251,.T.);
#9462=EDGE_LOOP('',(#9453,#9454,#9460,#9461));
#9463=FACE_OUTER_BOUND('',#9462,.T.);
#9464=ADVANCED_FACE('',(#9463),#9447,.T.);
#9465=CARTESIAN_POINT('',(122.538000000000040,6.750000000000000,0.0));
#9466=DIRECTION('',(0.0,1.0,0.0));
#9467=DIRECTION('',(0.0,0.0,1.0));
#9468=AXIS2_PLACEMENT_3D('',#9465,#9466,#9467);
#9469=PLANE('',#9468);
#9470=CARTESIAN_POINT('',(123.802589297201420,6.750000000000002,-10.0));
#9471=VERTEX_POINT('',#9470);
#9472=CARTESIAN_POINT('',(121.273410702798660,6.750000000000002,-10.0));
#9473=VERTEX_POINT('',#9472);
#9474=CARTESIAN_POINT('',(123.802589297201420,6.750000000000002,-10.0));
#9475=DIRECTION('',(-1.0,0.0,0.0));
#9476=VECTOR('',#9475,2.529178594402765);
#9477=LINE('',#9474,#9476);
#9478=EDGE_CURVE('',#9471,#9473,#9477,.T.);
#9479=ORIENTED_EDGE('',*,*,#9478,.T.);
#9480=CARTESIAN_POINT('',(121.273410702798660,6.750000000000002,0.0));
#9481=VERTEX_POINT('',#9480);
#9482=CARTESIAN_POINT('',(121.273410702798660,6.750000000000002,0.0));
#9483=DIRECTION('',(0.0,0.0,-1.0));
#9484=VECTOR('',#9483,10.0);
#9485=LINE('',#9482,#9484);
#9486=EDGE_CURVE('',#9481,#9473,#9485,.T.);
#9487=ORIENTED_EDGE('',*,*,#9486,.F.);
#9488=CARTESIAN_POINT('',(123.802589297201420,6.750000000000002,0.0));
#9489=VERTEX_POINT('',#9488);
#9490=CARTESIAN_POINT('',(121.273410702798660,6.750000000000002,0.0));
#9491=DIRECTION('',(1.0,0.0,0.0));
#9492=VECTOR('',#9491,2.529178594402765);
#9493=LINE('',#9490,#9492);
#9494=EDGE_CURVE('',#9481,#9489,#9493,.T.);
#9495=ORIENTED_EDGE('',*,*,#9494,.T.);
#9496=CARTESIAN_POINT('',(123.802589297201420,6.750000000000002,0.0));
#9497=DIRECTION('',(0.0,0.0,-1.0));
#9498=VECTOR('',#9497,10.0);
#9499=LINE('',#9496,#9498);
#9500=EDGE_CURVE('',#9489,#9471,#9499,.T.);
#9501=ORIENTED_EDGE('',*,*,#9500,.T.);
#9502=EDGE_LOOP('',(#9479,#9487,#9495,#9501));
#9503=FACE_OUTER_BOUND('',#9502,.T.);
#9504=ADVANCED_FACE('',(#9503),#9469,.T.);
#9505=CARTESIAN_POINT('',(121.273410702798660,6.750000000000002,0.0));
#9506=DIRECTION('',(-0.939692620785908,0.342020143325669,0.0));
#9507=DIRECTION('',(0.0,0.0,1.0));
#9508=AXIS2_PLACEMENT_3D('',#9505,#9506,#9507);
#9509=PLANE('',#9508);
#9510=CARTESIAN_POINT('',(121.273410702798660,6.750000000000002,-10.0));
#9511=DIRECTION('',(-0.342020143325670,-0.939692620785908,0.0));
#9512=VECTOR('',#9511,7.183199964212412);
#9513=LINE('',#9510,#9512);
#9514=EDGE_CURVE('',#9473,#7230,#9513,.T.);
#9515=ORIENTED_EDGE('',*,*,#9514,.T.);
#9516=ORIENTED_EDGE('',*,*,#7235,.F.);
#9517=CARTESIAN_POINT('',(118.816611621501780,1.110223E-015,0.0));
#9518=DIRECTION('',(0.342020143325670,0.939692620785908,0.0));
#9519=VECTOR('',#9518,7.183199964212412);
#9520=LINE('',#9517,#9519);
#9521=EDGE_CURVE('',#7228,#9481,#9520,.T.);
#9522=ORIENTED_EDGE('',*,*,#9521,.T.);
#9523=ORIENTED_EDGE('',*,*,#9486,.T.);
#9524=EDGE_LOOP('',(#9515,#9516,#9522,#9523));
#9525=FACE_OUTER_BOUND('',#9524,.T.);
#9526=ADVANCED_FACE('',(#9525),#9509,.T.);
#9527=CARTESIAN_POINT('',(126.259388378498300,1.110223E-015,0.0));
#9528=DIRECTION('',(0.939692620785908,0.342020143325669,0.0));
#9529=DIRECTION('',(0.0,0.0,-1.0));
#9530=AXIS2_PLACEMENT_3D('',#9527,#9528,#9529);
#9531=PLANE('',#9530);
#9532=CARTESIAN_POINT('',(126.259388378498300,1.110223E-015,-10.0));
#9533=DIRECTION('',(-0.342020143325670,0.939692620785908,0.0));
#9534=VECTOR('',#9533,7.183199964212412);
#9535=LINE('',#9532,#9534);
#9536=EDGE_CURVE('',#7278,#9471,#9535,.T.);
#9537=ORIENTED_EDGE('',*,*,#9536,.T.);
#9538=ORIENTED_EDGE('',*,*,#9500,.F.);
#9539=CARTESIAN_POINT('',(123.802589297201420,6.750000000000002,0.0));
#9540=DIRECTION('',(0.342020143325670,-0.939692620785908,0.0));
#9541=VECTOR('',#9540,7.183199964212412);
#9542=LINE('',#9539,#9541);
#9543=EDGE_CURVE('',#9489,#7286,#9542,.T.);
#9544=ORIENTED_EDGE('',*,*,#9543,.T.);
#9545=ORIENTED_EDGE('',*,*,#7291,.T.);
#9546=EDGE_LOOP('',(#9537,#9538,#9544,#9545));
#9547=FACE_OUTER_BOUND('',#9546,.T.);
#9548=ADVANCED_FACE('',(#9547),#9531,.T.);
#9549=CARTESIAN_POINT('',(131.964000000000030,6.750000000000000,0.0));
#9550=DIRECTION('',(0.0,1.0,0.0));
#9551=DIRECTION('',(0.0,0.0,1.0));
#9552=AXIS2_PLACEMENT_3D('',#9549,#9550,#9551);
#9553=PLANE('',#9552);
#9554=CARTESIAN_POINT('',(133.228589297201410,6.750000000000002,-10.0));
#9555=VERTEX_POINT('',#9554);
#9556=CARTESIAN_POINT('',(130.699410702798640,6.750000000000002,-10.0));
#9557=VERTEX_POINT('',#9556);
#9558=CARTESIAN_POINT('',(133.228589297201410,6.750000000000002,-10.0));
#9559=DIRECTION('',(-1.0,0.0,0.0));
#9560=VECTOR('',#9559,2.529178594402765);
#9561=LINE('',#9558,#9560);
#9562=EDGE_CURVE('',#9555,#9557,#9561,.T.);
#9563=ORIENTED_EDGE('',*,*,#9562,.T.);
#9564=CARTESIAN_POINT('',(130.699410702798640,6.750000000000002,0.0));
#9565=VERTEX_POINT('',#9564);
#9566=CARTESIAN_POINT('',(130.699410702798640,6.750000000000002,0.0));
#9567=DIRECTION('',(0.0,0.0,-1.0));
#9568=VECTOR('',#9567,10.0);
#9569=LINE('',#9566,#9568);
#9570=EDGE_CURVE('',#9565,#9557,#9569,.T.);
#9571=ORIENTED_EDGE('',*,*,#9570,.F.);
#9572=CARTESIAN_POINT('',(133.228589297201410,6.750000000000002,0.0));
#9573=VERTEX_POINT('',#9572);
#9574=CARTESIAN_POINT('',(130.699410702798640,6.750000000000002,0.0));
#9575=DIRECTION('',(1.0,0.0,0.0));
#9576=VECTOR('',#9575,2.529178594402765);
#9577=LINE('',#9574,#9576);
#9578=EDGE_CURVE('',#9565,#9573,#9577,.T.);
#9579=ORIENTED_EDGE('',*,*,#9578,.T.);
#9580=CARTESIAN_POINT('',(133.228589297201410,6.750000000000002,0.0));
#9581=DIRECTION('',(0.0,0.0,-1.0));
#9582=VECTOR('',#9581,10.0);
#9583=LINE('',#9580,#9582);
#9584=EDGE_CURVE('',#9573,#9555,#9583,.T.);
#9585=ORIENTED_EDGE('',*,*,#9584,.T.);
#9586=EDGE_LOOP('',(#9563,#9571,#9579,#9585));
#9587=FACE_OUTER_BOUND('',#9586,.T.);
#9588=ADVANCED_FACE('',(#9587),#9553,.T.);
#9589=CARTESIAN_POINT('',(130.699410702798640,6.750000000000002,0.0));
#9590=DIRECTION('',(-0.939692620785908,0.342020143325669,0.0));
#9591=DIRECTION('',(0.0,0.0,1.0));
#9592=AXIS2_PLACEMENT_3D('',#9589,#9590,#9591);
#9593=PLANE('',#9592);
#9594=CARTESIAN_POINT('',(130.699410702798640,6.750000000000002,-10.0));
#9595=DIRECTION('',(-0.342020143325670,-0.939692620785908,0.0));
#9596=VECTOR('',#9595,7.183199964212412);
#9597=LINE('',#9594,#9596);
#9598=EDGE_CURVE('',#9557,#7270,#9597,.T.);
#9599=ORIENTED_EDGE('',*,*,#9598,.T.);
#9600=ORIENTED_EDGE('',*,*,#7275,.F.);
#9601=CARTESIAN_POINT('',(128.242611621501770,1.110223E-015,0.0));
#9602=DIRECTION('',(0.342020143325670,0.939692620785908,0.0));
#9603=VECTOR('',#9602,7.183199964212412);
#9604=LINE('',#9601,#9603);
#9605=EDGE_CURVE('',#7268,#9565,#9604,.T.);
#9606=ORIENTED_EDGE('',*,*,#9605,.T.);
#9607=ORIENTED_EDGE('',*,*,#9570,.T.);
#9608=EDGE_LOOP('',(#9599,#9600,#9606,#9607));
#9609=FACE_OUTER_BOUND('',#9608,.T.);
#9610=ADVANCED_FACE('',(#9609),#9593,.T.);
#9611=CARTESIAN_POINT('',(135.685388378498290,1.110223E-015,0.0));
#9612=DIRECTION('',(0.939692620785908,0.342020143325669,0.0));
#9613=DIRECTION('',(0.0,0.0,-1.0));
#9614=AXIS2_PLACEMENT_3D('',#9611,#9612,#9613);
#9615=PLANE('',#9614);
#9616=CARTESIAN_POINT('',(135.685388378498290,1.110223E-015,-10.0));
#9617=DIRECTION('',(-0.342020143325670,0.939692620785908,0.0));
#9618=VECTOR('',#9617,7.183199964212412);
#9619=LINE('',#9616,#9618);
#9620=EDGE_CURVE('',#7318,#9555,#9619,.T.);
#9621=ORIENTED_EDGE('',*,*,#9620,.T.);
#9622=ORIENTED_EDGE('',*,*,#9584,.F.);
#9623=CARTESIAN_POINT('',(133.228589297201410,6.750000000000002,0.0));
#9624=DIRECTION('',(0.342020143325670,-0.939692620785908,0.0));
#9625=VECTOR('',#9624,7.183199964212412);
#9626=LINE('',#9623,#9625);
#9627=EDGE_CURVE('',#9573,#7326,#9626,.T.);
#9628=ORIENTED_EDGE('',*,*,#9627,.T.);
#9629=ORIENTED_EDGE('',*,*,#7331,.T.);
#9630=EDGE_LOOP('',(#9621,#9622,#9628,#9629));
#9631=FACE_OUTER_BOUND('',#9630,.T.);
#9632=ADVANCED_FACE('',(#9631),#9615,.T.);
#9633=CARTESIAN_POINT('',(141.390000000000040,6.750000000000000,0.0));
#9634=DIRECTION('',(0.0,1.0,0.0));
#9635=DIRECTION('',(0.0,0.0,1.0));
#9636=AXIS2_PLACEMENT_3D('',#9633,#9634,#9635);
#9637=PLANE('',#9636);
#9638=CARTESIAN_POINT('',(142.654589297201430,6.750000000000002,-10.0));
#9639=VERTEX_POINT('',#9638);
#9640=CARTESIAN_POINT('',(140.125410702798630,6.750000000000002,-10.0));
#9641=VERTEX_POINT('',#9640);
#9642=CARTESIAN_POINT('',(142.654589297201430,6.750000000000002,-10.0));
#9643=DIRECTION('',(-1.0,0.0,0.0));
#9644=VECTOR('',#9643,2.529178594402794);
#9645=LINE('',#9642,#9644);
#9646=EDGE_CURVE('',#9639,#9641,#9645,.T.);
#9647=ORIENTED_EDGE('',*,*,#9646,.T.);
#9648=CARTESIAN_POINT('',(140.125410702798630,6.750000000000002,0.0));
#9649=VERTEX_POINT('',#9648);
#9650=CARTESIAN_POINT('',(140.125410702798630,6.750000000000002,0.0));
#9651=DIRECTION('',(0.0,0.0,-1.0));
#9652=VECTOR('',#9651,10.0);
#9653=LINE('',#9650,#9652);
#9654=EDGE_CURVE('',#9649,#9641,#9653,.T.);
#9655=ORIENTED_EDGE('',*,*,#9654,.F.);
#9656=CARTESIAN_POINT('',(142.654589297201430,6.750000000000002,0.0));
#9657=VERTEX_POINT('',#9656);
#9658=CARTESIAN_POINT('',(140.125410702798630,6.750000000000002,0.0));
#9659=DIRECTION('',(1.0,0.0,0.0));
#9660=VECTOR('',#9659,2.529178594402794);
#9661=LINE('',#9658,#9660);
#9662=EDGE_CURVE('',#9649,#9657,#9661,.T.);
#9663=ORIENTED_EDGE('',*,*,#9662,.T.);
#9664=CARTESIAN_POINT('',(142.654589297201430,6.750000000000002,0.0));
#9665=DIRECTION('',(0.0,0.0,-1.0));
#9666=VECTOR('',#9665,10.0);
#9667=LINE('',#9664,#9666);
#9668=EDGE_CURVE('',#9657,#9639,#9667,.T.);
#9669=ORIENTED_EDGE('',*,*,#9668,.T.);
#9670=EDGE_LOOP('',(#9647,#9655,#9663,#9669));
#9671=FACE_OUTER_BOUND('',#9670,.T.);
#9672=ADVANCED_FACE('',(#9671),#9637,.T.);
#9673=CARTESIAN_POINT('',(140.125410702798630,6.750000000000002,0.0));
#9674=DIRECTION('',(-0.939692620785908,0.342020143325669,0.0));
#9675=DIRECTION('',(0.0,0.0,1.0));
#9676=AXIS2_PLACEMENT_3D('',#9673,#9674,#9675);
#9677=PLANE('',#9676);
#9678=CARTESIAN_POINT('',(140.125410702798630,6.750000000000002,-10.0));
#9679=DIRECTION('',(-0.342020143325670,-0.939692620785908,0.0));
#9680=VECTOR('',#9679,7.183199964212412);
#9681=LINE('',#9678,#9680);
#9682=EDGE_CURVE('',#9641,#7310,#9681,.T.);
#9683=ORIENTED_EDGE('',*,*,#9682,.T.);
#9684=ORIENTED_EDGE('',*,*,#7315,.F.);
#9685=CARTESIAN_POINT('',(137.668611621501750,1.110223E-015,0.0));
#9686=DIRECTION('',(0.342020143325670,0.939692620785908,0.0));
#9687=VECTOR('',#9686,7.183199964212412);
#9688=LINE('',#9685,#9687);
#9689=EDGE_CURVE('',#7308,#9649,#9688,.T.);
#9690=ORIENTED_EDGE('',*,*,#9689,.T.);
#9691=ORIENTED_EDGE('',*,*,#9654,.T.);
#9692=EDGE_LOOP('',(#9683,#9684,#9690,#9691));
#9693=FACE_OUTER_BOUND('',#9692,.T.);
#9694=ADVANCED_FACE('',(#9693),#9677,.T.);
#9695=CARTESIAN_POINT('',(145.111388378498300,1.110223E-015,0.0));
#9696=DIRECTION('',(0.939692620785908,0.342020143325669,0.0));
#9697=DIRECTION('',(0.0,0.0,-1.0));
#9698=AXIS2_PLACEMENT_3D('',#9695,#9696,#9697);
#9699=PLANE('',#9698);
#9700=CARTESIAN_POINT('',(145.111388378498300,1.110223E-015,-10.0));
#9701=DIRECTION('',(-0.342020143325670,0.939692620785908,0.0));
#9702=VECTOR('',#9701,7.183199964212412);
#9703=LINE('',#9700,#9702);
#9704=EDGE_CURVE('',#7358,#9639,#9703,.T.);
#9705=ORIENTED_EDGE('',*,*,#9704,.T.);
#9706=ORIENTED_EDGE('',*,*,#9668,.F.);
#9707=CARTESIAN_POINT('',(142.654589297201430,6.750000000000002,0.0));
#9708=DIRECTION('',(0.342020143325670,-0.939692620785908,0.0));
#9709=VECTOR('',#9708,7.183199964212412);
#9710=LINE('',#9707,#9709);
#9711=EDGE_CURVE('',#9657,#7366,#9710,.T.);
#9712=ORIENTED_EDGE('',*,*,#9711,.T.);
#9713=ORIENTED_EDGE('',*,*,#7371,.T.);
#9714=EDGE_LOOP('',(#9705,#9706,#9712,#9713));
#9715=FACE_OUTER_BOUND('',#9714,.T.);
#9716=ADVANCED_FACE('',(#9715),#9699,.T.);
#9717=CARTESIAN_POINT('',(150.816000000000030,6.750000000000000,0.0));
#9718=DIRECTION('',(0.0,1.0,0.0));
#9719=DIRECTION('',(0.0,0.0,1.0));
#9720=AXIS2_PLACEMENT_3D('',#9717,#9718,#9719);
#9721=PLANE('',#9720);
#9722=CARTESIAN_POINT('',(152.080589297201410,6.750000000000002,-10.0));
#9723=VERTEX_POINT('',#9722);
#9724=CARTESIAN_POINT('',(149.551410702798650,6.750000000000002,-10.0));
#9725=VERTEX_POINT('',#9724);
#9726=CARTESIAN_POINT('',(152.080589297201410,6.750000000000002,-10.0));
#9727=DIRECTION('',(-1.0,0.0,0.0));
#9728=VECTOR('',#9727,2.529178594402765);
#9729=LINE('',#9726,#9728);
#9730=EDGE_CURVE('',#9723,#9725,#9729,.T.);
#9731=ORIENTED_EDGE('',*,*,#9730,.T.);
#9732=CARTESIAN_POINT('',(149.551410702798650,6.750000000000002,0.0));
#9733=VERTEX_POINT('',#9732);
#9734=CARTESIAN_POINT('',(149.551410702798650,6.750000000000002,0.0));
#9735=DIRECTION('',(0.0,0.0,-1.0));
#9736=VECTOR('',#9735,10.0);
#9737=LINE('',#9734,#9736);
#9738=EDGE_CURVE('',#9733,#9725,#9737,.T.);
#9739=ORIENTED_EDGE('',*,*,#9738,.F.);
#9740=CARTESIAN_POINT('',(152.080589297201410,6.750000000000002,0.0));
#9741=VERTEX_POINT('',#9740);
#9742=CARTESIAN_POINT('',(149.551410702798650,6.750000000000002,0.0));
#9743=DIRECTION('',(1.0,0.0,0.0));
#9744=VECTOR('',#9743,2.529178594402765);
#9745=LINE('',#9742,#9744);
#9746=EDGE_CURVE('',#9733,#9741,#9745,.T.);
#9747=ORIENTED_EDGE('',*,*,#9746,.T.);
#9748=CARTESIAN_POINT('',(152.080589297201410,6.750000000000002,0.0));
#9749=DIRECTION('',(0.0,0.0,-1.0));
#9750=VECTOR('',#9749,10.0);
#9751=LINE('',#9748,#9750);
#9752=EDGE_CURVE('',#9741,#9723,#9751,.T.);
#9753=ORIENTED_EDGE('',*,*,#9752,.T.);
#9754=EDGE_LOOP('',(#9731,#9739,#9747,#9753));
#9755=FACE_OUTER_BOUND('',#9754,.T.);
#9756=ADVANCED_FACE('',(#9755),#9721,.T.);
#9757=CARTESIAN_POINT('',(149.551410702798650,6.750000000000002,0.0));
#9758=DIRECTION('',(-0.939692620785908,0.342020143325669,0.0));
#9759=DIRECTION('',(0.0,0.0,1.0));
#9760=AXIS2_PLACEMENT_3D('',#9757,#9758,#9759);
#9761=PLANE('',#9760);
#9762=CARTESIAN_POINT('',(149.551410702798650,6.750000000000002,-10.0));
#9763=DIRECTION('',(-0.342020143325670,-0.939692620785908,0.0));
#9764=VECTOR('',#9763,7.183199964212412);
#9765=LINE('',#9762,#9764);
#9766=EDGE_CURVE('',#9725,#7350,#9765,.T.);
#9767=ORIENTED_EDGE('',*,*,#9766,.T.);
#9768=ORIENTED_EDGE('',*,*,#7355,.F.);
#9769=CARTESIAN_POINT('',(147.094611621501770,1.110223E-015,0.0));
#9770=DIRECTION('',(0.342020143325670,0.939692620785908,0.0));
#9771=VECTOR('',#9770,7.183199964212412);
#9772=LINE('',#9769,#9771);
#9773=EDGE_CURVE('',#7348,#9733,#9772,.T.);
#9774=ORIENTED_EDGE('',*,*,#9773,.T.);
#9775=ORIENTED_EDGE('',*,*,#9738,.T.);
#9776=EDGE_LOOP('',(#9767,#9768,#9774,#9775));
#9777=FACE_OUTER_BOUND('',#9776,.T.);
#9778=ADVANCED_FACE('',(#9777),#9761,.T.);
#9779=CARTESIAN_POINT('',(154.537388378498290,1.110223E-015,0.0));
#9780=DIRECTION('',(0.939692620785908,0.342020143325669,0.0));
#9781=DIRECTION('',(0.0,0.0,-1.0));
#9782=AXIS2_PLACEMENT_3D('',#9779,#9780,#9781);
#9783=PLANE('',#9782);
#9784=CARTESIAN_POINT('',(154.537388378498290,1.110223E-015,-10.0));
#9785=DIRECTION('',(-0.342020143325670,0.939692620785908,0.0));
#9786=VECTOR('',#9785,7.183199964212412);
#9787=LINE('',#9784,#9786);
#9788=EDGE_CURVE('',#7398,#9723,#9787,.T.);
#9789=ORIENTED_EDGE('',*,*,#9788,.T.);
#9790=ORIENTED_EDGE('',*,*,#9752,.F.);
#9791=CARTESIAN_POINT('',(152.080589297201410,6.750000000000002,0.0));
#9792=DIRECTION('',(0.342020143325670,-0.939692620785908,0.0));
#9793=VECTOR('',#9792,7.183199964212412);
#9794=LINE('',#9791,#9793);
#9795=EDGE_CURVE('',#9741,#7406,#9794,.T.);
#9796=ORIENTED_EDGE('',*,*,#9795,.T.);
#9797=ORIENTED_EDGE('',*,*,#7411,.T.);
#9798=EDGE_LOOP('',(#9789,#9790,#9796,#9797));
#9799=FACE_OUTER_BOUND('',#9798,.T.);
#9800=ADVANCED_FACE('',(#9799),#9783,.T.);
#9801=CARTESIAN_POINT('',(160.242000000000050,6.750000000000000,0.0));
#9802=DIRECTION('',(0.0,1.0,0.0));
#9803=DIRECTION('',(0.0,0.0,1.0));
#9804=AXIS2_PLACEMENT_3D('',#9801,#9802,#9803);
#9805=PLANE('',#9804);
#9806=CARTESIAN_POINT('',(161.506589297201400,6.750000000000002,-10.0));
#9807=VERTEX_POINT('',#9806);
#9808=CARTESIAN_POINT('',(158.977410702798660,6.750000000000002,-10.0));
#9809=VERTEX_POINT('',#9808);
#9810=CARTESIAN_POINT('',(161.506589297201400,6.750000000000002,-10.0));
#9811=DIRECTION('',(-1.0,0.0,0.0));
#9812=VECTOR('',#9811,2.529178594402737);
#9813=LINE('',#9810,#9812);
#9814=EDGE_CURVE('',#9807,#9809,#9813,.T.);
#9815=ORIENTED_EDGE('',*,*,#9814,.T.);
#9816=CARTESIAN_POINT('',(158.977410702798660,6.750000000000002,0.0));
#9817=VERTEX_POINT('',#9816);
#9818=CARTESIAN_POINT('',(158.977410702798660,6.750000000000002,0.0));
#9819=DIRECTION('',(0.0,0.0,-1.0));
#9820=VECTOR('',#9819,10.0);
#9821=LINE('',#9818,#9820);
#9822=EDGE_CURVE('',#9817,#9809,#9821,.T.);
#9823=ORIENTED_EDGE('',*,*,#9822,.F.);
#9824=CARTESIAN_POINT('',(161.506589297201400,6.750000000000002,0.0));
#9825=VERTEX_POINT('',#9824);
#9826=CARTESIAN_POINT('',(158.977410702798660,6.750000000000002,0.0));
#9827=DIRECTION('',(1.0,0.0,0.0));
#9828=VECTOR('',#9827,2.529178594402737);
#9829=LINE('',#9826,#9828);
#9830=EDGE_CURVE('',#9817,#9825,#9829,.T.);
#9831=ORIENTED_EDGE('',*,*,#9830,.T.);
#9832=CARTESIAN_POINT('',(161.506589297201400,6.750000000000002,0.0));
#9833=DIRECTION('',(0.0,0.0,-1.0));
#9834=VECTOR('',#9833,10.0);
#9835=LINE('',#9832,#9834);
#9836=EDGE_CURVE('',#9825,#9807,#9835,.T.);
#9837=ORIENTED_EDGE('',*,*,#9836,.T.);
#9838=EDGE_LOOP('',(#9815,#9823,#9831,#9837));
#9839=FACE_OUTER_BOUND('',#9838,.T.);
#9840=ADVANCED_FACE('',(#9839),#9805,.T.);
#9841=CARTESIAN_POINT('',(158.977410702798660,6.750000000000002,0.0));
#9842=DIRECTION('',(-0.939692620785908,0.342020143325669,0.0));
#9843=DIRECTION('',(0.0,0.0,1.0));
#9844=AXIS2_PLACEMENT_3D('',#9841,#9842,#9843);
#9845=PLANE('',#9844);
#9846=CARTESIAN_POINT('',(158.977410702798660,6.750000000000002,-10.0));
#9847=DIRECTION('',(-0.342020143325670,-0.939692620785908,0.0));
#9848=VECTOR('',#9847,7.183199964212412);
#9849=LINE('',#9846,#9848);
#9850=EDGE_CURVE('',#9809,#7390,#9849,.T.);
#9851=ORIENTED_EDGE('',*,*,#9850,.T.);
#9852=ORIENTED_EDGE('',*,*,#7395,.F.);
#9853=CARTESIAN_POINT('',(156.520611621501790,1.110223E-015,0.0));
#9854=DIRECTION('',(0.342020143325670,0.939692620785908,0.0));
#9855=VECTOR('',#9854,7.183199964212412);
#9856=LINE('',#9853,#9855);
#9857=EDGE_CURVE('',#7388,#9817,#9856,.T.);
#9858=ORIENTED_EDGE('',*,*,#9857,.T.);
#9859=ORIENTED_EDGE('',*,*,#9822,.T.);
#9860=EDGE_LOOP('',(#9851,#9852,#9858,#9859));
#9861=FACE_OUTER_BOUND('',#9860,.T.);
#9862=ADVANCED_FACE('',(#9861),#9845,.T.);
#9863=CARTESIAN_POINT('',(163.963388378498280,1.110223E-015,0.0));
#9864=DIRECTION('',(0.939692620785908,0.342020143325669,0.0));
#9865=DIRECTION('',(0.0,0.0,-1.0));
#9866=AXIS2_PLACEMENT_3D('',#9863,#9864,#9865);
#9867=PLANE('',#9866);
#9868=CARTESIAN_POINT('',(163.963388378498280,1.110223E-015,-10.0));
#9869=DIRECTION('',(-0.342020143325670,0.939692620785908,0.0));
#9870=VECTOR('',#9869,7.183199964212412);
#9871=LINE('',#9868,#9870);
#9872=EDGE_CURVE('',#7438,#9807,#9871,.T.);
#9873=ORIENTED_EDGE('',*,*,#9872,.T.);
#9874=ORIENTED_EDGE('',*,*,#9836,.F.);
#9875=CARTESIAN_POINT('',(161.506589297201400,6.750000000000002,0.0));
#9876=DIRECTION('',(0.342020143325670,-0.939692620785908,0.0));
#9877=VECTOR('',#9876,7.183199964212412);
#9878=LINE('',#9875,#9877);
#9879=EDGE_CURVE('',#9825,#7446,#9878,.T.);
#9880=ORIENTED_EDGE('',*,*,#9879,.T.);
#9881=ORIENTED_EDGE('',*,*,#7451,.T.);
#9882=EDGE_LOOP('',(#9873,#9874,#9880,#9881));
#9883=FACE_OUTER_BOUND('',#9882,.T.);
#9884=ADVANCED_FACE('',(#9883),#9867,.T.);
#9885=CARTESIAN_POINT('',(169.668000000000030,6.750000000000000,0.0));
#9886=DIRECTION('',(0.0,1.0,0.0));
#9887=DIRECTION('',(0.0,0.0,1.0));
#9888=AXIS2_PLACEMENT_3D('',#9885,#9886,#9887);
#9889=PLANE('',#9888);
#9890=CARTESIAN_POINT('',(170.932589297201450,6.750000000000002,-10.0));
#9891=VERTEX_POINT('',#9890);
#9892=CARTESIAN_POINT('',(168.403410702798650,6.750000000000002,-10.0));
#9893=VERTEX_POINT('',#9892);
#9894=CARTESIAN_POINT('',(170.932589297201450,6.750000000000002,-10.0));
#9895=DIRECTION('',(-1.0,0.0,0.0));
#9896=VECTOR('',#9895,2.529178594402794);
#9897=LINE('',#9894,#9896);
#9898=EDGE_CURVE('',#9891,#9893,#9897,.T.);
#9899=ORIENTED_EDGE('',*,*,#9898,.T.);
#9900=CARTESIAN_POINT('',(168.403410702798650,6.750000000000002,0.0));
#9901=VERTEX_POINT('',#9900);
#9902=CARTESIAN_POINT('',(168.403410702798650,6.750000000000002,0.0));
#9903=DIRECTION('',(0.0,0.0,-1.0));
#9904=VECTOR('',#9903,10.0);
#9905=LINE('',#9902,#9904);
#9906=EDGE_CURVE('',#9901,#9893,#9905,.T.);
#9907=ORIENTED_EDGE('',*,*,#9906,.F.);
#9908=CARTESIAN_POINT('',(170.932589297201450,6.750000000000002,0.0));
#9909=VERTEX_POINT('',#9908);
#9910=CARTESIAN_POINT('',(168.403410702798650,6.750000000000002,0.0));
#9911=DIRECTION('',(1.0,0.0,0.0));
#9912=VECTOR('',#9911,2.529178594402794);
#9913=LINE('',#9910,#9912);
#9914=EDGE_CURVE('',#9901,#9909,#9913,.T.);
#9915=ORIENTED_EDGE('',*,*,#9914,.T.);
#9916=CARTESIAN_POINT('',(170.932589297201450,6.750000000000002,0.0));
#9917=DIRECTION('',(0.0,0.0,-1.0));
#9918=VECTOR('',#9917,10.0);
#9919=LINE('',#9916,#9918);
#9920=EDGE_CURVE('',#9909,#9891,#9919,.T.);
#9921=ORIENTED_EDGE('',*,*,#9920,.T.);
#9922=EDGE_LOOP('',(#9899,#9907,#9915,#9921));
#9923=FACE_OUTER_BOUND('',#9922,.T.);
#9924=ADVANCED_FACE('',(#9923),#9889,.T.);
#9925=CARTESIAN_POINT('',(168.403410702798650,6.750000000000002,0.0));
#9926=DIRECTION('',(-0.939692620785908,0.342020143325669,0.0));
#9927=DIRECTION('',(0.0,0.0,1.0));
#9928=AXIS2_PLACEMENT_3D('',#9925,#9926,#9927);
#9929=PLANE('',#9928);
#9930=CARTESIAN_POINT('',(168.403410702798650,6.750000000000002,-10.0));
#9931=DIRECTION('',(-0.342020143325670,-0.939692620785908,0.0));
#9932=VECTOR('',#9931,7.183199964212412);
#9933=LINE('',#9930,#9932);
#9934=EDGE_CURVE('',#9893,#7430,#9933,.T.);
#9935=ORIENTED_EDGE('',*,*,#9934,.T.);
#9936=ORIENTED_EDGE('',*,*,#7435,.F.);
#9937=CARTESIAN_POINT('',(165.946611621501770,1.110223E-015,0.0));
#9938=DIRECTION('',(0.342020143325670,0.939692620785908,0.0));
#9939=VECTOR('',#9938,7.183199964212412);
#9940=LINE('',#9937,#9939);
#9941=EDGE_CURVE('',#7428,#9901,#9940,.T.);
#9942=ORIENTED_EDGE('',*,*,#9941,.T.);
#9943=ORIENTED_EDGE('',*,*,#9906,.T.);
#9944=EDGE_LOOP('',(#9935,#9936,#9942,#9943));
#9945=FACE_OUTER_BOUND('',#9944,.T.);
#9946=ADVANCED_FACE('',(#9945),#9929,.T.);
#9947=CARTESIAN_POINT('',(173.389388378498270,1.110223E-015,0.0));
#9948=DIRECTION('',(0.939692620785908,0.342020143325669,0.0));
#9949=DIRECTION('',(0.0,0.0,-1.0));
#9950=AXIS2_PLACEMENT_3D('',#9947,#9948,#9949);
#9951=PLANE('',#9950);
#9952=CARTESIAN_POINT('',(173.389388378498270,1.110223E-015,-10.0));
#9953=DIRECTION('',(-0.342020143325663,0.939692620785910,0.0));
#9954=VECTOR('',#9953,7.183199964212393);
#9955=LINE('',#9952,#9954);
#9956=EDGE_CURVE('',#7478,#9891,#9955,.T.);
#9957=ORIENTED_EDGE('',*,*,#9956,.T.);
#9958=ORIENTED_EDGE('',*,*,#9920,.F.);
#9959=CARTESIAN_POINT('',(170.932589297201450,6.750000000000002,0.0));
#9960=DIRECTION('',(0.342020143325663,-0.939692620785910,0.0));
#9961=VECTOR('',#9960,7.183199964212393);
#9962=LINE('',#9959,#9961);
#9963=EDGE_CURVE('',#9909,#7486,#9962,.T.);
#9964=ORIENTED_EDGE('',*,*,#9963,.T.);
#9965=ORIENTED_EDGE('',*,*,#7491,.T.);
#9966=EDGE_LOOP('',(#9957,#9958,#9964,#9965));
#9967=FACE_OUTER_BOUND('',#9966,.T.);
#9968=ADVANCED_FACE('',(#9967),#9951,.T.);
#9969=CARTESIAN_POINT('',(179.094000000000050,6.750000000000000,0.0));
#9970=DIRECTION('',(0.0,1.0,0.0));
#9971=DIRECTION('',(0.0,0.0,1.0));
#9972=AXIS2_PLACEMENT_3D('',#9969,#9970,#9971);
#9973=PLANE('',#9972);
#9974=CARTESIAN_POINT('',(180.358589297201460,6.750000000000002,-10.0));
#9975=VERTEX_POINT('',#9974);
#9976=CARTESIAN_POINT('',(177.829410702798640,6.750000000000002,-10.0));
#9977=VERTEX_POINT('',#9976);
#9978=CARTESIAN_POINT('',(180.358589297201460,6.750000000000002,-10.0));
#9979=DIRECTION('',(-1.0,0.0,0.0));
#9980=VECTOR('',#9979,2.529178594402822);
#9981=LINE('',#9978,#9980);
#9982=EDGE_CURVE('',#9975,#9977,#9981,.T.);
#9983=ORIENTED_EDGE('',*,*,#9982,.T.);
#9984=CARTESIAN_POINT('',(177.829410702798640,6.750000000000002,0.0));
#9985=VERTEX_POINT('',#9984);
#9986=CARTESIAN_POINT('',(177.829410702798640,6.750000000000002,0.0));
#9987=DIRECTION('',(0.0,0.0,-1.0));
#9988=VECTOR('',#9987,10.0);
#9989=LINE('',#9986,#9988);
#9990=EDGE_CURVE('',#9985,#9977,#9989,.T.);
#9991=ORIENTED_EDGE('',*,*,#9990,.F.);
#9992=CARTESIAN_POINT('',(180.358589297201460,6.750000000000002,0.0));
#9993=VERTEX_POINT('',#9992);
#9994=CARTESIAN_POINT('',(177.829410702798640,6.750000000000002,0.0));
#9995=DIRECTION('',(1.0,0.0,0.0));
#9996=VECTOR('',#9995,2.529178594402822);
#9997=LINE('',#9994,#9996);
#9998=EDGE_CURVE('',#9985,#9993,#9997,.T.);
#9999=ORIENTED_EDGE('',*,*,#9998,.T.);
#10000=CARTESIAN_POINT('',(180.358589297201460,6.750000000000002,0.0));
#10001=DIRECTION('',(0.0,0.0,-1.0));
#10002=VECTOR('',#10001,10.0);
#10003=LINE('',#10000,#10002);
#10004=EDGE_CURVE('',#9993,#9975,#10003,.T.);
#10005=ORIENTED_EDGE('',*,*,#10004,.T.);
#10006=EDGE_LOOP('',(#9983,#9991,#9999,#10005));
#10007=FACE_OUTER_BOUND('',#10006,.T.);
#10008=ADVANCED_FACE('',(#10007),#9973,.T.);
#10009=CARTESIAN_POINT('',(177.829410702798640,6.750000000000002,0.0));
#10010=DIRECTION('',(-0.939692620785908,0.342020143325669,0.0));
#10011=DIRECTION('',(0.0,0.0,1.0));
#10012=AXIS2_PLACEMENT_3D('',#10009,#10010,#10011);
#10013=PLANE('',#10012);
#10014=CARTESIAN_POINT('',(177.829410702798640,6.750000000000002,-10.0));
#10015=DIRECTION('',(-0.342020143325667,-0.939692620785909,0.0));
#10016=VECTOR('',#10015,7.183199964212403);
#10017=LINE('',#10014,#10016);
#10018=EDGE_CURVE('',#9977,#7470,#10017,.T.);
#10019=ORIENTED_EDGE('',*,*,#10018,.T.);
#10020=ORIENTED_EDGE('',*,*,#7475,.F.);
#10021=CARTESIAN_POINT('',(175.372611621501790,1.110223E-015,0.0));
#10022=DIRECTION('',(0.342020143325667,0.939692620785909,0.0));
#10023=VECTOR('',#10022,7.183199964212403);
#10024=LINE('',#10021,#10023);
#10025=EDGE_CURVE('',#7468,#9985,#10024,.T.);
#10026=ORIENTED_EDGE('',*,*,#10025,.T.);
#10027=ORIENTED_EDGE('',*,*,#9990,.T.);
#10028=EDGE_LOOP('',(#10019,#10020,#10026,#10027));
#10029=FACE_OUTER_BOUND('',#10028,.T.);
#10030=ADVANCED_FACE('',(#10029),#10013,.T.);
#10031=CARTESIAN_POINT('',(182.815388378498310,1.110223E-015,0.0));
#10032=DIRECTION('',(0.939692620785908,0.342020143325669,0.0));
#10033=DIRECTION('',(0.0,0.0,-1.0));
#10034=AXIS2_PLACEMENT_3D('',#10031,#10032,#10033);
#10035=PLANE('',#10034);
#10036=CARTESIAN_POINT('',(182.815388378498310,1.110223E-015,-10.0));
#10037=DIRECTION('',(-0.342020143325667,0.939692620785909,0.0));
#10038=VECTOR('',#10037,7.183199964212403);
#10039=LINE('',#10036,#10038);
#10040=EDGE_CURVE('',#7518,#9975,#10039,.T.);
#10041=ORIENTED_EDGE('',*,*,#10040,.T.);
#10042=ORIENTED_EDGE('',*,*,#10004,.F.);
#10043=CARTESIAN_POINT('',(180.358589297201460,6.750000000000002,0.0));
#10044=DIRECTION('',(0.342020143325667,-0.939692620785909,0.0));
#10045=VECTOR('',#10044,7.183199964212403);
#10046=LINE('',#10043,#10045);
#10047=EDGE_CURVE('',#9993,#7526,#10046,.T.);
#10048=ORIENTED_EDGE('',*,*,#10047,.T.);
#10049=ORIENTED_EDGE('',*,*,#7531,.T.);
#10050=EDGE_LOOP('',(#10041,#10042,#10048,#10049));
#10051=FACE_OUTER_BOUND('',#10050,.T.);
#10052=ADVANCED_FACE('',(#10051),#10035,.T.);
#10053=CARTESIAN_POINT('',(188.520000000000040,6.750000000000000,0.0));
#10054=DIRECTION('',(0.0,1.0,0.0));
#10055=DIRECTION('',(0.0,0.0,1.0));
#10056=AXIS2_PLACEMENT_3D('',#10053,#10054,#10055);
#10057=PLANE('',#10056);
#10058=CARTESIAN_POINT('',(189.784589297201450,6.750000000000002,-10.0));
#10059=VERTEX_POINT('',#10058);
#10060=CARTESIAN_POINT('',(187.255410702798630,6.750000000000002,-10.0));
#10061=VERTEX_POINT('',#10060);
#10062=CARTESIAN_POINT('',(189.784589297201450,6.750000000000002,-10.0));
#10063=DIRECTION('',(-1.0,0.0,0.0));
#10064=VECTOR('',#10063,2.529178594402822);
#10065=LINE('',#10062,#10064);
#10066=EDGE_CURVE('',#10059,#10061,#10065,.T.);
#10067=ORIENTED_EDGE('',*,*,#10066,.T.);
#10068=CARTESIAN_POINT('',(187.255410702798630,6.750000000000002,0.0));
#10069=VERTEX_POINT('',#10068);
#10070=CARTESIAN_POINT('',(187.255410702798630,6.750000000000002,0.0));
#10071=DIRECTION('',(0.0,0.0,-1.0));
#10072=VECTOR('',#10071,10.0);
#10073=LINE('',#10070,#10072);
#10074=EDGE_CURVE('',#10069,#10061,#10073,.T.);
#10075=ORIENTED_EDGE('',*,*,#10074,.F.);
#10076=CARTESIAN_POINT('',(189.784589297201450,6.750000000000002,0.0));
#10077=VERTEX_POINT('',#10076);
#10078=CARTESIAN_POINT('',(187.255410702798630,6.750000000000002,0.0));
#10079=DIRECTION('',(1.0,0.0,0.0));
#10080=VECTOR('',#10079,2.529178594402822);
#10081=LINE('',#10078,#10080);
#10082=EDGE_CURVE('',#10069,#10077,#10081,.T.);
#10083=ORIENTED_EDGE('',*,*,#10082,.T.);
#10084=CARTESIAN_POINT('',(189.784589297201450,6.750000000000002,0.0));
#10085=DIRECTION('',(0.0,0.0,-1.0));
#10086=VECTOR('',#10085,10.0);
#10087=LINE('',#10084,#10086);
#10088=EDGE_CURVE('',#10077,#10059,#10087,.T.);
#10089=ORIENTED_EDGE('',*,*,#10088,.T.);
#10090=EDGE_LOOP('',(#10067,#10075,#10083,#10089));
#10091=FACE_OUTER_BOUND('',#10090,.T.);
#10092=ADVANCED_FACE('',(#10091),#10057,.T.);
#10093=CARTESIAN_POINT('',(187.255410702798630,6.750000000000002,0.0));
#10094=DIRECTION('',(-0.939692620785908,0.342020143325669,0.0));
#10095=DIRECTION('',(0.0,0.0,1.0));
#10096=AXIS2_PLACEMENT_3D('',#10093,#10094,#10095);
#10097=PLANE('',#10096);
#10098=CARTESIAN_POINT('',(187.255410702798630,6.750000000000002,-10.0));
#10099=DIRECTION('',(-0.342020143325667,-0.939692620785909,0.0));
#10100=VECTOR('',#10099,7.183199964212403);
#10101=LINE('',#10098,#10100);
#10102=EDGE_CURVE('',#10061,#7510,#10101,.T.);
#10103=ORIENTED_EDGE('',*,*,#10102,.T.);
#10104=ORIENTED_EDGE('',*,*,#7515,.F.);
#10105=CARTESIAN_POINT('',(184.798611621501780,1.110223E-015,0.0));
#10106=DIRECTION('',(0.342020143325667,0.939692620785909,0.0));
#10107=VECTOR('',#10106,7.183199964212403);
#10108=LINE('',#10105,#10107);
#10109=EDGE_CURVE('',#7508,#10069,#10108,.T.);
#10110=ORIENTED_EDGE('',*,*,#10109,.T.);
#10111=ORIENTED_EDGE('',*,*,#10074,.T.);
#10112=EDGE_LOOP('',(#10103,#10104,#10110,#10111));
#10113=FACE_OUTER_BOUND('',#10112,.T.);
#10114=ADVANCED_FACE('',(#10113),#10097,.T.);
#10115=CARTESIAN_POINT('',(192.241388378498300,1.110223E-015,0.0));
#10116=DIRECTION('',(0.939692620785908,0.342020143325669,0.0));
#10117=DIRECTION('',(0.0,0.0,-1.0));
#10118=AXIS2_PLACEMENT_3D('',#10115,#10116,#10117);
#10119=PLANE('',#10118);
#10120=CARTESIAN_POINT('',(192.241388378498300,1.110223E-015,-10.0));
#10121=DIRECTION('',(-0.342020143325667,0.939692620785909,0.0));
#10122=VECTOR('',#10121,7.183199964212403);
#10123=LINE('',#10120,#10122);
#10124=EDGE_CURVE('',#7558,#10059,#10123,.T.);
#10125=ORIENTED_EDGE('',*,*,#10124,.T.);
#10126=ORIENTED_EDGE('',*,*,#10088,.F.);
#10127=CARTESIAN_POINT('',(189.784589297201450,6.750000000000002,0.0));
#10128=DIRECTION('',(0.342020143325667,-0.939692620785909,0.0));
#10129=VECTOR('',#10128,7.183199964212403);
#10130=LINE('',#10127,#10129);
#10131=EDGE_CURVE('',#10077,#7566,#10130,.T.);
#10132=ORIENTED_EDGE('',*,*,#10131,.T.);
#10133=ORIENTED_EDGE('',*,*,#7571,.T.);
#10134=EDGE_LOOP('',(#10125,#10126,#10132,#10133));
#10135=FACE_OUTER_BOUND('',#10134,.T.);
#10136=ADVANCED_FACE('',(#10135),#10119,.T.);
#10137=CARTESIAN_POINT('',(197.946000000000050,6.750000000000000,0.0));
#10138=DIRECTION('',(0.0,1.0,0.0));
#10139=DIRECTION('',(0.0,0.0,1.0));
#10140=AXIS2_PLACEMENT_3D('',#10137,#10138,#10139);
#10141=PLANE('',#10140);
#10142=CARTESIAN_POINT('',(199.210589297201470,6.750000000000002,-10.0));
#10143=VERTEX_POINT('',#10142);
#10144=CARTESIAN_POINT('',(196.681410702798640,6.750000000000002,-10.0));
#10145=VERTEX_POINT('',#10144);
#10146=CARTESIAN_POINT('',(199.210589297201470,6.750000000000002,-10.0));
#10147=DIRECTION('',(-1.0,0.0,0.0));
#10148=VECTOR('',#10147,2.529178594402822);
#10149=LINE('',#10146,#10148);
#10150=EDGE_CURVE('',#10143,#10145,#10149,.T.);
#10151=ORIENTED_EDGE('',*,*,#10150,.T.);
#10152=CARTESIAN_POINT('',(196.681410702798640,6.750000000000002,0.0));
#10153=VERTEX_POINT('',#10152);
#10154=CARTESIAN_POINT('',(196.681410702798640,6.750000000000002,0.0));
#10155=DIRECTION('',(0.0,0.0,-1.0));
#10156=VECTOR('',#10155,10.0);
#10157=LINE('',#10154,#10156);
#10158=EDGE_CURVE('',#10153,#10145,#10157,.T.);
#10159=ORIENTED_EDGE('',*,*,#10158,.F.);
#10160=CARTESIAN_POINT('',(199.210589297201470,6.750000000000002,0.0));
#10161=VERTEX_POINT('',#10160);
#10162=CARTESIAN_POINT('',(196.681410702798640,6.750000000000002,0.0));
#10163=DIRECTION('',(1.0,0.0,0.0));
#10164=VECTOR('',#10163,2.529178594402822);
#10165=LINE('',#10162,#10164);
#10166=EDGE_CURVE('',#10153,#10161,#10165,.T.);
#10167=ORIENTED_EDGE('',*,*,#10166,.T.);
#10168=CARTESIAN_POINT('',(199.210589297201470,6.750000000000002,0.0));
#10169=DIRECTION('',(0.0,0.0,-1.0));
#10170=VECTOR('',#10169,10.0);
#10171=LINE('',#10168,#10170);
#10172=EDGE_CURVE('',#10161,#10143,#10171,.T.);
#10173=ORIENTED_EDGE('',*,*,#10172,.T.);
#10174=EDGE_LOOP('',(#10151,#10159,#10167,#10173));
#10175=FACE_OUTER_BOUND('',#10174,.T.);
#10176=ADVANCED_FACE('',(#10175),#10141,.T.);
#10177=CARTESIAN_POINT('',(196.681410702798640,6.750000000000002,0.0));
#10178=DIRECTION('',(-0.939692620785908,0.342020143325669,0.0));
#10179=DIRECTION('',(0.0,0.0,1.0));
#10180=AXIS2_PLACEMENT_3D('',#10177,#10178,#10179);
#10181=PLANE('',#10180);
#10182=CARTESIAN_POINT('',(196.681410702798640,6.750000000000002,-10.0));
#10183=DIRECTION('',(-0.342020143325663,-0.939692620785910,0.0));
#10184=VECTOR('',#10183,7.183199964212393);
#10185=LINE('',#10182,#10184);
#10186=EDGE_CURVE('',#10145,#7550,#10185,.T.);
#10187=ORIENTED_EDGE('',*,*,#10186,.T.);
#10188=ORIENTED_EDGE('',*,*,#7555,.F.);
#10189=CARTESIAN_POINT('',(194.224611621501820,1.110223E-015,0.0));
#10190=DIRECTION('',(0.342020143325663,0.939692620785910,0.0));
#10191=VECTOR('',#10190,7.183199964212393);
#10192=LINE('',#10189,#10191);
#10193=EDGE_CURVE('',#7548,#10153,#10192,.T.);
#10194=ORIENTED_EDGE('',*,*,#10193,.T.);
#10195=ORIENTED_EDGE('',*,*,#10158,.T.);
#10196=EDGE_LOOP('',(#10187,#10188,#10194,#10195));
#10197=FACE_OUTER_BOUND('',#10196,.T.);
#10198=ADVANCED_FACE('',(#10197),#10181,.T.);
#10199=CARTESIAN_POINT('',(201.667388378498320,1.110223E-015,0.0));
#10200=DIRECTION('',(0.939692620785908,0.342020143325669,0.0));
#10201=DIRECTION('',(0.0,0.0,-1.0));
#10202=AXIS2_PLACEMENT_3D('',#10199,#10200,#10201);
#10203=PLANE('',#10202);
#10204=CARTESIAN_POINT('',(201.667388378498320,1.110223E-015,-10.0));
#10205=DIRECTION('',(-0.342020143325667,0.939692620785909,0.0));
#10206=VECTOR('',#10205,7.183199964212403);
#10207=LINE('',#10204,#10206);
#10208=EDGE_CURVE('',#7598,#10143,#10207,.T.);
#10209=ORIENTED_EDGE('',*,*,#10208,.T.);
#10210=ORIENTED_EDGE('',*,*,#10172,.F.);
#10211=CARTESIAN_POINT('',(199.210589297201470,6.750000000000002,0.0));
#10212=DIRECTION('',(0.342020143325667,-0.939692620785909,0.0));
#10213=VECTOR('',#10212,7.183199964212403);
#10214=LINE('',#10211,#10213);
#10215=EDGE_CURVE('',#10161,#7606,#10214,.T.);
#10216=ORIENTED_EDGE('',*,*,#10215,.T.);
#10217=ORIENTED_EDGE('',*,*,#7611,.T.);
#10218=EDGE_LOOP('',(#10209,#10210,#10216,#10217));
#10219=FACE_OUTER_BOUND('',#10218,.T.);
#10220=ADVANCED_FACE('',(#10219),#10203,.T.);
#10221=CARTESIAN_POINT('',(207.372000000000040,6.750000000000000,0.0));
#10222=DIRECTION('',(0.0,1.0,0.0));
#10223=DIRECTION('',(0.0,0.0,1.0));
#10224=AXIS2_PLACEMENT_3D('',#10221,#10222,#10223);
#10225=PLANE('',#10224);
#10226=CARTESIAN_POINT('',(208.636589297201450,6.750000000000002,-10.0));
#10227=VERTEX_POINT('',#10226);
#10228=CARTESIAN_POINT('',(206.107410702798630,6.750000000000002,-10.0));
#10229=VERTEX_POINT('',#10228);
#10230=CARTESIAN_POINT('',(208.636589297201450,6.750000000000002,-10.0));
#10231=DIRECTION('',(-1.0,0.0,0.0));
#10232=VECTOR('',#10231,2.529178594402822);
#10233=LINE('',#10230,#10232);
#10234=EDGE_CURVE('',#10227,#10229,#10233,.T.);
#10235=ORIENTED_EDGE('',*,*,#10234,.T.);
#10236=CARTESIAN_POINT('',(206.107410702798630,6.750000000000002,0.0));
#10237=VERTEX_POINT('',#10236);
#10238=CARTESIAN_POINT('',(206.107410702798630,6.750000000000002,0.0));
#10239=DIRECTION('',(0.0,0.0,-1.0));
#10240=VECTOR('',#10239,10.0);
#10241=LINE('',#10238,#10240);
#10242=EDGE_CURVE('',#10237,#10229,#10241,.T.);
#10243=ORIENTED_EDGE('',*,*,#10242,.F.);
#10244=CARTESIAN_POINT('',(208.636589297201450,6.750000000000002,0.0));
#10245=VERTEX_POINT('',#10244);
#10246=CARTESIAN_POINT('',(206.107410702798630,6.750000000000002,0.0));
#10247=DIRECTION('',(1.0,0.0,0.0));
#10248=VECTOR('',#10247,2.529178594402822);
#10249=LINE('',#10246,#10248);
#10250=EDGE_CURVE('',#10237,#10245,#10249,.T.);
#10251=ORIENTED_EDGE('',*,*,#10250,.T.);
#10252=CARTESIAN_POINT('',(208.636589297201450,6.750000000000002,0.0));
#10253=DIRECTION('',(0.0,0.0,-1.0));
#10254=VECTOR('',#10253,10.0);
#10255=LINE('',#10252,#10254);
#10256=EDGE_CURVE('',#10245,#10227,#10255,.T.);
#10257=ORIENTED_EDGE('',*,*,#10256,.T.);
#10258=EDGE_LOOP('',(#10235,#10243,#10251,#10257));
#10259=FACE_OUTER_BOUND('',#10258,.T.);
#10260=ADVANCED_FACE('',(#10259),#10225,.T.);
#10261=CARTESIAN_POINT('',(206.107410702798630,6.750000000000002,0.0));
#10262=DIRECTION('',(-0.939692620785908,0.342020143325669,0.0));
#10263=DIRECTION('',(0.0,0.0,1.0));
#10264=AXIS2_PLACEMENT_3D('',#10261,#10262,#10263);
#10265=PLANE('',#10264);
#10266=CARTESIAN_POINT('',(206.107410702798630,6.750000000000002,-10.0));
#10267=DIRECTION('',(-0.342020143325663,-0.939692620785910,0.0));
#10268=VECTOR('',#10267,7.183199964212393);
#10269=LINE('',#10266,#10268);
#10270=EDGE_CURVE('',#10229,#7590,#10269,.T.);
#10271=ORIENTED_EDGE('',*,*,#10270,.T.);
#10272=ORIENTED_EDGE('',*,*,#7595,.F.);
#10273=CARTESIAN_POINT('',(203.650611621501810,1.110223E-015,0.0));
#10274=DIRECTION('',(0.342020143325663,0.939692620785910,0.0));
#10275=VECTOR('',#10274,7.183199964212393);
#10276=LINE('',#10273,#10275);
#10277=EDGE_CURVE('',#7588,#10237,#10276,.T.);
#10278=ORIENTED_EDGE('',*,*,#10277,.T.);
#10279=ORIENTED_EDGE('',*,*,#10242,.T.);
#10280=EDGE_LOOP('',(#10271,#10272,#10278,#10279));
#10281=FACE_OUTER_BOUND('',#10280,.T.);
#10282=ADVANCED_FACE('',(#10281),#10265,.T.);
#10283=CARTESIAN_POINT('',(211.093388378498300,1.110223E-015,0.0));
#10284=DIRECTION('',(0.939692620785908,0.342020143325669,0.0));
#10285=DIRECTION('',(0.0,0.0,-1.0));
#10286=AXIS2_PLACEMENT_3D('',#10283,#10284,#10285);
#10287=PLANE('',#10286);
#10288=CARTESIAN_POINT('',(211.093388378498300,1.110223E-015,-10.0));
#10289=DIRECTION('',(-0.342020143325667,0.939692620785909,0.0));
#10290=VECTOR('',#10289,7.183199964212403);
#10291=LINE('',#10288,#10290);
#10292=EDGE_CURVE('',#7638,#10227,#10291,.T.);
#10293=ORIENTED_EDGE('',*,*,#10292,.T.);
#10294=ORIENTED_EDGE('',*,*,#10256,.F.);
#10295=CARTESIAN_POINT('',(208.636589297201450,6.750000000000002,0.0));
#10296=DIRECTION('',(0.342020143325667,-0.939692620785909,0.0));
#10297=VECTOR('',#10296,7.183199964212403);
#10298=LINE('',#10295,#10297);
#10299=EDGE_CURVE('',#10245,#7646,#10298,.T.);
#10300=ORIENTED_EDGE('',*,*,#10299,.T.);
#10301=ORIENTED_EDGE('',*,*,#7651,.T.);
#10302=EDGE_LOOP('',(#10293,#10294,#10300,#10301));
#10303=FACE_OUTER_BOUND('',#10302,.T.);
#10304=ADVANCED_FACE('',(#10303),#10287,.T.);
#10305=CARTESIAN_POINT('',(216.798000000000030,6.750000000000000,0.0));
#10306=DIRECTION('',(0.0,1.0,0.0));
#10307=DIRECTION('',(0.0,0.0,1.0));
#10308=AXIS2_PLACEMENT_3D('',#10305,#10306,#10307);
#10309=PLANE('',#10308);
#10310=CARTESIAN_POINT('',(218.062589297201440,6.750000000000002,-10.0));
#10311=VERTEX_POINT('',#10310);
#10312=CARTESIAN_POINT('',(215.533410702798620,6.750000000000002,-10.0));
#10313=VERTEX_POINT('',#10312);
#10314=CARTESIAN_POINT('',(218.062589297201440,6.750000000000002,-10.0));
#10315=DIRECTION('',(-1.0,0.0,0.0));
#10316=VECTOR('',#10315,2.529178594402822);
#10317=LINE('',#10314,#10316);
#10318=EDGE_CURVE('',#10311,#10313,#10317,.T.);
#10319=ORIENTED_EDGE('',*,*,#10318,.T.);
#10320=CARTESIAN_POINT('',(215.533410702798620,6.750000000000002,0.0));
#10321=VERTEX_POINT('',#10320);
#10322=CARTESIAN_POINT('',(215.533410702798620,6.750000000000002,0.0));
#10323=DIRECTION('',(0.0,0.0,-1.0));
#10324=VECTOR('',#10323,10.0);
#10325=LINE('',#10322,#10324);
#10326=EDGE_CURVE('',#10321,#10313,#10325,.T.);
#10327=ORIENTED_EDGE('',*,*,#10326,.F.);
#10328=CARTESIAN_POINT('',(218.062589297201440,6.750000000000002,0.0));
#10329=VERTEX_POINT('',#10328);
#10330=CARTESIAN_POINT('',(215.533410702798620,6.750000000000002,0.0));
#10331=DIRECTION('',(1.0,0.0,0.0));
#10332=VECTOR('',#10331,2.529178594402822);
#10333=LINE('',#10330,#10332);
#10334=EDGE_CURVE('',#10321,#10329,#10333,.T.);
#10335=ORIENTED_EDGE('',*,*,#10334,.T.);
#10336=CARTESIAN_POINT('',(218.062589297201440,6.750000000000002,0.0));
#10337=DIRECTION('',(0.0,0.0,-1.0));
#10338=VECTOR('',#10337,10.0);
#10339=LINE('',#10336,#10338);
#10340=EDGE_CURVE('',#10329,#10311,#10339,.T.);
#10341=ORIENTED_EDGE('',*,*,#10340,.T.);
#10342=EDGE_LOOP('',(#10319,#10327,#10335,#10341));
#10343=FACE_OUTER_BOUND('',#10342,.T.);
#10344=ADVANCED_FACE('',(#10343),#10309,.T.);
#10345=CARTESIAN_POINT('',(215.533410702798620,6.750000000000002,0.0));
#10346=DIRECTION('',(-0.939692620785908,0.342020143325669,0.0));
#10347=DIRECTION('',(0.0,0.0,1.0));
#10348=AXIS2_PLACEMENT_3D('',#10345,#10346,#10347);
#10349=PLANE('',#10348);
#10350=CARTESIAN_POINT('',(215.533410702798620,6.750000000000002,-10.0));
#10351=DIRECTION('',(-0.342020143325663,-0.939692620785910,0.0));
#10352=VECTOR('',#10351,7.183199964212393);
#10353=LINE('',#10350,#10352);
#10354=EDGE_CURVE('',#10313,#7630,#10353,.T.);
#10355=ORIENTED_EDGE('',*,*,#10354,.T.);
#10356=ORIENTED_EDGE('',*,*,#7635,.F.);
#10357=CARTESIAN_POINT('',(213.076611621501800,1.110223E-015,0.0));
#10358=DIRECTION('',(0.342020143325663,0.939692620785910,0.0));
#10359=VECTOR('',#10358,7.183199964212393);
#10360=LINE('',#10357,#10359);
#10361=EDGE_CURVE('',#7628,#10321,#10360,.T.);
#10362=ORIENTED_EDGE('',*,*,#10361,.T.);
#10363=ORIENTED_EDGE('',*,*,#10326,.T.);
#10364=EDGE_LOOP('',(#10355,#10356,#10362,#10363));
#10365=FACE_OUTER_BOUND('',#10364,.T.);
#10366=ADVANCED_FACE('',(#10365),#10349,.T.);
#10367=CARTESIAN_POINT('',(220.519388378498290,1.110223E-015,0.0));
#10368=DIRECTION('',(0.939692620785908,0.342020143325669,0.0));
#10369=DIRECTION('',(0.0,0.0,-1.0));
#10370=AXIS2_PLACEMENT_3D('',#10367,#10368,#10369);
#10371=PLANE('',#10370);
#10372=CARTESIAN_POINT('',(220.519388378498290,1.110223E-015,-10.0));
#10373=DIRECTION('',(-0.342020143325667,0.939692620785909,0.0));
#10374=VECTOR('',#10373,7.183199964212403);
#10375=LINE('',#10372,#10374);
#10376=EDGE_CURVE('',#7678,#10311,#10375,.T.);
#10377=ORIENTED_EDGE('',*,*,#10376,.T.);
#10378=ORIENTED_EDGE('',*,*,#10340,.F.);
#10379=CARTESIAN_POINT('',(218.062589297201440,6.750000000000002,0.0));
#10380=DIRECTION('',(0.342020143325667,-0.939692620785909,0.0));
#10381=VECTOR('',#10380,7.183199964212403);
#10382=LINE('',#10379,#10381);
#10383=EDGE_CURVE('',#10329,#7686,#10382,.T.);
#10384=ORIENTED_EDGE('',*,*,#10383,.T.);
#10385=ORIENTED_EDGE('',*,*,#7691,.T.);
#10386=EDGE_LOOP('',(#10377,#10378,#10384,#10385));
#10387=FACE_OUTER_BOUND('',#10386,.T.);
#10388=ADVANCED_FACE('',(#10387),#10371,.T.);
#10389=CARTESIAN_POINT('',(226.224000000000050,6.750000000000000,0.0));
#10390=DIRECTION('',(0.0,1.0,0.0));
#10391=DIRECTION('',(0.0,0.0,1.0));
#10392=AXIS2_PLACEMENT_3D('',#10389,#10390,#10391);
#10393=PLANE('',#10392);
#10394=CARTESIAN_POINT('',(227.488589297201460,6.750000000000002,-10.0));
#10395=VERTEX_POINT('',#10394);
#10396=CARTESIAN_POINT('',(224.959410702798660,6.750000000000002,-10.0));
#10397=VERTEX_POINT('',#10396);
#10398=CARTESIAN_POINT('',(227.488589297201460,6.750000000000002,-10.0));
#10399=DIRECTION('',(-1.0,0.0,0.0));
#10400=VECTOR('',#10399,2.529178594402794);
#10401=LINE('',#10398,#10400);
#10402=EDGE_CURVE('',#10395,#10397,#10401,.T.);
#10403=ORIENTED_EDGE('',*,*,#10402,.T.);
#10404=CARTESIAN_POINT('',(224.959410702798660,6.750000000000002,0.0));
#10405=VERTEX_POINT('',#10404);
#10406=CARTESIAN_POINT('',(224.959410702798660,6.750000000000002,0.0));
#10407=DIRECTION('',(0.0,0.0,-1.0));
#10408=VECTOR('',#10407,10.0);
#10409=LINE('',#10406,#10408);
#10410=EDGE_CURVE('',#10405,#10397,#10409,.T.);
#10411=ORIENTED_EDGE('',*,*,#10410,.F.);
#10412=CARTESIAN_POINT('',(227.488589297201460,6.750000000000002,0.0));
#10413=VERTEX_POINT('',#10412);
#10414=CARTESIAN_POINT('',(224.959410702798660,6.750000000000002,0.0));
#10415=DIRECTION('',(1.0,0.0,0.0));
#10416=VECTOR('',#10415,2.529178594402794);
#10417=LINE('',#10414,#10416);
#10418=EDGE_CURVE('',#10405,#10413,#10417,.T.);
#10419=ORIENTED_EDGE('',*,*,#10418,.T.);
#10420=CARTESIAN_POINT('',(227.488589297201460,6.750000000000002,0.0));
#10421=DIRECTION('',(0.0,0.0,-1.0));
#10422=VECTOR('',#10421,10.0);
#10423=LINE('',#10420,#10422);
#10424=EDGE_CURVE('',#10413,#10395,#10423,.T.);
#10425=ORIENTED_EDGE('',*,*,#10424,.T.);
#10426=EDGE_LOOP('',(#10403,#10411,#10419,#10425));
#10427=FACE_OUTER_BOUND('',#10426,.T.);
#10428=ADVANCED_FACE('',(#10427),#10393,.T.);
#10429=CARTESIAN_POINT('',(224.959410702798660,6.750000000000002,0.0));
#10430=DIRECTION('',(-0.939692620785908,0.342020143325669,0.0));
#10431=DIRECTION('',(0.0,0.0,1.0));
#10432=AXIS2_PLACEMENT_3D('',#10429,#10430,#10431);
#10433=PLANE('',#10432);
#10434=CARTESIAN_POINT('',(224.959410702798660,6.750000000000002,-10.0));
#10435=DIRECTION('',(-0.342020143325667,-0.939692620785909,0.0));
#10436=VECTOR('',#10435,7.183199964212403);
#10437=LINE('',#10434,#10436);
#10438=EDGE_CURVE('',#10397,#7670,#10437,.T.);
#10439=ORIENTED_EDGE('',*,*,#10438,.T.);
#10440=ORIENTED_EDGE('',*,*,#7675,.F.);
#10441=CARTESIAN_POINT('',(222.502611621501810,1.110223E-015,0.0));
#10442=DIRECTION('',(0.342020143325667,0.939692620785909,0.0));
#10443=VECTOR('',#10442,7.183199964212403);
#10444=LINE('',#10441,#10443);
#10445=EDGE_CURVE('',#7668,#10405,#10444,.T.);
#10446=ORIENTED_EDGE('',*,*,#10445,.T.);
#10447=ORIENTED_EDGE('',*,*,#10410,.T.);
#10448=EDGE_LOOP('',(#10439,#10440,#10446,#10447));
#10449=FACE_OUTER_BOUND('',#10448,.T.);
#10450=ADVANCED_FACE('',(#10449),#10433,.T.);
#10451=CARTESIAN_POINT('',(229.945388378498310,1.110223E-015,0.0));
#10452=DIRECTION('',(0.939692620785908,0.342020143325669,0.0));
#10453=DIRECTION('',(0.0,0.0,-1.0));
#10454=AXIS2_PLACEMENT_3D('',#10451,#10452,#10453);
#10455=PLANE('',#10454);
#10456=CARTESIAN_POINT('',(229.945388378498310,1.110223E-015,-10.0));
#10457=DIRECTION('',(-0.342020143325667,0.939692620785909,0.0));
#10458=VECTOR('',#10457,7.183199964212403);
#10459=LINE('',#10456,#10458);
#10460=EDGE_CURVE('',#7718,#10395,#10459,.T.);
#10461=ORIENTED_EDGE('',*,*,#10460,.T.);
#10462=ORIENTED_EDGE('',*,*,#10424,.F.);
#10463=CARTESIAN_POINT('',(227.488589297201460,6.750000000000002,0.0));
#10464=DIRECTION('',(0.342020143325667,-0.939692620785909,0.0));
#10465=VECTOR('',#10464,7.183199964212403);
#10466=LINE('',#10463,#10465);
#10467=EDGE_CURVE('',#10413,#7726,#10466,.T.);
#10468=ORIENTED_EDGE('',*,*,#10467,.T.);
#10469=ORIENTED_EDGE('',*,*,#7731,.T.);
#10470=EDGE_LOOP('',(#10461,#10462,#10468,#10469));
#10471=FACE_OUTER_BOUND('',#10470,.T.);
#10472=ADVANCED_FACE('',(#10471),#10455,.T.);
#10473=CARTESIAN_POINT('',(235.650000000000030,6.750000000000000,0.0));
#10474=DIRECTION('',(0.0,1.0,0.0));
#10475=DIRECTION('',(0.0,0.0,1.0));
#10476=AXIS2_PLACEMENT_3D('',#10473,#10474,#10475);
#10477=PLANE('',#10476);
#10478=CARTESIAN_POINT('',(236.914589297201450,6.750000000000002,-10.0));
#10479=VERTEX_POINT('',#10478);
#10480=CARTESIAN_POINT('',(234.385410702798650,6.750000000000002,-10.0));
#10481=VERTEX_POINT('',#10480);
#10482=CARTESIAN_POINT('',(236.914589297201450,6.750000000000002,-10.0));
#10483=DIRECTION('',(-1.0,0.0,0.0));
#10484=VECTOR('',#10483,2.529178594402794);
#10485=LINE('',#10482,#10484);
#10486=EDGE_CURVE('',#10479,#10481,#10485,.T.);
#10487=ORIENTED_EDGE('',*,*,#10486,.T.);
#10488=CARTESIAN_POINT('',(234.385410702798650,6.750000000000002,0.0));
#10489=VERTEX_POINT('',#10488);
#10490=CARTESIAN_POINT('',(234.385410702798650,6.750000000000002,0.0));
#10491=DIRECTION('',(0.0,0.0,-1.0));
#10492=VECTOR('',#10491,10.0);
#10493=LINE('',#10490,#10492);
#10494=EDGE_CURVE('',#10489,#10481,#10493,.T.);
#10495=ORIENTED_EDGE('',*,*,#10494,.F.);
#10496=CARTESIAN_POINT('',(236.914589297201450,6.750000000000002,0.0));
#10497=VERTEX_POINT('',#10496);
#10498=CARTESIAN_POINT('',(234.385410702798650,6.750000000000002,0.0));
#10499=DIRECTION('',(1.0,0.0,0.0));
#10500=VECTOR('',#10499,2.529178594402794);
#10501=LINE('',#10498,#10500);
#10502=EDGE_CURVE('',#10489,#10497,#10501,.T.);
#10503=ORIENTED_EDGE('',*,*,#10502,.T.);
#10504=CARTESIAN_POINT('',(236.914589297201450,6.750000000000002,0.0));
#10505=DIRECTION('',(0.0,0.0,-1.0));
#10506=VECTOR('',#10505,10.0);
#10507=LINE('',#10504,#10506);
#10508=EDGE_CURVE('',#10497,#10479,#10507,.T.);
#10509=ORIENTED_EDGE('',*,*,#10508,.T.);
#10510=EDGE_LOOP('',(#10487,#10495,#10503,#10509));
#10511=FACE_OUTER_BOUND('',#10510,.T.);
#10512=ADVANCED_FACE('',(#10511),#10477,.T.);
#10513=CARTESIAN_POINT('',(234.385410702798650,6.750000000000002,0.0));
#10514=DIRECTION('',(-0.939692620785908,0.342020143325669,0.0));
#10515=DIRECTION('',(0.0,0.0,1.0));
#10516=AXIS2_PLACEMENT_3D('',#10513,#10514,#10515);
#10517=PLANE('',#10516);
#10518=CARTESIAN_POINT('',(234.385410702798650,6.750000000000002,-10.0));
#10519=DIRECTION('',(-0.342020143325667,-0.939692620785909,0.0));
#10520=VECTOR('',#10519,7.183199964212403);
#10521=LINE('',#10518,#10520);
#10522=EDGE_CURVE('',#10481,#7710,#10521,.T.);
#10523=ORIENTED_EDGE('',*,*,#10522,.T.);
#10524=ORIENTED_EDGE('',*,*,#7715,.F.);
#10525=CARTESIAN_POINT('',(231.928611621501800,1.110223E-015,0.0));
#10526=DIRECTION('',(0.342020143325667,0.939692620785909,0.0));
#10527=VECTOR('',#10526,7.183199964212403);
#10528=LINE('',#10525,#10527);
#10529=EDGE_CURVE('',#7708,#10489,#10528,.T.);
#10530=ORIENTED_EDGE('',*,*,#10529,.T.);
#10531=ORIENTED_EDGE('',*,*,#10494,.T.);
#10532=EDGE_LOOP('',(#10523,#10524,#10530,#10531));
#10533=FACE_OUTER_BOUND('',#10532,.T.);
#10534=ADVANCED_FACE('',(#10533),#10517,.T.);
#10535=CARTESIAN_POINT('',(239.371388378498300,1.110223E-015,0.0));
#10536=DIRECTION('',(0.939692620785908,0.342020143325669,0.0));
#10537=DIRECTION('',(0.0,0.0,-1.0));
#10538=AXIS2_PLACEMENT_3D('',#10535,#10536,#10537);
#10539=PLANE('',#10538);
#10540=CARTESIAN_POINT('',(239.371388378498300,1.110223E-015,-10.0));
#10541=DIRECTION('',(-0.342020143325667,0.939692620785909,0.0));
#10542=VECTOR('',#10541,7.183199964212403);
#10543=LINE('',#10540,#10542);
#10544=EDGE_CURVE('',#7758,#10479,#10543,.T.);
#10545=ORIENTED_EDGE('',*,*,#10544,.T.);
#10546=ORIENTED_EDGE('',*,*,#10508,.F.);
#10547=CARTESIAN_POINT('',(236.914589297201450,6.750000000000002,0.0));
#10548=DIRECTION('',(0.342020143325667,-0.939692620785909,0.0));
#10549=VECTOR('',#10548,7.183199964212403);
#10550=LINE('',#10547,#10549);
#10551=EDGE_CURVE('',#10497,#7766,#10550,.T.);
#10552=ORIENTED_EDGE('',*,*,#10551,.T.);
#10553=ORIENTED_EDGE('',*,*,#7771,.T.);
#10554=EDGE_LOOP('',(#10545,#10546,#10552,#10553));
#10555=FACE_OUTER_BOUND('',#10554,.T.);
#10556=ADVANCED_FACE('',(#10555),#10539,.T.);
#10557=CARTESIAN_POINT('',(245.076000000000080,6.750000000000000,0.0));
#10558=DIRECTION('',(0.0,1.0,0.0));
#10559=DIRECTION('',(0.0,0.0,1.0));
#10560=AXIS2_PLACEMENT_3D('',#10557,#10558,#10559);
#10561=PLANE('',#10560);
#10562=CARTESIAN_POINT('',(246.340589297201460,6.750000000000002,-10.0));
#10563=VERTEX_POINT('',#10562);
#10564=CARTESIAN_POINT('',(243.811410702798670,6.750000000000002,-10.0));
#10565=VERTEX_POINT('',#10564);
#10566=CARTESIAN_POINT('',(246.340589297201460,6.750000000000002,-10.0));
#10567=DIRECTION('',(-1.0,0.0,0.0));
#10568=VECTOR('',#10567,2.529178594402794);
#10569=LINE('',#10566,#10568);
#10570=EDGE_CURVE('',#10563,#10565,#10569,.T.);
#10571=ORIENTED_EDGE('',*,*,#10570,.T.);
#10572=CARTESIAN_POINT('',(243.811410702798670,6.750000000000002,0.0));
#10573=VERTEX_POINT('',#10572);
#10574=CARTESIAN_POINT('',(243.811410702798670,6.750000000000002,0.0));
#10575=DIRECTION('',(0.0,0.0,-1.0));
#10576=VECTOR('',#10575,10.0);
#10577=LINE('',#10574,#10576);
#10578=EDGE_CURVE('',#10573,#10565,#10577,.T.);
#10579=ORIENTED_EDGE('',*,*,#10578,.F.);
#10580=CARTESIAN_POINT('',(246.340589297201460,6.750000000000002,0.0));
#10581=VERTEX_POINT('',#10580);
#10582=CARTESIAN_POINT('',(243.811410702798670,6.750000000000002,0.0));
#10583=DIRECTION('',(1.0,0.0,0.0));
#10584=VECTOR('',#10583,2.529178594402794);
#10585=LINE('',#10582,#10584);
#10586=EDGE_CURVE('',#10573,#10581,#10585,.T.);
#10587=ORIENTED_EDGE('',*,*,#10586,.T.);
#10588=CARTESIAN_POINT('',(246.340589297201460,6.750000000000002,0.0));
#10589=DIRECTION('',(0.0,0.0,-1.0));
#10590=VECTOR('',#10589,10.0);
#10591=LINE('',#10588,#10590);
#10592=EDGE_CURVE('',#10581,#10563,#10591,.T.);
#10593=ORIENTED_EDGE('',*,*,#10592,.T.);
#10594=EDGE_LOOP('',(#10571,#10579,#10587,#10593));
#10595=FACE_OUTER_BOUND('',#10594,.T.);
#10596=ADVANCED_FACE('',(#10595),#10561,.T.);
#10597=CARTESIAN_POINT('',(243.811410702798670,6.750000000000002,0.0));
#10598=DIRECTION('',(-0.939692620785908,0.342020143325669,0.0));
#10599=DIRECTION('',(0.0,0.0,1.0));
#10600=AXIS2_PLACEMENT_3D('',#10597,#10598,#10599);
#10601=PLANE('',#10600);
#10602=CARTESIAN_POINT('',(243.811410702798670,6.750000000000002,-10.0));
#10603=DIRECTION('',(-0.342020143325667,-0.939692620785909,0.0));
#10604=VECTOR('',#10603,7.183199964212403);
#10605=LINE('',#10602,#10604);
#10606=EDGE_CURVE('',#10565,#7750,#10605,.T.);
#10607=ORIENTED_EDGE('',*,*,#10606,.T.);
#10608=ORIENTED_EDGE('',*,*,#7755,.F.);
#10609=CARTESIAN_POINT('',(241.354611621501820,1.110223E-015,0.0));
#10610=DIRECTION('',(0.342020143325667,0.939692620785909,0.0));
#10611=VECTOR('',#10610,7.183199964212403);
#10612=LINE('',#10609,#10611);
#10613=EDGE_CURVE('',#7748,#10573,#10612,.T.);
#10614=ORIENTED_EDGE('',*,*,#10613,.T.);
#10615=ORIENTED_EDGE('',*,*,#10578,.T.);
#10616=EDGE_LOOP('',(#10607,#10608,#10614,#10615));
#10617=FACE_OUTER_BOUND('',#10616,.T.);
#10618=ADVANCED_FACE('',(#10617),#10601,.T.);
#10619=CARTESIAN_POINT('',(248.797388378498310,1.110223E-015,0.0));
#10620=DIRECTION('',(0.939692620785908,0.342020143325669,0.0));
#10621=DIRECTION('',(0.0,0.0,-1.0));
#10622=AXIS2_PLACEMENT_3D('',#10619,#10620,#10621);
#10623=PLANE('',#10622);
#10624=CARTESIAN_POINT('',(248.797388378498310,1.110223E-015,-10.0));
#10625=DIRECTION('',(-0.342020143325667,0.939692620785909,0.0));
#10626=VECTOR('',#10625,7.183199964212403);
#10627=LINE('',#10624,#10626);
#10628=EDGE_CURVE('',#7798,#10563,#10627,.T.);
#10629=ORIENTED_EDGE('',*,*,#10628,.T.);
#10630=ORIENTED_EDGE('',*,*,#10592,.F.);
#10631=CARTESIAN_POINT('',(246.340589297201460,6.750000000000002,0.0));
#10632=DIRECTION('',(0.342020143325667,-0.939692620785909,0.0));
#10633=VECTOR('',#10632,7.183199964212403);
#10634=LINE('',#10631,#10633);
#10635=EDGE_CURVE('',#10581,#7806,#10634,.T.);
#10636=ORIENTED_EDGE('',*,*,#10635,.T.);
#10637=ORIENTED_EDGE('',*,*,#7811,.T.);
#10638=EDGE_LOOP('',(#10629,#10630,#10636,#10637));
#10639=FACE_OUTER_BOUND('',#10638,.T.);
#10640=ADVANCED_FACE('',(#10639),#10623,.T.);
#10641=CARTESIAN_POINT('',(254.502000000000070,6.750000000000000,0.0));
#10642=DIRECTION('',(0.0,1.0,0.0));
#10643=DIRECTION('',(0.0,0.0,1.0));
#10644=AXIS2_PLACEMENT_3D('',#10641,#10642,#10643);
#10645=PLANE('',#10644);
#10646=CARTESIAN_POINT('',(255.766589297201450,6.750000000000002,-10.0));
#10647=VERTEX_POINT('',#10646);
#10648=CARTESIAN_POINT('',(253.237410702798660,6.750000000000002,-10.0));
#10649=VERTEX_POINT('',#10648);
#10650=CARTESIAN_POINT('',(255.766589297201450,6.750000000000002,-10.0));
#10651=DIRECTION('',(-1.0,0.0,0.0));
#10652=VECTOR('',#10651,2.529178594402794);
#10653=LINE('',#10650,#10652);
#10654=EDGE_CURVE('',#10647,#10649,#10653,.T.);
#10655=ORIENTED_EDGE('',*,*,#10654,.T.);
#10656=CARTESIAN_POINT('',(253.237410702798660,6.750000000000002,0.0));
#10657=VERTEX_POINT('',#10656);
#10658=CARTESIAN_POINT('',(253.237410702798660,6.750000000000002,0.0));
#10659=DIRECTION('',(0.0,0.0,-1.0));
#10660=VECTOR('',#10659,10.0);
#10661=LINE('',#10658,#10660);
#10662=EDGE_CURVE('',#10657,#10649,#10661,.T.);
#10663=ORIENTED_EDGE('',*,*,#10662,.F.);
#10664=CARTESIAN_POINT('',(255.766589297201450,6.750000000000002,0.0));
#10665=VERTEX_POINT('',#10664);
#10666=CARTESIAN_POINT('',(253.237410702798660,6.750000000000002,0.0));
#10667=DIRECTION('',(1.0,0.0,0.0));
#10668=VECTOR('',#10667,2.529178594402794);
#10669=LINE('',#10666,#10668);
#10670=EDGE_CURVE('',#10657,#10665,#10669,.T.);
#10671=ORIENTED_EDGE('',*,*,#10670,.T.);
#10672=CARTESIAN_POINT('',(255.766589297201450,6.750000000000002,0.0));
#10673=DIRECTION('',(0.0,0.0,-1.0));
#10674=VECTOR('',#10673,10.0);
#10675=LINE('',#10672,#10674);
#10676=EDGE_CURVE('',#10665,#10647,#10675,.T.);
#10677=ORIENTED_EDGE('',*,*,#10676,.T.);
#10678=EDGE_LOOP('',(#10655,#10663,#10671,#10677));
#10679=FACE_OUTER_BOUND('',#10678,.T.);
#10680=ADVANCED_FACE('',(#10679),#10645,.T.);
#10681=CARTESIAN_POINT('',(253.237410702798660,6.750000000000002,0.0));
#10682=DIRECTION('',(-0.939692620785908,0.342020143325669,0.0));
#10683=DIRECTION('',(0.0,0.0,1.0));
#10684=AXIS2_PLACEMENT_3D('',#10681,#10682,#10683);
#10685=PLANE('',#10684);
#10686=CARTESIAN_POINT('',(253.237410702798660,6.750000000000002,-10.0));
#10687=DIRECTION('',(-0.342020143325667,-0.939692620785909,0.0));
#10688=VECTOR('',#10687,7.183199964212403);
#10689=LINE('',#10686,#10688);
#10690=EDGE_CURVE('',#10649,#7790,#10689,.T.);
#10691=ORIENTED_EDGE('',*,*,#10690,.T.);
#10692=ORIENTED_EDGE('',*,*,#7795,.F.);
#10693=CARTESIAN_POINT('',(250.780611621501810,1.110223E-015,0.0));
#10694=DIRECTION('',(0.342020143325667,0.939692620785909,0.0));
#10695=VECTOR('',#10694,7.183199964212403);
#10696=LINE('',#10693,#10695);
#10697=EDGE_CURVE('',#7788,#10657,#10696,.T.);
#10698=ORIENTED_EDGE('',*,*,#10697,.T.);
#10699=ORIENTED_EDGE('',*,*,#10662,.T.);
#10700=EDGE_LOOP('',(#10691,#10692,#10698,#10699));
#10701=FACE_OUTER_BOUND('',#10700,.T.);
#10702=ADVANCED_FACE('',(#10701),#10685,.T.);
#10703=CARTESIAN_POINT('',(258.223388378498330,1.110223E-015,0.0));
#10704=DIRECTION('',(0.939692620785908,0.342020143325669,0.0));
#10705=DIRECTION('',(0.0,0.0,-1.0));
#10706=AXIS2_PLACEMENT_3D('',#10703,#10704,#10705);
#10707=PLANE('',#10706);
#10708=CARTESIAN_POINT('',(258.223388378498330,1.110223E-015,-10.0));
#10709=DIRECTION('',(-0.342020143325670,0.939692620785908,0.0));
#10710=VECTOR('',#10709,7.183199964212412);
#10711=LINE('',#10708,#10710);
#10712=EDGE_CURVE('',#7838,#10647,#10711,.T.);
#10713=ORIENTED_EDGE('',*,*,#10712,.T.);
#10714=ORIENTED_EDGE('',*,*,#10676,.F.);
#10715=CARTESIAN_POINT('',(255.766589297201450,6.750000000000002,0.0));
#10716=DIRECTION('',(0.342020143325670,-0.939692620785908,0.0));
#10717=VECTOR('',#10716,7.183199964212412);
#10718=LINE('',#10715,#10717);
#10719=EDGE_CURVE('',#10665,#7846,#10718,.T.);
#10720=ORIENTED_EDGE('',*,*,#10719,.T.);
#10721=ORIENTED_EDGE('',*,*,#7851,.T.);
#10722=EDGE_LOOP('',(#10713,#10714,#10720,#10721));
#10723=FACE_OUTER_BOUND('',#10722,.T.);
#10724=ADVANCED_FACE('',(#10723),#10707,.T.);
#10725=CARTESIAN_POINT('',(263.928000000000050,6.750000000000000,0.0));
#10726=DIRECTION('',(0.0,1.0,0.0));
#10727=DIRECTION('',(0.0,0.0,1.0));
#10728=AXIS2_PLACEMENT_3D('',#10725,#10726,#10727);
#10729=PLANE('',#10728);
#10730=CARTESIAN_POINT('',(265.192589297201440,6.750000000000002,-10.0));
#10731=VERTEX_POINT('',#10730);
#10732=CARTESIAN_POINT('',(262.663410702798610,6.750000000000002,-10.0));
#10733=VERTEX_POINT('',#10732);
#10734=CARTESIAN_POINT('',(265.192589297201440,6.750000000000002,-10.0));
#10735=DIRECTION('',(-1.0,0.0,0.0));
#10736=VECTOR('',#10735,2.529178594402822);
#10737=LINE('',#10734,#10736);
#10738=EDGE_CURVE('',#10731,#10733,#10737,.T.);
#10739=ORIENTED_EDGE('',*,*,#10738,.T.);
#10740=CARTESIAN_POINT('',(262.663410702798610,6.750000000000002,0.0));
#10741=VERTEX_POINT('',#10740);
#10742=CARTESIAN_POINT('',(262.663410702798610,6.750000000000002,0.0));
#10743=DIRECTION('',(0.0,0.0,-1.0));
#10744=VECTOR('',#10743,10.0);
#10745=LINE('',#10742,#10744);
#10746=EDGE_CURVE('',#10741,#10733,#10745,.T.);
#10747=ORIENTED_EDGE('',*,*,#10746,.F.);
#10748=CARTESIAN_POINT('',(265.192589297201440,6.750000000000002,0.0));
#10749=VERTEX_POINT('',#10748);
#10750=CARTESIAN_POINT('',(262.663410702798610,6.750000000000002,0.0));
#10751=DIRECTION('',(1.0,0.0,0.0));
#10752=VECTOR('',#10751,2.529178594402822);
#10753=LINE('',#10750,#10752);
#10754=EDGE_CURVE('',#10741,#10749,#10753,.T.);
#10755=ORIENTED_EDGE('',*,*,#10754,.T.);
#10756=CARTESIAN_POINT('',(265.192589297201440,6.750000000000002,0.0));
#10757=DIRECTION('',(0.0,0.0,-1.0));
#10758=VECTOR('',#10757,10.0);
#10759=LINE('',#10756,#10758);
#10760=EDGE_CURVE('',#10749,#10731,#10759,.T.);
#10761=ORIENTED_EDGE('',*,*,#10760,.T.);
#10762=EDGE_LOOP('',(#10739,#10747,#10755,#10761));
#10763=FACE_OUTER_BOUND('',#10762,.T.);
#10764=ADVANCED_FACE('',(#10763),#10729,.T.);
#10765=CARTESIAN_POINT('',(262.663410702798610,6.750000000000002,0.0));
#10766=DIRECTION('',(-0.939692620785908,0.342020143325669,0.0));
#10767=DIRECTION('',(0.0,0.0,1.0));
#10768=AXIS2_PLACEMENT_3D('',#10765,#10766,#10767);
#10769=PLANE('',#10768);
#10770=CARTESIAN_POINT('',(262.663410702798610,6.750000000000002,-10.0));
#10771=DIRECTION('',(-0.342020143325663,-0.939692620785910,0.0));
#10772=VECTOR('',#10771,7.183199964212393);
#10773=LINE('',#10770,#10772);
#10774=EDGE_CURVE('',#10733,#7830,#10773,.T.);
#10775=ORIENTED_EDGE('',*,*,#10774,.T.);
#10776=ORIENTED_EDGE('',*,*,#7835,.F.);
#10777=CARTESIAN_POINT('',(260.206611621501790,1.110223E-015,0.0));
#10778=DIRECTION('',(0.342020143325663,0.939692620785910,0.0));
#10779=VECTOR('',#10778,7.183199964212393);
#10780=LINE('',#10777,#10779);
#10781=EDGE_CURVE('',#7828,#10741,#10780,.T.);
#10782=ORIENTED_EDGE('',*,*,#10781,.T.);
#10783=ORIENTED_EDGE('',*,*,#10746,.T.);
#10784=EDGE_LOOP('',(#10775,#10776,#10782,#10783));
#10785=FACE_OUTER_BOUND('',#10784,.T.);
#10786=ADVANCED_FACE('',(#10785),#10769,.T.);
#10787=CARTESIAN_POINT('',(267.649388378498320,1.110223E-015,0.0));
#10788=DIRECTION('',(0.939692620785908,0.342020143325669,0.0));
#10789=DIRECTION('',(0.0,0.0,-1.0));
#10790=AXIS2_PLACEMENT_3D('',#10787,#10788,#10789);
#10791=PLANE('',#10790);
#10792=CARTESIAN_POINT('',(267.649388378498320,1.110223E-015,-10.0));
#10793=DIRECTION('',(-0.342020143325670,0.939692620785908,0.0));
#10794=VECTOR('',#10793,7.183199964212412);
#10795=LINE('',#10792,#10794);
#10796=EDGE_CURVE('',#7878,#10731,#10795,.T.);
#10797=ORIENTED_EDGE('',*,*,#10796,.T.);
#10798=ORIENTED_EDGE('',*,*,#10760,.F.);
#10799=CARTESIAN_POINT('',(265.192589297201440,6.750000000000002,0.0));
#10800=DIRECTION('',(0.342020143325670,-0.939692620785908,0.0));
#10801=VECTOR('',#10800,7.183199964212412);
#10802=LINE('',#10799,#10801);
#10803=EDGE_CURVE('',#10749,#7886,#10802,.T.);
#10804=ORIENTED_EDGE('',*,*,#10803,.T.);
#10805=ORIENTED_EDGE('',*,*,#7891,.T.);
#10806=EDGE_LOOP('',(#10797,#10798,#10804,#10805));
#10807=FACE_OUTER_BOUND('',#10806,.T.);
#10808=ADVANCED_FACE('',(#10807),#10791,.T.);
#10809=CARTESIAN_POINT('',(273.354000000000040,6.750000000000000,0.0));
#10810=DIRECTION('',(0.0,1.0,0.0));
#10811=DIRECTION('',(0.0,0.0,1.0));
#10812=AXIS2_PLACEMENT_3D('',#10809,#10810,#10811);
#10813=PLANE('',#10812);
#10814=CARTESIAN_POINT('',(274.618589297201480,6.750000000000002,-10.0));
#10815=VERTEX_POINT('',#10814);
#10816=CARTESIAN_POINT('',(272.089410702798660,6.750000000000002,-10.0));
#10817=VERTEX_POINT('',#10816);
#10818=CARTESIAN_POINT('',(274.618589297201480,6.750000000000002,-10.0));
#10819=DIRECTION('',(-1.0,0.0,0.0));
#10820=VECTOR('',#10819,2.529178594402822);
#10821=LINE('',#10818,#10820);
#10822=EDGE_CURVE('',#10815,#10817,#10821,.T.);
#10823=ORIENTED_EDGE('',*,*,#10822,.T.);
#10824=CARTESIAN_POINT('',(272.089410702798660,6.750000000000002,0.0));
#10825=VERTEX_POINT('',#10824);
#10826=CARTESIAN_POINT('',(272.089410702798660,6.750000000000002,0.0));
#10827=DIRECTION('',(0.0,0.0,-1.0));
#10828=VECTOR('',#10827,10.0);
#10829=LINE('',#10826,#10828);
#10830=EDGE_CURVE('',#10825,#10817,#10829,.T.);
#10831=ORIENTED_EDGE('',*,*,#10830,.F.);
#10832=CARTESIAN_POINT('',(274.618589297201480,6.750000000000002,0.0));
#10833=VERTEX_POINT('',#10832);
#10834=CARTESIAN_POINT('',(272.089410702798660,6.750000000000002,0.0));
#10835=DIRECTION('',(1.0,0.0,0.0));
#10836=VECTOR('',#10835,2.529178594402822);
#10837=LINE('',#10834,#10836);
#10838=EDGE_CURVE('',#10825,#10833,#10837,.T.);
#10839=ORIENTED_EDGE('',*,*,#10838,.T.);
#10840=CARTESIAN_POINT('',(274.618589297201480,6.750000000000002,0.0));
#10841=DIRECTION('',(0.0,0.0,-1.0));
#10842=VECTOR('',#10841,10.0);
#10843=LINE('',#10840,#10842);
#10844=EDGE_CURVE('',#10833,#10815,#10843,.T.);
#10845=ORIENTED_EDGE('',*,*,#10844,.T.);
#10846=EDGE_LOOP('',(#10823,#10831,#10839,#10845));
#10847=FACE_OUTER_BOUND('',#10846,.T.);
#10848=ADVANCED_FACE('',(#10847),#10813,.T.);
#10849=CARTESIAN_POINT('',(272.089410702798660,6.750000000000002,0.0));
#10850=DIRECTION('',(-0.939692620785908,0.342020143325669,0.0));
#10851=DIRECTION('',(0.0,0.0,1.0));
#10852=AXIS2_PLACEMENT_3D('',#10849,#10850,#10851);
#10853=PLANE('',#10852);
#10854=CARTESIAN_POINT('',(272.089410702798660,6.750000000000002,-10.0));
#10855=DIRECTION('',(-0.342020143325663,-0.939692620785910,0.0));
#10856=VECTOR('',#10855,7.183199964212393);
#10857=LINE('',#10854,#10856);
#10858=EDGE_CURVE('',#10817,#7870,#10857,.T.);
#10859=ORIENTED_EDGE('',*,*,#10858,.T.);
#10860=ORIENTED_EDGE('',*,*,#7875,.F.);
#10861=CARTESIAN_POINT('',(269.632611621501840,1.110223E-015,0.0));
#10862=DIRECTION('',(0.342020143325663,0.939692620785910,0.0));
#10863=VECTOR('',#10862,7.183199964212393);
#10864=LINE('',#10861,#10863);
#10865=EDGE_CURVE('',#7868,#10825,#10864,.T.);
#10866=ORIENTED_EDGE('',*,*,#10865,.T.);
#10867=ORIENTED_EDGE('',*,*,#10830,.T.);
#10868=EDGE_LOOP('',(#10859,#10860,#10866,#10867));
#10869=FACE_OUTER_BOUND('',#10868,.T.);
#10870=ADVANCED_FACE('',(#10869),#10853,.T.);
#10871=CARTESIAN_POINT('',(277.075388378498300,1.110223E-015,0.0));
#10872=DIRECTION('',(0.939692620785908,0.342020143325669,0.0));
#10873=DIRECTION('',(0.0,0.0,-1.0));
#10874=AXIS2_PLACEMENT_3D('',#10871,#10872,#10873);
#10875=PLANE('',#10874);
#10876=CARTESIAN_POINT('',(277.075388378498300,1.110223E-015,-10.0));
#10877=DIRECTION('',(-0.342020143325663,0.939692620785910,0.0));
#10878=VECTOR('',#10877,7.183199964212393);
#10879=LINE('',#10876,#10878);
#10880=EDGE_CURVE('',#7918,#10815,#10879,.T.);
#10881=ORIENTED_EDGE('',*,*,#10880,.T.);
#10882=ORIENTED_EDGE('',*,*,#10844,.F.);
#10883=CARTESIAN_POINT('',(274.618589297201480,6.750000000000002,0.0));
#10884=DIRECTION('',(0.342020143325663,-0.939692620785910,0.0));
#10885=VECTOR('',#10884,7.183199964212393);
#10886=LINE('',#10883,#10885);
#10887=EDGE_CURVE('',#10833,#7926,#10886,.T.);
#10888=ORIENTED_EDGE('',*,*,#10887,.T.);
#10889=ORIENTED_EDGE('',*,*,#7931,.T.);
#10890=EDGE_LOOP('',(#10881,#10882,#10888,#10889));
#10891=FACE_OUTER_BOUND('',#10890,.T.);
#10892=ADVANCED_FACE('',(#10891),#10875,.T.);
#10893=CARTESIAN_POINT('',(282.780000000000090,6.750000000000000,0.0));
#10894=DIRECTION('',(0.0,1.0,0.0));
#10895=DIRECTION('',(0.0,0.0,1.0));
#10896=AXIS2_PLACEMENT_3D('',#10893,#10894,#10895);
#10897=PLANE('',#10896);
#10898=CARTESIAN_POINT('',(284.044589297201470,6.750000000000002,-10.0));
#10899=VERTEX_POINT('',#10898);
#10900=CARTESIAN_POINT('',(281.515410702798650,6.750000000000002,-10.0));
#10901=VERTEX_POINT('',#10900);
#10902=CARTESIAN_POINT('',(284.044589297201470,6.750000000000002,-10.0));
#10903=DIRECTION('',(-1.0,0.0,0.0));
#10904=VECTOR('',#10903,2.529178594402822);
#10905=LINE('',#10902,#10904);
#10906=EDGE_CURVE('',#10899,#10901,#10905,.T.);
#10907=ORIENTED_EDGE('',*,*,#10906,.T.);
#10908=CARTESIAN_POINT('',(281.515410702798650,6.750000000000002,0.0));
#10909=VERTEX_POINT('',#10908);
#10910=CARTESIAN_POINT('',(281.515410702798650,6.750000000000002,0.0));
#10911=DIRECTION('',(0.0,0.0,-1.0));
#10912=VECTOR('',#10911,10.0);
#10913=LINE('',#10910,#10912);
#10914=EDGE_CURVE('',#10909,#10901,#10913,.T.);
#10915=ORIENTED_EDGE('',*,*,#10914,.F.);
#10916=CARTESIAN_POINT('',(284.044589297201470,6.750000000000002,0.0));
#10917=VERTEX_POINT('',#10916);
#10918=CARTESIAN_POINT('',(281.515410702798650,6.750000000000002,0.0));
#10919=DIRECTION('',(1.0,0.0,0.0));
#10920=VECTOR('',#10919,2.529178594402822);
#10921=LINE('',#10918,#10920);
#10922=EDGE_CURVE('',#10909,#10917,#10921,.T.);
#10923=ORIENTED_EDGE('',*,*,#10922,.T.);
#10924=CARTESIAN_POINT('',(284.044589297201470,6.750000000000002,0.0));
#10925=DIRECTION('',(0.0,0.0,-1.0));
#10926=VECTOR('',#10925,10.0);
#10927=LINE('',#10924,#10926);
#10928=EDGE_CURVE('',#10917,#10899,#10927,.T.);
#10929=ORIENTED_EDGE('',*,*,#10928,.T.);
#10930=EDGE_LOOP('',(#10907,#10915,#10923,#10929));
#10931=FACE_OUTER_BOUND('',#10930,.T.);
#10932=ADVANCED_FACE('',(#10931),#10897,.T.);
#10933=CARTESIAN_POINT('',(281.515410702798650,6.750000000000002,0.0));
#10934=DIRECTION('',(-0.939692620785908,0.342020143325669,0.0));
#10935=DIRECTION('',(0.0,0.0,1.0));
#10936=AXIS2_PLACEMENT_3D('',#10933,#10934,#10935);
#10937=PLANE('',#10936);
#10938=CARTESIAN_POINT('',(281.515410702798650,6.750000000000002,-10.0));
#10939=DIRECTION('',(-0.342020143325663,-0.939692620785910,0.0));
#10940=VECTOR('',#10939,7.183199964212393);
#10941=LINE('',#10938,#10940);
#10942=EDGE_CURVE('',#10901,#7910,#10941,.T.);
#10943=ORIENTED_EDGE('',*,*,#10942,.T.);
#10944=ORIENTED_EDGE('',*,*,#7915,.F.);
#10945=CARTESIAN_POINT('',(279.058611621501830,1.110223E-015,0.0));
#10946=DIRECTION('',(0.342020143325663,0.939692620785910,0.0));
#10947=VECTOR('',#10946,7.183199964212393);
#10948=LINE('',#10945,#10947);
#10949=EDGE_CURVE('',#7908,#10909,#10948,.T.);
#10950=ORIENTED_EDGE('',*,*,#10949,.T.);
#10951=ORIENTED_EDGE('',*,*,#10914,.T.);
#10952=EDGE_LOOP('',(#10943,#10944,#10950,#10951));
#10953=FACE_OUTER_BOUND('',#10952,.T.);
#10954=ADVANCED_FACE('',(#10953),#10937,.T.);
#10955=CARTESIAN_POINT('',(286.501388378498290,1.110223E-015,0.0));
#10956=DIRECTION('',(0.939692620785908,0.342020143325669,0.0));
#10957=DIRECTION('',(0.0,0.0,-1.0));
#10958=AXIS2_PLACEMENT_3D('',#10955,#10956,#10957);
#10959=PLANE('',#10958);
#10960=CARTESIAN_POINT('',(286.501388378498290,1.110223E-015,-10.0));
#10961=DIRECTION('',(-0.342020143325663,0.939692620785910,0.0));
#10962=VECTOR('',#10961,7.183199964212393);
#10963=LINE('',#10960,#10962);
#10964=EDGE_CURVE('',#7958,#10899,#10963,.T.);
#10965=ORIENTED_EDGE('',*,*,#10964,.T.);
#10966=ORIENTED_EDGE('',*,*,#10928,.F.);
#10967=CARTESIAN_POINT('',(284.044589297201470,6.750000000000002,0.0));
#10968=DIRECTION('',(0.342020143325663,-0.939692620785910,0.0));
#10969=VECTOR('',#10968,7.183199964212393);
#10970=LINE('',#10967,#10969);
#10971=EDGE_CURVE('',#10917,#7966,#10970,.T.);
#10972=ORIENTED_EDGE('',*,*,#10971,.T.);
#10973=ORIENTED_EDGE('',*,*,#7971,.T.);
#10974=EDGE_LOOP('',(#10965,#10966,#10972,#10973));
#10975=FACE_OUTER_BOUND('',#10974,.T.);
#10976=ADVANCED_FACE('',(#10975),#10959,.T.);
#10977=CARTESIAN_POINT('',(292.206000000000070,6.750000000000000,0.0));
#10978=DIRECTION('',(0.0,1.0,0.0));
#10979=DIRECTION('',(0.0,0.0,1.0));
#10980=AXIS2_PLACEMENT_3D('',#10977,#10978,#10979);
#10981=PLANE('',#10980);
#10982=CARTESIAN_POINT('',(293.470589297201510,6.750000000000002,-10.0));
#10983=VERTEX_POINT('',#10982);
#10984=CARTESIAN_POINT('',(290.941410702798690,6.750000000000002,-10.0));
#10985=VERTEX_POINT('',#10984);
#10986=CARTESIAN_POINT('',(293.470589297201510,6.750000000000002,-10.0));
#10987=DIRECTION('',(-1.0,0.0,0.0));
#10988=VECTOR('',#10987,2.529178594402822);
#10989=LINE('',#10986,#10988);
#10990=EDGE_CURVE('',#10983,#10985,#10989,.T.);
#10991=ORIENTED_EDGE('',*,*,#10990,.T.);
#10992=CARTESIAN_POINT('',(290.941410702798690,6.750000000000002,0.0));
#10993=VERTEX_POINT('',#10992);
#10994=CARTESIAN_POINT('',(290.941410702798690,6.750000000000002,0.0));
#10995=DIRECTION('',(0.0,0.0,-1.0));
#10996=VECTOR('',#10995,10.0);
#10997=LINE('',#10994,#10996);
#10998=EDGE_CURVE('',#10993,#10985,#10997,.T.);
#10999=ORIENTED_EDGE('',*,*,#10998,.F.);
#11000=CARTESIAN_POINT('',(293.470589297201510,6.750000000000002,0.0));
#11001=VERTEX_POINT('',#11000);
#11002=CARTESIAN_POINT('',(290.941410702798690,6.750000000000002,0.0));
#11003=DIRECTION('',(1.0,0.0,0.0));
#11004=VECTOR('',#11003,2.529178594402822);
#11005=LINE('',#11002,#11004);
#11006=EDGE_CURVE('',#10993,#11001,#11005,.T.);
#11007=ORIENTED_EDGE('',*,*,#11006,.T.);
#11008=CARTESIAN_POINT('',(293.470589297201510,6.750000000000002,0.0));
#11009=DIRECTION('',(0.0,0.0,-1.0));
#11010=VECTOR('',#11009,10.0);
#11011=LINE('',#11008,#11010);
#11012=EDGE_CURVE('',#11001,#10983,#11011,.T.);
#11013=ORIENTED_EDGE('',*,*,#11012,.T.);
#11014=EDGE_LOOP('',(#10991,#10999,#11007,#11013));
#11015=FACE_OUTER_BOUND('',#11014,.T.);
#11016=ADVANCED_FACE('',(#11015),#10981,.T.);
#11017=CARTESIAN_POINT('',(290.941410702798690,6.750000000000002,0.0));
#11018=DIRECTION('',(-0.939692620785908,0.342020143325669,0.0));
#11019=DIRECTION('',(0.0,0.0,1.0));
#11020=AXIS2_PLACEMENT_3D('',#11017,#11018,#11019);
#11021=PLANE('',#11020);
#11022=CARTESIAN_POINT('',(290.941410702798690,6.750000000000002,-10.0));
#11023=DIRECTION('',(-0.342020143325670,-0.939692620785908,0.0));
#11024=VECTOR('',#11023,7.183199964212412);
#11025=LINE('',#11022,#11024);
#11026=EDGE_CURVE('',#10985,#7950,#11025,.T.);
#11027=ORIENTED_EDGE('',*,*,#11026,.T.);
#11028=ORIENTED_EDGE('',*,*,#7955,.F.);
#11029=CARTESIAN_POINT('',(288.484611621501810,1.110223E-015,0.0));
#11030=DIRECTION('',(0.342020143325670,0.939692620785908,0.0));
#11031=VECTOR('',#11030,7.183199964212412);
#11032=LINE('',#11029,#11031);
#11033=EDGE_CURVE('',#7948,#10993,#11032,.T.);
#11034=ORIENTED_EDGE('',*,*,#11033,.T.);
#11035=ORIENTED_EDGE('',*,*,#10998,.T.);
#11036=EDGE_LOOP('',(#11027,#11028,#11034,#11035));
#11037=FACE_OUTER_BOUND('',#11036,.T.);
#11038=ADVANCED_FACE('',(#11037),#11021,.T.);
#11039=CARTESIAN_POINT('',(295.927388378498340,1.110223E-015,0.0));
#11040=DIRECTION('',(0.939692620785908,0.342020143325669,0.0));
#11041=DIRECTION('',(0.0,0.0,-1.0));
#11042=AXIS2_PLACEMENT_3D('',#11039,#11040,#11041);
#11043=PLANE('',#11042);
#11044=CARTESIAN_POINT('',(295.927388378498340,1.110223E-015,-10.0));
#11045=DIRECTION('',(-0.342020143325663,0.939692620785910,0.0));
#11046=VECTOR('',#11045,7.183199964212393);
#11047=LINE('',#11044,#11046);
#11048=EDGE_CURVE('',#7998,#10983,#11047,.T.);
#11049=ORIENTED_EDGE('',*,*,#11048,.T.);
#11050=ORIENTED_EDGE('',*,*,#11012,.F.);
#11051=CARTESIAN_POINT('',(293.470589297201510,6.750000000000002,0.0));
#11052=DIRECTION('',(0.342020143325663,-0.939692620785910,0.0));
#11053=VECTOR('',#11052,7.183199964212393);
#11054=LINE('',#11051,#11053);
#11055=EDGE_CURVE('',#11001,#8006,#11054,.T.);
#11056=ORIENTED_EDGE('',*,*,#11055,.T.);
#11057=ORIENTED_EDGE('',*,*,#8011,.T.);
#11058=EDGE_LOOP('',(#11049,#11050,#11056,#11057));
#11059=FACE_OUTER_BOUND('',#11058,.T.);
#11060=ADVANCED_FACE('',(#11059),#11043,.T.);
#11061=CARTESIAN_POINT('',(301.632000000000060,6.750000000000000,0.0));
#11062=DIRECTION('',(0.0,1.0,0.0));
#11063=DIRECTION('',(0.0,0.0,1.0));
#11064=AXIS2_PLACEMENT_3D('',#11061,#11062,#11063);
#11065=PLANE('',#11064);
#11066=CARTESIAN_POINT('',(302.896589297201440,6.750000000000002,-10.0));
#11067=VERTEX_POINT('',#11066);
#11068=CARTESIAN_POINT('',(300.367410702798680,6.750000000000002,-10.0));
#11069=VERTEX_POINT('',#11068);
#11070=CARTESIAN_POINT('',(302.896589297201440,6.750000000000002,-10.0));
#11071=DIRECTION('',(-1.0,0.0,0.0));
#11072=VECTOR('',#11071,2.529178594402765);
#11073=LINE('',#11070,#11072);
#11074=EDGE_CURVE('',#11067,#11069,#11073,.T.);
#11075=ORIENTED_EDGE('',*,*,#11074,.T.);
#11076=CARTESIAN_POINT('',(300.367410702798680,6.750000000000002,0.0));
#11077=VERTEX_POINT('',#11076);
#11078=CARTESIAN_POINT('',(300.367410702798680,6.750000000000002,0.0));
#11079=DIRECTION('',(0.0,0.0,-1.0));
#11080=VECTOR('',#11079,10.0);
#11081=LINE('',#11078,#11080);
#11082=EDGE_CURVE('',#11077,#11069,#11081,.T.);
#11083=ORIENTED_EDGE('',*,*,#11082,.F.);
#11084=CARTESIAN_POINT('',(302.896589297201440,6.750000000000002,0.0));
#11085=VERTEX_POINT('',#11084);
#11086=CARTESIAN_POINT('',(300.367410702798680,6.750000000000002,0.0));
#11087=DIRECTION('',(1.0,0.0,0.0));
#11088=VECTOR('',#11087,2.529178594402765);
#11089=LINE('',#11086,#11088);
#11090=EDGE_CURVE('',#11077,#11085,#11089,.T.);
#11091=ORIENTED_EDGE('',*,*,#11090,.T.);
#11092=CARTESIAN_POINT('',(302.896589297201440,6.750000000000002,0.0));
#11093=DIRECTION('',(0.0,0.0,-1.0));
#11094=VECTOR('',#11093,10.0);
#11095=LINE('',#11092,#11094);
#11096=EDGE_CURVE('',#11085,#11067,#11095,.T.);
#11097=ORIENTED_EDGE('',*,*,#11096,.T.);
#11098=EDGE_LOOP('',(#11075,#11083,#11091,#11097));
#11099=FACE_OUTER_BOUND('',#11098,.T.);
#11100=ADVANCED_FACE('',(#11099),#11065,.T.);
#11101=CARTESIAN_POINT('',(300.367410702798680,6.750000000000002,0.0));
#11102=DIRECTION('',(-0.939692620785908,0.342020143325669,0.0));
#11103=DIRECTION('',(0.0,0.0,1.0));
#11104=AXIS2_PLACEMENT_3D('',#11101,#11102,#11103);
#11105=PLANE('',#11104);
#11106=CARTESIAN_POINT('',(300.367410702798680,6.750000000000002,-10.0));
#11107=DIRECTION('',(-0.342020143325670,-0.939692620785908,0.0));
#11108=VECTOR('',#11107,7.183199964212412);
#11109=LINE('',#11106,#11108);
#11110=EDGE_CURVE('',#11069,#7990,#11109,.T.);
#11111=ORIENTED_EDGE('',*,*,#11110,.T.);
#11112=ORIENTED_EDGE('',*,*,#7995,.F.);
#11113=CARTESIAN_POINT('',(297.910611621501800,1.110223E-015,0.0));
#11114=DIRECTION('',(0.342020143325670,0.939692620785908,0.0));
#11115=VECTOR('',#11114,7.183199964212412);
#11116=LINE('',#11113,#11115);
#11117=EDGE_CURVE('',#7988,#11077,#11116,.T.);
#11118=ORIENTED_EDGE('',*,*,#11117,.T.);
#11119=ORIENTED_EDGE('',*,*,#11082,.T.);
#11120=EDGE_LOOP('',(#11111,#11112,#11118,#11119));
#11121=FACE_OUTER_BOUND('',#11120,.T.);
#11122=ADVANCED_FACE('',(#11121),#11105,.T.);
#11123=CARTESIAN_POINT('',(305.353388378498320,1.110223E-015,0.0));
#11124=DIRECTION('',(0.939692620785908,0.342020143325669,0.0));
#11125=DIRECTION('',(0.0,0.0,-1.0));
#11126=AXIS2_PLACEMENT_3D('',#11123,#11124,#11125);
#11127=PLANE('',#11126);
#11128=CARTESIAN_POINT('',(305.353388378498320,1.110223E-015,-10.0));
#11129=DIRECTION('',(-0.342020143325670,0.939692620785908,0.0));
#11130=VECTOR('',#11129,7.183199964212412);
#11131=LINE('',#11128,#11130);
#11132=EDGE_CURVE('',#8038,#11067,#11131,.T.);
#11133=ORIENTED_EDGE('',*,*,#11132,.T.);
#11134=ORIENTED_EDGE('',*,*,#11096,.F.);
#11135=CARTESIAN_POINT('',(302.896589297201440,6.750000000000002,0.0));
#11136=DIRECTION('',(0.342020143325670,-0.939692620785908,0.0));
#11137=VECTOR('',#11136,7.183199964212412);
#11138=LINE('',#11135,#11137);
#11139=EDGE_CURVE('',#11085,#8046,#11138,.T.);
#11140=ORIENTED_EDGE('',*,*,#11139,.T.);
#11141=ORIENTED_EDGE('',*,*,#8051,.T.);
#11142=EDGE_LOOP('',(#11133,#11134,#11140,#11141));
#11143=FACE_OUTER_BOUND('',#11142,.T.);
#11144=ADVANCED_FACE('',(#11143),#11127,.T.);
#11145=CARTESIAN_POINT('',(311.058000000000050,6.750000000000000,0.0));
#11146=DIRECTION('',(0.0,1.0,0.0));
#11147=DIRECTION('',(0.0,0.0,1.0));
#11148=AXIS2_PLACEMENT_3D('',#11145,#11146,#11147);
#11149=PLANE('',#11148);
#11150=CARTESIAN_POINT('',(312.322589297201490,6.750000000000002,-10.0));
#11151=VERTEX_POINT('',#11150);
#11152=CARTESIAN_POINT('',(309.793410702798670,6.750000000000002,-10.0));
#11153=VERTEX_POINT('',#11152);
#11154=CARTESIAN_POINT('',(312.322589297201490,6.750000000000002,-10.0));
#11155=DIRECTION('',(-1.0,0.0,0.0));
#11156=VECTOR('',#11155,2.529178594402822);
#11157=LINE('',#11154,#11156);
#11158=EDGE_CURVE('',#11151,#11153,#11157,.T.);
#11159=ORIENTED_EDGE('',*,*,#11158,.T.);
#11160=CARTESIAN_POINT('',(309.793410702798670,6.750000000000002,0.0));
#11161=VERTEX_POINT('',#11160);
#11162=CARTESIAN_POINT('',(309.793410702798670,6.750000000000002,0.0));
#11163=DIRECTION('',(0.0,0.0,-1.0));
#11164=VECTOR('',#11163,10.0);
#11165=LINE('',#11162,#11164);
#11166=EDGE_CURVE('',#11161,#11153,#11165,.T.);
#11167=ORIENTED_EDGE('',*,*,#11166,.F.);
#11168=CARTESIAN_POINT('',(312.322589297201490,6.750000000000002,0.0));
#11169=VERTEX_POINT('',#11168);
#11170=CARTESIAN_POINT('',(309.793410702798670,6.750000000000002,0.0));
#11171=DIRECTION('',(1.0,0.0,0.0));
#11172=VECTOR('',#11171,2.529178594402822);
#11173=LINE('',#11170,#11172);
#11174=EDGE_CURVE('',#11161,#11169,#11173,.T.);
#11175=ORIENTED_EDGE('',*,*,#11174,.T.);
#11176=CARTESIAN_POINT('',(312.322589297201490,6.750000000000002,0.0));
#11177=DIRECTION('',(0.0,0.0,-1.0));
#11178=VECTOR('',#11177,10.0);
#11179=LINE('',#11176,#11178);
#11180=EDGE_CURVE('',#11169,#11151,#11179,.T.);
#11181=ORIENTED_EDGE('',*,*,#11180,.T.);
#11182=EDGE_LOOP('',(#11159,#11167,#11175,#11181));
#11183=FACE_OUTER_BOUND('',#11182,.T.);
#11184=ADVANCED_FACE('',(#11183),#11149,.T.);
#11185=CARTESIAN_POINT('',(309.793410702798670,6.750000000000002,0.0));
#11186=DIRECTION('',(-0.939692620785908,0.342020143325669,0.0));
#11187=DIRECTION('',(0.0,0.0,1.0));
#11188=AXIS2_PLACEMENT_3D('',#11185,#11186,#11187);
#11189=PLANE('',#11188);
#11190=CARTESIAN_POINT('',(309.793410702798670,6.750000000000002,-10.0));
#11191=DIRECTION('',(-0.342020143325670,-0.939692620785908,0.0));
#11192=VECTOR('',#11191,7.183199964212412);
#11193=LINE('',#11190,#11192);
#11194=EDGE_CURVE('',#11153,#8030,#11193,.T.);
#11195=ORIENTED_EDGE('',*,*,#11194,.T.);
#11196=ORIENTED_EDGE('',*,*,#8035,.F.);
#11197=CARTESIAN_POINT('',(307.336611621501790,1.110223E-015,0.0));
#11198=DIRECTION('',(0.342020143325670,0.939692620785908,0.0));
#11199=VECTOR('',#11198,7.183199964212412);
#11200=LINE('',#11197,#11199);
#11201=EDGE_CURVE('',#8028,#11161,#11200,.T.);
#11202=ORIENTED_EDGE('',*,*,#11201,.T.);
#11203=ORIENTED_EDGE('',*,*,#11166,.T.);
#11204=EDGE_LOOP('',(#11195,#11196,#11202,#11203));
#11205=FACE_OUTER_BOUND('',#11204,.T.);
#11206=ADVANCED_FACE('',(#11205),#11189,.T.);
#11207=CARTESIAN_POINT('',(314.779388378498310,1.110223E-015,0.0));
#11208=DIRECTION('',(0.939692620785908,0.342020143325669,0.0));
#11209=DIRECTION('',(0.0,0.0,-1.0));
#11210=AXIS2_PLACEMENT_3D('',#11207,#11208,#11209);
#11211=PLANE('',#11210);
#11212=CARTESIAN_POINT('',(314.779388378498310,1.110223E-015,-10.0));
#11213=DIRECTION('',(-0.342020143325663,0.939692620785910,0.0));
#11214=VECTOR('',#11213,7.183199964212393);
#11215=LINE('',#11212,#11214);
#11216=EDGE_CURVE('',#8078,#11151,#11215,.T.);
#11217=ORIENTED_EDGE('',*,*,#11216,.T.);
#11218=ORIENTED_EDGE('',*,*,#11180,.F.);
#11219=CARTESIAN_POINT('',(312.322589297201490,6.750000000000002,0.0));
#11220=DIRECTION('',(0.342020143325663,-0.939692620785910,0.0));
#11221=VECTOR('',#11220,7.183199964212393);
#11222=LINE('',#11219,#11221);
#11223=EDGE_CURVE('',#11169,#8086,#11222,.T.);
#11224=ORIENTED_EDGE('',*,*,#11223,.T.);
#11225=ORIENTED_EDGE('',*,*,#8091,.T.);
#11226=EDGE_LOOP('',(#11217,#11218,#11224,#11225));
#11227=FACE_OUTER_BOUND('',#11226,.T.);
#11228=ADVANCED_FACE('',(#11227),#11211,.T.);
#11229=CARTESIAN_POINT('',(320.484000000000090,6.750000000000000,0.0));
#11230=DIRECTION('',(0.0,1.0,0.0));
#11231=DIRECTION('',(0.0,0.0,1.0));
#11232=AXIS2_PLACEMENT_3D('',#11229,#11230,#11231);
#11233=PLANE('',#11232);
#11234=CARTESIAN_POINT('',(321.748589297201530,6.750000000000002,-10.0));
#11235=VERTEX_POINT('',#11234);
#11236=CARTESIAN_POINT('',(319.219410702798650,6.750000000000002,-10.0));
#11237=VERTEX_POINT('',#11236);
#11238=CARTESIAN_POINT('',(321.748589297201530,6.750000000000002,-10.0));
#11239=DIRECTION('',(-1.0,0.0,0.0));
#11240=VECTOR('',#11239,2.529178594402879);
#11241=LINE('',#11238,#11240);
#11242=EDGE_CURVE('',#11235,#11237,#11241,.T.);
#11243=ORIENTED_EDGE('',*,*,#11242,.T.);
#11244=CARTESIAN_POINT('',(319.219410702798650,6.750000000000002,0.0));
#11245=VERTEX_POINT('',#11244);
#11246=CARTESIAN_POINT('',(319.219410702798650,6.750000000000002,0.0));
#11247=DIRECTION('',(0.0,0.0,-1.0));
#11248=VECTOR('',#11247,10.0);
#11249=LINE('',#11246,#11248);
#11250=EDGE_CURVE('',#11245,#11237,#11249,.T.);
#11251=ORIENTED_EDGE('',*,*,#11250,.F.);
#11252=CARTESIAN_POINT('',(321.748589297201530,6.750000000000002,0.0));
#11253=VERTEX_POINT('',#11252);
#11254=CARTESIAN_POINT('',(319.219410702798650,6.750000000000002,0.0));
#11255=DIRECTION('',(1.0,0.0,0.0));
#11256=VECTOR('',#11255,2.529178594402879);
#11257=LINE('',#11254,#11256);
#11258=EDGE_CURVE('',#11245,#11253,#11257,.T.);
#11259=ORIENTED_EDGE('',*,*,#11258,.T.);
#11260=CARTESIAN_POINT('',(321.748589297201530,6.750000000000002,0.0));
#11261=DIRECTION('',(0.0,0.0,-1.0));
#11262=VECTOR('',#11261,10.0);
#11263=LINE('',#11260,#11262);
#11264=EDGE_CURVE('',#11253,#11235,#11263,.T.);
#11265=ORIENTED_EDGE('',*,*,#11264,.T.);
#11266=EDGE_LOOP('',(#11243,#11251,#11259,#11265));
#11267=FACE_OUTER_BOUND('',#11266,.T.);
#11268=ADVANCED_FACE('',(#11267),#11233,.T.);
#11269=CARTESIAN_POINT('',(319.219410702798650,6.750000000000002,0.0));
#11270=DIRECTION('',(-0.939692620785908,0.342020143325669,0.0));
#11271=DIRECTION('',(0.0,0.0,1.0));
#11272=AXIS2_PLACEMENT_3D('',#11269,#11270,#11271);
#11273=PLANE('',#11272);
#11274=CARTESIAN_POINT('',(319.219410702798650,6.750000000000002,-10.0));
#11275=DIRECTION('',(-0.342020143325663,-0.939692620785910,0.0));
#11276=VECTOR('',#11275,7.183199964212393);
#11277=LINE('',#11274,#11276);
#11278=EDGE_CURVE('',#11237,#8070,#11277,.T.);
#11279=ORIENTED_EDGE('',*,*,#11278,.T.);
#11280=ORIENTED_EDGE('',*,*,#8075,.F.);
#11281=CARTESIAN_POINT('',(316.762611621501830,1.110223E-015,0.0));
#11282=DIRECTION('',(0.342020143325663,0.939692620785910,0.0));
#11283=VECTOR('',#11282,7.183199964212393);
#11284=LINE('',#11281,#11283);
#11285=EDGE_CURVE('',#8068,#11245,#11284,.T.);
#11286=ORIENTED_EDGE('',*,*,#11285,.T.);
#11287=ORIENTED_EDGE('',*,*,#11250,.T.);
#11288=EDGE_LOOP('',(#11279,#11280,#11286,#11287));
#11289=FACE_OUTER_BOUND('',#11288,.T.);
#11290=ADVANCED_FACE('',(#11289),#11273,.T.);
#11291=CARTESIAN_POINT('',(324.205388378498360,1.110223E-015,0.0));
#11292=DIRECTION('',(0.939692620785908,0.342020143325669,0.0));
#11293=DIRECTION('',(0.0,0.0,-1.0));
#11294=AXIS2_PLACEMENT_3D('',#11291,#11292,#11293);
#11295=PLANE('',#11294);
#11296=CARTESIAN_POINT('',(324.205388378498360,1.110223E-015,-10.0));
#11297=DIRECTION('',(-0.342020143325663,0.939692620785910,0.0));
#11298=VECTOR('',#11297,7.183199964212393);
#11299=LINE('',#11296,#11298);
#11300=EDGE_CURVE('',#8118,#11235,#11299,.T.);
#11301=ORIENTED_EDGE('',*,*,#11300,.T.);
#11302=ORIENTED_EDGE('',*,*,#11264,.F.);
#11303=CARTESIAN_POINT('',(321.748589297201530,6.750000000000002,0.0));
#11304=DIRECTION('',(0.342020143325663,-0.939692620785910,0.0));
#11305=VECTOR('',#11304,7.183199964212393);
#11306=LINE('',#11303,#11305);
#11307=EDGE_CURVE('',#11253,#8126,#11306,.T.);
#11308=ORIENTED_EDGE('',*,*,#11307,.T.);
#11309=ORIENTED_EDGE('',*,*,#8131,.T.);
#11310=EDGE_LOOP('',(#11301,#11302,#11308,#11309));
#11311=FACE_OUTER_BOUND('',#11310,.T.);
#11312=ADVANCED_FACE('',(#11311),#11295,.T.);
#11313=CARTESIAN_POINT('',(329.910000000000080,6.750000000000000,0.0));
#11314=DIRECTION('',(0.0,1.0,0.0));
#11315=DIRECTION('',(0.0,0.0,1.0));
#11316=AXIS2_PLACEMENT_3D('',#11313,#11314,#11315);
#11317=PLANE('',#11316);
#11318=CARTESIAN_POINT('',(331.174589297201460,6.750000000000002,-10.0));
#11319=VERTEX_POINT('',#11318);
#11320=CARTESIAN_POINT('',(328.645410702798700,6.750000000000002,-10.0));
#11321=VERTEX_POINT('',#11320);
#11322=CARTESIAN_POINT('',(331.174589297201460,6.750000000000002,-10.0));
#11323=DIRECTION('',(-1.0,0.0,0.0));
#11324=VECTOR('',#11323,2.529178594402765);
#11325=LINE('',#11322,#11324);
#11326=EDGE_CURVE('',#11319,#11321,#11325,.T.);
#11327=ORIENTED_EDGE('',*,*,#11326,.T.);
#11328=CARTESIAN_POINT('',(328.645410702798700,6.750000000000002,0.0));
#11329=VERTEX_POINT('',#11328);
#11330=CARTESIAN_POINT('',(328.645410702798700,6.750000000000002,0.0));
#11331=DIRECTION('',(0.0,0.0,-1.0));
#11332=VECTOR('',#11331,10.0);
#11333=LINE('',#11330,#11332);
#11334=EDGE_CURVE('',#11329,#11321,#11333,.T.);
#11335=ORIENTED_EDGE('',*,*,#11334,.F.);
#11336=CARTESIAN_POINT('',(331.174589297201460,6.750000000000002,0.0));
#11337=VERTEX_POINT('',#11336);
#11338=CARTESIAN_POINT('',(328.645410702798700,6.750000000000002,0.0));
#11339=DIRECTION('',(1.0,0.0,0.0));
#11340=VECTOR('',#11339,2.529178594402765);
#11341=LINE('',#11338,#11340);
#11342=EDGE_CURVE('',#11329,#11337,#11341,.T.);
#11343=ORIENTED_EDGE('',*,*,#11342,.T.);
#11344=CARTESIAN_POINT('',(331.174589297201460,6.750000000000002,0.0));
#11345=DIRECTION('',(0.0,0.0,-1.0));
#11346=VECTOR('',#11345,10.0);
#11347=LINE('',#11344,#11346);
#11348=EDGE_CURVE('',#11337,#11319,#11347,.T.);
#11349=ORIENTED_EDGE('',*,*,#11348,.T.);
#11350=EDGE_LOOP('',(#11327,#11335,#11343,#11349));
#11351=FACE_OUTER_BOUND('',#11350,.T.);
#11352=ADVANCED_FACE('',(#11351),#11317,.T.);
#11353=CARTESIAN_POINT('',(328.645410702798700,6.750000000000002,0.0));
#11354=DIRECTION('',(-0.939692620785908,0.342020143325669,0.0));
#11355=DIRECTION('',(0.0,0.0,1.0));
#11356=AXIS2_PLACEMENT_3D('',#11353,#11354,#11355);
#11357=PLANE('',#11356);
#11358=CARTESIAN_POINT('',(328.645410702798700,6.750000000000002,-10.0));
#11359=DIRECTION('',(-0.342020143325670,-0.939692620785908,0.0));
#11360=VECTOR('',#11359,7.183199964212412);
#11361=LINE('',#11358,#11360);
#11362=EDGE_CURVE('',#11321,#8110,#11361,.T.);
#11363=ORIENTED_EDGE('',*,*,#11362,.T.);
#11364=ORIENTED_EDGE('',*,*,#8115,.F.);
#11365=CARTESIAN_POINT('',(326.188611621501820,1.110223E-015,0.0));
#11366=DIRECTION('',(0.342020143325670,0.939692620785908,0.0));
#11367=VECTOR('',#11366,7.183199964212412);
#11368=LINE('',#11365,#11367);
#11369=EDGE_CURVE('',#8108,#11329,#11368,.T.);
#11370=ORIENTED_EDGE('',*,*,#11369,.T.);
#11371=ORIENTED_EDGE('',*,*,#11334,.T.);
#11372=EDGE_LOOP('',(#11363,#11364,#11370,#11371));
#11373=FACE_OUTER_BOUND('',#11372,.T.);
#11374=ADVANCED_FACE('',(#11373),#11357,.T.);
#11375=CARTESIAN_POINT('',(333.631388378498290,1.110223E-015,0.0));
#11376=DIRECTION('',(0.939692620785908,0.342020143325669,0.0));
#11377=DIRECTION('',(0.0,0.0,-1.0));
#11378=AXIS2_PLACEMENT_3D('',#11375,#11376,#11377);
#11379=PLANE('',#11378);
#11380=CARTESIAN_POINT('',(333.631388378498290,1.110223E-015,-10.0));
#11381=DIRECTION('',(-0.342020143325663,0.939692620785910,0.0));
#11382=VECTOR('',#11381,7.183199964212393);
#11383=LINE('',#11380,#11382);
#11384=EDGE_CURVE('',#8158,#11319,#11383,.T.);
#11385=ORIENTED_EDGE('',*,*,#11384,.T.);
#11386=ORIENTED_EDGE('',*,*,#11348,.F.);
#11387=CARTESIAN_POINT('',(331.174589297201460,6.750000000000002,0.0));
#11388=DIRECTION('',(0.342020143325663,-0.939692620785910,0.0));
#11389=VECTOR('',#11388,7.183199964212393);
#11390=LINE('',#11387,#11389);
#11391=EDGE_CURVE('',#11337,#8166,#11390,.T.);
#11392=ORIENTED_EDGE('',*,*,#11391,.T.);
#11393=ORIENTED_EDGE('',*,*,#8171,.T.);
#11394=EDGE_LOOP('',(#11385,#11386,#11392,#11393));
#11395=FACE_OUTER_BOUND('',#11394,.T.);
#11396=ADVANCED_FACE('',(#11395),#11379,.T.);
#11397=CARTESIAN_POINT('',(339.336000000000070,6.750000000000000,0.0));
#11398=DIRECTION('',(0.0,1.0,0.0));
#11399=DIRECTION('',(0.0,0.0,1.0));
#11400=AXIS2_PLACEMENT_3D('',#11397,#11398,#11399);
#11401=PLANE('',#11400);
#11402=CARTESIAN_POINT('',(340.600589297201400,6.750000000000002,-10.0));
#11403=VERTEX_POINT('',#11402);
#11404=CARTESIAN_POINT('',(338.071410702798690,6.750000000000002,-10.0));
#11405=VERTEX_POINT('',#11404);
#11406=CARTESIAN_POINT('',(340.600589297201400,6.750000000000002,-10.0));
#11407=DIRECTION('',(-1.0,0.0,0.0));
#11408=VECTOR('',#11407,2.529178594402708);
#11409=LINE('',#11406,#11408);
#11410=EDGE_CURVE('',#11403,#11405,#11409,.T.);
#11411=ORIENTED_EDGE('',*,*,#11410,.T.);
#11412=CARTESIAN_POINT('',(338.071410702798690,6.750000000000002,0.0));
#11413=VERTEX_POINT('',#11412);
#11414=CARTESIAN_POINT('',(338.071410702798690,6.750000000000002,0.0));
#11415=DIRECTION('',(0.0,0.0,-1.0));
#11416=VECTOR('',#11415,10.0);
#11417=LINE('',#11414,#11416);
#11418=EDGE_CURVE('',#11413,#11405,#11417,.T.);
#11419=ORIENTED_EDGE('',*,*,#11418,.F.);
#11420=CARTESIAN_POINT('',(340.600589297201400,6.750000000000002,0.0));
#11421=VERTEX_POINT('',#11420);
#11422=CARTESIAN_POINT('',(338.071410702798690,6.750000000000002,0.0));
#11423=DIRECTION('',(1.0,0.0,0.0));
#11424=VECTOR('',#11423,2.529178594402708);
#11425=LINE('',#11422,#11424);
#11426=EDGE_CURVE('',#11413,#11421,#11425,.T.);
#11427=ORIENTED_EDGE('',*,*,#11426,.T.);
#11428=CARTESIAN_POINT('',(340.600589297201400,6.750000000000002,0.0));
#11429=DIRECTION('',(0.0,0.0,-1.0));
#11430=VECTOR('',#11429,10.0);
#11431=LINE('',#11428,#11430);
#11432=EDGE_CURVE('',#11421,#11403,#11431,.T.);
#11433=ORIENTED_EDGE('',*,*,#11432,.T.);
#11434=EDGE_LOOP('',(#11411,#11419,#11427,#11433));
#11435=FACE_OUTER_BOUND('',#11434,.T.);
#11436=ADVANCED_FACE('',(#11435),#11401,.T.);
#11437=CARTESIAN_POINT('',(338.071410702798690,6.750000000000002,0.0));
#11438=DIRECTION('',(-0.939692620785908,0.342020143325669,0.0));
#11439=DIRECTION('',(0.0,0.0,1.0));
#11440=AXIS2_PLACEMENT_3D('',#11437,#11438,#11439);
#11441=PLANE('',#11440);
#11442=CARTESIAN_POINT('',(338.071410702798690,6.750000000000002,-10.0));
#11443=DIRECTION('',(-0.342020143325670,-0.939692620785908,0.0));
#11444=VECTOR('',#11443,7.183199964212412);
#11445=LINE('',#11442,#11444);
#11446=EDGE_CURVE('',#11405,#8150,#11445,.T.);
#11447=ORIENTED_EDGE('',*,*,#11446,.T.);
#11448=ORIENTED_EDGE('',*,*,#8155,.F.);
#11449=CARTESIAN_POINT('',(335.614611621501810,1.110223E-015,0.0));
#11450=DIRECTION('',(0.342020143325670,0.939692620785908,0.0));
#11451=VECTOR('',#11450,7.183199964212412);
#11452=LINE('',#11449,#11451);
#11453=EDGE_CURVE('',#8148,#11413,#11452,.T.);
#11454=ORIENTED_EDGE('',*,*,#11453,.T.);
#11455=ORIENTED_EDGE('',*,*,#11418,.T.);
#11456=EDGE_LOOP('',(#11447,#11448,#11454,#11455));
#11457=FACE_OUTER_BOUND('',#11456,.T.);
#11458=ADVANCED_FACE('',(#11457),#11441,.T.);
#11459=CARTESIAN_POINT('',(343.057388378498330,1.110223E-015,0.0));
#11460=DIRECTION('',(0.939692620785908,0.342020143325669,0.0));
#11461=DIRECTION('',(0.0,0.0,-1.0));
#11462=AXIS2_PLACEMENT_3D('',#11459,#11460,#11461);
#11463=PLANE('',#11462);
#11464=CARTESIAN_POINT('',(343.057388378498330,1.110223E-015,-10.0));
#11465=DIRECTION('',(-0.342020143325677,0.939692620785905,0.0));
#11466=VECTOR('',#11465,7.183199964212432);
#11467=LINE('',#11464,#11466);
#11468=EDGE_CURVE('',#8198,#11403,#11467,.T.);
#11469=ORIENTED_EDGE('',*,*,#11468,.T.);
#11470=ORIENTED_EDGE('',*,*,#11432,.F.);
#11471=CARTESIAN_POINT('',(340.600589297201400,6.750000000000002,0.0));
#11472=DIRECTION('',(0.342020143325677,-0.939692620785905,0.0));
#11473=VECTOR('',#11472,7.183199964212432);
#11474=LINE('',#11471,#11473);
#11475=EDGE_CURVE('',#11421,#8206,#11474,.T.);
#11476=ORIENTED_EDGE('',*,*,#11475,.T.);
#11477=ORIENTED_EDGE('',*,*,#8211,.T.);
#11478=EDGE_LOOP('',(#11469,#11470,#11476,#11477));
#11479=FACE_OUTER_BOUND('',#11478,.T.);
#11480=ADVANCED_FACE('',(#11479),#11463,.T.);
#11481=CARTESIAN_POINT('',(348.762000000000110,6.750000000000000,0.0));
#11482=DIRECTION('',(0.0,1.0,0.0));
#11483=DIRECTION('',(0.0,0.0,1.0));
#11484=AXIS2_PLACEMENT_3D('',#11481,#11482,#11483);
#11485=PLANE('',#11484);
#11486=CARTESIAN_POINT('',(350.026589297201500,6.750000000000002,-10.0));
#11487=VERTEX_POINT('',#11486);
#11488=CARTESIAN_POINT('',(347.497410702798730,6.750000000000002,-10.0));
#11489=VERTEX_POINT('',#11488);
#11490=CARTESIAN_POINT('',(350.026589297201500,6.750000000000002,-10.0));
#11491=DIRECTION('',(-1.0,0.0,0.0));
#11492=VECTOR('',#11491,2.529178594402765);
#11493=LINE('',#11490,#11492);
#11494=EDGE_CURVE('',#11487,#11489,#11493,.T.);
#11495=ORIENTED_EDGE('',*,*,#11494,.T.);
#11496=CARTESIAN_POINT('',(347.497410702798730,6.750000000000002,0.0));
#11497=VERTEX_POINT('',#11496);
#11498=CARTESIAN_POINT('',(347.497410702798730,6.750000000000002,0.0));
#11499=DIRECTION('',(0.0,0.0,-1.0));
#11500=VECTOR('',#11499,10.0);
#11501=LINE('',#11498,#11500);
#11502=EDGE_CURVE('',#11497,#11489,#11501,.T.);
#11503=ORIENTED_EDGE('',*,*,#11502,.F.);
#11504=CARTESIAN_POINT('',(350.026589297201500,6.750000000000002,0.0));
#11505=VERTEX_POINT('',#11504);
#11506=CARTESIAN_POINT('',(347.497410702798730,6.750000000000002,0.0));
#11507=DIRECTION('',(1.0,0.0,0.0));
#11508=VECTOR('',#11507,2.529178594402765);
#11509=LINE('',#11506,#11508);
#11510=EDGE_CURVE('',#11497,#11505,#11509,.T.);
#11511=ORIENTED_EDGE('',*,*,#11510,.T.);
#11512=CARTESIAN_POINT('',(350.026589297201500,6.750000000000002,0.0));
#11513=DIRECTION('',(0.0,0.0,-1.0));
#11514=VECTOR('',#11513,10.0);
#11515=LINE('',#11512,#11514);
#11516=EDGE_CURVE('',#11505,#11487,#11515,.T.);
#11517=ORIENTED_EDGE('',*,*,#11516,.T.);
#11518=EDGE_LOOP('',(#11495,#11503,#11511,#11517));
#11519=FACE_OUTER_BOUND('',#11518,.T.);
#11520=ADVANCED_FACE('',(#11519),#11485,.T.);
#11521=CARTESIAN_POINT('',(347.497410702798730,6.750000000000002,0.0));
#11522=DIRECTION('',(-0.939692620785908,0.342020143325669,0.0));
#11523=DIRECTION('',(0.0,0.0,1.0));
#11524=AXIS2_PLACEMENT_3D('',#11521,#11522,#11523);
#11525=PLANE('',#11524);
#11526=CARTESIAN_POINT('',(347.497410702798730,6.750000000000002,-10.0));
#11527=DIRECTION('',(-0.342020143325670,-0.939692620785908,0.0));
#11528=VECTOR('',#11527,7.183199964212412);
#11529=LINE('',#11526,#11528);
#11530=EDGE_CURVE('',#11489,#8190,#11529,.T.);
#11531=ORIENTED_EDGE('',*,*,#11530,.T.);
#11532=ORIENTED_EDGE('',*,*,#8195,.F.);
#11533=CARTESIAN_POINT('',(345.040611621501850,1.110223E-015,0.0));
#11534=DIRECTION('',(0.342020143325670,0.939692620785908,0.0));
#11535=VECTOR('',#11534,7.183199964212412);
#11536=LINE('',#11533,#11535);
#11537=EDGE_CURVE('',#8188,#11497,#11536,.T.);
#11538=ORIENTED_EDGE('',*,*,#11537,.T.);
#11539=ORIENTED_EDGE('',*,*,#11502,.T.);
#11540=EDGE_LOOP('',(#11531,#11532,#11538,#11539));
#11541=FACE_OUTER_BOUND('',#11540,.T.);
#11542=ADVANCED_FACE('',(#11541),#11525,.T.);
#11543=CARTESIAN_POINT('',(352.483388378498380,1.110223E-015,0.0));
#11544=DIRECTION('',(0.939692620785908,0.342020143325669,0.0));
#11545=DIRECTION('',(0.0,0.0,-1.0));
#11546=AXIS2_PLACEMENT_3D('',#11543,#11544,#11545);
#11547=PLANE('',#11546);
#11548=CARTESIAN_POINT('',(352.483388378498380,1.110223E-015,-10.0));
#11549=DIRECTION('',(-0.342020143325670,0.939692620785908,0.0));
#11550=VECTOR('',#11549,7.183199964212412);
#11551=LINE('',#11548,#11550);
#11552=EDGE_CURVE('',#8238,#11487,#11551,.T.);
#11553=ORIENTED_EDGE('',*,*,#11552,.T.);
#11554=ORIENTED_EDGE('',*,*,#11516,.F.);
#11555=CARTESIAN_POINT('',(350.026589297201500,6.750000000000002,0.0));
#11556=DIRECTION('',(0.342020143325670,-0.939692620785908,0.0));
#11557=VECTOR('',#11556,7.183199964212412);
#11558=LINE('',#11555,#11557);
#11559=EDGE_CURVE('',#11505,#8246,#11558,.T.);
#11560=ORIENTED_EDGE('',*,*,#11559,.T.);
#11561=ORIENTED_EDGE('',*,*,#8251,.T.);
#11562=EDGE_LOOP('',(#11553,#11554,#11560,#11561));
#11563=FACE_OUTER_BOUND('',#11562,.T.);
#11564=ADVANCED_FACE('',(#11563),#11547,.T.);
#11565=CARTESIAN_POINT('',(358.188000000000100,6.750000000000000,0.0));
#11566=DIRECTION('',(0.0,1.0,0.0));
#11567=DIRECTION('',(0.0,0.0,1.0));
#11568=AXIS2_PLACEMENT_3D('',#11565,#11566,#11567);
#11569=PLANE('',#11568);
#11570=CARTESIAN_POINT('',(359.452589297201480,6.750000000000002,-10.0));
#11571=VERTEX_POINT('',#11570);
#11572=CARTESIAN_POINT('',(356.923410702798720,6.750000000000002,-10.0));
#11573=VERTEX_POINT('',#11572);
#11574=CARTESIAN_POINT('',(359.452589297201480,6.750000000000002,-10.0));
#11575=DIRECTION('',(-1.0,0.0,0.0));
#11576=VECTOR('',#11575,2.529178594402765);
#11577=LINE('',#11574,#11576);
#11578=EDGE_CURVE('',#11571,#11573,#11577,.T.);
#11579=ORIENTED_EDGE('',*,*,#11578,.T.);
#11580=CARTESIAN_POINT('',(356.923410702798720,6.750000000000002,0.0));
#11581=VERTEX_POINT('',#11580);
#11582=CARTESIAN_POINT('',(356.923410702798720,6.750000000000002,0.0));
#11583=DIRECTION('',(0.0,0.0,-1.0));
#11584=VECTOR('',#11583,10.0);
#11585=LINE('',#11582,#11584);
#11586=EDGE_CURVE('',#11581,#11573,#11585,.T.);
#11587=ORIENTED_EDGE('',*,*,#11586,.F.);
#11588=CARTESIAN_POINT('',(359.452589297201480,6.750000000000002,0.0));
#11589=VERTEX_POINT('',#11588);
#11590=CARTESIAN_POINT('',(356.923410702798720,6.750000000000002,0.0));
#11591=DIRECTION('',(1.0,0.0,0.0));
#11592=VECTOR('',#11591,2.529178594402765);
#11593=LINE('',#11590,#11592);
#11594=EDGE_CURVE('',#11581,#11589,#11593,.T.);
#11595=ORIENTED_EDGE('',*,*,#11594,.T.);
#11596=CARTESIAN_POINT('',(359.452589297201480,6.750000000000002,0.0));
#11597=DIRECTION('',(0.0,0.0,-1.0));
#11598=VECTOR('',#11597,10.0);
#11599=LINE('',#11596,#11598);
#11600=EDGE_CURVE('',#11589,#11571,#11599,.T.);
#11601=ORIENTED_EDGE('',*,*,#11600,.T.);
#11602=EDGE_LOOP('',(#11579,#11587,#11595,#11601));
#11603=FACE_OUTER_BOUND('',#11602,.T.);
#11604=ADVANCED_FACE('',(#11603),#11569,.T.);
#11605=CARTESIAN_POINT('',(356.923410702798720,6.750000000000002,0.0));
#11606=DIRECTION('',(-0.939692620785908,0.342020143325669,0.0));
#11607=DIRECTION('',(0.0,0.0,1.0));
#11608=AXIS2_PLACEMENT_3D('',#11605,#11606,#11607);
#11609=PLANE('',#11608);
#11610=CARTESIAN_POINT('',(356.923410702798720,6.750000000000002,-10.0));
#11611=DIRECTION('',(-0.342020143325670,-0.939692620785908,0.0));
#11612=VECTOR('',#11611,7.183199964212412);
#11613=LINE('',#11610,#11612);
#11614=EDGE_CURVE('',#11573,#8230,#11613,.T.);
#11615=ORIENTED_EDGE('',*,*,#11614,.T.);
#11616=ORIENTED_EDGE('',*,*,#8235,.F.);
#11617=CARTESIAN_POINT('',(354.466611621501840,1.110223E-015,0.0));
#11618=DIRECTION('',(0.342020143325670,0.939692620785908,0.0));
#11619=VECTOR('',#11618,7.183199964212412);
#11620=LINE('',#11617,#11619);
#11621=EDGE_CURVE('',#8228,#11581,#11620,.T.);
#11622=ORIENTED_EDGE('',*,*,#11621,.T.);
#11623=ORIENTED_EDGE('',*,*,#11586,.T.);
#11624=EDGE_LOOP('',(#11615,#11616,#11622,#11623));
#11625=FACE_OUTER_BOUND('',#11624,.T.);
#11626=ADVANCED_FACE('',(#11625),#11609,.T.);
#11627=CARTESIAN_POINT('',(361.909388378498360,1.110223E-015,0.0));
#11628=DIRECTION('',(0.939692620785908,0.342020143325669,0.0));
#11629=DIRECTION('',(0.0,0.0,-1.0));
#11630=AXIS2_PLACEMENT_3D('',#11627,#11628,#11629);
#11631=PLANE('',#11630);
#11632=CARTESIAN_POINT('',(361.909388378498360,1.110223E-015,-10.0));
#11633=DIRECTION('',(-0.342020143325670,0.939692620785908,0.0));
#11634=VECTOR('',#11633,7.183199964212412);
#11635=LINE('',#11632,#11634);
#11636=EDGE_CURVE('',#8278,#11571,#11635,.T.);
#11637=ORIENTED_EDGE('',*,*,#11636,.T.);
#11638=ORIENTED_EDGE('',*,*,#11600,.F.);
#11639=CARTESIAN_POINT('',(359.452589297201480,6.750000000000002,0.0));
#11640=DIRECTION('',(0.342020143325670,-0.939692620785908,0.0));
#11641=VECTOR('',#11640,7.183199964212412);
#11642=LINE('',#11639,#11641);
#11643=EDGE_CURVE('',#11589,#8286,#11642,.T.);
#11644=ORIENTED_EDGE('',*,*,#11643,.T.);
#11645=ORIENTED_EDGE('',*,*,#8291,.T.);
#11646=EDGE_LOOP('',(#11637,#11638,#11644,#11645));
#11647=FACE_OUTER_BOUND('',#11646,.T.);
#11648=ADVANCED_FACE('',(#11647),#11631,.T.);
#11649=CARTESIAN_POINT('',(367.614000000000090,6.750000000000000,0.0));
#11650=DIRECTION('',(0.0,1.0,0.0));
#11651=DIRECTION('',(0.0,0.0,1.0));
#11652=AXIS2_PLACEMENT_3D('',#11649,#11650,#11651);
#11653=PLANE('',#11652);
#11654=CARTESIAN_POINT('',(368.878589297201470,6.750000000000002,-10.0));
#11655=VERTEX_POINT('',#11654);
#11656=CARTESIAN_POINT('',(366.349410702798710,6.750000000000002,-10.0));
#11657=VERTEX_POINT('',#11656);
#11658=CARTESIAN_POINT('',(368.878589297201470,6.750000000000002,-10.0));
#11659=DIRECTION('',(-1.0,0.0,0.0));
#11660=VECTOR('',#11659,2.529178594402765);
#11661=LINE('',#11658,#11660);
#11662=EDGE_CURVE('',#11655,#11657,#11661,.T.);
#11663=ORIENTED_EDGE('',*,*,#11662,.T.);
#11664=CARTESIAN_POINT('',(366.349410702798710,6.750000000000002,0.0));
#11665=VERTEX_POINT('',#11664);
#11666=CARTESIAN_POINT('',(366.349410702798710,6.750000000000002,0.0));
#11667=DIRECTION('',(0.0,0.0,-1.0));
#11668=VECTOR('',#11667,10.0);
#11669=LINE('',#11666,#11668);
#11670=EDGE_CURVE('',#11665,#11657,#11669,.T.);
#11671=ORIENTED_EDGE('',*,*,#11670,.F.);
#11672=CARTESIAN_POINT('',(368.878589297201470,6.750000000000002,0.0));
#11673=VERTEX_POINT('',#11672);
#11674=CARTESIAN_POINT('',(366.349410702798710,6.750000000000002,0.0));
#11675=DIRECTION('',(1.0,0.0,0.0));
#11676=VECTOR('',#11675,2.529178594402765);
#11677=LINE('',#11674,#11676);
#11678=EDGE_CURVE('',#11665,#11673,#11677,.T.);
#11679=ORIENTED_EDGE('',*,*,#11678,.T.);
#11680=CARTESIAN_POINT('',(368.878589297201470,6.750000000000002,0.0));
#11681=DIRECTION('',(0.0,0.0,-1.0));
#11682=VECTOR('',#11681,10.0);
#11683=LINE('',#11680,#11682);
#11684=EDGE_CURVE('',#11673,#11655,#11683,.T.);
#11685=ORIENTED_EDGE('',*,*,#11684,.T.);
#11686=EDGE_LOOP('',(#11663,#11671,#11679,#11685));
#11687=FACE_OUTER_BOUND('',#11686,.T.);
#11688=ADVANCED_FACE('',(#11687),#11653,.T.);
#11689=CARTESIAN_POINT('',(366.349410702798710,6.750000000000002,0.0));
#11690=DIRECTION('',(-0.939692620785908,0.342020143325669,0.0));
#11691=DIRECTION('',(0.0,0.0,1.0));
#11692=AXIS2_PLACEMENT_3D('',#11689,#11690,#11691);
#11693=PLANE('',#11692);
#11694=CARTESIAN_POINT('',(366.349410702798710,6.750000000000002,-10.0));
#11695=DIRECTION('',(-0.342020143325670,-0.939692620785908,0.0));
#11696=VECTOR('',#11695,7.183199964212412);
#11697=LINE('',#11694,#11696);
#11698=EDGE_CURVE('',#11657,#8270,#11697,.T.);
#11699=ORIENTED_EDGE('',*,*,#11698,.T.);
#11700=ORIENTED_EDGE('',*,*,#8275,.F.);
#11701=CARTESIAN_POINT('',(363.892611621501830,1.110223E-015,0.0));
#11702=DIRECTION('',(0.342020143325670,0.939692620785908,0.0));
#11703=VECTOR('',#11702,7.183199964212412);
#11704=LINE('',#11701,#11703);
#11705=EDGE_CURVE('',#8268,#11665,#11704,.T.);
#11706=ORIENTED_EDGE('',*,*,#11705,.T.);
#11707=ORIENTED_EDGE('',*,*,#11670,.T.);
#11708=EDGE_LOOP('',(#11699,#11700,#11706,#11707));
#11709=FACE_OUTER_BOUND('',#11708,.T.);
#11710=ADVANCED_FACE('',(#11709),#11693,.T.);
#11711=CARTESIAN_POINT('',(371.335388378498350,1.110223E-015,0.0));
#11712=DIRECTION('',(0.939692620785908,0.342020143325669,0.0));
#11713=DIRECTION('',(0.0,0.0,-1.0));
#11714=AXIS2_PLACEMENT_3D('',#11711,#11712,#11713);
#11715=PLANE('',#11714);
#11716=CARTESIAN_POINT('',(371.335388378498350,1.110223E-015,-10.0));
#11717=DIRECTION('',(-0.342020143325670,0.939692620785908,0.0));
#11718=VECTOR('',#11717,7.183199964212412);
#11719=LINE('',#11716,#11718);
#11720=EDGE_CURVE('',#8348,#11655,#11719,.T.);
#11721=ORIENTED_EDGE('',*,*,#11720,.T.);
#11722=ORIENTED_EDGE('',*,*,#11684,.F.);
#11723=CARTESIAN_POINT('',(368.878589297201470,6.750000000000002,0.0));
#11724=DIRECTION('',(0.342020143325670,-0.939692620785908,0.0));
#11725=VECTOR('',#11724,7.183199964212412);
#11726=LINE('',#11723,#11725);
#11727=EDGE_CURVE('',#11673,#8356,#11726,.T.);
#11728=ORIENTED_EDGE('',*,*,#11727,.T.);
#11729=ORIENTED_EDGE('',*,*,#8361,.T.);
#11730=EDGE_LOOP('',(#11721,#11722,#11728,#11729));
#11731=FACE_OUTER_BOUND('',#11730,.T.);
#11732=ADVANCED_FACE('',(#11731),#11715,.T.);
#11733=CARTESIAN_POINT('',(367.614000000000090,2.693631287607957,0.0));
#11734=DIRECTION('',(0.0,0.0,1.0));
#11735=DIRECTION('',(1.0,0.0,0.0));
#11736=AXIS2_PLACEMENT_3D('',#11733,#11734,#11735);
#11737=PLANE('',#11736);
#11738=ORIENTED_EDGE('',*,*,#11678,.F.);
#11739=ORIENTED_EDGE('',*,*,#11705,.F.);
#11740=ORIENTED_EDGE('',*,*,#8297,.T.);
#11741=ORIENTED_EDGE('',*,*,#11643,.F.);
#11742=ORIENTED_EDGE('',*,*,#11594,.F.);
#11743=ORIENTED_EDGE('',*,*,#11621,.F.);
#11744=ORIENTED_EDGE('',*,*,#8257,.T.);
#11745=ORIENTED_EDGE('',*,*,#11559,.F.);
#11746=ORIENTED_EDGE('',*,*,#11510,.F.);
#11747=ORIENTED_EDGE('',*,*,#11537,.F.);
#11748=ORIENTED_EDGE('',*,*,#8217,.T.);
#11749=ORIENTED_EDGE('',*,*,#11475,.F.);
#11750=ORIENTED_EDGE('',*,*,#11426,.F.);
#11751=ORIENTED_EDGE('',*,*,#11453,.F.);
#11752=ORIENTED_EDGE('',*,*,#8177,.T.);
#11753=ORIENTED_EDGE('',*,*,#11391,.F.);
#11754=ORIENTED_EDGE('',*,*,#11342,.F.);
#11755=ORIENTED_EDGE('',*,*,#11369,.F.);
#11756=ORIENTED_EDGE('',*,*,#8137,.T.);
#11757=ORIENTED_EDGE('',*,*,#11307,.F.);
#11758=ORIENTED_EDGE('',*,*,#11258,.F.);
#11759=ORIENTED_EDGE('',*,*,#11285,.F.);
#11760=ORIENTED_EDGE('',*,*,#8097,.T.);
#11761=ORIENTED_EDGE('',*,*,#11223,.F.);
#11762=ORIENTED_EDGE('',*,*,#11174,.F.);
#11763=ORIENTED_EDGE('',*,*,#11201,.F.);
#11764=ORIENTED_EDGE('',*,*,#8057,.T.);
#11765=ORIENTED_EDGE('',*,*,#11139,.F.);
#11766=ORIENTED_EDGE('',*,*,#11090,.F.);
#11767=ORIENTED_EDGE('',*,*,#11117,.F.);
#11768=ORIENTED_EDGE('',*,*,#8017,.T.);
#11769=ORIENTED_EDGE('',*,*,#11055,.F.);
#11770=ORIENTED_EDGE('',*,*,#11006,.F.);
#11771=ORIENTED_EDGE('',*,*,#11033,.F.);
#11772=ORIENTED_EDGE('',*,*,#7977,.T.);
#11773=ORIENTED_EDGE('',*,*,#10971,.F.);
#11774=ORIENTED_EDGE('',*,*,#10922,.F.);
#11775=ORIENTED_EDGE('',*,*,#10949,.F.);
#11776=ORIENTED_EDGE('',*,*,#7937,.T.);
#11777=ORIENTED_EDGE('',*,*,#10887,.F.);
#11778=ORIENTED_EDGE('',*,*,#10838,.F.);
#11779=ORIENTED_EDGE('',*,*,#10865,.F.);
#11780=ORIENTED_EDGE('',*,*,#7897,.T.);
#11781=ORIENTED_EDGE('',*,*,#10803,.F.);
#11782=ORIENTED_EDGE('',*,*,#10754,.F.);
#11783=ORIENTED_EDGE('',*,*,#10781,.F.);
#11784=ORIENTED_EDGE('',*,*,#7857,.T.);
#11785=ORIENTED_EDGE('',*,*,#10719,.F.);
#11786=ORIENTED_EDGE('',*,*,#10670,.F.);
#11787=ORIENTED_EDGE('',*,*,#10697,.F.);
#11788=ORIENTED_EDGE('',*,*,#7817,.T.);
#11789=ORIENTED_EDGE('',*,*,#10635,.F.);
#11790=ORIENTED_EDGE('',*,*,#10586,.F.);
#11791=ORIENTED_EDGE('',*,*,#10613,.F.);
#11792=ORIENTED_EDGE('',*,*,#7777,.T.);
#11793=ORIENTED_EDGE('',*,*,#10551,.F.);
#11794=ORIENTED_EDGE('',*,*,#10502,.F.);
#11795=ORIENTED_EDGE('',*,*,#10529,.F.);
#11796=ORIENTED_EDGE('',*,*,#7737,.T.);
#11797=ORIENTED_EDGE('',*,*,#10467,.F.);
#11798=ORIENTED_EDGE('',*,*,#10418,.F.);
#11799=ORIENTED_EDGE('',*,*,#10445,.F.);
#11800=ORIENTED_EDGE('',*,*,#7697,.T.);
#11801=ORIENTED_EDGE('',*,*,#10383,.F.);
#11802=ORIENTED_EDGE('',*,*,#10334,.F.);
#11803=ORIENTED_EDGE('',*,*,#10361,.F.);
#11804=ORIENTED_EDGE('',*,*,#7657,.T.);
#11805=ORIENTED_EDGE('',*,*,#10299,.F.);
#11806=ORIENTED_EDGE('',*,*,#10250,.F.);
#11807=ORIENTED_EDGE('',*,*,#10277,.F.);
#11808=ORIENTED_EDGE('',*,*,#7617,.T.);
#11809=ORIENTED_EDGE('',*,*,#10215,.F.);
#11810=ORIENTED_EDGE('',*,*,#10166,.F.);
#11811=ORIENTED_EDGE('',*,*,#10193,.F.);
#11812=ORIENTED_EDGE('',*,*,#7577,.T.);
#11813=ORIENTED_EDGE('',*,*,#10131,.F.);
#11814=ORIENTED_EDGE('',*,*,#10082,.F.);
#11815=ORIENTED_EDGE('',*,*,#10109,.F.);
#11816=ORIENTED_EDGE('',*,*,#7537,.T.);
#11817=ORIENTED_EDGE('',*,*,#10047,.F.);
#11818=ORIENTED_EDGE('',*,*,#9998,.F.);
#11819=ORIENTED_EDGE('',*,*,#10025,.F.);
#11820=ORIENTED_EDGE('',*,*,#7497,.T.);
#11821=ORIENTED_EDGE('',*,*,#9963,.F.);
#11822=ORIENTED_EDGE('',*,*,#9914,.F.);
#11823=ORIENTED_EDGE('',*,*,#9941,.F.);
#11824=ORIENTED_EDGE('',*,*,#7457,.T.);
#11825=ORIENTED_EDGE('',*,*,#9879,.F.);
#11826=ORIENTED_EDGE('',*,*,#9830,.F.);
#11827=ORIENTED_EDGE('',*,*,#9857,.F.);
#11828=ORIENTED_EDGE('',*,*,#7417,.T.);
#11829=ORIENTED_EDGE('',*,*,#9795,.F.);
#11830=ORIENTED_EDGE('',*,*,#9746,.F.);
#11831=ORIENTED_EDGE('',*,*,#9773,.F.);
#11832=ORIENTED_EDGE('',*,*,#7377,.T.);
#11833=ORIENTED_EDGE('',*,*,#9711,.F.);
#11834=ORIENTED_EDGE('',*,*,#9662,.F.);
#11835=ORIENTED_EDGE('',*,*,#9689,.F.);
#11836=ORIENTED_EDGE('',*,*,#7337,.T.);
#11837=ORIENTED_EDGE('',*,*,#9627,.F.);
#11838=ORIENTED_EDGE('',*,*,#9578,.F.);
#11839=ORIENTED_EDGE('',*,*,#9605,.F.);
#11840=ORIENTED_EDGE('',*,*,#7297,.T.);
#11841=ORIENTED_EDGE('',*,*,#9543,.F.);
#11842=ORIENTED_EDGE('',*,*,#9494,.F.);
#11843=ORIENTED_EDGE('',*,*,#9521,.F.);
#11844=ORIENTED_EDGE('',*,*,#7257,.T.);
#11845=ORIENTED_EDGE('',*,*,#9459,.F.);
#11846=ORIENTED_EDGE('',*,*,#9410,.F.);
#11847=ORIENTED_EDGE('',*,*,#9437,.F.);
#11848=ORIENTED_EDGE('',*,*,#7217,.T.);
#11849=ORIENTED_EDGE('',*,*,#9375,.F.);
#11850=ORIENTED_EDGE('',*,*,#9326,.F.);
#11851=ORIENTED_EDGE('',*,*,#9353,.F.);
#11852=ORIENTED_EDGE('',*,*,#7177,.T.);
#11853=ORIENTED_EDGE('',*,*,#9291,.F.);
#11854=ORIENTED_EDGE('',*,*,#9242,.F.);
#11855=ORIENTED_EDGE('',*,*,#9269,.F.);
#11856=ORIENTED_EDGE('',*,*,#7137,.T.);
#11857=ORIENTED_EDGE('',*,*,#9207,.F.);
#11858=ORIENTED_EDGE('',*,*,#9158,.F.);
#11859=ORIENTED_EDGE('',*,*,#9185,.F.);
#11860=ORIENTED_EDGE('',*,*,#7097,.T.);
#11861=ORIENTED_EDGE('',*,*,#9123,.F.);
#11862=ORIENTED_EDGE('',*,*,#9074,.F.);
#11863=ORIENTED_EDGE('',*,*,#9101,.F.);
#11864=ORIENTED_EDGE('',*,*,#7057,.T.);
#11865=ORIENTED_EDGE('',*,*,#9039,.F.);
#11866=ORIENTED_EDGE('',*,*,#8990,.F.);
#11867=ORIENTED_EDGE('',*,*,#9017,.F.);
#11868=ORIENTED_EDGE('',*,*,#7017,.T.);
#11869=ORIENTED_EDGE('',*,*,#8955,.F.);
#11870=ORIENTED_EDGE('',*,*,#8906,.F.);
#11871=ORIENTED_EDGE('',*,*,#8933,.F.);
#11872=ORIENTED_EDGE('',*,*,#6977,.T.);
#11873=ORIENTED_EDGE('',*,*,#8871,.F.);
#11874=ORIENTED_EDGE('',*,*,#8822,.F.);
#11875=ORIENTED_EDGE('',*,*,#8849,.F.);
#11876=ORIENTED_EDGE('',*,*,#6937,.T.);
#11877=ORIENTED_EDGE('',*,*,#8787,.F.);
#11878=ORIENTED_EDGE('',*,*,#8738,.F.);
#11879=ORIENTED_EDGE('',*,*,#8765,.F.);
#11880=ORIENTED_EDGE('',*,*,#6897,.T.);
#11881=ORIENTED_EDGE('',*,*,#8703,.F.);
#11882=ORIENTED_EDGE('',*,*,#8654,.F.);
#11883=ORIENTED_EDGE('',*,*,#8681,.F.);
#11884=ORIENTED_EDGE('',*,*,#6857,.T.);
#11885=ORIENTED_EDGE('',*,*,#8619,.F.);
#11886=ORIENTED_EDGE('',*,*,#8570,.F.);
#11887=ORIENTED_EDGE('',*,*,#8597,.F.);
#11888=ORIENTED_EDGE('',*,*,#6817,.T.);
#11889=ORIENTED_EDGE('',*,*,#8535,.F.);
#11890=ORIENTED_EDGE('',*,*,#8486,.F.);
#11891=ORIENTED_EDGE('',*,*,#8513,.F.);
#11892=ORIENTED_EDGE('',*,*,#6777,.T.);
#11893=ORIENTED_EDGE('',*,*,#8451,.F.);
#11894=ORIENTED_EDGE('',*,*,#8402,.F.);
#11895=ORIENTED_EDGE('',*,*,#8429,.F.);
#11896=ORIENTED_EDGE('',*,*,#8322,.T.);
#11897=ORIENTED_EDGE('',*,*,#6723,.T.);
#11898=ORIENTED_EDGE('',*,*,#6607,.T.);
#11899=ORIENTED_EDGE('',*,*,#6576,.T.);
#11900=CARTESIAN_POINT('',(353.335388378498350,-9.999999999999981,0.0));
#11901=DIRECTION('',(1.0,0.0,0.0));
#11902=VECTOR('',#11901,15.999999999999943);
#11903=LINE('',#11900,#11902);
#11904=EDGE_CURVE('',#6509,#6461,#11903,.T.);
#11905=ORIENTED_EDGE('',*,*,#11904,.T.);
#11906=ORIENTED_EDGE('',*,*,#6559,.T.);
#11907=ORIENTED_EDGE('',*,*,#8367,.T.);
#11908=ORIENTED_EDGE('',*,*,#11727,.F.);
#11909=EDGE_LOOP('',(#11738,#11739,#11740,#11741,#11742,#11743,#11744,#11745,#11746,#11747,#11748,#11749,#11750,#11751,#11752,#11753,#11754,#11755,#11756,#11757,#11758,#11759,#11760,#11761,#11762,#11763,#11764,#11765,#11766,#11767,#11768,#11769,#11770,#11771,#11772,#11773,#11774,#11775,#11776,#11777,#11778,#11779,#11780,#11781,#11782,#11783,#11784,#11785,#11786,#11787,#11788,#11789,#11790,#11791,#11792,#11793,#11794,#11795,#11796,#11797,#11798,#11799,#11800,#11801,#11802,#11803,#11804,#11805,#11806,#11807,#11808,#11809,#11810,#11811,#11812,#11813,#11814,#11815,#11816,#11817,#11818,#11819,#11820,#11821,#11822,#11823,#11824,#11825,#11826,#11827,#11828,#11829,#11830,#11831,#11832,#11833,#11834,#11835,#11836,#11837,#11838,#11839,#11840,#11841,#11842,#11843,#11844,#11845,#11846,#11847,#11848,#11849,#11850,#11851,#11852,#11853,#11854,#11855,#11856,#11857,#11858,#11859,#11860,#11861,#11862,#11863,#11864,#11865,#11866,#11867,#11868,#11869,#11870,#11871,#11872,#11873,#11874,#11875,#11876,#11877,#11878,#11879,#11880,#11881,#11882,#11883,#11884,#11885,#11886,#11887,#11888,#11889,#11890,#11891,#11892,#11893,#11894,#11895,#11896,#11897,#11898,#11899,#11905,#11906,#11907,#11908));
#11910=FACE_OUTER_BOUND('',#11909,.T.);
#11911=ADVANCED_FACE('',(#11910),#11737,.T.);
#11912=CARTESIAN_POINT('',(367.614000000000090,2.693631287607958,-10.0));
#11913=DIRECTION('',(0.0,0.0,1.0));
#11914=DIRECTION('',(1.0,0.0,0.0));
#11915=AXIS2_PLACEMENT_3D('',#11912,#11913,#11914);
#11916=PLANE('',#11915);
#11917=ORIENTED_EDGE('',*,*,#11662,.F.);
#11918=ORIENTED_EDGE('',*,*,#11720,.F.);
#11919=ORIENTED_EDGE('',*,*,#8353,.T.);
#11920=ORIENTED_EDGE('',*,*,#6545,.T.);
#11921=ORIENTED_EDGE('',*,*,#6458,.T.);
#11922=CARTESIAN_POINT('',(369.335388378498290,-14.999999999999975,-10.0));
#11923=DIRECTION('',(-1.0,0.0,0.0));
#11924=VECTOR('',#11923,15.999999999999943);
#11925=LINE('',#11922,#11924);
#11926=EDGE_CURVE('',#6445,#6491,#11925,.T.);
#11927=ORIENTED_EDGE('',*,*,#11926,.T.);
#11928=ORIENTED_EDGE('',*,*,#6528,.F.);
#11929=ORIENTED_EDGE('',*,*,#6591,.T.);
#11930=ORIENTED_EDGE('',*,*,#6630,.T.);
#11931=ORIENTED_EDGE('',*,*,#6737,.T.);
#11932=ORIENTED_EDGE('',*,*,#8313,.T.);
#11933=ORIENTED_EDGE('',*,*,#8422,.F.);
#11934=ORIENTED_EDGE('',*,*,#8386,.F.);
#11935=ORIENTED_EDGE('',*,*,#8444,.F.);
#11936=ORIENTED_EDGE('',*,*,#6763,.T.);
#11937=ORIENTED_EDGE('',*,*,#8506,.F.);
#11938=ORIENTED_EDGE('',*,*,#8470,.F.);
#11939=ORIENTED_EDGE('',*,*,#8528,.F.);
#11940=ORIENTED_EDGE('',*,*,#6803,.T.);
#11941=ORIENTED_EDGE('',*,*,#8590,.F.);
#11942=ORIENTED_EDGE('',*,*,#8554,.F.);
#11943=ORIENTED_EDGE('',*,*,#8612,.F.);
#11944=ORIENTED_EDGE('',*,*,#6843,.T.);
#11945=ORIENTED_EDGE('',*,*,#8674,.F.);
#11946=ORIENTED_EDGE('',*,*,#8638,.F.);
#11947=ORIENTED_EDGE('',*,*,#8696,.F.);
#11948=ORIENTED_EDGE('',*,*,#6883,.T.);
#11949=ORIENTED_EDGE('',*,*,#8758,.F.);
#11950=ORIENTED_EDGE('',*,*,#8722,.F.);
#11951=ORIENTED_EDGE('',*,*,#8780,.F.);
#11952=ORIENTED_EDGE('',*,*,#6923,.T.);
#11953=ORIENTED_EDGE('',*,*,#8842,.F.);
#11954=ORIENTED_EDGE('',*,*,#8806,.F.);
#11955=ORIENTED_EDGE('',*,*,#8864,.F.);
#11956=ORIENTED_EDGE('',*,*,#6963,.T.);
#11957=ORIENTED_EDGE('',*,*,#8926,.F.);
#11958=ORIENTED_EDGE('',*,*,#8890,.F.);
#11959=ORIENTED_EDGE('',*,*,#8948,.F.);
#11960=ORIENTED_EDGE('',*,*,#7003,.T.);
#11961=ORIENTED_EDGE('',*,*,#9010,.F.);
#11962=ORIENTED_EDGE('',*,*,#8974,.F.);
#11963=ORIENTED_EDGE('',*,*,#9032,.F.);
#11964=ORIENTED_EDGE('',*,*,#7043,.T.);
#11965=ORIENTED_EDGE('',*,*,#9094,.F.);
#11966=ORIENTED_EDGE('',*,*,#9058,.F.);
#11967=ORIENTED_EDGE('',*,*,#9116,.F.);
#11968=ORIENTED_EDGE('',*,*,#7083,.T.);
#11969=ORIENTED_EDGE('',*,*,#9178,.F.);
#11970=ORIENTED_EDGE('',*,*,#9142,.F.);
#11971=ORIENTED_EDGE('',*,*,#9200,.F.);
#11972=ORIENTED_EDGE('',*,*,#7123,.T.);
#11973=ORIENTED_EDGE('',*,*,#9262,.F.);
#11974=ORIENTED_EDGE('',*,*,#9226,.F.);
#11975=ORIENTED_EDGE('',*,*,#9284,.F.);
#11976=ORIENTED_EDGE('',*,*,#7163,.T.);
#11977=ORIENTED_EDGE('',*,*,#9346,.F.);
#11978=ORIENTED_EDGE('',*,*,#9310,.F.);
#11979=ORIENTED_EDGE('',*,*,#9368,.F.);
#11980=ORIENTED_EDGE('',*,*,#7203,.T.);
#11981=ORIENTED_EDGE('',*,*,#9430,.F.);
#11982=ORIENTED_EDGE('',*,*,#9394,.F.);
#11983=ORIENTED_EDGE('',*,*,#9452,.F.);
#11984=ORIENTED_EDGE('',*,*,#7243,.T.);
#11985=ORIENTED_EDGE('',*,*,#9514,.F.);
#11986=ORIENTED_EDGE('',*,*,#9478,.F.);
#11987=ORIENTED_EDGE('',*,*,#9536,.F.);
#11988=ORIENTED_EDGE('',*,*,#7283,.T.);
#11989=ORIENTED_EDGE('',*,*,#9598,.F.);
#11990=ORIENTED_EDGE('',*,*,#9562,.F.);
#11991=ORIENTED_EDGE('',*,*,#9620,.F.);
#11992=ORIENTED_EDGE('',*,*,#7323,.T.);
#11993=ORIENTED_EDGE('',*,*,#9682,.F.);
#11994=ORIENTED_EDGE('',*,*,#9646,.F.);
#11995=ORIENTED_EDGE('',*,*,#9704,.F.);
#11996=ORIENTED_EDGE('',*,*,#7363,.T.);
#11997=ORIENTED_EDGE('',*,*,#9766,.F.);
#11998=ORIENTED_EDGE('',*,*,#9730,.F.);
#11999=ORIENTED_EDGE('',*,*,#9788,.F.);
#12000=ORIENTED_EDGE('',*,*,#7403,.T.);
#12001=ORIENTED_EDGE('',*,*,#9850,.F.);
#12002=ORIENTED_EDGE('',*,*,#9814,.F.);
#12003=ORIENTED_EDGE('',*,*,#9872,.F.);
#12004=ORIENTED_EDGE('',*,*,#7443,.T.);
#12005=ORIENTED_EDGE('',*,*,#9934,.F.);
#12006=ORIENTED_EDGE('',*,*,#9898,.F.);
#12007=ORIENTED_EDGE('',*,*,#9956,.F.);
#12008=ORIENTED_EDGE('',*,*,#7483,.T.);
#12009=ORIENTED_EDGE('',*,*,#10018,.F.);
#12010=ORIENTED_EDGE('',*,*,#9982,.F.);
#12011=ORIENTED_EDGE('',*,*,#10040,.F.);
#12012=ORIENTED_EDGE('',*,*,#7523,.T.);
#12013=ORIENTED_EDGE('',*,*,#10102,.F.);
#12014=ORIENTED_EDGE('',*,*,#10066,.F.);
#12015=ORIENTED_EDGE('',*,*,#10124,.F.);
#12016=ORIENTED_EDGE('',*,*,#7563,.T.);
#12017=ORIENTED_EDGE('',*,*,#10186,.F.);
#12018=ORIENTED_EDGE('',*,*,#10150,.F.);
#12019=ORIENTED_EDGE('',*,*,#10208,.F.);
#12020=ORIENTED_EDGE('',*,*,#7603,.T.);
#12021=ORIENTED_EDGE('',*,*,#10270,.F.);
#12022=ORIENTED_EDGE('',*,*,#10234,.F.);
#12023=ORIENTED_EDGE('',*,*,#10292,.F.);
#12024=ORIENTED_EDGE('',*,*,#7643,.T.);
#12025=ORIENTED_EDGE('',*,*,#10354,.F.);
#12026=ORIENTED_EDGE('',*,*,#10318,.F.);
#12027=ORIENTED_EDGE('',*,*,#10376,.F.);
#12028=ORIENTED_EDGE('',*,*,#7683,.T.);
#12029=ORIENTED_EDGE('',*,*,#10438,.F.);
#12030=ORIENTED_EDGE('',*,*,#10402,.F.);
#12031=ORIENTED_EDGE('',*,*,#10460,.F.);
#12032=ORIENTED_EDGE('',*,*,#7723,.T.);
#12033=ORIENTED_EDGE('',*,*,#10522,.F.);
#12034=ORIENTED_EDGE('',*,*,#10486,.F.);
#12035=ORIENTED_EDGE('',*,*,#10544,.F.);
#12036=ORIENTED_EDGE('',*,*,#7763,.T.);
#12037=ORIENTED_EDGE('',*,*,#10606,.F.);
#12038=ORIENTED_EDGE('',*,*,#10570,.F.);
#12039=ORIENTED_EDGE('',*,*,#10628,.F.);
#12040=ORIENTED_EDGE('',*,*,#7803,.T.);
#12041=ORIENTED_EDGE('',*,*,#10690,.F.);
#12042=ORIENTED_EDGE('',*,*,#10654,.F.);
#12043=ORIENTED_EDGE('',*,*,#10712,.F.);
#12044=ORIENTED_EDGE('',*,*,#7843,.T.);
#12045=ORIENTED_EDGE('',*,*,#10774,.F.);
#12046=ORIENTED_EDGE('',*,*,#10738,.F.);
#12047=ORIENTED_EDGE('',*,*,#10796,.F.);
#12048=ORIENTED_EDGE('',*,*,#7883,.T.);
#12049=ORIENTED_EDGE('',*,*,#10858,.F.);
#12050=ORIENTED_EDGE('',*,*,#10822,.F.);
#12051=ORIENTED_EDGE('',*,*,#10880,.F.);
#12052=ORIENTED_EDGE('',*,*,#7923,.T.);
#12053=ORIENTED_EDGE('',*,*,#10942,.F.);
#12054=ORIENTED_EDGE('',*,*,#10906,.F.);
#12055=ORIENTED_EDGE('',*,*,#10964,.F.);
#12056=ORIENTED_EDGE('',*,*,#7963,.T.);
#12057=ORIENTED_EDGE('',*,*,#11026,.F.);
#12058=ORIENTED_EDGE('',*,*,#10990,.F.);
#12059=ORIENTED_EDGE('',*,*,#11048,.F.);
#12060=ORIENTED_EDGE('',*,*,#8003,.T.);
#12061=ORIENTED_EDGE('',*,*,#11110,.F.);
#12062=ORIENTED_EDGE('',*,*,#11074,.F.);
#12063=ORIENTED_EDGE('',*,*,#11132,.F.);
#12064=ORIENTED_EDGE('',*,*,#8043,.T.);
#12065=ORIENTED_EDGE('',*,*,#11194,.F.);
#12066=ORIENTED_EDGE('',*,*,#11158,.F.);
#12067=ORIENTED_EDGE('',*,*,#11216,.F.);
#12068=ORIENTED_EDGE('',*,*,#8083,.T.);
#12069=ORIENTED_EDGE('',*,*,#11278,.F.);
#12070=ORIENTED_EDGE('',*,*,#11242,.F.);
#12071=ORIENTED_EDGE('',*,*,#11300,.F.);
#12072=ORIENTED_EDGE('',*,*,#8123,.T.);
#12073=ORIENTED_EDGE('',*,*,#11362,.F.);
#12074=ORIENTED_EDGE('',*,*,#11326,.F.);
#12075=ORIENTED_EDGE('',*,*,#11384,.F.);
#12076=ORIENTED_EDGE('',*,*,#8163,.T.);
#12077=ORIENTED_EDGE('',*,*,#11446,.F.);
#12078=ORIENTED_EDGE('',*,*,#11410,.F.);
#12079=ORIENTED_EDGE('',*,*,#11468,.F.);
#12080=ORIENTED_EDGE('',*,*,#8203,.T.);
#12081=ORIENTED_EDGE('',*,*,#11530,.F.);
#12082=ORIENTED_EDGE('',*,*,#11494,.F.);
#12083=ORIENTED_EDGE('',*,*,#11552,.F.);
#12084=ORIENTED_EDGE('',*,*,#8243,.T.);
#12085=ORIENTED_EDGE('',*,*,#11614,.F.);
#12086=ORIENTED_EDGE('',*,*,#11578,.F.);
#12087=ORIENTED_EDGE('',*,*,#11636,.F.);
#12088=ORIENTED_EDGE('',*,*,#8283,.T.);
#12089=ORIENTED_EDGE('',*,*,#11698,.F.);
#12090=EDGE_LOOP('',(#11917,#11918,#11919,#11920,#11921,#11927,#11928,#11929,#11930,#11931,#11932,#11933,#11934,#11935,#11936,#11937,#11938,#11939,#11940,#11941,#11942,#11943,#11944,#11945,#11946,#11947,#11948,#11949,#11950,#11951,#11952,#11953,#11954,#11955,#11956,#11957,#11958,#11959,#11960,#11961,#11962,#11963,#11964,#11965,#11966,#11967,#11968,#11969,#11970,#11971,#11972,#11973,#11974,#11975,#11976,#11977,#11978,#11979,#11980,#11981,#11982,#11983,#11984,#11985,#11986,#11987,#11988,#11989,#11990,#11991,#11992,#11993,#11994,#11995,#11996,#11997,#11998,#11999,#12000,#12001,#12002,#12003,#12004,#12005,#12006,#12007,#12008,#12009,#12010,#12011,#12012,#12013,#12014,#12015,#12016,#12017,#12018,#12019,#12020,#12021,#12022,#12023,#12024,#12025,#12026,#12027,#12028,#12029,#12030,#12031,#12032,#12033,#12034,#12035,#12036,#12037,#12038,#12039,#12040,#12041,#12042,#12043,#12044,#12045,#12046,#12047,#12048,#12049,#12050,#12051,#12052,#12053,#12054,#12055,#12056,#12057,#12058,#12059,#12060,#12061,#12062,#12063,#12064,#12065,#12066,#12067,#12068,#12069,#12070,#12071,#12072,#12073,#12074,#12075,#12076,#12077,#12078,#12079,#12080,#12081,#12082,#12083,#12084,#12085,#12086,#12087,#12088,#12089));
#12091=FACE_OUTER_BOUND('',#12090,.T.);
#12092=ADVANCED_FACE('',(#12091),#11916,.F.);
#12093=CARTESIAN_POINT('',(361.335388378498350,-9.999999999999979,30.999999999999996));
#12094=DIRECTION('',(0.0,-1.0,0.0));
#12095=DIRECTION('',(-1.0,0.0,0.0));
#12096=AXIS2_PLACEMENT_3D('',#12093,#12094,#12095);
#12097=CYLINDRICAL_SURFACE('',#12096,8.0);
#12098=ORIENTED_EDGE('',*,*,#6480,.F.);
#12099=CARTESIAN_POINT('',(361.335388378498350,-9.999999999999979,30.999999999999996));
#12100=DIRECTION('',(0.0,1.0,0.0));
#12101=DIRECTION('',(-1.0,0.0,0.0));
#12102=AXIS2_PLACEMENT_3D('',#12099,#12100,#12101);
#12103=CIRCLE('',#12102,8.0);
#12104=EDGE_CURVE('',#6501,#6469,#12103,.T.);
#12105=ORIENTED_EDGE('',*,*,#12104,.F.);
#12106=ORIENTED_EDGE('',*,*,#6506,.T.);
#12107=CARTESIAN_POINT('',(361.335388378498350,-14.999999999999979,30.999999999999996));
#12108=DIRECTION('',(0.0,1.0,0.0));
#12109=DIRECTION('',(-1.0,0.0,0.0));
#12110=AXIS2_PLACEMENT_3D('',#12107,#12108,#12109);
#12111=CIRCLE('',#12110,8.0);
#12112=EDGE_CURVE('',#6493,#6443,#12111,.T.);
#12113=ORIENTED_EDGE('',*,*,#12112,.T.);
#12114=EDGE_LOOP('',(#12098,#12105,#12106,#12113));
#12115=FACE_OUTER_BOUND('',#12114,.T.);
#12116=ADVANCED_FACE('',(#12115),#12097,.T.);
#12117=CARTESIAN_POINT('',(361.335388378498350,-9.999999999999979,30.999999999999996));
#12118=DIRECTION('',(0.0,-1.0,0.0));
#12119=DIRECTION('',(-1.0,0.0,0.0));
#12120=AXIS2_PLACEMENT_3D('',#12117,#12118,#12119);
#12121=CYLINDRICAL_SURFACE('',#12120,4.0);
#12122=CARTESIAN_POINT('',(365.335388378498350,-14.999999999999979,30.999999999999996));
#12123=VERTEX_POINT('',#12122);
#12124=CARTESIAN_POINT('',(361.335388378498350,-14.999999999999979,30.999999999999996));
#12125=DIRECTION('',(0.0,1.0,0.0));
#12126=DIRECTION('',(-1.0,0.0,0.0));
#12127=AXIS2_PLACEMENT_3D('',#12124,#12125,#12126);
#12128=CIRCLE('',#12127,4.0);
#12129=EDGE_CURVE('',#12123,#12123,#12128,.T.);
#12130=ORIENTED_EDGE('',*,*,#12129,.F.);
#12131=EDGE_LOOP('',(#12130));
#12132=FACE_OUTER_BOUND('',#12131,.T.);
#12133=CARTESIAN_POINT('',(365.335388378498350,-9.999999999999977,30.999999999999996));
#12134=VERTEX_POINT('',#12133);
#12135=CARTESIAN_POINT('',(361.335388378498350,-9.999999999999979,30.999999999999996));
#12136=DIRECTION('',(0.0,-1.0,0.0));
#12137=DIRECTION('',(-1.0,0.0,0.0));
#12138=AXIS2_PLACEMENT_3D('',#12135,#12136,#12137);
#12139=CIRCLE('',#12138,4.0);
#12140=EDGE_CURVE('',#12134,#12134,#12139,.T.);
#12141=ORIENTED_EDGE('',*,*,#12140,.F.);
#12142=EDGE_LOOP('',(#12141));
#12143=FACE_BOUND('',#12142,.T.);
#12144=ADVANCED_FACE('',(#12132,#12143),#12121,.F.);
#12145=CARTESIAN_POINT('',(361.335388378498350,-14.999999999999979,30.999999999999996));
#12146=DIRECTION('',(0.0,1.0,0.0));
#12147=DIRECTION('',(0.0,0.0,1.0));
#12148=AXIS2_PLACEMENT_3D('',#12145,#12146,#12147);
#12149=PLANE('',#12148);
#12150=ORIENTED_EDGE('',*,*,#12112,.F.);
#12151=ORIENTED_EDGE('',*,*,#6498,.F.);
#12152=ORIENTED_EDGE('',*,*,#11926,.F.);
#12153=ORIENTED_EDGE('',*,*,#6450,.F.);
#12154=EDGE_LOOP('',(#12150,#12151,#12152,#12153));
#12155=FACE_OUTER_BOUND('',#12154,.T.);
#12156=ORIENTED_EDGE('',*,*,#12129,.T.);
#12157=EDGE_LOOP('',(#12156));
#12158=FACE_BOUND('',#12157,.T.);
#12159=ADVANCED_FACE('',(#12155,#12158),#12149,.F.);
#12160=CARTESIAN_POINT('',(361.335388378498350,-9.999999999999979,30.999999999999996));
#12161=DIRECTION('',(0.0,1.0,0.0));
#12162=DIRECTION('',(0.0,0.0,1.0));
#12163=AXIS2_PLACEMENT_3D('',#12160,#12161,#12162);
#12164=PLANE('',#12163);
#12165=ORIENTED_EDGE('',*,*,#12104,.T.);
#12166=ORIENTED_EDGE('',*,*,#6474,.F.);
#12167=ORIENTED_EDGE('',*,*,#11904,.F.);
#12168=ORIENTED_EDGE('',*,*,#6514,.F.);
#12169=EDGE_LOOP('',(#12165,#12166,#12167,#12168));
#12170=FACE_OUTER_BOUND('',#12169,.T.);
#12171=ORIENTED_EDGE('',*,*,#12140,.T.);
#12172=EDGE_LOOP('',(#12171));
#12173=FACE_BOUND('',#12172,.T.);
#12174=ADVANCED_FACE('',(#12170,#12173),#12164,.T.);
#12175=CLOSED_SHELL('',(#6484,#6532,#6563,#6595,#6618,#6641,#6669,#6698,#6710,#6741,#6781,#6821,#6861,#6901,#6941,#6981,#7021,#7061,#7101,#7141,#7181,#7221,#7261,#7301,#7341,#7381,#7421,#7461,#7501,#7541,#7581,#7621,#7661,#7701,#7741,#7781,#7821,#7861,#7901,#7941,#7981,#8021,#8061,#8101,#8141,#8181,#8221,#8261,#8301,#8332,#8341,#8372,#8412,#8434,#8456,#8496,#8518,#8540,#8580,#8602,#8624,#8664,#8686,#8708,#8748,#8770,#8792,#8832,#8854,#8876,#8916,#8938,#8960,#9000,#9022,#9044,#9084,#9106,#9128,#9168,#9190,#9212,#9252,#9274,#9296,#9336,#9358,#9380,#9420,#9442,#9464,#9504,#9526,#9548,#9588,#9610,#9632,#9672,#9694,#9716,#9756,#9778,#9800,#9840,#9862,#9884,#9924,#9946,#9968,#10008,#10030,#10052,#10092,#10114,#10136,#10176,#10198,#10220,#10260,#10282,#10304,#10344,#10366,#10388,#10428,#10450,#10472,#10512,#10534,#10556,#10596,#10618,#10640,#10680,#10702,#10724,#10764,#10786,#10808,#10848,#10870,#10892,#10932,#10954,#10976,#11016,#11038,#11060,#11100,#11122,#11144,#11184,#11206,#11228,#11268,#11290,#11312,#11352,#11374,#11396,#11436,#11458,#11480,#11520,#11542,#11564,#11604,#11626,#11648,#11688,#11710,#11732,#11911,#12092,#12116,#12144,#12159,#12174));
#12176=MANIFOLD_SOLID_BREP('',#12175);
#12177=COLOUR_RGB('Bubblegum',1.0,0.690195977687836,1.0);
#12178=FILL_AREA_STYLE_COLOUR('Bubblegum',#12177);
#12179=FILL_AREA_STYLE('Bubblegum',(#12178));
#12180=SURFACE_STYLE_FILL_AREA(#12179);
#12181=SURFACE_SIDE_STYLE('Bubblegum',(#12180));
#12182=SURFACE_STYLE_USAGE(.BOTH.,#12181);
#12183=PRESENTATION_STYLE_ASSIGNMENT((#12182));
#12184=STYLED_ITEM('',(#12183),#12176);
#12185=ADVANCED_BREP_SHAPE_REPRESENTATION('ABSR',(#12176),#6405);
#12186=SHAPE_REPRESENTATION_RELATIONSHIP('SRR','None',#12185,#6410);
#12187=AXIS2_PLACEMENT_3D('',#12188,#12189,#12190);
#12188=CARTESIAN_POINT('',(271.928417331460480,18.263805707448924,43.000000000000050));
#12189=DIRECTION('',(0.0,-1.0,0.0));
#12190=DIRECTION('',(1.0,0.0,0.0));
#12191=NEXT_ASSEMBLY_USAGE_OCCURRENCE('RackM3:1','RackM3:1','RackM3:1',#12,#6381,'RackM3:1');
#12192=PRODUCT_DEFINITION_SHAPE('RackM3:1','RackM3:1',#12191);
#12193=ITEM_DEFINED_TRANSFORMATION('RackM3:1','RackM3:1',#6406,#12187);
#12197=(REPRESENTATION_RELATIONSHIP('RackM3:1','RackM3:1',#6410,#41)REPRESENTATION_RELATIONSHIP_WITH_TRANSFORMATION(#12193)SHAPE_REPRESENTATION_RELATIONSHIP());
#12198=CONTEXT_DEPENDENT_SHAPE_REPRESENTATION(#12197,#12192);
#12199=APPLICATION_CONTEXT('automotive design');
#12200=APPLICATION_PROTOCOL_DEFINITION('International Standard','automotive_design',2001,#12199);
#12201=PRODUCT_CONTEXT('',#12199,'mechanical');
#12202=PRODUCT('Z10x3','Z10x3',$,(#12201));
#12203=PRODUCT_RELATED_PRODUCT_CATEGORY('part',$,(#12202));
#12204=PRODUCT_DEFINITION_FORMATION('',$,#12202);
#12205=PRODUCT_DEFINITION_CONTEXT('part definition',#12199,'design');
#12206=PRODUCT_DEFINITION('',$,#12204,#12205);
#12212=(NAMED_UNIT(*)PLANE_ANGLE_UNIT()SI_UNIT($,.RADIAN.));
#12213=DIMENSIONAL_EXPONENTS(0.0,0.0,0.0,0.0,0.0,0.0,0.0);
#12214=PLANE_ANGLE_MEASURE_WITH_UNIT(PLANE_ANGLE_MEASURE(0.017453292500000),#12212);
#12218=(CONVERSION_BASED_UNIT('DEGREE',#12214)NAMED_UNIT(#12213)PLANE_ANGLE_UNIT());
#12222=(NAMED_UNIT(*)SI_UNIT($,.STERADIAN.)SOLID_ANGLE_UNIT());
#12226=(LENGTH_UNIT()NAMED_UNIT(*)SI_UNIT(.MILLI.,.METRE.));
#12228=UNCERTAINTY_MEASURE_WITH_UNIT(LENGTH_MEASURE(0.010000000000000),#12226,'DISTANCE_ACCURACY_VALUE','');
#12230=(GEOMETRIC_REPRESENTATION_CONTEXT(3)GLOBAL_UNCERTAINTY_ASSIGNED_CONTEXT((#12228))GLOBAL_UNIT_ASSIGNED_CONTEXT((#12218,#12222,#12226))REPRESENTATION_CONTEXT('None','None'));
#12231=AXIS2_PLACEMENT_3D('',#12232,#12233,#12234);
#12232=CARTESIAN_POINT('',(0.0,0.0,0.0));
#12233=DIRECTION('',(0.0,0.0,1.0));
#12234=DIRECTION('',(1.0,0.0,0.0));
#12235=SHAPE_REPRESENTATION('',(#12231),#12230);
#12236=PRODUCT_DEFINITION_SHAPE('','',#12206);
#12237=SHAPE_DEFINITION_REPRESENTATION(#12236,#12235);
#12243=(NAMED_UNIT(*)PLANE_ANGLE_UNIT()SI_UNIT($,.RADIAN.));
#12244=DIMENSIONAL_EXPONENTS(0.0,0.0,0.0,0.0,0.0,0.0,0.0);
#12245=PLANE_ANGLE_MEASURE_WITH_UNIT(PLANE_ANGLE_MEASURE(0.017453292500000),#12243);
#12249=(CONVERSION_BASED_UNIT('DEGREE',#12245)NAMED_UNIT(#12244)PLANE_ANGLE_UNIT());
#12253=(NAMED_UNIT(*)SI_UNIT($,.STERADIAN.)SOLID_ANGLE_UNIT());
#12257=(LENGTH_UNIT()NAMED_UNIT(*)SI_UNIT(.MILLI.,.METRE.));
#12259=UNCERTAINTY_MEASURE_WITH_UNIT(LENGTH_MEASURE(0.000001000000000),#12257,'DISTANCE_ACCURACY_VALUE','');
#12261=(GEOMETRIC_REPRESENTATION_CONTEXT(3)GLOBAL_UNCERTAINTY_ASSIGNED_CONTEXT((#12259))GLOBAL_UNIT_ASSIGNED_CONTEXT((#12249,#12253,#12257))REPRESENTATION_CONTEXT('','3D'));
#12262=CARTESIAN_POINT('',(0.0,6.605827E-015,109.0));
#12263=DIRECTION('',(0.0,0.0,-1.0));
#12264=DIRECTION('',(-1.0,0.0,0.0));
#12265=AXIS2_PLACEMENT_3D('',#12262,#12263,#12264);
#12266=CONICAL_SURFACE('',#12265,5.999999999999996,45.000000000000099);
#12267=CARTESIAN_POINT('',(4.999999999999995,5.993524E-015,110.0));
#12268=VERTEX_POINT('',#12267);
#12269=CARTESIAN_POINT('',(0.0,6.605827E-015,110.0));
#12270=DIRECTION('',(0.0,0.0,-1.0));
#12271=DIRECTION('',(-1.0,0.0,0.0));
#12272=AXIS2_PLACEMENT_3D('',#12269,#12270,#12271);
#12273=CIRCLE('',#12272,4.999999999999995);
#12274=EDGE_CURVE('',#12268,#12268,#12273,.T.);
#12275=ORIENTED_EDGE('',*,*,#12274,.T.);
#12276=EDGE_LOOP('',(#12275));
#12277=FACE_OUTER_BOUND('',#12276,.T.);
#12278=CARTESIAN_POINT('',(6.999999999999995,7.463051E-015,108.0));
#12279=VERTEX_POINT('',#12278);
#12280=CARTESIAN_POINT('',(0.0,6.605827E-015,108.0));
#12281=DIRECTION('',(0.0,0.0,1.0));
#12282=DIRECTION('',(-1.0,0.0,0.0));
#12283=AXIS2_PLACEMENT_3D('',#12280,#12281,#12282);
#12284=CIRCLE('',#12283,6.999999999999995);
#12285=EDGE_CURVE('',#12279,#12279,#12284,.T.);
#12286=ORIENTED_EDGE('',*,*,#12285,.T.);
#12287=EDGE_LOOP('',(#12286));
#12288=FACE_BOUND('',#12287,.T.);
#12289=ADVANCED_FACE('',(#12277,#12288),#12266,.T.);
#12290=CARTESIAN_POINT('',(0.0,6.605827E-015,90.0));
#12291=DIRECTION('',(0.0,0.0,1.0));
#12292=DIRECTION('',(-1.0,0.0,0.0));
#12293=AXIS2_PLACEMENT_3D('',#12290,#12291,#12292);
#12294=CYLINDRICAL_SURFACE('',#12293,6.999999999999995);
#12295=CARTESIAN_POINT('',(6.999999999999995,7.463080E-015,90.0));
#12296=VERTEX_POINT('',#12295);
#12297=CARTESIAN_POINT('',(0.0,6.605827E-015,90.0));
#12298=DIRECTION('',(0.0,0.0,-1.0));
#12299=DIRECTION('',(-1.0,0.0,0.0));
#12300=AXIS2_PLACEMENT_3D('',#12297,#12298,#12299);
#12301=CIRCLE('',#12300,6.999999999999995);
#12302=EDGE_CURVE('',#12296,#12296,#12301,.T.);
#12303=ORIENTED_EDGE('',*,*,#12302,.F.);
#12304=EDGE_LOOP('',(#12303));
#12305=FACE_OUTER_BOUND('',#12304,.T.);
#12306=ORIENTED_EDGE('',*,*,#12285,.F.);
#12307=EDGE_LOOP('',(#12306));
#12308=FACE_BOUND('',#12307,.T.);
#12309=ADVANCED_FACE('',(#12305,#12308),#12294,.T.);
#12310=CARTESIAN_POINT('',(0.0,6.605827E-015,110.0));
#12311=DIRECTION('',(0.0,0.0,-1.0));
#12312=DIRECTION('',(-1.0,0.0,0.0));
#12313=AXIS2_PLACEMENT_3D('',#12310,#12311,#12312);
#12314=PLANE('',#12313);
#12315=ORIENTED_EDGE('',*,*,#12274,.F.);
#12316=EDGE_LOOP('',(#12315));
#12317=FACE_OUTER_BOUND('',#12316,.T.);
#12318=ADVANCED_FACE('',(#12317),#12314,.F.);
#12319=CARTESIAN_POINT('',(0.0,6.983303E-015,-37.0));
#12320=DIRECTION('',(0.0,0.0,1.0));
#12321=DIRECTION('',(1.0,0.0,0.0));
#12322=AXIS2_PLACEMENT_3D('',#12319,#12320,#12321);
#12323=PLANE('',#12322);
#12324=CARTESIAN_POINT('',(-3.650000000000002,3.417235724968358,-37.0));
#12325=VERTEX_POINT('',#12324);
#12326=CARTESIAN_POINT('',(-3.650000000000007,-3.417235724968340,-37.0));
#12327=VERTEX_POINT('',#12326);
#12328=CARTESIAN_POINT('',(0.0,6.983303E-015,-37.0));
#12329=DIRECTION('',(0.0,0.0,1.0));
#12330=DIRECTION('',(0.0,1.0,0.0));
#12331=AXIS2_PLACEMENT_3D('',#12328,#12329,#12330);
#12332=CIRCLE('',#12331,4.999999999999999);
#12333=EDGE_CURVE('',#12325,#12327,#12332,.T.);
#12334=ORIENTED_EDGE('',*,*,#12333,.F.);
#12335=CARTESIAN_POINT('',(-3.650000000000007,-3.417235724968340,-37.0));
#12336=DIRECTION('',(0.0,1.0,0.0));
#12337=VECTOR('',#12336,6.834471449936697);
#12338=LINE('',#12335,#12337);
#12339=EDGE_CURVE('',#12327,#12325,#12338,.T.);
#12340=ORIENTED_EDGE('',*,*,#12339,.F.);
#12341=EDGE_LOOP('',(#12334,#12340));
#12342=FACE_OUTER_BOUND('',#12341,.T.);
#12343=ADVANCED_FACE('',(#12342),#12323,.F.);
#12344=CARTESIAN_POINT('',(0.0,6.983303E-015,-37.0));
#12345=DIRECTION('',(0.0,0.0,1.0));
#12346=DIRECTION('',(1.0,0.0,0.0));
#12347=AXIS2_PLACEMENT_3D('',#12344,#12345,#12346);
#12348=PLANE('',#12347);
#12349=CARTESIAN_POINT('',(-3.417235724968339,-3.650000000000007,-37.0));
#12350=VERTEX_POINT('',#12349);
#12351=CARTESIAN_POINT('',(3.417235724968346,-3.650000000000000,-37.0));
#12352=VERTEX_POINT('',#12351);
#12353=CARTESIAN_POINT('',(0.0,6.983303E-015,-37.0));
#12354=DIRECTION('',(0.0,0.0,1.0));
#12355=DIRECTION('',(0.0,1.0,0.0));
#12356=AXIS2_PLACEMENT_3D('',#12353,#12354,#12355);
#12357=CIRCLE('',#12356,4.999999999999999);
#12358=EDGE_CURVE('',#12350,#12352,#12357,.T.);
#12359=ORIENTED_EDGE('',*,*,#12358,.F.);
#12360=CARTESIAN_POINT('',(3.417235724968346,-3.650000000000000,-37.0));
#12361=DIRECTION('',(-1.0,0.0,0.0));
#12362=VECTOR('',#12361,6.834471449936686);
#12363=LINE('',#12360,#12362);
#12364=EDGE_CURVE('',#12352,#12350,#12363,.T.);
#12365=ORIENTED_EDGE('',*,*,#12364,.F.);
#12366=EDGE_LOOP('',(#12359,#12365));
#12367=FACE_OUTER_BOUND('',#12366,.T.);
#12368=ADVANCED_FACE('',(#12367),#12348,.F.);
#12369=CARTESIAN_POINT('',(0.0,6.983303E-015,-37.0));
#12370=DIRECTION('',(0.0,0.0,1.0));
#12371=DIRECTION('',(1.0,0.0,0.0));
#12372=AXIS2_PLACEMENT_3D('',#12369,#12370,#12371);
#12373=PLANE('',#12372);
#12374=CARTESIAN_POINT('',(3.650000000000013,-3.417235724968333,-37.0));
#12375=VERTEX_POINT('',#12374);
#12376=CARTESIAN_POINT('',(3.650000000000008,3.417235724968353,-37.0));
#12377=VERTEX_POINT('',#12376);
#12378=CARTESIAN_POINT('',(0.0,6.983303E-015,-37.0));
#12379=DIRECTION('',(0.0,0.0,1.0));
#12380=DIRECTION('',(0.0,1.0,0.0));
#12381=AXIS2_PLACEMENT_3D('',#12378,#12379,#12380);
#12382=CIRCLE('',#12381,4.999999999999999);
#12383=EDGE_CURVE('',#12375,#12377,#12382,.T.);
#12384=ORIENTED_EDGE('',*,*,#12383,.F.);
#12385=CARTESIAN_POINT('',(3.650000000000008,3.417235724968353,-37.0));
#12386=DIRECTION('',(0.0,-1.0,0.0));
#12387=VECTOR('',#12386,6.834471449936686);
#12388=LINE('',#12385,#12387);
#12389=EDGE_CURVE('',#12377,#12375,#12388,.T.);
#12390=ORIENTED_EDGE('',*,*,#12389,.F.);
#12391=EDGE_LOOP('',(#12384,#12390));
#12392=FACE_OUTER_BOUND('',#12391,.T.);
#12393=ADVANCED_FACE('',(#12392),#12373,.F.);
#12394=CARTESIAN_POINT('',(0.0,6.983303E-015,-37.0));
#12395=DIRECTION('',(0.0,0.0,1.0));
#12396=DIRECTION('',(1.0,0.0,0.0));
#12397=AXIS2_PLACEMENT_3D('',#12394,#12395,#12396);
#12398=PLANE('',#12397);
#12399=CARTESIAN_POINT('',(3.417235724968358,3.650000000000003,-37.0));
#12400=VERTEX_POINT('',#12399);
#12401=CARTESIAN_POINT('',(-3.417235724968352,3.650000000000008,-37.0));
#12402=VERTEX_POINT('',#12401);
#12403=CARTESIAN_POINT('',(0.0,6.983303E-015,-37.0));
#12404=DIRECTION('',(0.0,0.0,1.0));
#12405=DIRECTION('',(0.0,1.0,0.0));
#12406=AXIS2_PLACEMENT_3D('',#12403,#12404,#12405);
#12407=CIRCLE('',#12406,4.999999999999999);
#12408=EDGE_CURVE('',#12400,#12402,#12407,.T.);
#12409=ORIENTED_EDGE('',*,*,#12408,.F.);
#12410=CARTESIAN_POINT('',(-3.417235724968352,3.650000000000008,-37.0));
#12411=DIRECTION('',(1.0,0.0,0.0));
#12412=VECTOR('',#12411,6.834471449936710);
#12413=LINE('',#12410,#12412);
#12414=EDGE_CURVE('',#12402,#12400,#12413,.T.);
#12415=ORIENTED_EDGE('',*,*,#12414,.F.);
#12416=EDGE_LOOP('',(#12409,#12415));
#12417=FACE_OUTER_BOUND('',#12416,.T.);
#12418=ADVANCED_FACE('',(#12417),#12398,.F.);
#12419=CARTESIAN_POINT('',(3.323559E-015,3.650000000000008,-50.0));
#12420=DIRECTION('',(0.0,1.0,0.0));
#12421=DIRECTION('',(0.0,0.0,1.0));
#12422=AXIS2_PLACEMENT_3D('',#12419,#12420,#12421);
#12423=PLANE('',#12422);
#12424=CARTESIAN_POINT('',(3.417235724968358,3.650000000000005,-48.650000000000006));
#12425=VERTEX_POINT('',#12424);
#12426=CARTESIAN_POINT('',(3.417235724968358,3.650000000000005,-48.650000000000006));
#12427=DIRECTION('',(0.0,0.0,1.0));
#12428=VECTOR('',#12427,11.650000000000006);
#12429=LINE('',#12426,#12428);
#12430=EDGE_CURVE('',#12425,#12400,#12429,.T.);
#12431=ORIENTED_EDGE('',*,*,#12430,.F.);
#12432=CARTESIAN_POINT('',(-4.469813E-016,3.650000000000008,-50.0));
#12433=VERTEX_POINT('',#12432);
#12434=CARTESIAN_POINT('',(2.775558E-015,3.650000000000008,-50.0));
#12435=CARTESIAN_POINT('',(1.441954959090676,3.650000000000007,-50.0));
#12436=CARTESIAN_POINT('',(3.417235724968342,3.650000000000006,-48.650000000000006));
#12444=(BOUNDED_CURVE()B_SPLINE_CURVE(2,(#12434,#12435,#12436),.UNSPECIFIED.,.F.,.U.)B_SPLINE_CURVE_WITH_KNOTS((3,3),(0.371631838649641,0.743263677299283),.UNSPECIFIED.)CURVE()GEOMETRIC_REPRESENTATION_ITEM()RATIONAL_B_SPLINE_CURVE((1.0,1.088545592453255,1.0))REPRESENTATION_ITEM(''));
#12445=EDGE_CURVE('',#12433,#12425,#12444,.T.);
#12446=ORIENTED_EDGE('',*,*,#12445,.F.);
#12447=CARTESIAN_POINT('',(-3.417235724968353,3.650000000000011,-48.650000000000006));
#12448=VERTEX_POINT('',#12447);
#12449=CARTESIAN_POINT('',(-3.417235724968337,3.650000000000011,-48.650000000000006));
#12450=CARTESIAN_POINT('',(-1.441954959090670,3.650000000000008,-50.0));
#12451=CARTESIAN_POINT('',(2.775558E-015,3.650000000000008,-50.0));
#12459=(BOUNDED_CURVE()B_SPLINE_CURVE(2,(#12449,#12450,#12451),.UNSPECIFIED.,.F.,.U.)B_SPLINE_CURVE_WITH_KNOTS((3,3),(0.0,0.371631838649641),.UNSPECIFIED.)CURVE()GEOMETRIC_REPRESENTATION_ITEM()RATIONAL_B_SPLINE_CURVE((1.0,1.088545592453256,1.0))REPRESENTATION_ITEM(''));
#12460=EDGE_CURVE('',#12448,#12433,#12459,.T.);
#12461=ORIENTED_EDGE('',*,*,#12460,.F.);
#12462=CARTESIAN_POINT('',(-3.417235724968352,3.650000000000008,-37.0));
#12463=DIRECTION('',(0.0,0.0,-1.0));
#12464=VECTOR('',#12463,11.650000000000006);
#12465=LINE('',#12462,#12464);
#12466=EDGE_CURVE('',#12402,#12448,#12465,.T.);
#12467=ORIENTED_EDGE('',*,*,#12466,.F.);
#12468=ORIENTED_EDGE('',*,*,#12414,.T.);
#12469=EDGE_LOOP('',(#12431,#12446,#12461,#12467,#12468));
#12470=FACE_OUTER_BOUND('',#12469,.T.);
#12471=ADVANCED_FACE('',(#12470),#12423,.T.);
#12472=CARTESIAN_POINT('',(3.650000000000007,3.650000000000023,-50.0));
#12473=DIRECTION('',(1.0,0.0,0.0));
#12474=DIRECTION('',(0.0,0.0,-1.0));
#12475=AXIS2_PLACEMENT_3D('',#12472,#12473,#12474);
#12476=PLANE('',#12475);
#12477=CARTESIAN_POINT('',(3.650000000000013,-3.417235724968331,-48.650000000000006));
#12478=VERTEX_POINT('',#12477);
#12479=CARTESIAN_POINT('',(3.650000000000013,-3.417235724968331,-48.650000000000006));
#12480=DIRECTION('',(0.0,0.0,1.0));
#12481=VECTOR('',#12480,11.650000000000006);
#12482=LINE('',#12479,#12481);
#12483=EDGE_CURVE('',#12478,#12375,#12482,.T.);
#12484=ORIENTED_EDGE('',*,*,#12483,.F.);
#12485=CARTESIAN_POINT('',(3.650000000000010,1.248199E-014,-50.0));
#12486=VERTEX_POINT('',#12485);
#12487=CARTESIAN_POINT('',(3.650000000000010,1.248199E-014,-50.0));
#12488=CARTESIAN_POINT('',(3.650000000000011,-1.441954959090641,-50.0));
#12489=CARTESIAN_POINT('',(3.650000000000013,-3.417235724968315,-48.650000000000006));
#12497=(BOUNDED_CURVE()B_SPLINE_CURVE(2,(#12487,#12488,#12489),.UNSPECIFIED.,.F.,.U.)B_SPLINE_CURVE_WITH_KNOTS((3,3),(0.371631838649640,0.743263677299280),.UNSPECIFIED.)CURVE()GEOMETRIC_REPRESENTATION_ITEM()RATIONAL_B_SPLINE_CURVE((1.0,1.088545592453202,1.0))REPRESENTATION_ITEM(''));
#12498=EDGE_CURVE('',#12486,#12478,#12497,.T.);
#12499=ORIENTED_EDGE('',*,*,#12498,.F.);
#12500=CARTESIAN_POINT('',(3.650000000000008,3.417235724968355,-48.650000000000006));
#12501=VERTEX_POINT('',#12500);
#12502=CARTESIAN_POINT('',(3.650000000000008,3.417235724968340,-48.650000000000006));
#12503=CARTESIAN_POINT('',(3.650000000000009,1.441954959090667,-50.0));
#12504=CARTESIAN_POINT('',(3.650000000000010,1.248199E-014,-50.0));
#12512=(BOUNDED_CURVE()B_SPLINE_CURVE(2,(#12502,#12503,#12504),.UNSPECIFIED.,.F.,.U.)B_SPLINE_CURVE_WITH_KNOTS((3,3),(0.0,0.371631838649640),.UNSPECIFIED.)CURVE()GEOMETRIC_REPRESENTATION_ITEM()RATIONAL_B_SPLINE_CURVE((1.0,1.088545592453198,1.0))REPRESENTATION_ITEM(''));
#12513=EDGE_CURVE('',#12501,#12486,#12512,.T.);
#12514=ORIENTED_EDGE('',*,*,#12513,.F.);
#12515=CARTESIAN_POINT('',(3.650000000000008,3.417235724968353,-37.0));
#12516=DIRECTION('',(0.0,0.0,-1.0));
#12517=VECTOR('',#12516,11.650000000000006);
#12518=LINE('',#12515,#12517);
#12519=EDGE_CURVE('',#12377,#12501,#12518,.T.);
#12520=ORIENTED_EDGE('',*,*,#12519,.F.);
#12521=ORIENTED_EDGE('',*,*,#12389,.T.);
#12522=EDGE_LOOP('',(#12484,#12499,#12514,#12520,#12521));
#12523=FACE_OUTER_BOUND('',#12522,.T.);
#12524=ADVANCED_FACE('',(#12523),#12476,.T.);
#12525=CARTESIAN_POINT('',(3.650000000000013,-3.649999999999997,-50.0));
#12526=DIRECTION('',(0.0,-1.0,0.0));
#12527=DIRECTION('',(0.0,0.0,-1.0));
#12528=AXIS2_PLACEMENT_3D('',#12525,#12526,#12527);
#12529=PLANE('',#12528);
#12530=CARTESIAN_POINT('',(-3.417235724968339,-3.650000000000004,-48.650000000000006));
#12531=VERTEX_POINT('',#12530);
#12532=CARTESIAN_POINT('',(-3.417235724968339,-3.650000000000004,-48.650000000000006));
#12533=DIRECTION('',(0.0,0.0,1.0));
#12534=VECTOR('',#12533,11.650000000000006);
#12535=LINE('',#12532,#12534);
#12536=EDGE_CURVE('',#12531,#12350,#12535,.T.);
#12537=ORIENTED_EDGE('',*,*,#12536,.F.);
#12538=CARTESIAN_POINT('',(3.279329E-015,-3.650000000000000,-50.0));
#12539=VERTEX_POINT('',#12538);
#12540=CARTESIAN_POINT('',(3.279329E-015,-3.650000000000000,-50.0));
#12541=CARTESIAN_POINT('',(-1.441954959090673,-3.650000000000002,-50.000000000000007));
#12542=CARTESIAN_POINT('',(-3.417235724968340,-3.650000000000003,-48.650000000000006));
#12550=(BOUNDED_CURVE()B_SPLINE_CURVE(2,(#12540,#12541,#12542),.UNSPECIFIED.,.F.,.U.)B_SPLINE_CURVE_WITH_KNOTS((3,3),(0.371631838649641,0.743263677299283),.UNSPECIFIED.)CURVE()GEOMETRIC_REPRESENTATION_ITEM()RATIONAL_B_SPLINE_CURVE((1.0,1.088545592453195,1.0))REPRESENTATION_ITEM(''));
#12551=EDGE_CURVE('',#12539,#12531,#12550,.T.);
#12552=ORIENTED_EDGE('',*,*,#12551,.F.);
#12553=CARTESIAN_POINT('',(3.417235724968346,-3.649999999999997,-48.650000000000006));
#12554=VERTEX_POINT('',#12553);
#12555=CARTESIAN_POINT('',(3.417235724968347,-3.649999999999997,-48.650000000000006));
#12556=CARTESIAN_POINT('',(1.441954959090677,-3.650000000000000,-49.999999999999993));
#12557=CARTESIAN_POINT('',(3.279329E-015,-3.650000000000000,-50.0));
#12565=(BOUNDED_CURVE()B_SPLINE_CURVE(2,(#12555,#12556,#12557),.UNSPECIFIED.,.F.,.U.)B_SPLINE_CURVE_WITH_KNOTS((3,3),(0.0,0.371631838649641),.UNSPECIFIED.)CURVE()GEOMETRIC_REPRESENTATION_ITEM()RATIONAL_B_SPLINE_CURVE((1.0,1.088545592453195,1.0))REPRESENTATION_ITEM(''));
#12566=EDGE_CURVE('',#12554,#12539,#12565,.T.);
#12567=ORIENTED_EDGE('',*,*,#12566,.F.);
#12568=CARTESIAN_POINT('',(3.417235724968346,-3.650000000000000,-37.0));
#12569=DIRECTION('',(0.0,0.0,-1.0));
#12570=VECTOR('',#12569,11.650000000000006);
#12571=LINE('',#12568,#12570);
#12572=EDGE_CURVE('',#12352,#12554,#12571,.T.);
#12573=ORIENTED_EDGE('',*,*,#12572,.F.);
#12574=ORIENTED_EDGE('',*,*,#12364,.T.);
#12575=EDGE_LOOP('',(#12537,#12552,#12567,#12573,#12574));
#12576=FACE_OUTER_BOUND('',#12575,.T.);
#12577=ADVANCED_FACE('',(#12576),#12529,.T.);
#12578=CARTESIAN_POINT('',(-3.650000000000007,-3.650000000000004,-50.0));
#12579=DIRECTION('',(-1.0,0.0,0.0));
#12580=DIRECTION('',(0.0,0.0,1.0));
#12581=AXIS2_PLACEMENT_3D('',#12578,#12579,#12580);
#12582=PLANE('',#12581);
#12583=CARTESIAN_POINT('',(-3.650000000000002,3.417235724968361,-48.650000000000006));
#12584=VERTEX_POINT('',#12583);
#12585=CARTESIAN_POINT('',(-3.650000000000002,3.417235724968361,-48.650000000000006));
#12586=DIRECTION('',(0.0,0.0,1.0));
#12587=VECTOR('',#12586,11.650000000000006);
#12588=LINE('',#12585,#12587);
#12589=EDGE_CURVE('',#12584,#12325,#12588,.T.);
#12590=ORIENTED_EDGE('',*,*,#12589,.F.);
#12591=CARTESIAN_POINT('',(-3.650000000000004,1.166215E-014,-50.0));
#12592=VERTEX_POINT('',#12591);
#12593=CARTESIAN_POINT('',(-3.650000000000004,1.166215E-014,-50.0));
#12594=CARTESIAN_POINT('',(-3.650000000000003,1.441954959090696,-50.0));
#12595=CARTESIAN_POINT('',(-3.650000000000002,3.417235724968361,-48.650000000000006));
#12603=(BOUNDED_CURVE()B_SPLINE_CURVE(2,(#12593,#12594,#12595),.UNSPECIFIED.,.F.,.U.)B_SPLINE_CURVE_WITH_KNOTS((3,3),(0.371631838649642,0.743263677299284),.UNSPECIFIED.)CURVE()GEOMETRIC_REPRESENTATION_ITEM()RATIONAL_B_SPLINE_CURVE((1.0,1.088545592453196,1.0))REPRESENTATION_ITEM(''));
#12604=EDGE_CURVE('',#12592,#12584,#12603,.T.);
#12605=ORIENTED_EDGE('',*,*,#12604,.F.);
#12606=CARTESIAN_POINT('',(-3.650000000000007,-3.417235724968337,-48.650000000000006));
#12607=VERTEX_POINT('',#12606);
#12608=CARTESIAN_POINT('',(-3.650000000000006,-3.417235724968339,-48.650000000000006));
#12609=CARTESIAN_POINT('',(-3.650000000000006,-1.441954959090672,-50.0));
#12610=CARTESIAN_POINT('',(-3.650000000000004,1.166215E-014,-50.0));
#12618=(BOUNDED_CURVE()B_SPLINE_CURVE(2,(#12608,#12609,#12610),.UNSPECIFIED.,.F.,.U.)B_SPLINE_CURVE_WITH_KNOTS((3,3),(0.0,0.371631838649642),.UNSPECIFIED.)CURVE()GEOMETRIC_REPRESENTATION_ITEM()RATIONAL_B_SPLINE_CURVE((1.0,1.088545592453197,1.0))REPRESENTATION_ITEM(''));
#12619=EDGE_CURVE('',#12607,#12592,#12618,.T.);
#12620=ORIENTED_EDGE('',*,*,#12619,.F.);
#12621=CARTESIAN_POINT('',(-3.650000000000007,-3.417235724968340,-37.0));
#12622=DIRECTION('',(0.0,0.0,-1.0));
#12623=VECTOR('',#12622,11.650000000000006);
#12624=LINE('',#12621,#12623);
#12625=EDGE_CURVE('',#12327,#12607,#12624,.T.);
#12626=ORIENTED_EDGE('',*,*,#12625,.F.);
#12627=ORIENTED_EDGE('',*,*,#12339,.T.);
#12628=EDGE_LOOP('',(#12590,#12605,#12620,#12626,#12627));
#12629=FACE_OUTER_BOUND('',#12628,.T.);
#12630=ADVANCED_FACE('',(#12629),#12582,.T.);
#12631=CARTESIAN_POINT('',(0.0,8.021361E-015,-42.500000000000000));
#12632=DIRECTION('',(0.0,1.887379E-016,-1.0));
#12633=DIRECTION('',(0.0,1.0,0.0));
#12634=AXIS2_PLACEMENT_3D('',#12631,#12632,#12633);
#12635=CYLINDRICAL_SURFACE('',#12634,4.999999999999999);
#12636=ORIENTED_EDGE('',*,*,#12430,.T.);
#12637=ORIENTED_EDGE('',*,*,#12408,.T.);
#12638=ORIENTED_EDGE('',*,*,#12466,.T.);
#12639=CARTESIAN_POINT('',(0.0,9.182100E-015,-48.650000000000006));
#12640=DIRECTION('',(0.0,0.0,-1.0));
#12641=DIRECTION('',(0.0,-1.0,0.0));
#12642=AXIS2_PLACEMENT_3D('',#12639,#12640,#12641);
#12643=CIRCLE('',#12642,4.999999999999999);
#12644=EDGE_CURVE('',#12584,#12448,#12643,.T.);
#12645=ORIENTED_EDGE('',*,*,#12644,.F.);
#12646=ORIENTED_EDGE('',*,*,#12589,.T.);
#12647=ORIENTED_EDGE('',*,*,#12333,.T.);
#12648=ORIENTED_EDGE('',*,*,#12625,.T.);
#12649=CARTESIAN_POINT('',(0.0,9.182100E-015,-48.650000000000006));
#12650=DIRECTION('',(0.0,0.0,-1.0));
#12651=DIRECTION('',(0.0,-1.0,0.0));
#12652=AXIS2_PLACEMENT_3D('',#12649,#12650,#12651);
#12653=CIRCLE('',#12652,4.999999999999999);
#12654=EDGE_CURVE('',#12531,#12607,#12653,.T.);
#12655=ORIENTED_EDGE('',*,*,#12654,.F.);
#12656=ORIENTED_EDGE('',*,*,#12536,.T.);
#12657=ORIENTED_EDGE('',*,*,#12358,.T.);
#12658=ORIENTED_EDGE('',*,*,#12572,.T.);
#12659=CARTESIAN_POINT('',(0.0,9.182100E-015,-48.650000000000006));
#12660=DIRECTION('',(0.0,0.0,-1.0));
#12661=DIRECTION('',(0.0,-1.0,0.0));
#12662=AXIS2_PLACEMENT_3D('',#12659,#12660,#12661);
#12663=CIRCLE('',#12662,4.999999999999999);
#12664=EDGE_CURVE('',#12478,#12554,#12663,.T.);
#12665=ORIENTED_EDGE('',*,*,#12664,.F.);
#12666=ORIENTED_EDGE('',*,*,#12483,.T.);
#12667=ORIENTED_EDGE('',*,*,#12383,.T.);
#12668=ORIENTED_EDGE('',*,*,#12519,.T.);
#12669=CARTESIAN_POINT('',(0.0,9.182100E-015,-48.650000000000006));
#12670=DIRECTION('',(0.0,0.0,-1.0));
#12671=DIRECTION('',(0.0,-1.0,0.0));
#12672=AXIS2_PLACEMENT_3D('',#12669,#12670,#12671);
#12673=CIRCLE('',#12672,4.999999999999999);
#12674=EDGE_CURVE('',#12425,#12501,#12673,.T.);
#12675=ORIENTED_EDGE('',*,*,#12674,.F.);
#12676=EDGE_LOOP('',(#12636,#12637,#12638,#12645,#12646,#12647,#12648,#12655,#12656,#12657,#12658,#12665,#12666,#12667,#12668,#12675));
#12677=FACE_OUTER_BOUND('',#12676,.T.);
#12678=CARTESIAN_POINT('',(0.0,5.000000000000004,-35.0));
#12679=VERTEX_POINT('',#12678);
#12680=CARTESIAN_POINT('',(0.0,6.605827E-015,-35.0));
#12681=DIRECTION('',(0.0,0.0,-1.0));
#12682=DIRECTION('',(0.0,1.0,0.0));
#12683=AXIS2_PLACEMENT_3D('',#12680,#12681,#12682);
#12684=CIRCLE('',#12683,4.999999999999998);
#12685=EDGE_CURVE('',#12679,#12679,#12684,.T.);
#12686=ORIENTED_EDGE('',*,*,#12685,.T.);
#12687=EDGE_LOOP('',(#12686));
#12688=FACE_BOUND('',#12687,.T.);
#12689=ADVANCED_FACE('',(#12677,#12688),#12635,.T.);
#12690=CARTESIAN_POINT('',(0.0,9.309498E-015,-49.325000000000003));
#12691=DIRECTION('',(0.0,-1.887379E-016,1.0));
#12692=DIRECTION('',(0.0,-1.0,0.0));
#12693=AXIS2_PLACEMENT_3D('',#12690,#12691,#12692);
#12694=CONICAL_SURFACE('',#12693,4.324999999999999,45.000000000000071);
#12695=ORIENTED_EDGE('',*,*,#12460,.T.);
#12696=CARTESIAN_POINT('',(0.0,9.436896E-015,-50.0));
#12697=DIRECTION('',(0.0,0.0,1.0));
#12698=DIRECTION('',(0.0,-1.0,0.0));
#12699=AXIS2_PLACEMENT_3D('',#12696,#12697,#12698);
#12700=CIRCLE('',#12699,3.649999999999999);
#12701=EDGE_CURVE('',#12433,#12592,#12700,.T.);
#12702=ORIENTED_EDGE('',*,*,#12701,.T.);
#12703=ORIENTED_EDGE('',*,*,#12604,.T.);
#12704=ORIENTED_EDGE('',*,*,#12644,.T.);
#12705=EDGE_LOOP('',(#12695,#12702,#12703,#12704));
#12706=FACE_OUTER_BOUND('',#12705,.T.);
#12707=ADVANCED_FACE('',(#12706),#12694,.T.);
#12708=CARTESIAN_POINT('',(0.0,9.309498E-015,-49.325000000000003));
#12709=DIRECTION('',(0.0,-1.887379E-016,1.0));
#12710=DIRECTION('',(0.0,-1.0,0.0));
#12711=AXIS2_PLACEMENT_3D('',#12708,#12709,#12710);
#12712=CONICAL_SURFACE('',#12711,4.324999999999999,45.000000000000071);
#12713=ORIENTED_EDGE('',*,*,#12551,.T.);
#12714=ORIENTED_EDGE('',*,*,#12654,.T.);
#12715=ORIENTED_EDGE('',*,*,#12619,.T.);
#12716=CARTESIAN_POINT('',(0.0,9.436896E-015,-50.0));
#12717=DIRECTION('',(0.0,0.0,1.0));
#12718=DIRECTION('',(0.0,-1.0,0.0));
#12719=AXIS2_PLACEMENT_3D('',#12716,#12717,#12718);
#12720=CIRCLE('',#12719,3.649999999999999);
#12721=EDGE_CURVE('',#12592,#12539,#12720,.T.);
#12722=ORIENTED_EDGE('',*,*,#12721,.T.);
#12723=EDGE_LOOP('',(#12713,#12714,#12715,#12722));
#12724=FACE_OUTER_BOUND('',#12723,.T.);
#12725=ADVANCED_FACE('',(#12724),#12712,.T.);
#12726=CARTESIAN_POINT('',(0.0,9.309498E-015,-49.325000000000003));
#12727=DIRECTION('',(0.0,-1.887379E-016,1.0));
#12728=DIRECTION('',(0.0,-1.0,0.0));
#12729=AXIS2_PLACEMENT_3D('',#12726,#12727,#12728);
#12730=CONICAL_SURFACE('',#12729,4.324999999999999,45.000000000000071);
#12731=ORIENTED_EDGE('',*,*,#12498,.T.);
#12732=ORIENTED_EDGE('',*,*,#12664,.T.);
#12733=ORIENTED_EDGE('',*,*,#12566,.T.);
#12734=CARTESIAN_POINT('',(0.0,9.436896E-015,-50.0));
#12735=DIRECTION('',(0.0,0.0,1.0));
#12736=DIRECTION('',(0.0,-1.0,0.0));
#12737=AXIS2_PLACEMENT_3D('',#12734,#12735,#12736);
#12738=CIRCLE('',#12737,3.649999999999999);
#12739=EDGE_CURVE('',#12539,#12486,#12738,.T.);
#12740=ORIENTED_EDGE('',*,*,#12739,.T.);
#12741=EDGE_LOOP('',(#12731,#12732,#12733,#12740));
#12742=FACE_OUTER_BOUND('',#12741,.T.);
#12743=ADVANCED_FACE('',(#12742),#12730,.T.);
#12744=CARTESIAN_POINT('',(0.0,9.309498E-015,-49.325000000000003));
#12745=DIRECTION('',(0.0,-1.887379E-016,1.0));
#12746=DIRECTION('',(0.0,-1.0,0.0));
#12747=AXIS2_PLACEMENT_3D('',#12744,#12745,#12746);
#12748=CONICAL_SURFACE('',#12747,4.324999999999999,45.000000000000071);
#12749=ORIENTED_EDGE('',*,*,#12445,.T.);
#12750=ORIENTED_EDGE('',*,*,#12674,.T.);
#12751=ORIENTED_EDGE('',*,*,#12513,.T.);
#12752=CARTESIAN_POINT('',(0.0,9.436896E-015,-50.0));
#12753=DIRECTION('',(0.0,0.0,1.0));
#12754=DIRECTION('',(0.0,-1.0,0.0));
#12755=AXIS2_PLACEMENT_3D('',#12752,#12753,#12754);
#12756=CIRCLE('',#12755,3.649999999999999);
#12757=EDGE_CURVE('',#12486,#12433,#12756,.T.);
#12758=ORIENTED_EDGE('',*,*,#12757,.T.);
#12759=EDGE_LOOP('',(#12749,#12750,#12751,#12758));
#12760=FACE_OUTER_BOUND('',#12759,.T.);
#12761=ADVANCED_FACE('',(#12760),#12748,.T.);
#12762=CARTESIAN_POINT('',(0.0,2.500000000000009,-50.0));
#12763=DIRECTION('',(0.0,0.0,-1.0));
#12764=DIRECTION('',(-1.0,0.0,0.0));
#12765=AXIS2_PLACEMENT_3D('',#12762,#12763,#12764);
#12766=PLANE('',#12765);
#12767=ORIENTED_EDGE('',*,*,#12701,.F.);
#12768=ORIENTED_EDGE('',*,*,#12757,.F.);
#12769=ORIENTED_EDGE('',*,*,#12739,.F.);
#12770=ORIENTED_EDGE('',*,*,#12721,.F.);
#12771=EDGE_LOOP('',(#12767,#12768,#12769,#12770));
#12772=FACE_OUTER_BOUND('',#12771,.T.);
#12773=ADVANCED_FACE('',(#12772),#12766,.T.);
#12774=CARTESIAN_POINT('',(0.0,2.831069E-015,42.0));
#12775=DIRECTION('',(0.0,0.0,1.0));
#12776=DIRECTION('',(-1.0,0.0,0.0));
#12777=AXIS2_PLACEMENT_3D('',#12774,#12775,#12776);
#12778=CYLINDRICAL_SURFACE('',#12777,7.999999999999996);
#12779=CARTESIAN_POINT('',(7.999999999999996,3.810786E-015,90.0));
#12780=VERTEX_POINT('',#12779);
#12781=CARTESIAN_POINT('',(0.0,2.831069E-015,90.0));
#12782=DIRECTION('',(0.0,0.0,-1.0));
#12783=DIRECTION('',(-1.0,0.0,0.0));
#12784=AXIS2_PLACEMENT_3D('',#12781,#12782,#12783);
#12785=CIRCLE('',#12784,7.999999999999996);
#12786=EDGE_CURVE('',#12780,#12780,#12785,.T.);
#12787=ORIENTED_EDGE('',*,*,#12786,.T.);
#12788=EDGE_LOOP('',(#12787));
#12789=FACE_OUTER_BOUND('',#12788,.T.);
#12790=CARTESIAN_POINT('',(7.999999999999996,3.810786E-015,42.0));
#12791=VERTEX_POINT('',#12790);
#12792=CARTESIAN_POINT('',(0.0,2.831069E-015,42.0));
#12793=DIRECTION('',(0.0,0.0,-1.0));
#12794=DIRECTION('',(-1.0,0.0,0.0));
#12795=AXIS2_PLACEMENT_3D('',#12792,#12793,#12794);
#12796=CIRCLE('',#12795,7.999999999999996);
#12797=EDGE_CURVE('',#12791,#12791,#12796,.T.);
#12798=ORIENTED_EDGE('',*,*,#12797,.F.);
#12799=EDGE_LOOP('',(#12798));
#12800=FACE_BOUND('',#12799,.T.);
#12801=ADVANCED_FACE('',(#12789,#12800),#12778,.T.);
#12802=CARTESIAN_POINT('',(0.0,2.831069E-015,90.0));
#12803=DIRECTION('',(0.0,0.0,-1.0));
#12804=DIRECTION('',(-1.0,0.0,0.0));
#12805=AXIS2_PLACEMENT_3D('',#12802,#12803,#12804);
#12806=PLANE('',#12805);
#12807=ORIENTED_EDGE('',*,*,#12786,.F.);
#12808=EDGE_LOOP('',(#12807));
#12809=FACE_OUTER_BOUND('',#12808,.T.);
#12810=ORIENTED_EDGE('',*,*,#12302,.T.);
#12811=EDGE_LOOP('',(#12810));
#12812=FACE_BOUND('',#12811,.T.);
#12813=ADVANCED_FACE('',(#12809,#12812),#12806,.F.);
#12814=CARTESIAN_POINT('',(0.0,0.0,0.0));
#12815=DIRECTION('',(0.0,0.0,-1.0));
#12816=DIRECTION('',(-1.0,0.0,0.0));
#12817=AXIS2_PLACEMENT_3D('',#12814,#12815,#12816);
#12818=PLANE('',#12817);
#12819=CARTESIAN_POINT('',(-8.554567113000347,7.306290543714566,0.0));
#12820=VERTEX_POINT('',#12819);
#12821=CARTESIAN_POINT('',(-11.690064869943306,13.687307380800560,0.0));
#12822=VERTEX_POINT('',#12821);
#12823=CARTESIAN_POINT('',(4.274267630074881,17.570978016393333,0.0));
#12824=DIRECTION('',(0.0,0.0,-1.000000000000000));
#12825=DIRECTION('',(-0.780820718876543,-0.624755156019635,0.0));
#12826=AXIS2_PLACEMENT_3D('',#12823,#12824,#12825);
#12827=CIRCLE('',#12826,16.429936389922588);
#12828=EDGE_CURVE('',#12820,#12822,#12827,.T.);
#12829=ORIENTED_EDGE('',*,*,#12828,.T.);
#12830=CARTESIAN_POINT('',(-9.404974164887086,15.347522958373659,0.0));
#12831=VERTEX_POINT('',#12830);
#12832=CARTESIAN_POINT('',(0.0,0.0,0.0));
#12833=DIRECTION('',(0.0,0.0,-1.0));
#12834=DIRECTION('',(-1.0,0.0,0.0));
#12835=AXIS2_PLACEMENT_3D('',#12832,#12833,#12834);
#12836=CIRCLE('',#12835,18.0);
#12837=EDGE_CURVE('',#12822,#12831,#12836,.T.);
#12838=ORIENTED_EDGE('',*,*,#12837,.T.);
#12839=CARTESIAN_POINT('',(-4.305188614107262,10.393644740751975,0.0));
#12840=VERTEX_POINT('',#12839);
#12841=CARTESIAN_POINT('',(-18.031814476369647,1.364660732881979,0.0));
#12842=DIRECTION('',(0.0,0.0,-1.0));
#12843=DIRECTION('',(0.525068393860240,0.851060034174457,0.0));
#12844=AXIS2_PLACEMENT_3D('',#12841,#12842,#12843);
#12845=CIRCLE('',#12844,16.429936389922588);
#12846=EDGE_CURVE('',#12831,#12840,#12845,.T.);
#12847=ORIENTED_EDGE('',*,*,#12846,.T.);
#12848=CARTESIAN_POINT('',(-2.626260343378934,10.939161604473862,0.0));
#12849=VERTEX_POINT('',#12848);
#12850=CARTESIAN_POINT('',(0.0,0.0,0.0));
#12851=DIRECTION('',(0.0,0.0,-1.000000000000000));
#12852=DIRECTION('',(-0.382683432365090,0.923879532511287,0.0));
#12853=AXIS2_PLACEMENT_3D('',#12850,#12851,#12852);
#12854=CIRCLE('',#12853,11.249999999999998);
#12855=EDGE_CURVE('',#12840,#12849,#12854,.T.);
#12856=ORIENTED_EDGE('',*,*,#12855,.T.);
#12857=CARTESIAN_POINT('',(-1.412263723101205,17.944512007196305,0.0));
#12858=VERTEX_POINT('',#12857);
#12859=CARTESIAN_POINT('',(13.785916897628567,11.702868345741692,0.0));
#12860=DIRECTION('',(0.0,0.0,-1.000000000000000));
#12861=DIRECTION('',(-0.998919098133211,-0.046482635303217,0.0));
#12862=AXIS2_PLACEMENT_3D('',#12859,#12860,#12861);
#12863=CIRCLE('',#12862,16.429936389922588);
#12864=EDGE_CURVE('',#12849,#12858,#12863,.T.);
#12865=ORIENTED_EDGE('',*,*,#12864,.T.);
#12866=CARTESIAN_POINT('',(1.412263723101203,17.944512007196309,0.0));
#12867=VERTEX_POINT('',#12866);
#12868=CARTESIAN_POINT('',(0.0,0.0,0.0));
#12869=DIRECTION('',(0.0,0.0,-1.0));
#12870=DIRECTION('',(-1.0,0.0,0.0));
#12871=AXIS2_PLACEMENT_3D('',#12868,#12869,#12870);
#12872=CIRCLE('',#12871,18.0);
#12873=EDGE_CURVE('',#12858,#12867,#12872,.T.);
#12874=ORIENTED_EDGE('',*,*,#12873,.T.);
#12875=CARTESIAN_POINT('',(2.626260343378932,10.939161604473863,0.0));
#12876=VERTEX_POINT('',#12875);
#12877=CARTESIAN_POINT('',(-13.785916897628576,11.702868345741695,0.0));
#12878=DIRECTION('',(0.0,0.0,-1.000000000000000));
#12879=DIRECTION('',(0.925029790745366,0.379894572524515,0.0));
#12880=AXIS2_PLACEMENT_3D('',#12877,#12878,#12879);
#12881=CIRCLE('',#12880,16.429936389922588);
#12882=EDGE_CURVE('',#12867,#12876,#12881,.T.);
#12883=ORIENTED_EDGE('',*,*,#12882,.T.);
#12884=CARTESIAN_POINT('',(4.305188614107261,10.393644740751977,0.0));
#12885=VERTEX_POINT('',#12884);
#12886=CARTESIAN_POINT('',(0.0,0.0,0.0));
#12887=DIRECTION('',(0.0,0.0,-1.000000000000000));
#12888=DIRECTION('',(0.233445363855905,0.972369920397677,0.0));
#12889=AXIS2_PLACEMENT_3D('',#12886,#12887,#12888);
#12890=CIRCLE('',#12889,11.249999999999998);
#12891=EDGE_CURVE('',#12876,#12885,#12890,.T.);
#12892=ORIENTED_EDGE('',*,*,#12891,.T.);
#12893=CARTESIAN_POINT('',(9.404974164887083,15.347522958373661,0.0));
#12894=VERTEX_POINT('',#12893);
#12895=CARTESIAN_POINT('',(18.031814476369643,1.364660732881984,0.0));
#12896=DIRECTION('',(0.0,0.0,-1.000000000000000));
#12897=DIRECTION('',(-0.835464333914384,0.549544672212363,0.0));
#12898=AXIS2_PLACEMENT_3D('',#12895,#12896,#12897);
#12899=CIRCLE('',#12898,16.429936389922588);
#12900=EDGE_CURVE('',#12885,#12894,#12899,.T.);
#12901=ORIENTED_EDGE('',*,*,#12900,.T.);
#12902=CARTESIAN_POINT('',(11.690064869943303,13.687307380800565,0.0));
#12903=VERTEX_POINT('',#12902);
#12904=CARTESIAN_POINT('',(0.0,0.0,0.0));
#12905=DIRECTION('',(0.0,0.0,-1.0));
#12906=DIRECTION('',(-1.0,0.0,0.0));
#12907=AXIS2_PLACEMENT_3D('',#12904,#12905,#12906);
#12908=CIRCLE('',#12907,18.0);
#12909=EDGE_CURVE('',#12894,#12903,#12908,.T.);
#12910=ORIENTED_EDGE('',*,*,#12909,.T.);
#12911=CARTESIAN_POINT('',(8.554567113000346,7.306290543714569,0.0));
#12912=VERTEX_POINT('',#12911);
#12913=CARTESIAN_POINT('',(-4.274267630074889,17.570978016393340,0.0));
#12914=DIRECTION('',(0.0,0.0,-1.0));
#12915=DIRECTION('',(0.971661248171966,-0.236377703688181,0.0));
#12916=AXIS2_PLACEMENT_3D('',#12913,#12914,#12915);
#12917=CIRCLE('',#12916,16.429936389922588);
#12918=EDGE_CURVE('',#12903,#12912,#12917,.T.);
#12919=ORIENTED_EDGE('',*,*,#12918,.T.);
#12920=CARTESIAN_POINT('',(9.592201848983539,5.878108853054423,0.0));
#12921=VERTEX_POINT('',#12920);
#12922=CARTESIAN_POINT('',(0.0,0.0,0.0));
#12923=DIRECTION('',(0.0,0.0,-1.000000000000000));
#12924=DIRECTION('',(0.760405965600031,0.649448048330184,0.0));
#12925=AXIS2_PLACEMENT_3D('',#12922,#12923,#12924);
#12926=CIRCLE('',#12925,11.249999999999996);
#12927=EDGE_CURVE('',#12912,#12921,#12926,.T.);
#12928=ORIENTED_EDGE('',*,*,#12927,.T.);
#12929=CARTESIAN_POINT('',(16.629831585203164,6.888301782571613,0.0));
#12930=VERTEX_POINT('',#12929);
#12931=CARTESIAN_POINT('',(15.390171803969901,-9.494800896826305,0.0));
#12932=DIRECTION('',(0.0,0.0,-1.0));
#12933=DIRECTION('',(-0.352890590528554,0.935664593279241,0.0));
#12934=AXIS2_PLACEMENT_3D('',#12931,#12932,#12933);
#12935=CIRCLE('',#12934,16.429936389922592);
#12936=EDGE_CURVE('',#12921,#12930,#12935,.T.);
#12937=ORIENTED_EDGE('',*,*,#12936,.T.);
#12938=CARTESIAN_POINT('',(17.502658567158178,4.202016549406303,0.0));
#12939=VERTEX_POINT('',#12938);
#12940=CARTESIAN_POINT('',(0.0,0.0,0.0));
#12941=DIRECTION('',(0.0,0.0,-1.0));
#12942=DIRECTION('',(-1.0,0.0,0.0));
#12943=AXIS2_PLACEMENT_3D('',#12940,#12941,#12942);
#12944=CIRCLE('',#12943,18.0);
#12945=EDGE_CURVE('',#12930,#12939,#12944,.T.);
#12946=ORIENTED_EDGE('',*,*,#12945,.T.);
#12947=CARTESIAN_POINT('',(11.215320004497691,0.882664826938259,0.0));
#12948=VERTEX_POINT('',#12947);
#12949=CARTESIAN_POINT('',(6.870006595153942,16.727571300359934,0.0));
#12950=DIRECTION('',(0.0,0.0,-1.000000000000000));
#12951=DIRECTION('',(0.647151134348021,-0.762361731274642,0.0));
#12952=AXIS2_PLACEMENT_3D('',#12949,#12950,#12951);
#12953=CIRCLE('',#12952,16.429936389922588);
#12954=EDGE_CURVE('',#12939,#12948,#12953,.T.);
#12955=ORIENTED_EDGE('',*,*,#12954,.T.);
#12956=CARTESIAN_POINT('',(11.215320004497691,-0.882664826938258,0.0));
#12957=VERTEX_POINT('',#12956);
#12958=CARTESIAN_POINT('',(0.0,0.0,0.0));
#12959=DIRECTION('',(0.0,0.0,-1.0));
#12960=DIRECTION('',(0.996917333733128,0.078459095727845,0.0));
#12961=AXIS2_PLACEMENT_3D('',#12958,#12959,#12960);
#12962=CIRCLE('',#12961,11.249999999999998);
#12963=EDGE_CURVE('',#12948,#12957,#12962,.T.);
#12964=ORIENTED_EDGE('',*,*,#12963,.T.);
#12965=CARTESIAN_POINT('',(17.502658567158178,-4.202016549406302,0.0));
#12966=VERTEX_POINT('',#12965);
#12967=CARTESIAN_POINT('',(6.870006595153941,-16.727571300359930,0.0));
#12968=DIRECTION('',(0.0,0.0,-1.000000000000000));
#12969=DIRECTION('',(0.264475364129162,0.964392441783296,0.0));
#12970=AXIS2_PLACEMENT_3D('',#12967,#12968,#12969);
#12971=CIRCLE('',#12970,16.429936389922588);
#12972=EDGE_CURVE('',#12957,#12966,#12971,.T.);
#12973=ORIENTED_EDGE('',*,*,#12972,.T.);
#12974=CARTESIAN_POINT('',(16.629831585203167,-6.888301782571610,0.0));
#12975=VERTEX_POINT('',#12974);
#12976=CARTESIAN_POINT('',(0.0,0.0,0.0));
#12977=DIRECTION('',(0.0,0.0,-1.0));
#12978=DIRECTION('',(-1.0,0.0,0.0));
#12979=AXIS2_PLACEMENT_3D('',#12976,#12977,#12978);
#12980=CIRCLE('',#12979,18.0);
#12981=EDGE_CURVE('',#12966,#12975,#12980,.T.);
#12982=ORIENTED_EDGE('',*,*,#12981,.T.);
#12983=CARTESIAN_POINT('',(9.592201848983539,-5.878108853054423,0.0));
#12984=VERTEX_POINT('',#12983);
#12985=CARTESIAN_POINT('',(15.390171803969906,9.494800896826314,0.0));
#12986=DIRECTION('',(0.0,0.0,-1.000000000000000));
#12987=DIRECTION('',(0.075451283061182,-0.997149489236404,0.0));
#12988=AXIS2_PLACEMENT_3D('',#12985,#12986,#12987);
#12989=CIRCLE('',#12988,16.429936389922588);
#12990=EDGE_CURVE('',#12975,#12984,#12989,.T.);
#12991=ORIENTED_EDGE('',*,*,#12990,.T.);
#12992=CARTESIAN_POINT('',(8.554567113000347,-7.306290543714566,0.0));
#12993=VERTEX_POINT('',#12992);
#12994=CARTESIAN_POINT('',(0.0,0.0,0.0));
#12995=DIRECTION('',(0.0,0.0,-1.000000000000000));
#12996=DIRECTION('',(0.852640164354093,-0.522498564715949,0.0));
#12997=AXIS2_PLACEMENT_3D('',#12994,#12995,#12996);
#12998=CIRCLE('',#12997,11.249999999999998);
#12999=EDGE_CURVE('',#12984,#12993,#12998,.T.);
#13000=ORIENTED_EDGE('',*,*,#12999,.T.);
#13001=CARTESIAN_POINT('',(11.690064869943306,-13.687307380800560,0.0));
#13002=VERTEX_POINT('',#13001);
#13003=CARTESIAN_POINT('',(-4.274267630074884,-17.570978016393333,0.0));
#13004=DIRECTION('',(0.0,0.0,-1.0));
#13005=DIRECTION('',(0.780820718876543,0.624755156019635,0.0));
#13006=AXIS2_PLACEMENT_3D('',#13003,#13004,#13005);
#13007=CIRCLE('',#13006,16.429936389922592);
#13008=EDGE_CURVE('',#12993,#13002,#13007,.T.);
#13009=ORIENTED_EDGE('',*,*,#13008,.T.);
#13010=CARTESIAN_POINT('',(9.404974164887088,-15.347522958373656,0.0));
#13011=VERTEX_POINT('',#13010);
#13012=CARTESIAN_POINT('',(0.0,0.0,0.0));
#13013=DIRECTION('',(0.0,0.0,-1.0));
#13014=DIRECTION('',(-1.0,0.0,0.0));
#13015=AXIS2_PLACEMENT_3D('',#13012,#13013,#13014);
#13016=CIRCLE('',#13015,18.0);
#13017=EDGE_CURVE('',#13002,#13011,#13016,.T.);
#13018=ORIENTED_EDGE('',*,*,#13017,.T.);
#13019=CARTESIAN_POINT('',(4.305188614107264,-10.393644740751975,0.0));
#13020=VERTEX_POINT('',#13019);
#13021=CARTESIAN_POINT('',(18.031814476369647,-1.364660732881977,0.0));
#13022=DIRECTION('',(0.0,0.0,-1.0));
#13023=DIRECTION('',(-0.525068393860240,-0.851060034174457,0.0));
#13024=AXIS2_PLACEMENT_3D('',#13021,#13022,#13023);
#13025=CIRCLE('',#13024,16.429936389922588);
#13026=EDGE_CURVE('',#13011,#13020,#13025,.T.);
#13027=ORIENTED_EDGE('',*,*,#13026,.T.);
#13028=CARTESIAN_POINT('',(2.626260343378934,-10.939161604473862,0.0));
#13029=VERTEX_POINT('',#13028);
#13030=CARTESIAN_POINT('',(0.0,0.0,0.0));
#13031=DIRECTION('',(0.0,0.0,-1.000000000000000));
#13032=DIRECTION('',(0.382683432365090,-0.923879532511287,0.0));
#13033=AXIS2_PLACEMENT_3D('',#13030,#13031,#13032);
#13034=CIRCLE('',#13033,11.249999999999998);
#13035=EDGE_CURVE('',#13020,#13029,#13034,.T.);
#13036=ORIENTED_EDGE('',*,*,#13035,.T.);
#13037=CARTESIAN_POINT('',(1.412263723101207,-17.944512007196305,0.0));
#13038=VERTEX_POINT('',#13037);
#13039=CARTESIAN_POINT('',(-13.785916897628566,-11.702868345741695,0.0));
#13040=DIRECTION('',(0.0,0.0,-1.000000000000000));
#13041=DIRECTION('',(0.998919098133211,0.046482635303217,0.0));
#13042=AXIS2_PLACEMENT_3D('',#13039,#13040,#13041);
#13043=CIRCLE('',#13042,16.429936389922588);
#13044=EDGE_CURVE('',#13029,#13038,#13043,.T.);
#13045=ORIENTED_EDGE('',*,*,#13044,.T.);
#13046=CARTESIAN_POINT('',(-1.412263723101201,-17.944512007196305,0.0));
#13047=VERTEX_POINT('',#13046);
#13048=CARTESIAN_POINT('',(0.0,0.0,0.0));
#13049=DIRECTION('',(0.0,0.0,-1.0));
#13050=DIRECTION('',(-1.0,0.0,0.0));
#13051=AXIS2_PLACEMENT_3D('',#13048,#13049,#13050);
#13052=CIRCLE('',#13051,18.0);
#13053=EDGE_CURVE('',#13038,#13047,#13052,.T.);
#13054=ORIENTED_EDGE('',*,*,#13053,.T.);
#13055=CARTESIAN_POINT('',(-2.626260343378932,-10.939161604473863,0.0));
#13056=VERTEX_POINT('',#13055);
#13057=CARTESIAN_POINT('',(13.785916897628574,-11.702868345741690,0.0));
#13058=DIRECTION('',(0.0,0.0,-1.0));
#13059=DIRECTION('',(-0.925029790745366,-0.379894572524515,0.0));
#13060=AXIS2_PLACEMENT_3D('',#13057,#13058,#13059);
#13061=CIRCLE('',#13060,16.429936389922588);
#13062=EDGE_CURVE('',#13047,#13056,#13061,.T.);
#13063=ORIENTED_EDGE('',*,*,#13062,.T.);
#13064=CARTESIAN_POINT('',(-4.305188614107260,-10.393644740751975,0.0));
#13065=VERTEX_POINT('',#13064);
#13066=CARTESIAN_POINT('',(0.0,0.0,0.0));
#13067=DIRECTION('',(0.0,0.0,-1.0));
#13068=DIRECTION('',(-0.233445363855905,-0.972369920397677,0.0));
#13069=AXIS2_PLACEMENT_3D('',#13066,#13067,#13068);
#13070=CIRCLE('',#13069,11.249999999999998);
#13071=EDGE_CURVE('',#13056,#13065,#13070,.T.);
#13072=ORIENTED_EDGE('',*,*,#13071,.T.);
#13073=CARTESIAN_POINT('',(-9.404974164887083,-15.347522958373661,0.0));
#13074=VERTEX_POINT('',#13073);
#13075=CARTESIAN_POINT('',(-18.031814476369640,-1.364660732881986,0.0));
#13076=DIRECTION('',(0.0,0.0,-1.0));
#13077=DIRECTION('',(0.835464333914384,-0.549544672212363,0.0));
#13078=AXIS2_PLACEMENT_3D('',#13075,#13076,#13077);
#13079=CIRCLE('',#13078,16.429936389922588);
#13080=EDGE_CURVE('',#13065,#13074,#13079,.T.);
#13081=ORIENTED_EDGE('',*,*,#13080,.T.);
#13082=CARTESIAN_POINT('',(-11.690064869943303,-13.687307380800565,0.0));
#13083=VERTEX_POINT('',#13082);
#13084=CARTESIAN_POINT('',(0.0,0.0,0.0));
#13085=DIRECTION('',(0.0,0.0,-1.0));
#13086=DIRECTION('',(-1.0,0.0,0.0));
#13087=AXIS2_PLACEMENT_3D('',#13084,#13085,#13086);
#13088=CIRCLE('',#13087,18.0);
#13089=EDGE_CURVE('',#13074,#13083,#13088,.T.);
#13090=ORIENTED_EDGE('',*,*,#13089,.T.);
#13091=CARTESIAN_POINT('',(-8.554567113000346,-7.306290543714569,0.0));
#13092=VERTEX_POINT('',#13091);
#13093=CARTESIAN_POINT('',(4.274267630074889,-17.570978016393340,0.0));
#13094=DIRECTION('',(0.0,0.0,-1.0));
#13095=DIRECTION('',(-0.971661248171966,0.236377703688180,0.0));
#13096=AXIS2_PLACEMENT_3D('',#13093,#13094,#13095);
#13097=CIRCLE('',#13096,16.429936389922588);
#13098=EDGE_CURVE('',#13083,#13092,#13097,.T.);
#13099=ORIENTED_EDGE('',*,*,#13098,.T.);
#13100=CARTESIAN_POINT('',(-9.592201848983539,-5.878108853054424,0.0));
#13101=VERTEX_POINT('',#13100);
#13102=CARTESIAN_POINT('',(0.0,0.0,0.0));
#13103=DIRECTION('',(0.0,0.0,-1.0));
#13104=DIRECTION('',(-0.760405965600031,-0.649448048330184,0.0));
#13105=AXIS2_PLACEMENT_3D('',#13102,#13103,#13104);
#13106=CIRCLE('',#13105,11.249999999999998);
#13107=EDGE_CURVE('',#13092,#13101,#13106,.T.);
#13108=ORIENTED_EDGE('',*,*,#13107,.T.);
#13109=CARTESIAN_POINT('',(-16.629831585203164,-6.888301782571614,0.0));
#13110=VERTEX_POINT('',#13109);
#13111=CARTESIAN_POINT('',(-15.390171803969901,9.494800896826305,0.0));
#13112=DIRECTION('',(0.0,0.0,-1.0));
#13113=DIRECTION('',(0.352890590528554,-0.935664593279241,0.0));
#13114=AXIS2_PLACEMENT_3D('',#13111,#13112,#13113);
#13115=CIRCLE('',#13114,16.429936389922592);
#13116=EDGE_CURVE('',#13101,#13110,#13115,.T.);
#13117=ORIENTED_EDGE('',*,*,#13116,.T.);
#13118=CARTESIAN_POINT('',(-17.502658567158178,-4.202016549406309,0.0));
#13119=VERTEX_POINT('',#13118);
#13120=CARTESIAN_POINT('',(0.0,0.0,0.0));
#13121=DIRECTION('',(0.0,0.0,-1.0));
#13122=DIRECTION('',(-1.0,0.0,0.0));
#13123=AXIS2_PLACEMENT_3D('',#13120,#13121,#13122);
#13124=CIRCLE('',#13123,18.0);
#13125=EDGE_CURVE('',#13110,#13119,#13124,.T.);
#13126=ORIENTED_EDGE('',*,*,#13125,.T.);
#13127=CARTESIAN_POINT('',(-11.215320004497691,-0.882664826938262,0.0));
#13128=VERTEX_POINT('',#13127);
#13129=CARTESIAN_POINT('',(-6.870006595153937,-16.727571300359937,0.0));
#13130=DIRECTION('',(0.0,0.0,-1.000000000000000));
#13131=DIRECTION('',(-0.647151134348021,0.762361731274642,0.0));
#13132=AXIS2_PLACEMENT_3D('',#13129,#13130,#13131);
#13133=CIRCLE('',#13132,16.429936389922588);
#13134=EDGE_CURVE('',#13119,#13128,#13133,.T.);
#13135=ORIENTED_EDGE('',*,*,#13134,.T.);
#13136=CARTESIAN_POINT('',(-11.215320004497688,0.882664826938254,0.0));
#13137=VERTEX_POINT('',#13136);
#13138=CARTESIAN_POINT('',(0.0,0.0,0.0));
#13139=DIRECTION('',(0.0,0.0,-1.000000000000000));
#13140=DIRECTION('',(-0.996917333733128,-0.078459095727846,0.0));
#13141=AXIS2_PLACEMENT_3D('',#13138,#13139,#13140);
#13142=CIRCLE('',#13141,11.249999999999998);
#13143=EDGE_CURVE('',#13128,#13137,#13142,.T.);
#13144=ORIENTED_EDGE('',*,*,#13143,.T.);
#13145=CARTESIAN_POINT('',(-17.502658567158182,4.202016549406297,0.0));
#13146=VERTEX_POINT('',#13145);
#13147=CARTESIAN_POINT('',(-6.870006595153948,16.727571300359926,0.0));
#13148=DIRECTION('',(0.0,0.0,-1.0));
#13149=DIRECTION('',(-0.264475364129162,-0.964392441783296,0.0));
#13150=AXIS2_PLACEMENT_3D('',#13147,#13148,#13149);
#13151=CIRCLE('',#13150,16.429936389922592);
#13152=EDGE_CURVE('',#13137,#13146,#13151,.T.);
#13153=ORIENTED_EDGE('',*,*,#13152,.T.);
#13154=CARTESIAN_POINT('',(-16.629831585203167,6.888301782571610,0.0));
#13155=VERTEX_POINT('',#13154);
#13156=CARTESIAN_POINT('',(0.0,0.0,0.0));
#13157=DIRECTION('',(0.0,0.0,-1.0));
#13158=DIRECTION('',(-1.0,0.0,0.0));
#13159=AXIS2_PLACEMENT_3D('',#13156,#13157,#13158);
#13160=CIRCLE('',#13159,18.0);
#13161=EDGE_CURVE('',#13146,#13155,#13160,.T.);
#13162=ORIENTED_EDGE('',*,*,#13161,.T.);
#13163=CARTESIAN_POINT('',(-9.592201848983539,5.878108853054421,0.0));
#13164=VERTEX_POINT('',#13163);
#13165=CARTESIAN_POINT('',(-15.390171803969901,-9.494800896826314,0.0));
#13166=DIRECTION('',(0.0,0.0,-1.000000000000000));
#13167=DIRECTION('',(-0.075451283061182,0.997149489236404,0.0));
#13168=AXIS2_PLACEMENT_3D('',#13165,#13166,#13167);
#13169=CIRCLE('',#13168,16.429936389922588);
#13170=EDGE_CURVE('',#13155,#13164,#13169,.T.);
#13171=ORIENTED_EDGE('',*,*,#13170,.T.);
#13172=CARTESIAN_POINT('',(0.0,0.0,0.0));
#13173=DIRECTION('',(0.0,0.0,-1.000000000000000));
#13174=DIRECTION('',(-0.852640164354093,0.522498564715949,0.0));
#13175=AXIS2_PLACEMENT_3D('',#13172,#13173,#13174);
#13176=CIRCLE('',#13175,11.249999999999998);
#13177=EDGE_CURVE('',#13164,#12820,#13176,.T.);
#13178=ORIENTED_EDGE('',*,*,#13177,.T.);
#13179=EDGE_LOOP('',(#12829,#12838,#12847,#12856,#12865,#12874,#12883,#12892,#12901,#12910,#12919,#12928,#12937,#12946,#12955,#12964,#12973,#12982,#12991,#13000,#13009,#13018,#13027,#13036,#13045,#13054,#13063,#13072,#13081,#13090,#13099,#13108,#13117,#13126,#13135,#13144,#13153,#13162,#13171,#13178));
#13180=FACE_OUTER_BOUND('',#13179,.T.);
#13181=CARTESIAN_POINT('',(0.0,7.999999999999999,0.0));
#13182=VERTEX_POINT('',#13181);
#13183=CARTESIAN_POINT('',(0.0,0.0,0.0));
#13184=DIRECTION('',(0.0,0.0,1.0));
#13185=DIRECTION('',(0.0,1.0,0.0));
#13186=AXIS2_PLACEMENT_3D('',#13183,#13184,#13185);
#13187=CIRCLE('',#13186,7.999999999999998);
#13188=EDGE_CURVE('',#13182,#13182,#13187,.T.);
#13189=ORIENTED_EDGE('',*,*,#13188,.T.);
#13190=EDGE_LOOP('',(#13189));
#13191=FACE_BOUND('',#13190,.T.);
#13192=ADVANCED_FACE('',(#13180,#13191),#12818,.T.);
#13193=CARTESIAN_POINT('',(0.0,0.0,0.0));
#13194=DIRECTION('',(0.0,0.0,1.0));
#13195=DIRECTION('',(-1.0,0.0,0.0));
#13196=AXIS2_PLACEMENT_3D('',#13193,#13194,#13195);
#13197=CYLINDRICAL_SURFACE('',#13196,18.0);
#13198=CARTESIAN_POINT('',(-11.690064869943306,13.687307380800560,42.0));
#13199=VERTEX_POINT('',#13198);
#13200=CARTESIAN_POINT('',(-11.690064869943306,13.687307380800560,0.0));
#13201=DIRECTION('',(0.0,0.0,1.0));
#13202=VECTOR('',#13201,42.0);
#13203=LINE('',#13200,#13202);
#13204=EDGE_CURVE('',#12822,#13199,#13203,.T.);
#13205=ORIENTED_EDGE('',*,*,#13204,.T.);
#13206=CARTESIAN_POINT('',(-9.404974164887086,15.347522958373659,42.0));
#13207=VERTEX_POINT('',#13206);
#13208=CARTESIAN_POINT('',(0.0,0.0,42.0));
#13209=DIRECTION('',(0.0,0.0,-1.0));
#13210=DIRECTION('',(-1.0,0.0,0.0));
#13211=AXIS2_PLACEMENT_3D('',#13208,#13209,#13210);
#13212=CIRCLE('',#13211,18.0);
#13213=EDGE_CURVE('',#13199,#13207,#13212,.T.);
#13214=ORIENTED_EDGE('',*,*,#13213,.T.);
#13215=CARTESIAN_POINT('',(-9.404974164887086,15.347522958373659,42.0));
#13216=DIRECTION('',(0.0,0.0,-1.0));
#13217=VECTOR('',#13216,42.0);
#13218=LINE('',#13215,#13217);
#13219=EDGE_CURVE('',#13207,#12831,#13218,.T.);
#13220=ORIENTED_EDGE('',*,*,#13219,.T.);
#13221=ORIENTED_EDGE('',*,*,#12837,.F.);
#13222=EDGE_LOOP('',(#13205,#13214,#13220,#13221));
#13223=FACE_OUTER_BOUND('',#13222,.T.);
#13224=ADVANCED_FACE('',(#13223),#13197,.T.);
#13225=CARTESIAN_POINT('',(13.785916897628567,11.702868345741692,0.0));
#13226=DIRECTION('',(0.0,0.0,1.0));
#13227=DIRECTION('',(-0.998919098133211,-0.046482635303217,0.0));
#13228=AXIS2_PLACEMENT_3D('',#13225,#13226,#13227);
#13229=CYLINDRICAL_SURFACE('',#13228,16.429936389922588);
#13230=CARTESIAN_POINT('',(-1.412263723101205,17.944512007196305,42.0));
#13231=VERTEX_POINT('',#13230);
#13232=CARTESIAN_POINT('',(-2.626260343378934,10.939161604473862,42.0));
#13233=VERTEX_POINT('',#13232);
#13234=CARTESIAN_POINT('',(13.785916897628567,11.702868345741692,42.0));
#13235=DIRECTION('',(0.0,0.0,1.000000000000000));
#13236=DIRECTION('',(-0.998919098133211,-0.046482635303217,0.0));
#13237=AXIS2_PLACEMENT_3D('',#13234,#13235,#13236);
#13238=CIRCLE('',#13237,16.429936389922588);
#13239=EDGE_CURVE('',#13231,#13233,#13238,.T.);
#13240=ORIENTED_EDGE('',*,*,#13239,.F.);
#13241=CARTESIAN_POINT('',(-1.412263723101205,17.944512007196305,0.0));
#13242=DIRECTION('',(0.0,0.0,1.0));
#13243=VECTOR('',#13242,42.0);
#13244=LINE('',#13241,#13243);
#13245=EDGE_CURVE('',#12858,#13231,#13244,.T.);
#13246=ORIENTED_EDGE('',*,*,#13245,.F.);
#13247=ORIENTED_EDGE('',*,*,#12864,.F.);
#13248=CARTESIAN_POINT('',(-2.626260343378934,10.939161604473862,0.0));
#13249=DIRECTION('',(0.0,0.0,1.0));
#13250=VECTOR('',#13249,42.0);
#13251=LINE('',#13248,#13250);
#13252=EDGE_CURVE('',#12849,#13233,#13251,.T.);
#13253=ORIENTED_EDGE('',*,*,#13252,.T.);
#13254=EDGE_LOOP('',(#13240,#13246,#13247,#13253));
#13255=FACE_OUTER_BOUND('',#13254,.T.);
#13256=ADVANCED_FACE('',(#13255),#13229,.T.);
#13257=CARTESIAN_POINT('',(-18.031814476369647,1.364660732881979,0.0));
#13258=DIRECTION('',(0.0,0.0,1.0));
#13259=DIRECTION('',(0.525068393860240,0.851060034174457,0.0));
#13260=AXIS2_PLACEMENT_3D('',#13257,#13258,#13259);
#13261=CYLINDRICAL_SURFACE('',#13260,16.429936389922588);
#13262=CARTESIAN_POINT('',(-4.305188614107262,10.393644740751975,42.0));
#13263=VERTEX_POINT('',#13262);
#13264=CARTESIAN_POINT('',(-18.031814476369647,1.364660732881979,42.0));
#13265=DIRECTION('',(0.0,0.0,1.0));
#13266=DIRECTION('',(0.525068393860240,0.851060034174457,0.0));
#13267=AXIS2_PLACEMENT_3D('',#13264,#13265,#13266);
#13268=CIRCLE('',#13267,16.429936389922588);
#13269=EDGE_CURVE('',#13263,#13207,#13268,.T.);
#13270=ORIENTED_EDGE('',*,*,#13269,.F.);
#13271=CARTESIAN_POINT('',(-4.305188614107262,10.393644740751975,0.0));
#13272=DIRECTION('',(0.0,0.0,1.0));
#13273=VECTOR('',#13272,42.0);
#13274=LINE('',#13271,#13273);
#13275=EDGE_CURVE('',#12840,#13263,#13274,.T.);
#13276=ORIENTED_EDGE('',*,*,#13275,.F.);
#13277=ORIENTED_EDGE('',*,*,#12846,.F.);
#13278=ORIENTED_EDGE('',*,*,#13219,.F.);
#13279=EDGE_LOOP('',(#13270,#13276,#13277,#13278));
#13280=FACE_OUTER_BOUND('',#13279,.T.);
#13281=ADVANCED_FACE('',(#13280),#13261,.T.);
#13282=CARTESIAN_POINT('',(0.0,0.0,0.0));
#13283=DIRECTION('',(0.0,0.0,1.0));
#13284=DIRECTION('',(-0.382683432365090,0.923879532511287,0.0));
#13285=AXIS2_PLACEMENT_3D('',#13282,#13283,#13284);
#13286=CYLINDRICAL_SURFACE('',#13285,11.249999999999998);
#13287=CARTESIAN_POINT('',(0.0,0.0,42.0));
#13288=DIRECTION('',(0.0,0.0,1.000000000000000));
#13289=DIRECTION('',(-0.382683432365090,0.923879532511287,0.0));
#13290=AXIS2_PLACEMENT_3D('',#13287,#13288,#13289);
#13291=CIRCLE('',#13290,11.249999999999998);
#13292=EDGE_CURVE('',#13233,#13263,#13291,.T.);
#13293=ORIENTED_EDGE('',*,*,#13292,.F.);
#13294=ORIENTED_EDGE('',*,*,#13252,.F.);
#13295=ORIENTED_EDGE('',*,*,#12855,.F.);
#13296=ORIENTED_EDGE('',*,*,#13275,.T.);
#13297=EDGE_LOOP('',(#13293,#13294,#13295,#13296));
#13298=FACE_OUTER_BOUND('',#13297,.T.);
#13299=ADVANCED_FACE('',(#13298),#13286,.T.);
#13300=CARTESIAN_POINT('',(0.0,0.0,0.0));
#13301=DIRECTION('',(0.0,0.0,1.0));
#13302=DIRECTION('',(-1.0,0.0,0.0));
#13303=AXIS2_PLACEMENT_3D('',#13300,#13301,#13302);
#13304=CYLINDRICAL_SURFACE('',#13303,18.0);
#13305=CARTESIAN_POINT('',(-16.629831585203167,6.888301782571610,42.0));
#13306=VERTEX_POINT('',#13305);
#13307=CARTESIAN_POINT('',(-16.629831585203167,6.888301782571610,42.0));
#13308=DIRECTION('',(0.0,0.0,-1.0));
#13309=VECTOR('',#13308,42.0);
#13310=LINE('',#13307,#13309);
#13311=EDGE_CURVE('',#13306,#13155,#13310,.T.);
#13312=ORIENTED_EDGE('',*,*,#13311,.T.);
#13313=ORIENTED_EDGE('',*,*,#13161,.F.);
#13314=CARTESIAN_POINT('',(-17.502658567158182,4.202016549406297,42.000000000000014));
#13315=VERTEX_POINT('',#13314);
#13316=CARTESIAN_POINT('',(-17.502658567158182,4.202016549406297,0.0));
#13317=DIRECTION('',(0.0,0.0,1.0));
#13318=VECTOR('',#13317,42.000000000000014);
#13319=LINE('',#13316,#13318);
#13320=EDGE_CURVE('',#13146,#13315,#13319,.T.);
#13321=ORIENTED_EDGE('',*,*,#13320,.T.);
#13322=CARTESIAN_POINT('',(0.0,0.0,42.0));
#13323=DIRECTION('',(0.0,0.0,-1.0));
#13324=DIRECTION('',(-1.0,0.0,0.0));
#13325=AXIS2_PLACEMENT_3D('',#13322,#13323,#13324);
#13326=CIRCLE('',#13325,18.0);
#13327=EDGE_CURVE('',#13315,#13306,#13326,.T.);
#13328=ORIENTED_EDGE('',*,*,#13327,.T.);
#13329=EDGE_LOOP('',(#13312,#13313,#13321,#13328));
#13330=FACE_OUTER_BOUND('',#13329,.T.);
#13331=ADVANCED_FACE('',(#13330),#13304,.T.);
#13332=CARTESIAN_POINT('',(0.0,0.0,0.0));
#13333=DIRECTION('',(0.0,0.0,1.0));
#13334=DIRECTION('',(-1.0,0.0,0.0));
#13335=AXIS2_PLACEMENT_3D('',#13332,#13333,#13334);
#13336=CYLINDRICAL_SURFACE('',#13335,18.0);
#13337=CARTESIAN_POINT('',(-17.502658567158178,-4.202016549406309,42.000000000000014));
#13338=VERTEX_POINT('',#13337);
#13339=CARTESIAN_POINT('',(-17.502658567158178,-4.202016549406309,42.000000000000014));
#13340=DIRECTION('',(0.0,0.0,-1.0));
#13341=VECTOR('',#13340,42.000000000000014);
#13342=LINE('',#13339,#13341);
#13343=EDGE_CURVE('',#13338,#13119,#13342,.T.);
#13344=ORIENTED_EDGE('',*,*,#13343,.T.);
#13345=ORIENTED_EDGE('',*,*,#13125,.F.);
#13346=CARTESIAN_POINT('',(-16.629831585203164,-6.888301782571614,42.000000000000014));
#13347=VERTEX_POINT('',#13346);
#13348=CARTESIAN_POINT('',(-16.629831585203164,-6.888301782571614,0.0));
#13349=DIRECTION('',(0.0,0.0,1.0));
#13350=VECTOR('',#13349,42.000000000000014);
#13351=LINE('',#13348,#13350);
#13352=EDGE_CURVE('',#13110,#13347,#13351,.T.);
#13353=ORIENTED_EDGE('',*,*,#13352,.T.);
#13354=CARTESIAN_POINT('',(0.0,0.0,42.0));
#13355=DIRECTION('',(0.0,0.0,-1.0));
#13356=DIRECTION('',(-1.0,0.0,0.0));
#13357=AXIS2_PLACEMENT_3D('',#13354,#13355,#13356);
#13358=CIRCLE('',#13357,18.0);
#13359=EDGE_CURVE('',#13347,#13338,#13358,.T.);
#13360=ORIENTED_EDGE('',*,*,#13359,.T.);
#13361=EDGE_LOOP('',(#13344,#13345,#13353,#13360));
#13362=FACE_OUTER_BOUND('',#13361,.T.);
#13363=ADVANCED_FACE('',(#13362),#13336,.T.);
#13364=CARTESIAN_POINT('',(0.0,0.0,0.0));
#13365=DIRECTION('',(0.0,0.0,1.0));
#13366=DIRECTION('',(-1.0,0.0,0.0));
#13367=AXIS2_PLACEMENT_3D('',#13364,#13365,#13366);
#13368=CYLINDRICAL_SURFACE('',#13367,18.0);
#13369=CARTESIAN_POINT('',(-11.690064869943303,-13.687307380800565,42.000000000000014));
#13370=VERTEX_POINT('',#13369);
#13371=CARTESIAN_POINT('',(-11.690064869943303,-13.687307380800565,42.000000000000014));
#13372=DIRECTION('',(0.0,0.0,-1.0));
#13373=VECTOR('',#13372,42.000000000000014);
#13374=LINE('',#13371,#13373);
#13375=EDGE_CURVE('',#13370,#13083,#13374,.T.);
#13376=ORIENTED_EDGE('',*,*,#13375,.T.);
#13377=ORIENTED_EDGE('',*,*,#13089,.F.);
#13378=CARTESIAN_POINT('',(-9.404974164887083,-15.347522958373661,42.0));
#13379=VERTEX_POINT('',#13378);
#13380=CARTESIAN_POINT('',(-9.404974164887083,-15.347522958373661,0.0));
#13381=DIRECTION('',(0.0,0.0,1.0));
#13382=VECTOR('',#13381,42.0);
#13383=LINE('',#13380,#13382);
#13384=EDGE_CURVE('',#13074,#13379,#13383,.T.);
#13385=ORIENTED_EDGE('',*,*,#13384,.T.);
#13386=CARTESIAN_POINT('',(0.0,0.0,42.0));
#13387=DIRECTION('',(0.0,0.0,-1.0));
#13388=DIRECTION('',(-1.0,0.0,0.0));
#13389=AXIS2_PLACEMENT_3D('',#13386,#13387,#13388);
#13390=CIRCLE('',#13389,18.0);
#13391=EDGE_CURVE('',#13379,#13370,#13390,.T.);
#13392=ORIENTED_EDGE('',*,*,#13391,.T.);
#13393=EDGE_LOOP('',(#13376,#13377,#13385,#13392));
#13394=FACE_OUTER_BOUND('',#13393,.T.);
#13395=ADVANCED_FACE('',(#13394),#13368,.T.);
#13396=CARTESIAN_POINT('',(0.0,0.0,0.0));
#13397=DIRECTION('',(0.0,0.0,1.0));
#13398=DIRECTION('',(-1.0,0.0,0.0));
#13399=AXIS2_PLACEMENT_3D('',#13396,#13397,#13398);
#13400=CYLINDRICAL_SURFACE('',#13399,18.0);
#13401=CARTESIAN_POINT('',(-1.412263723101201,-17.944512007196305,42.0));
#13402=VERTEX_POINT('',#13401);
#13403=CARTESIAN_POINT('',(-1.412263723101201,-17.944512007196305,42.0));
#13404=DIRECTION('',(0.0,0.0,-1.0));
#13405=VECTOR('',#13404,42.0);
#13406=LINE('',#13403,#13405);
#13407=EDGE_CURVE('',#13402,#13047,#13406,.T.);
#13408=ORIENTED_EDGE('',*,*,#13407,.T.);
#13409=ORIENTED_EDGE('',*,*,#13053,.F.);
#13410=CARTESIAN_POINT('',(1.412263723101207,-17.944512007196305,42.0));
#13411=VERTEX_POINT('',#13410);
#13412=CARTESIAN_POINT('',(1.412263723101207,-17.944512007196305,0.0));
#13413=DIRECTION('',(0.0,0.0,1.0));
#13414=VECTOR('',#13413,42.0);
#13415=LINE('',#13412,#13414);
#13416=EDGE_CURVE('',#13038,#13411,#13415,.T.);
#13417=ORIENTED_EDGE('',*,*,#13416,.T.);
#13418=CARTESIAN_POINT('',(0.0,0.0,42.0));
#13419=DIRECTION('',(0.0,0.0,-1.0));
#13420=DIRECTION('',(-1.0,0.0,0.0));
#13421=AXIS2_PLACEMENT_3D('',#13418,#13419,#13420);
#13422=CIRCLE('',#13421,18.0);
#13423=EDGE_CURVE('',#13411,#13402,#13422,.T.);
#13424=ORIENTED_EDGE('',*,*,#13423,.T.);
#13425=EDGE_LOOP('',(#13408,#13409,#13417,#13424));
#13426=FACE_OUTER_BOUND('',#13425,.T.);
#13427=ADVANCED_FACE('',(#13426),#13400,.T.);
#13428=CARTESIAN_POINT('',(0.0,0.0,0.0));
#13429=DIRECTION('',(0.0,0.0,1.0));
#13430=DIRECTION('',(-1.0,0.0,0.0));
#13431=AXIS2_PLACEMENT_3D('',#13428,#13429,#13430);
#13432=CYLINDRICAL_SURFACE('',#13431,18.0);
#13433=CARTESIAN_POINT('',(9.404974164887088,-15.347522958373656,42.0));
#13434=VERTEX_POINT('',#13433);
#13435=CARTESIAN_POINT('',(9.404974164887088,-15.347522958373656,42.0));
#13436=DIRECTION('',(0.0,0.0,-1.0));
#13437=VECTOR('',#13436,42.0);
#13438=LINE('',#13435,#13437);
#13439=EDGE_CURVE('',#13434,#13011,#13438,.T.);
#13440=ORIENTED_EDGE('',*,*,#13439,.T.);
#13441=ORIENTED_EDGE('',*,*,#13017,.F.);
#13442=CARTESIAN_POINT('',(11.690064869943306,-13.687307380800560,42.000000000000014));
#13443=VERTEX_POINT('',#13442);
#13444=CARTESIAN_POINT('',(11.690064869943306,-13.687307380800560,0.0));
#13445=DIRECTION('',(0.0,0.0,1.0));
#13446=VECTOR('',#13445,42.000000000000014);
#13447=LINE('',#13444,#13446);
#13448=EDGE_CURVE('',#13002,#13443,#13447,.T.);
#13449=ORIENTED_EDGE('',*,*,#13448,.T.);
#13450=CARTESIAN_POINT('',(0.0,0.0,42.0));
#13451=DIRECTION('',(0.0,0.0,-1.0));
#13452=DIRECTION('',(-1.0,0.0,0.0));
#13453=AXIS2_PLACEMENT_3D('',#13450,#13451,#13452);
#13454=CIRCLE('',#13453,18.0);
#13455=EDGE_CURVE('',#13443,#13434,#13454,.T.);
#13456=ORIENTED_EDGE('',*,*,#13455,.T.);
#13457=EDGE_LOOP('',(#13440,#13441,#13449,#13456));
#13458=FACE_OUTER_BOUND('',#13457,.T.);
#13459=ADVANCED_FACE('',(#13458),#13432,.T.);
#13460=CARTESIAN_POINT('',(0.0,0.0,0.0));
#13461=DIRECTION('',(0.0,0.0,1.0));
#13462=DIRECTION('',(-1.0,0.0,0.0));
#13463=AXIS2_PLACEMENT_3D('',#13460,#13461,#13462);
#13464=CYLINDRICAL_SURFACE('',#13463,18.0);
#13465=CARTESIAN_POINT('',(16.629831585203167,-6.888301782571610,42.000000000000014));
#13466=VERTEX_POINT('',#13465);
#13467=CARTESIAN_POINT('',(16.629831585203167,-6.888301782571610,42.000000000000014));
#13468=DIRECTION('',(0.0,0.0,-1.0));
#13469=VECTOR('',#13468,42.000000000000014);
#13470=LINE('',#13467,#13469);
#13471=EDGE_CURVE('',#13466,#12975,#13470,.T.);
#13472=ORIENTED_EDGE('',*,*,#13471,.T.);
#13473=ORIENTED_EDGE('',*,*,#12981,.F.);
#13474=CARTESIAN_POINT('',(17.502658567158178,-4.202016549406302,42.000000000000014));
#13475=VERTEX_POINT('',#13474);
#13476=CARTESIAN_POINT('',(17.502658567158178,-4.202016549406302,0.0));
#13477=DIRECTION('',(0.0,0.0,1.0));
#13478=VECTOR('',#13477,42.000000000000014);
#13479=LINE('',#13476,#13478);
#13480=EDGE_CURVE('',#12966,#13475,#13479,.T.);
#13481=ORIENTED_EDGE('',*,*,#13480,.T.);
#13482=CARTESIAN_POINT('',(0.0,0.0,42.0));
#13483=DIRECTION('',(0.0,0.0,-1.0));
#13484=DIRECTION('',(-1.0,0.0,0.0));
#13485=AXIS2_PLACEMENT_3D('',#13482,#13483,#13484);
#13486=CIRCLE('',#13485,18.0);
#13487=EDGE_CURVE('',#13475,#13466,#13486,.T.);
#13488=ORIENTED_EDGE('',*,*,#13487,.T.);
#13489=EDGE_LOOP('',(#13472,#13473,#13481,#13488));
#13490=FACE_OUTER_BOUND('',#13489,.T.);
#13491=ADVANCED_FACE('',(#13490),#13464,.T.);
#13492=CARTESIAN_POINT('',(0.0,0.0,0.0));
#13493=DIRECTION('',(0.0,0.0,1.0));
#13494=DIRECTION('',(-1.0,0.0,0.0));
#13495=AXIS2_PLACEMENT_3D('',#13492,#13493,#13494);
#13496=CYLINDRICAL_SURFACE('',#13495,18.0);
#13497=CARTESIAN_POINT('',(17.502658567158178,4.202016549406303,42.000000000000014));
#13498=VERTEX_POINT('',#13497);
#13499=CARTESIAN_POINT('',(17.502658567158178,4.202016549406303,42.000000000000014));
#13500=DIRECTION('',(0.0,0.0,-1.0));
#13501=VECTOR('',#13500,42.000000000000014);
#13502=LINE('',#13499,#13501);
#13503=EDGE_CURVE('',#13498,#12939,#13502,.T.);
#13504=ORIENTED_EDGE('',*,*,#13503,.T.);
#13505=ORIENTED_EDGE('',*,*,#12945,.F.);
#13506=CARTESIAN_POINT('',(16.629831585203164,6.888301782571613,42.000000000000014));
#13507=VERTEX_POINT('',#13506);
#13508=CARTESIAN_POINT('',(16.629831585203164,6.888301782571613,0.0));
#13509=DIRECTION('',(0.0,0.0,1.0));
#13510=VECTOR('',#13509,42.000000000000014);
#13511=LINE('',#13508,#13510);
#13512=EDGE_CURVE('',#12930,#13507,#13511,.T.);
#13513=ORIENTED_EDGE('',*,*,#13512,.T.);
#13514=CARTESIAN_POINT('',(0.0,0.0,42.0));
#13515=DIRECTION('',(0.0,0.0,-1.0));
#13516=DIRECTION('',(-1.0,0.0,0.0));
#13517=AXIS2_PLACEMENT_3D('',#13514,#13515,#13516);
#13518=CIRCLE('',#13517,18.0);
#13519=EDGE_CURVE('',#13507,#13498,#13518,.T.);
#13520=ORIENTED_EDGE('',*,*,#13519,.T.);
#13521=EDGE_LOOP('',(#13504,#13505,#13513,#13520));
#13522=FACE_OUTER_BOUND('',#13521,.T.);
#13523=ADVANCED_FACE('',(#13522),#13496,.T.);
#13524=CARTESIAN_POINT('',(0.0,0.0,0.0));
#13525=DIRECTION('',(0.0,0.0,1.0));
#13526=DIRECTION('',(-1.0,0.0,0.0));
#13527=AXIS2_PLACEMENT_3D('',#13524,#13525,#13526);
#13528=CYLINDRICAL_SURFACE('',#13527,18.0);
#13529=CARTESIAN_POINT('',(11.690064869943303,13.687307380800565,42.000000000000014));
#13530=VERTEX_POINT('',#13529);
#13531=CARTESIAN_POINT('',(11.690064869943303,13.687307380800565,42.000000000000014));
#13532=DIRECTION('',(0.0,0.0,-1.0));
#13533=VECTOR('',#13532,42.000000000000014);
#13534=LINE('',#13531,#13533);
#13535=EDGE_CURVE('',#13530,#12903,#13534,.T.);
#13536=ORIENTED_EDGE('',*,*,#13535,.T.);
#13537=ORIENTED_EDGE('',*,*,#12909,.F.);
#13538=CARTESIAN_POINT('',(9.404974164887083,15.347522958373661,42.000000000000014));
#13539=VERTEX_POINT('',#13538);
#13540=CARTESIAN_POINT('',(9.404974164887083,15.347522958373661,0.0));
#13541=DIRECTION('',(0.0,0.0,1.0));
#13542=VECTOR('',#13541,42.000000000000014);
#13543=LINE('',#13540,#13542);
#13544=EDGE_CURVE('',#12894,#13539,#13543,.T.);
#13545=ORIENTED_EDGE('',*,*,#13544,.T.);
#13546=CARTESIAN_POINT('',(0.0,0.0,42.0));
#13547=DIRECTION('',(0.0,0.0,-1.0));
#13548=DIRECTION('',(-1.0,0.0,0.0));
#13549=AXIS2_PLACEMENT_3D('',#13546,#13547,#13548);
#13550=CIRCLE('',#13549,18.0);
#13551=EDGE_CURVE('',#13539,#13530,#13550,.T.);
#13552=ORIENTED_EDGE('',*,*,#13551,.T.);
#13553=EDGE_LOOP('',(#13536,#13537,#13545,#13552));
#13554=FACE_OUTER_BOUND('',#13553,.T.);
#13555=ADVANCED_FACE('',(#13554),#13528,.T.);
#13556=CARTESIAN_POINT('',(0.0,0.0,0.0));
#13557=DIRECTION('',(0.0,0.0,1.0));
#13558=DIRECTION('',(-1.0,0.0,0.0));
#13559=AXIS2_PLACEMENT_3D('',#13556,#13557,#13558);
#13560=CYLINDRICAL_SURFACE('',#13559,18.0);
#13561=CARTESIAN_POINT('',(1.412263723101203,17.944512007196309,42.000000000000014));
#13562=VERTEX_POINT('',#13561);
#13563=CARTESIAN_POINT('',(1.412263723101203,17.944512007196309,42.000000000000014));
#13564=DIRECTION('',(0.0,0.0,-1.0));
#13565=VECTOR('',#13564,42.000000000000014);
#13566=LINE('',#13563,#13565);
#13567=EDGE_CURVE('',#13562,#12867,#13566,.T.);
#13568=ORIENTED_EDGE('',*,*,#13567,.T.);
#13569=ORIENTED_EDGE('',*,*,#12873,.F.);
#13570=ORIENTED_EDGE('',*,*,#13245,.T.);
#13571=CARTESIAN_POINT('',(0.0,0.0,42.0));
#13572=DIRECTION('',(0.0,0.0,-1.0));
#13573=DIRECTION('',(-1.0,0.0,0.0));
#13574=AXIS2_PLACEMENT_3D('',#13571,#13572,#13573);
#13575=CIRCLE('',#13574,18.0);
#13576=EDGE_CURVE('',#13231,#13562,#13575,.T.);
#13577=ORIENTED_EDGE('',*,*,#13576,.T.);
#13578=EDGE_LOOP('',(#13568,#13569,#13570,#13577));
#13579=FACE_OUTER_BOUND('',#13578,.T.);
#13580=ADVANCED_FACE('',(#13579),#13560,.T.);
#13581=CARTESIAN_POINT('',(0.0,0.0,42.0));
#13582=DIRECTION('',(0.0,0.0,-1.0));
#13583=DIRECTION('',(-1.0,0.0,0.0));
#13584=AXIS2_PLACEMENT_3D('',#13581,#13582,#13583);
#13585=PLANE('',#13584);
#13586=CARTESIAN_POINT('',(-8.554567113000347,7.306290543714566,42.0));
#13587=VERTEX_POINT('',#13586);
#13588=CARTESIAN_POINT('',(4.274267630074881,17.570978016393333,42.0));
#13589=DIRECTION('',(0.0,0.0,1.000000000000000));
#13590=DIRECTION('',(-0.780820718876543,-0.624755156019635,0.0));
#13591=AXIS2_PLACEMENT_3D('',#13588,#13589,#13590);
#13592=CIRCLE('',#13591,16.429936389922588);
#13593=EDGE_CURVE('',#13199,#13587,#13592,.T.);
#13594=ORIENTED_EDGE('',*,*,#13593,.T.);
#13595=CARTESIAN_POINT('',(-9.592201848983539,5.878108853054421,42.0));
#13596=VERTEX_POINT('',#13595);
#13597=CARTESIAN_POINT('',(0.0,0.0,42.0));
#13598=DIRECTION('',(0.0,0.0,1.000000000000000));
#13599=DIRECTION('',(-0.852640164354093,0.522498564715949,0.0));
#13600=AXIS2_PLACEMENT_3D('',#13597,#13598,#13599);
#13601=CIRCLE('',#13600,11.249999999999998);
#13602=EDGE_CURVE('',#13587,#13596,#13601,.T.);
#13603=ORIENTED_EDGE('',*,*,#13602,.T.);
#13604=CARTESIAN_POINT('',(-15.390171803969901,-9.494800896826314,42.0));
#13605=DIRECTION('',(0.0,0.0,1.000000000000000));
#13606=DIRECTION('',(-0.075451283061182,0.997149489236404,0.0));
#13607=AXIS2_PLACEMENT_3D('',#13604,#13605,#13606);
#13608=CIRCLE('',#13607,16.429936389922588);
#13609=EDGE_CURVE('',#13596,#13306,#13608,.T.);
#13610=ORIENTED_EDGE('',*,*,#13609,.T.);
#13611=ORIENTED_EDGE('',*,*,#13327,.F.);
#13612=CARTESIAN_POINT('',(-11.215320004497688,0.882664826938254,42.000000000000014));
#13613=VERTEX_POINT('',#13612);
#13614=CARTESIAN_POINT('',(-6.870006595153948,16.727571300359926,42.000000000000021));
#13615=DIRECTION('',(0.0,0.0,1.0));
#13616=DIRECTION('',(-0.264475364129162,-0.964392441783296,0.0));
#13617=AXIS2_PLACEMENT_3D('',#13614,#13615,#13616);
#13618=CIRCLE('',#13617,16.429936389922592);
#13619=EDGE_CURVE('',#13315,#13613,#13618,.T.);
#13620=ORIENTED_EDGE('',*,*,#13619,.T.);
#13621=CARTESIAN_POINT('',(-11.215320004497691,-0.882664826938262,42.000000000000014));
#13622=VERTEX_POINT('',#13621);
#13623=CARTESIAN_POINT('',(0.0,0.0,42.000000000000021));
#13624=DIRECTION('',(0.0,0.0,1.000000000000000));
#13625=DIRECTION('',(-0.996917333733128,-0.078459095727846,0.0));
#13626=AXIS2_PLACEMENT_3D('',#13623,#13624,#13625);
#13627=CIRCLE('',#13626,11.249999999999998);
#13628=EDGE_CURVE('',#13613,#13622,#13627,.T.);
#13629=ORIENTED_EDGE('',*,*,#13628,.T.);
#13630=CARTESIAN_POINT('',(-6.870006595153937,-16.727571300359937,42.000000000000021));
#13631=DIRECTION('',(0.0,0.0,1.000000000000000));
#13632=DIRECTION('',(-0.647151134348021,0.762361731274642,0.0));
#13633=AXIS2_PLACEMENT_3D('',#13630,#13631,#13632);
#13634=CIRCLE('',#13633,16.429936389922588);
#13635=EDGE_CURVE('',#13622,#13338,#13634,.T.);
#13636=ORIENTED_EDGE('',*,*,#13635,.T.);
#13637=ORIENTED_EDGE('',*,*,#13359,.F.);
#13638=CARTESIAN_POINT('',(-9.592201848983539,-5.878108853054424,42.000000000000014));
#13639=VERTEX_POINT('',#13638);
#13640=CARTESIAN_POINT('',(-15.390171803969901,9.494800896826305,42.000000000000021));
#13641=DIRECTION('',(0.0,0.0,1.0));
#13642=DIRECTION('',(0.352890590528554,-0.935664593279241,0.0));
#13643=AXIS2_PLACEMENT_3D('',#13640,#13641,#13642);
#13644=CIRCLE('',#13643,16.429936389922592);
#13645=EDGE_CURVE('',#13347,#13639,#13644,.T.);
#13646=ORIENTED_EDGE('',*,*,#13645,.T.);
#13647=CARTESIAN_POINT('',(-8.554567113000346,-7.306290543714569,42.000000000000014));
#13648=VERTEX_POINT('',#13647);
#13649=CARTESIAN_POINT('',(0.0,0.0,42.000000000000021));
#13650=DIRECTION('',(0.0,0.0,1.0));
#13651=DIRECTION('',(-0.760405965600031,-0.649448048330184,0.0));
#13652=AXIS2_PLACEMENT_3D('',#13649,#13650,#13651);
#13653=CIRCLE('',#13652,11.249999999999998);
#13654=EDGE_CURVE('',#13639,#13648,#13653,.T.);
#13655=ORIENTED_EDGE('',*,*,#13654,.T.);
#13656=CARTESIAN_POINT('',(4.274267630074889,-17.570978016393340,42.000000000000021));
#13657=DIRECTION('',(0.0,0.0,1.0));
#13658=DIRECTION('',(-0.971661248171966,0.236377703688180,0.0));
#13659=AXIS2_PLACEMENT_3D('',#13656,#13657,#13658);
#13660=CIRCLE('',#13659,16.429936389922588);
#13661=EDGE_CURVE('',#13648,#13370,#13660,.T.);
#13662=ORIENTED_EDGE('',*,*,#13661,.T.);
#13663=ORIENTED_EDGE('',*,*,#13391,.F.);
#13664=CARTESIAN_POINT('',(-4.305188614107260,-10.393644740751975,42.0));
#13665=VERTEX_POINT('',#13664);
#13666=CARTESIAN_POINT('',(-18.031814476369640,-1.364660732881986,42.0));
#13667=DIRECTION('',(0.0,0.0,1.0));
#13668=DIRECTION('',(0.835464333914384,-0.549544672212363,0.0));
#13669=AXIS2_PLACEMENT_3D('',#13666,#13667,#13668);
#13670=CIRCLE('',#13669,16.429936389922588);
#13671=EDGE_CURVE('',#13379,#13665,#13670,.T.);
#13672=ORIENTED_EDGE('',*,*,#13671,.T.);
#13673=CARTESIAN_POINT('',(-2.626260343378932,-10.939161604473863,42.0));
#13674=VERTEX_POINT('',#13673);
#13675=CARTESIAN_POINT('',(0.0,0.0,42.0));
#13676=DIRECTION('',(0.0,0.0,1.0));
#13677=DIRECTION('',(-0.233445363855905,-0.972369920397677,0.0));
#13678=AXIS2_PLACEMENT_3D('',#13675,#13676,#13677);
#13679=CIRCLE('',#13678,11.249999999999998);
#13680=EDGE_CURVE('',#13665,#13674,#13679,.T.);
#13681=ORIENTED_EDGE('',*,*,#13680,.T.);
#13682=CARTESIAN_POINT('',(13.785916897628574,-11.702868345741690,42.0));
#13683=DIRECTION('',(0.0,0.0,1.0));
#13684=DIRECTION('',(-0.925029790745366,-0.379894572524515,0.0));
#13685=AXIS2_PLACEMENT_3D('',#13682,#13683,#13684);
#13686=CIRCLE('',#13685,16.429936389922588);
#13687=EDGE_CURVE('',#13674,#13402,#13686,.T.);
#13688=ORIENTED_EDGE('',*,*,#13687,.T.);
#13689=ORIENTED_EDGE('',*,*,#13423,.F.);
#13690=CARTESIAN_POINT('',(2.626260343378934,-10.939161604473862,42.0));
#13691=VERTEX_POINT('',#13690);
#13692=CARTESIAN_POINT('',(-13.785916897628566,-11.702868345741695,42.0));
#13693=DIRECTION('',(0.0,0.0,1.000000000000000));
#13694=DIRECTION('',(0.998919098133211,0.046482635303217,0.0));
#13695=AXIS2_PLACEMENT_3D('',#13692,#13693,#13694);
#13696=CIRCLE('',#13695,16.429936389922588);
#13697=EDGE_CURVE('',#13411,#13691,#13696,.T.);
#13698=ORIENTED_EDGE('',*,*,#13697,.T.);
#13699=CARTESIAN_POINT('',(4.305188614107264,-10.393644740751975,42.0));
#13700=VERTEX_POINT('',#13699);
#13701=CARTESIAN_POINT('',(0.0,0.0,42.0));
#13702=DIRECTION('',(0.0,0.0,1.000000000000000));
#13703=DIRECTION('',(0.382683432365090,-0.923879532511287,0.0));
#13704=AXIS2_PLACEMENT_3D('',#13701,#13702,#13703);
#13705=CIRCLE('',#13704,11.249999999999998);
#13706=EDGE_CURVE('',#13691,#13700,#13705,.T.);
#13707=ORIENTED_EDGE('',*,*,#13706,.T.);
#13708=CARTESIAN_POINT('',(18.031814476369647,-1.364660732881977,42.0));
#13709=DIRECTION('',(0.0,0.0,1.0));
#13710=DIRECTION('',(-0.525068393860240,-0.851060034174457,0.0));
#13711=AXIS2_PLACEMENT_3D('',#13708,#13709,#13710);
#13712=CIRCLE('',#13711,16.429936389922588);
#13713=EDGE_CURVE('',#13700,#13434,#13712,.T.);
#13714=ORIENTED_EDGE('',*,*,#13713,.T.);
#13715=ORIENTED_EDGE('',*,*,#13455,.F.);
#13716=CARTESIAN_POINT('',(8.554567113000347,-7.306290543714566,42.000000000000014));
#13717=VERTEX_POINT('',#13716);
#13718=CARTESIAN_POINT('',(-4.274267630074884,-17.570978016393333,42.000000000000021));
#13719=DIRECTION('',(0.0,0.0,1.0));
#13720=DIRECTION('',(0.780820718876543,0.624755156019635,0.0));
#13721=AXIS2_PLACEMENT_3D('',#13718,#13719,#13720);
#13722=CIRCLE('',#13721,16.429936389922592);
#13723=EDGE_CURVE('',#13443,#13717,#13722,.T.);
#13724=ORIENTED_EDGE('',*,*,#13723,.T.);
#13725=CARTESIAN_POINT('',(9.592201848983539,-5.878108853054423,42.000000000000014));
#13726=VERTEX_POINT('',#13725);
#13727=CARTESIAN_POINT('',(0.0,0.0,42.000000000000021));
#13728=DIRECTION('',(0.0,0.0,1.000000000000000));
#13729=DIRECTION('',(0.852640164354093,-0.522498564715949,0.0));
#13730=AXIS2_PLACEMENT_3D('',#13727,#13728,#13729);
#13731=CIRCLE('',#13730,11.249999999999998);
#13732=EDGE_CURVE('',#13717,#13726,#13731,.T.);
#13733=ORIENTED_EDGE('',*,*,#13732,.T.);
#13734=CARTESIAN_POINT('',(15.390171803969906,9.494800896826314,42.000000000000021));
#13735=DIRECTION('',(0.0,0.0,1.000000000000000));
#13736=DIRECTION('',(0.075451283061182,-0.997149489236404,0.0));
#13737=AXIS2_PLACEMENT_3D('',#13734,#13735,#13736);
#13738=CIRCLE('',#13737,16.429936389922588);
#13739=EDGE_CURVE('',#13726,#13466,#13738,.T.);
#13740=ORIENTED_EDGE('',*,*,#13739,.T.);
#13741=ORIENTED_EDGE('',*,*,#13487,.F.);
#13742=CARTESIAN_POINT('',(11.215320004497691,-0.882664826938258,42.000000000000014));
#13743=VERTEX_POINT('',#13742);
#13744=CARTESIAN_POINT('',(6.870006595153941,-16.727571300359930,42.000000000000021));
#13745=DIRECTION('',(0.0,0.0,1.000000000000000));
#13746=DIRECTION('',(0.264475364129162,0.964392441783296,0.0));
#13747=AXIS2_PLACEMENT_3D('',#13744,#13745,#13746);
#13748=CIRCLE('',#13747,16.429936389922588);
#13749=EDGE_CURVE('',#13475,#13743,#13748,.T.);
#13750=ORIENTED_EDGE('',*,*,#13749,.T.);
#13751=CARTESIAN_POINT('',(11.215320004497691,0.882664826938259,42.000000000000014));
#13752=VERTEX_POINT('',#13751);
#13753=CARTESIAN_POINT('',(0.0,0.0,42.000000000000021));
#13754=DIRECTION('',(0.0,0.0,1.0));
#13755=DIRECTION('',(0.996917333733128,0.078459095727845,0.0));
#13756=AXIS2_PLACEMENT_3D('',#13753,#13754,#13755);
#13757=CIRCLE('',#13756,11.249999999999998);
#13758=EDGE_CURVE('',#13743,#13752,#13757,.T.);
#13759=ORIENTED_EDGE('',*,*,#13758,.T.);
#13760=CARTESIAN_POINT('',(6.870006595153942,16.727571300359934,42.000000000000021));
#13761=DIRECTION('',(0.0,0.0,1.000000000000000));
#13762=DIRECTION('',(0.647151134348021,-0.762361731274642,0.0));
#13763=AXIS2_PLACEMENT_3D('',#13760,#13761,#13762);
#13764=CIRCLE('',#13763,16.429936389922588);
#13765=EDGE_CURVE('',#13752,#13498,#13764,.T.);
#13766=ORIENTED_EDGE('',*,*,#13765,.T.);
#13767=ORIENTED_EDGE('',*,*,#13519,.F.);
#13768=CARTESIAN_POINT('',(9.592201848983539,5.878108853054423,42.000000000000014));
#13769=VERTEX_POINT('',#13768);
#13770=CARTESIAN_POINT('',(15.390171803969901,-9.494800896826305,42.000000000000021));
#13771=DIRECTION('',(0.0,0.0,1.0));
#13772=DIRECTION('',(-0.352890590528554,0.935664593279241,0.0));
#13773=AXIS2_PLACEMENT_3D('',#13770,#13771,#13772);
#13774=CIRCLE('',#13773,16.429936389922592);
#13775=EDGE_CURVE('',#13507,#13769,#13774,.T.);
#13776=ORIENTED_EDGE('',*,*,#13775,.T.);
#13777=CARTESIAN_POINT('',(8.554567113000346,7.306290543714569,42.000000000000014));
#13778=VERTEX_POINT('',#13777);
#13779=CARTESIAN_POINT('',(0.0,0.0,42.000000000000021));
#13780=DIRECTION('',(0.0,0.0,1.000000000000000));
#13781=DIRECTION('',(0.760405965600031,0.649448048330184,0.0));
#13782=AXIS2_PLACEMENT_3D('',#13779,#13780,#13781);
#13783=CIRCLE('',#13782,11.249999999999996);
#13784=EDGE_CURVE('',#13769,#13778,#13783,.T.);
#13785=ORIENTED_EDGE('',*,*,#13784,.T.);
#13786=CARTESIAN_POINT('',(-4.274267630074889,17.570978016393340,42.000000000000021));
#13787=DIRECTION('',(0.0,0.0,1.0));
#13788=DIRECTION('',(0.971661248171966,-0.236377703688181,0.0));
#13789=AXIS2_PLACEMENT_3D('',#13786,#13787,#13788);
#13790=CIRCLE('',#13789,16.429936389922588);
#13791=EDGE_CURVE('',#13778,#13530,#13790,.T.);
#13792=ORIENTED_EDGE('',*,*,#13791,.T.);
#13793=ORIENTED_EDGE('',*,*,#13551,.F.);
#13794=CARTESIAN_POINT('',(4.305188614107261,10.393644740751977,42.000000000000014));
#13795=VERTEX_POINT('',#13794);
#13796=CARTESIAN_POINT('',(18.031814476369643,1.364660732881984,42.000000000000021));
#13797=DIRECTION('',(0.0,0.0,1.000000000000000));
#13798=DIRECTION('',(-0.835464333914384,0.549544672212363,0.0));
#13799=AXIS2_PLACEMENT_3D('',#13796,#13797,#13798);
#13800=CIRCLE('',#13799,16.429936389922588);
#13801=EDGE_CURVE('',#13539,#13795,#13800,.T.);
#13802=ORIENTED_EDGE('',*,*,#13801,.T.);
#13803=CARTESIAN_POINT('',(2.626260343378932,10.939161604473863,42.000000000000014));
#13804=VERTEX_POINT('',#13803);
#13805=CARTESIAN_POINT('',(0.0,0.0,42.000000000000021));
#13806=DIRECTION('',(0.0,0.0,1.000000000000000));
#13807=DIRECTION('',(0.233445363855905,0.972369920397677,0.0));
#13808=AXIS2_PLACEMENT_3D('',#13805,#13806,#13807);
#13809=CIRCLE('',#13808,11.249999999999998);
#13810=EDGE_CURVE('',#13795,#13804,#13809,.T.);
#13811=ORIENTED_EDGE('',*,*,#13810,.T.);
#13812=CARTESIAN_POINT('',(-13.785916897628576,11.702868345741695,42.000000000000021));
#13813=DIRECTION('',(0.0,0.0,1.000000000000000));
#13814=DIRECTION('',(0.925029790745366,0.379894572524515,0.0));
#13815=AXIS2_PLACEMENT_3D('',#13812,#13813,#13814);
#13816=CIRCLE('',#13815,16.429936389922588);
#13817=EDGE_CURVE('',#13804,#13562,#13816,.T.);
#13818=ORIENTED_EDGE('',*,*,#13817,.T.);
#13819=ORIENTED_EDGE('',*,*,#13576,.F.);
#13820=ORIENTED_EDGE('',*,*,#13239,.T.);
#13821=ORIENTED_EDGE('',*,*,#13292,.T.);
#13822=ORIENTED_EDGE('',*,*,#13269,.T.);
#13823=ORIENTED_EDGE('',*,*,#13213,.F.);
#13824=EDGE_LOOP('',(#13594,#13603,#13610,#13611,#13620,#13629,#13636,#13637,#13646,#13655,#13662,#13663,#13672,#13681,#13688,#13689,#13698,#13707,#13714,#13715,#13724,#13733,#13740,#13741,#13750,#13759,#13766,#13767,#13776,#13785,#13792,#13793,#13802,#13811,#13818,#13819,#13820,#13821,#13822,#13823));
#13825=FACE_OUTER_BOUND('',#13824,.T.);
#13826=ORIENTED_EDGE('',*,*,#12797,.T.);
#13827=EDGE_LOOP('',(#13826));
#13828=FACE_BOUND('',#13827,.T.);
#13829=ADVANCED_FACE('',(#13825,#13828),#13585,.F.);
#13830=CARTESIAN_POINT('',(18.031814476369643,1.364660732881984,0.0));
#13831=DIRECTION('',(0.0,0.0,1.0));
#13832=DIRECTION('',(-0.835464333914384,0.549544672212363,0.0));
#13833=AXIS2_PLACEMENT_3D('',#13830,#13831,#13832);
#13834=CYLINDRICAL_SURFACE('',#13833,16.429936389922592);
#13835=ORIENTED_EDGE('',*,*,#13801,.F.);
#13836=ORIENTED_EDGE('',*,*,#13544,.F.);
#13837=ORIENTED_EDGE('',*,*,#12900,.F.);
#13838=CARTESIAN_POINT('',(4.305188614107261,10.393644740751977,0.0));
#13839=DIRECTION('',(0.0,0.0,1.0));
#13840=VECTOR('',#13839,42.000000000000014);
#13841=LINE('',#13838,#13840);
#13842=EDGE_CURVE('',#12885,#13795,#13841,.T.);
#13843=ORIENTED_EDGE('',*,*,#13842,.T.);
#13844=EDGE_LOOP('',(#13835,#13836,#13837,#13843));
#13845=FACE_OUTER_BOUND('',#13844,.T.);
#13846=ADVANCED_FACE('',(#13845),#13834,.T.);
#13847=CARTESIAN_POINT('',(-13.785916897628576,11.702868345741695,0.0));
#13848=DIRECTION('',(0.0,0.0,1.0));
#13849=DIRECTION('',(0.925029790745366,0.379894572524515,0.0));
#13850=AXIS2_PLACEMENT_3D('',#13847,#13848,#13849);
#13851=CYLINDRICAL_SURFACE('',#13850,16.429936389922592);
#13852=ORIENTED_EDGE('',*,*,#13817,.F.);
#13853=CARTESIAN_POINT('',(2.626260343378932,10.939161604473863,0.0));
#13854=DIRECTION('',(0.0,0.0,1.0));
#13855=VECTOR('',#13854,42.000000000000014);
#13856=LINE('',#13853,#13855);
#13857=EDGE_CURVE('',#12876,#13804,#13856,.T.);
#13858=ORIENTED_EDGE('',*,*,#13857,.F.);
#13859=ORIENTED_EDGE('',*,*,#12882,.F.);
#13860=ORIENTED_EDGE('',*,*,#13567,.F.);
#13861=EDGE_LOOP('',(#13852,#13858,#13859,#13860));
#13862=FACE_OUTER_BOUND('',#13861,.T.);
#13863=ADVANCED_FACE('',(#13862),#13851,.T.);
#13864=CARTESIAN_POINT('',(0.0,0.0,0.0));
#13865=DIRECTION('',(0.0,0.0,1.0));
#13866=DIRECTION('',(0.233445363855905,0.972369920397677,0.0));
#13867=AXIS2_PLACEMENT_3D('',#13864,#13865,#13866);
#13868=CYLINDRICAL_SURFACE('',#13867,11.249999999999998);
#13869=ORIENTED_EDGE('',*,*,#13810,.F.);
#13870=ORIENTED_EDGE('',*,*,#13842,.F.);
#13871=ORIENTED_EDGE('',*,*,#12891,.F.);
#13872=ORIENTED_EDGE('',*,*,#13857,.T.);
#13873=EDGE_LOOP('',(#13869,#13870,#13871,#13872));
#13874=FACE_OUTER_BOUND('',#13873,.T.);
#13875=ADVANCED_FACE('',(#13874),#13868,.T.);
#13876=CARTESIAN_POINT('',(15.390171803969901,-9.494800896826305,0.0));
#13877=DIRECTION('',(0.0,0.0,1.0));
#13878=DIRECTION('',(-0.352890590528554,0.935664593279241,0.0));
#13879=AXIS2_PLACEMENT_3D('',#13876,#13877,#13878);
#13880=CYLINDRICAL_SURFACE('',#13879,16.429936389922592);
#13881=ORIENTED_EDGE('',*,*,#13775,.F.);
#13882=ORIENTED_EDGE('',*,*,#13512,.F.);
#13883=ORIENTED_EDGE('',*,*,#12936,.F.);
#13884=CARTESIAN_POINT('',(9.592201848983539,5.878108853054423,0.0));
#13885=DIRECTION('',(0.0,0.0,1.0));
#13886=VECTOR('',#13885,42.000000000000014);
#13887=LINE('',#13884,#13886);
#13888=EDGE_CURVE('',#12921,#13769,#13887,.T.);
#13889=ORIENTED_EDGE('',*,*,#13888,.T.);
#13890=EDGE_LOOP('',(#13881,#13882,#13883,#13889));
#13891=FACE_OUTER_BOUND('',#13890,.T.);
#13892=ADVANCED_FACE('',(#13891),#13880,.T.);
#13893=CARTESIAN_POINT('',(-4.274267630074889,17.570978016393340,0.0));
#13894=DIRECTION('',(0.0,0.0,1.0));
#13895=DIRECTION('',(0.971661248171966,-0.236377703688181,0.0));
#13896=AXIS2_PLACEMENT_3D('',#13893,#13894,#13895);
#13897=CYLINDRICAL_SURFACE('',#13896,16.429936389922588);
#13898=ORIENTED_EDGE('',*,*,#13791,.F.);
#13899=CARTESIAN_POINT('',(8.554567113000346,7.306290543714569,0.0));
#13900=DIRECTION('',(0.0,0.0,1.0));
#13901=VECTOR('',#13900,42.000000000000014);
#13902=LINE('',#13899,#13901);
#13903=EDGE_CURVE('',#12912,#13778,#13902,.T.);
#13904=ORIENTED_EDGE('',*,*,#13903,.F.);
#13905=ORIENTED_EDGE('',*,*,#12918,.F.);
#13906=ORIENTED_EDGE('',*,*,#13535,.F.);
#13907=EDGE_LOOP('',(#13898,#13904,#13905,#13906));
#13908=FACE_OUTER_BOUND('',#13907,.T.);
#13909=ADVANCED_FACE('',(#13908),#13897,.T.);
#13910=CARTESIAN_POINT('',(0.0,0.0,0.0));
#13911=DIRECTION('',(0.0,0.0,1.0));
#13912=DIRECTION('',(0.760405965600031,0.649448048330184,0.0));
#13913=AXIS2_PLACEMENT_3D('',#13910,#13911,#13912);
#13914=CYLINDRICAL_SURFACE('',#13913,11.249999999999998);
#13915=ORIENTED_EDGE('',*,*,#13784,.F.);
#13916=ORIENTED_EDGE('',*,*,#13888,.F.);
#13917=ORIENTED_EDGE('',*,*,#12927,.F.);
#13918=ORIENTED_EDGE('',*,*,#13903,.T.);
#13919=EDGE_LOOP('',(#13915,#13916,#13917,#13918));
#13920=FACE_OUTER_BOUND('',#13919,.T.);
#13921=ADVANCED_FACE('',(#13920),#13914,.T.);
#13922=CARTESIAN_POINT('',(6.870006595153941,-16.727571300359930,0.0));
#13923=DIRECTION('',(0.0,0.0,1.0));
#13924=DIRECTION('',(0.264475364129162,0.964392441783296,0.0));
#13925=AXIS2_PLACEMENT_3D('',#13922,#13923,#13924);
#13926=CYLINDRICAL_SURFACE('',#13925,16.429936389922592);
#13927=ORIENTED_EDGE('',*,*,#13749,.F.);
#13928=ORIENTED_EDGE('',*,*,#13480,.F.);
#13929=ORIENTED_EDGE('',*,*,#12972,.F.);
#13930=CARTESIAN_POINT('',(11.215320004497691,-0.882664826938258,0.0));
#13931=DIRECTION('',(0.0,0.0,1.0));
#13932=VECTOR('',#13931,42.000000000000014);
#13933=LINE('',#13930,#13932);
#13934=EDGE_CURVE('',#12957,#13743,#13933,.T.);
#13935=ORIENTED_EDGE('',*,*,#13934,.T.);
#13936=EDGE_LOOP('',(#13927,#13928,#13929,#13935));
#13937=FACE_OUTER_BOUND('',#13936,.T.);
#13938=ADVANCED_FACE('',(#13937),#13926,.T.);
#13939=CARTESIAN_POINT('',(6.870006595153942,16.727571300359934,0.0));
#13940=DIRECTION('',(0.0,0.0,1.0));
#13941=DIRECTION('',(0.647151134348021,-0.762361731274642,0.0));
#13942=AXIS2_PLACEMENT_3D('',#13939,#13940,#13941);
#13943=CYLINDRICAL_SURFACE('',#13942,16.429936389922592);
#13944=ORIENTED_EDGE('',*,*,#13765,.F.);
#13945=CARTESIAN_POINT('',(11.215320004497691,0.882664826938259,0.0));
#13946=DIRECTION('',(0.0,0.0,1.0));
#13947=VECTOR('',#13946,42.000000000000014);
#13948=LINE('',#13945,#13947);
#13949=EDGE_CURVE('',#12948,#13752,#13948,.T.);
#13950=ORIENTED_EDGE('',*,*,#13949,.F.);
#13951=ORIENTED_EDGE('',*,*,#12954,.F.);
#13952=ORIENTED_EDGE('',*,*,#13503,.F.);
#13953=EDGE_LOOP('',(#13944,#13950,#13951,#13952));
#13954=FACE_OUTER_BOUND('',#13953,.T.);
#13955=ADVANCED_FACE('',(#13954),#13943,.T.);
#13956=CARTESIAN_POINT('',(0.0,0.0,0.0));
#13957=DIRECTION('',(0.0,0.0,1.0));
#13958=DIRECTION('',(0.996917333733128,0.078459095727845,0.0));
#13959=AXIS2_PLACEMENT_3D('',#13956,#13957,#13958);
#13960=CYLINDRICAL_SURFACE('',#13959,11.249999999999998);
#13961=ORIENTED_EDGE('',*,*,#13758,.F.);
#13962=ORIENTED_EDGE('',*,*,#13934,.F.);
#13963=ORIENTED_EDGE('',*,*,#12963,.F.);
#13964=ORIENTED_EDGE('',*,*,#13949,.T.);
#13965=EDGE_LOOP('',(#13961,#13962,#13963,#13964));
#13966=FACE_OUTER_BOUND('',#13965,.T.);
#13967=ADVANCED_FACE('',(#13966),#13960,.T.);
#13968=CARTESIAN_POINT('',(-4.274267630074884,-17.570978016393333,0.0));
#13969=DIRECTION('',(0.0,0.0,1.0));
#13970=DIRECTION('',(0.780820718876543,0.624755156019635,0.0));
#13971=AXIS2_PLACEMENT_3D('',#13968,#13969,#13970);
#13972=CYLINDRICAL_SURFACE('',#13971,16.429936389922592);
#13973=ORIENTED_EDGE('',*,*,#13723,.F.);
#13974=ORIENTED_EDGE('',*,*,#13448,.F.);
#13975=ORIENTED_EDGE('',*,*,#13008,.F.);
#13976=CARTESIAN_POINT('',(8.554567113000347,-7.306290543714566,0.0));
#13977=DIRECTION('',(0.0,0.0,1.0));
#13978=VECTOR('',#13977,42.000000000000014);
#13979=LINE('',#13976,#13978);
#13980=EDGE_CURVE('',#12993,#13717,#13979,.T.);
#13981=ORIENTED_EDGE('',*,*,#13980,.T.);
#13982=EDGE_LOOP('',(#13973,#13974,#13975,#13981));
#13983=FACE_OUTER_BOUND('',#13982,.T.);
#13984=ADVANCED_FACE('',(#13983),#13972,.T.);
#13985=CARTESIAN_POINT('',(15.390171803969906,9.494800896826314,0.0));
#13986=DIRECTION('',(0.0,0.0,1.0));
#13987=DIRECTION('',(0.075451283061182,-0.997149489236404,0.0));
#13988=AXIS2_PLACEMENT_3D('',#13985,#13986,#13987);
#13989=CYLINDRICAL_SURFACE('',#13988,16.429936389922592);
#13990=ORIENTED_EDGE('',*,*,#13739,.F.);
#13991=CARTESIAN_POINT('',(9.592201848983539,-5.878108853054423,0.0));
#13992=DIRECTION('',(0.0,0.0,1.0));
#13993=VECTOR('',#13992,42.000000000000014);
#13994=LINE('',#13991,#13993);
#13995=EDGE_CURVE('',#12984,#13726,#13994,.T.);
#13996=ORIENTED_EDGE('',*,*,#13995,.F.);
#13997=ORIENTED_EDGE('',*,*,#12990,.F.);
#13998=ORIENTED_EDGE('',*,*,#13471,.F.);
#13999=EDGE_LOOP('',(#13990,#13996,#13997,#13998));
#14000=FACE_OUTER_BOUND('',#13999,.T.);
#14001=ADVANCED_FACE('',(#14000),#13989,.T.);
#14002=CARTESIAN_POINT('',(0.0,0.0,0.0));
#14003=DIRECTION('',(0.0,0.0,1.0));
#14004=DIRECTION('',(0.852640164354093,-0.522498564715949,0.0));
#14005=AXIS2_PLACEMENT_3D('',#14002,#14003,#14004);
#14006=CYLINDRICAL_SURFACE('',#14005,11.249999999999998);
#14007=ORIENTED_EDGE('',*,*,#13732,.F.);
#14008=ORIENTED_EDGE('',*,*,#13980,.F.);
#14009=ORIENTED_EDGE('',*,*,#12999,.F.);
#14010=ORIENTED_EDGE('',*,*,#13995,.T.);
#14011=EDGE_LOOP('',(#14007,#14008,#14009,#14010));
#14012=FACE_OUTER_BOUND('',#14011,.T.);
#14013=ADVANCED_FACE('',(#14012),#14006,.T.);
#14014=CARTESIAN_POINT('',(-13.785916897628566,-11.702868345741695,0.0));
#14015=DIRECTION('',(0.0,0.0,1.0));
#14016=DIRECTION('',(0.998919098133211,0.046482635303217,0.0));
#14017=AXIS2_PLACEMENT_3D('',#14014,#14015,#14016);
#14018=CYLINDRICAL_SURFACE('',#14017,16.429936389922588);
#14019=ORIENTED_EDGE('',*,*,#13697,.F.);
#14020=ORIENTED_EDGE('',*,*,#13416,.F.);
#14021=ORIENTED_EDGE('',*,*,#13044,.F.);
#14022=CARTESIAN_POINT('',(2.626260343378934,-10.939161604473862,0.0));
#14023=DIRECTION('',(0.0,0.0,1.0));
#14024=VECTOR('',#14023,42.0);
#14025=LINE('',#14022,#14024);
#14026=EDGE_CURVE('',#13029,#13691,#14025,.T.);
#14027=ORIENTED_EDGE('',*,*,#14026,.T.);
#14028=EDGE_LOOP('',(#14019,#14020,#14021,#14027));
#14029=FACE_OUTER_BOUND('',#14028,.T.);
#14030=ADVANCED_FACE('',(#14029),#14018,.T.);
#14031=CARTESIAN_POINT('',(18.031814476369647,-1.364660732881977,0.0));
#14032=DIRECTION('',(0.0,0.0,1.0));
#14033=DIRECTION('',(-0.525068393860240,-0.851060034174457,0.0));
#14034=AXIS2_PLACEMENT_3D('',#14031,#14032,#14033);
#14035=CYLINDRICAL_SURFACE('',#14034,16.429936389922588);
#14036=ORIENTED_EDGE('',*,*,#13713,.F.);
#14037=CARTESIAN_POINT('',(4.305188614107264,-10.393644740751975,0.0));
#14038=DIRECTION('',(0.0,0.0,1.0));
#14039=VECTOR('',#14038,42.0);
#14040=LINE('',#14037,#14039);
#14041=EDGE_CURVE('',#13020,#13700,#14040,.T.);
#14042=ORIENTED_EDGE('',*,*,#14041,.F.);
#14043=ORIENTED_EDGE('',*,*,#13026,.F.);
#14044=ORIENTED_EDGE('',*,*,#13439,.F.);
#14045=EDGE_LOOP('',(#14036,#14042,#14043,#14044));
#14046=FACE_OUTER_BOUND('',#14045,.T.);
#14047=ADVANCED_FACE('',(#14046),#14035,.T.);
#14048=CARTESIAN_POINT('',(0.0,0.0,0.0));
#14049=DIRECTION('',(0.0,0.0,1.0));
#14050=DIRECTION('',(0.382683432365090,-0.923879532511287,0.0));
#14051=AXIS2_PLACEMENT_3D('',#14048,#14049,#14050);
#14052=CYLINDRICAL_SURFACE('',#14051,11.249999999999998);
#14053=ORIENTED_EDGE('',*,*,#13706,.F.);
#14054=ORIENTED_EDGE('',*,*,#14026,.F.);
#14055=ORIENTED_EDGE('',*,*,#13035,.F.);
#14056=ORIENTED_EDGE('',*,*,#14041,.T.);
#14057=EDGE_LOOP('',(#14053,#14054,#14055,#14056));
#14058=FACE_OUTER_BOUND('',#14057,.T.);
#14059=ADVANCED_FACE('',(#14058),#14052,.T.);
#14060=CARTESIAN_POINT('',(-18.031814476369640,-1.364660732881986,0.0));
#14061=DIRECTION('',(0.0,0.0,1.0));
#14062=DIRECTION('',(0.835464333914384,-0.549544672212363,0.0));
#14063=AXIS2_PLACEMENT_3D('',#14060,#14061,#14062);
#14064=CYLINDRICAL_SURFACE('',#14063,16.429936389922588);
#14065=ORIENTED_EDGE('',*,*,#13671,.F.);
#14066=ORIENTED_EDGE('',*,*,#13384,.F.);
#14067=ORIENTED_EDGE('',*,*,#13080,.F.);
#14068=CARTESIAN_POINT('',(-4.305188614107260,-10.393644740751975,0.0));
#14069=DIRECTION('',(0.0,0.0,1.0));
#14070=VECTOR('',#14069,42.0);
#14071=LINE('',#14068,#14070);
#14072=EDGE_CURVE('',#13065,#13665,#14071,.T.);
#14073=ORIENTED_EDGE('',*,*,#14072,.T.);
#14074=EDGE_LOOP('',(#14065,#14066,#14067,#14073));
#14075=FACE_OUTER_BOUND('',#14074,.T.);
#14076=ADVANCED_FACE('',(#14075),#14064,.T.);
#14077=CARTESIAN_POINT('',(13.785916897628574,-11.702868345741690,0.0));
#14078=DIRECTION('',(0.0,0.0,1.0));
#14079=DIRECTION('',(-0.925029790745366,-0.379894572524515,0.0));
#14080=AXIS2_PLACEMENT_3D('',#14077,#14078,#14079);
#14081=CYLINDRICAL_SURFACE('',#14080,16.429936389922588);
#14082=ORIENTED_EDGE('',*,*,#13687,.F.);
#14083=CARTESIAN_POINT('',(-2.626260343378932,-10.939161604473863,0.0));
#14084=DIRECTION('',(0.0,0.0,1.0));
#14085=VECTOR('',#14084,42.0);
#14086=LINE('',#14083,#14085);
#14087=EDGE_CURVE('',#13056,#13674,#14086,.T.);
#14088=ORIENTED_EDGE('',*,*,#14087,.F.);
#14089=ORIENTED_EDGE('',*,*,#13062,.F.);
#14090=ORIENTED_EDGE('',*,*,#13407,.F.);
#14091=EDGE_LOOP('',(#14082,#14088,#14089,#14090));
#14092=FACE_OUTER_BOUND('',#14091,.T.);
#14093=ADVANCED_FACE('',(#14092),#14081,.T.);
#14094=CARTESIAN_POINT('',(0.0,0.0,0.0));
#14095=DIRECTION('',(0.0,0.0,1.0));
#14096=DIRECTION('',(-0.233445363855905,-0.972369920397677,0.0));
#14097=AXIS2_PLACEMENT_3D('',#14094,#14095,#14096);
#14098=CYLINDRICAL_SURFACE('',#14097,11.249999999999998);
#14099=ORIENTED_EDGE('',*,*,#13680,.F.);
#14100=ORIENTED_EDGE('',*,*,#14072,.F.);
#14101=ORIENTED_EDGE('',*,*,#13071,.F.);
#14102=ORIENTED_EDGE('',*,*,#14087,.T.);
#14103=EDGE_LOOP('',(#14099,#14100,#14101,#14102));
#14104=FACE_OUTER_BOUND('',#14103,.T.);
#14105=ADVANCED_FACE('',(#14104),#14098,.T.);
#14106=CARTESIAN_POINT('',(-15.390171803969901,9.494800896826305,0.0));
#14107=DIRECTION('',(0.0,0.0,1.0));
#14108=DIRECTION('',(0.352890590528554,-0.935664593279241,0.0));
#14109=AXIS2_PLACEMENT_3D('',#14106,#14107,#14108);
#14110=CYLINDRICAL_SURFACE('',#14109,16.429936389922592);
#14111=ORIENTED_EDGE('',*,*,#13645,.F.);
#14112=ORIENTED_EDGE('',*,*,#13352,.F.);
#14113=ORIENTED_EDGE('',*,*,#13116,.F.);
#14114=CARTESIAN_POINT('',(-9.592201848983539,-5.878108853054424,0.0));
#14115=DIRECTION('',(0.0,0.0,1.0));
#14116=VECTOR('',#14115,42.000000000000014);
#14117=LINE('',#14114,#14116);
#14118=EDGE_CURVE('',#13101,#13639,#14117,.T.);
#14119=ORIENTED_EDGE('',*,*,#14118,.T.);
#14120=EDGE_LOOP('',(#14111,#14112,#14113,#14119));
#14121=FACE_OUTER_BOUND('',#14120,.T.);
#14122=ADVANCED_FACE('',(#14121),#14110,.T.);
#14123=CARTESIAN_POINT('',(4.274267630074889,-17.570978016393340,0.0));
#14124=DIRECTION('',(0.0,0.0,1.0));
#14125=DIRECTION('',(-0.971661248171966,0.236377703688180,0.0));
#14126=AXIS2_PLACEMENT_3D('',#14123,#14124,#14125);
#14127=CYLINDRICAL_SURFACE('',#14126,16.429936389922588);
#14128=ORIENTED_EDGE('',*,*,#13661,.F.);
#14129=CARTESIAN_POINT('',(-8.554567113000346,-7.306290543714569,0.0));
#14130=DIRECTION('',(0.0,0.0,1.0));
#14131=VECTOR('',#14130,42.000000000000014);
#14132=LINE('',#14129,#14131);
#14133=EDGE_CURVE('',#13092,#13648,#14132,.T.);
#14134=ORIENTED_EDGE('',*,*,#14133,.F.);
#14135=ORIENTED_EDGE('',*,*,#13098,.F.);
#14136=ORIENTED_EDGE('',*,*,#13375,.F.);
#14137=EDGE_LOOP('',(#14128,#14134,#14135,#14136));
#14138=FACE_OUTER_BOUND('',#14137,.T.);
#14139=ADVANCED_FACE('',(#14138),#14127,.T.);
#14140=CARTESIAN_POINT('',(0.0,0.0,0.0));
#14141=DIRECTION('',(0.0,0.0,1.0));
#14142=DIRECTION('',(-0.760405965600031,-0.649448048330184,0.0));
#14143=AXIS2_PLACEMENT_3D('',#14140,#14141,#14142);
#14144=CYLINDRICAL_SURFACE('',#14143,11.249999999999998);
#14145=ORIENTED_EDGE('',*,*,#13654,.F.);
#14146=ORIENTED_EDGE('',*,*,#14118,.F.);
#14147=ORIENTED_EDGE('',*,*,#13107,.F.);
#14148=ORIENTED_EDGE('',*,*,#14133,.T.);
#14149=EDGE_LOOP('',(#14145,#14146,#14147,#14148));
#14150=FACE_OUTER_BOUND('',#14149,.T.);
#14151=ADVANCED_FACE('',(#14150),#14144,.T.);
#14152=CARTESIAN_POINT('',(-6.870006595153948,16.727571300359926,0.0));
#14153=DIRECTION('',(0.0,0.0,1.0));
#14154=DIRECTION('',(-0.264475364129162,-0.964392441783296,0.0));
#14155=AXIS2_PLACEMENT_3D('',#14152,#14153,#14154);
#14156=CYLINDRICAL_SURFACE('',#14155,16.429936389922592);
#14157=ORIENTED_EDGE('',*,*,#13619,.F.);
#14158=ORIENTED_EDGE('',*,*,#13320,.F.);
#14159=ORIENTED_EDGE('',*,*,#13152,.F.);
#14160=CARTESIAN_POINT('',(-11.215320004497688,0.882664826938254,0.0));
#14161=DIRECTION('',(0.0,0.0,1.0));
#14162=VECTOR('',#14161,42.000000000000014);
#14163=LINE('',#14160,#14162);
#14164=EDGE_CURVE('',#13137,#13613,#14163,.T.);
#14165=ORIENTED_EDGE('',*,*,#14164,.T.);
#14166=EDGE_LOOP('',(#14157,#14158,#14159,#14165));
#14167=FACE_OUTER_BOUND('',#14166,.T.);
#14168=ADVANCED_FACE('',(#14167),#14156,.T.);
#14169=CARTESIAN_POINT('',(-6.870006595153937,-16.727571300359937,0.0));
#14170=DIRECTION('',(0.0,0.0,1.0));
#14171=DIRECTION('',(-0.647151134348021,0.762361731274642,0.0));
#14172=AXIS2_PLACEMENT_3D('',#14169,#14170,#14171);
#14173=CYLINDRICAL_SURFACE('',#14172,16.429936389922592);
#14174=ORIENTED_EDGE('',*,*,#13635,.F.);
#14175=CARTESIAN_POINT('',(-11.215320004497691,-0.882664826938262,0.0));
#14176=DIRECTION('',(0.0,0.0,1.0));
#14177=VECTOR('',#14176,42.000000000000014);
#14178=LINE('',#14175,#14177);
#14179=EDGE_CURVE('',#13128,#13622,#14178,.T.);
#14180=ORIENTED_EDGE('',*,*,#14179,.F.);
#14181=ORIENTED_EDGE('',*,*,#13134,.F.);
#14182=ORIENTED_EDGE('',*,*,#13343,.F.);
#14183=EDGE_LOOP('',(#14174,#14180,#14181,#14182));
#14184=FACE_OUTER_BOUND('',#14183,.T.);
#14185=ADVANCED_FACE('',(#14184),#14173,.T.);
#14186=CARTESIAN_POINT('',(0.0,0.0,0.0));
#14187=DIRECTION('',(0.0,0.0,1.0));
#14188=DIRECTION('',(-0.996917333733128,-0.078459095727846,0.0));
#14189=AXIS2_PLACEMENT_3D('',#14186,#14187,#14188);
#14190=CYLINDRICAL_SURFACE('',#14189,11.249999999999998);
#14191=ORIENTED_EDGE('',*,*,#13628,.F.);
#14192=ORIENTED_EDGE('',*,*,#14164,.F.);
#14193=ORIENTED_EDGE('',*,*,#13143,.F.);
#14194=ORIENTED_EDGE('',*,*,#14179,.T.);
#14195=EDGE_LOOP('',(#14191,#14192,#14193,#14194));
#14196=FACE_OUTER_BOUND('',#14195,.T.);
#14197=ADVANCED_FACE('',(#14196),#14190,.T.);
#14198=CARTESIAN_POINT('',(4.274267630074881,17.570978016393333,0.0));
#14199=DIRECTION('',(0.0,0.0,1.0));
#14200=DIRECTION('',(-0.780820718876543,-0.624755156019635,0.0));
#14201=AXIS2_PLACEMENT_3D('',#14198,#14199,#14200);
#14202=CYLINDRICAL_SURFACE('',#14201,16.429936389922592);
#14203=ORIENTED_EDGE('',*,*,#13593,.F.);
#14204=ORIENTED_EDGE('',*,*,#13204,.F.);
#14205=ORIENTED_EDGE('',*,*,#12828,.F.);
#14206=CARTESIAN_POINT('',(-8.554567113000347,7.306290543714566,0.0));
#14207=DIRECTION('',(0.0,0.0,1.0));
#14208=VECTOR('',#14207,42.0);
#14209=LINE('',#14206,#14208);
#14210=EDGE_CURVE('',#12820,#13587,#14209,.T.);
#14211=ORIENTED_EDGE('',*,*,#14210,.T.);
#14212=EDGE_LOOP('',(#14203,#14204,#14205,#14211));
#14213=FACE_OUTER_BOUND('',#14212,.T.);
#14214=ADVANCED_FACE('',(#14213),#14202,.T.);
#14215=CARTESIAN_POINT('',(-15.390171803969901,-9.494800896826314,0.0));
#14216=DIRECTION('',(0.0,0.0,1.0));
#14217=DIRECTION('',(-0.075451283061182,0.997149489236404,0.0));
#14218=AXIS2_PLACEMENT_3D('',#14215,#14216,#14217);
#14219=CYLINDRICAL_SURFACE('',#14218,16.429936389922592);
#14220=ORIENTED_EDGE('',*,*,#13609,.F.);
#14221=CARTESIAN_POINT('',(-9.592201848983539,5.878108853054421,0.0));
#14222=DIRECTION('',(0.0,0.0,1.0));
#14223=VECTOR('',#14222,42.0);
#14224=LINE('',#14221,#14223);
#14225=EDGE_CURVE('',#13164,#13596,#14224,.T.);
#14226=ORIENTED_EDGE('',*,*,#14225,.F.);
#14227=ORIENTED_EDGE('',*,*,#13170,.F.);
#14228=ORIENTED_EDGE('',*,*,#13311,.F.);
#14229=EDGE_LOOP('',(#14220,#14226,#14227,#14228));
#14230=FACE_OUTER_BOUND('',#14229,.T.);
#14231=ADVANCED_FACE('',(#14230),#14219,.T.);
#14232=CARTESIAN_POINT('',(0.0,0.0,0.0));
#14233=DIRECTION('',(0.0,0.0,1.0));
#14234=DIRECTION('',(-0.852640164354093,0.522498564715949,0.0));
#14235=AXIS2_PLACEMENT_3D('',#14232,#14233,#14234);
#14236=CYLINDRICAL_SURFACE('',#14235,11.249999999999998);
#14237=ORIENTED_EDGE('',*,*,#13602,.F.);
#14238=ORIENTED_EDGE('',*,*,#14210,.F.);
#14239=ORIENTED_EDGE('',*,*,#13177,.F.);
#14240=ORIENTED_EDGE('',*,*,#14225,.T.);
#14241=EDGE_LOOP('',(#14237,#14238,#14239,#14240));
#14242=FACE_OUTER_BOUND('',#14241,.T.);
#14243=ADVANCED_FACE('',(#14242),#14236,.T.);
#14244=CARTESIAN_POINT('',(0.0,6.000000000000004,-35.0));
#14245=DIRECTION('',(0.0,0.0,-1.0));
#14246=DIRECTION('',(-1.0,0.0,0.0));
#14247=AXIS2_PLACEMENT_3D('',#14244,#14245,#14246);
#14248=PLANE('',#14247);
#14249=CARTESIAN_POINT('',(0.0,7.000000000000002,-35.0));
#14250=VERTEX_POINT('',#14249);
#14251=CARTESIAN_POINT('',(0.0,6.605827E-015,-35.0));
#14252=DIRECTION('',(0.0,0.0,-1.0));
#14253=DIRECTION('',(0.0,1.0,0.0));
#14254=AXIS2_PLACEMENT_3D('',#14251,#14252,#14253);
#14255=CIRCLE('',#14254,6.999999999999995);
#14256=EDGE_CURVE('',#14250,#14250,#14255,.T.);
#14257=ORIENTED_EDGE('',*,*,#14256,.T.);
#14258=EDGE_LOOP('',(#14257));
#14259=FACE_OUTER_BOUND('',#14258,.T.);
#14260=ORIENTED_EDGE('',*,*,#12685,.F.);
#14261=EDGE_LOOP('',(#14260));
#14262=FACE_BOUND('',#14261,.T.);
#14263=ADVANCED_FACE('',(#14259,#14262),#14248,.T.);
#14264=CARTESIAN_POINT('',(0.0,4.718448E-015,-25.0));
#14265=DIRECTION('',(0.0,1.887379E-016,-1.0));
#14266=DIRECTION('',(0.0,1.0,0.0));
#14267=AXIS2_PLACEMENT_3D('',#14264,#14265,#14266);
#14268=CYLINDRICAL_SURFACE('',#14267,6.999999999999997);
#14269=ORIENTED_EDGE('',*,*,#14256,.F.);
#14270=EDGE_LOOP('',(#14269));
#14271=FACE_OUTER_BOUND('',#14270,.T.);
#14272=CARTESIAN_POINT('',(0.0,7.000000000000002,-15.0));
#14273=VERTEX_POINT('',#14272);
#14274=CARTESIAN_POINT('',(0.0,2.831069E-015,-15.000000000000002));
#14275=DIRECTION('',(0.0,0.0,-1.0));
#14276=DIRECTION('',(0.0,1.0,0.0));
#14277=AXIS2_PLACEMENT_3D('',#14274,#14275,#14276);
#14278=CIRCLE('',#14277,6.999999999999998);
#14279=EDGE_CURVE('',#14273,#14273,#14278,.T.);
#14280=ORIENTED_EDGE('',*,*,#14279,.T.);
#14281=EDGE_LOOP('',(#14280));
#14282=FACE_BOUND('',#14281,.T.);
#14283=ADVANCED_FACE('',(#14271,#14282),#14268,.T.);
#14284=CARTESIAN_POINT('',(0.0,7.500000000000000,-15.0));
#14285=DIRECTION('',(0.0,0.0,-1.0));
#14286=DIRECTION('',(-1.0,0.0,0.0));
#14287=AXIS2_PLACEMENT_3D('',#14284,#14285,#14286);
#14288=PLANE('',#14287);
#14289=CARTESIAN_POINT('',(0.0,7.999999999999999,-15.0));
#14290=VERTEX_POINT('',#14289);
#14291=CARTESIAN_POINT('',(0.0,2.831069E-015,-15.000000000000002));
#14292=DIRECTION('',(0.0,0.0,-1.0));
#14293=DIRECTION('',(0.0,1.0,0.0));
#14294=AXIS2_PLACEMENT_3D('',#14291,#14292,#14293);
#14295=CIRCLE('',#14294,7.999999999999996);
#14296=EDGE_CURVE('',#14290,#14290,#14295,.T.);
#14297=ORIENTED_EDGE('',*,*,#14296,.T.);
#14298=EDGE_LOOP('',(#14297));
#14299=FACE_OUTER_BOUND('',#14298,.T.);
#14300=ORIENTED_EDGE('',*,*,#14279,.F.);
#14301=EDGE_LOOP('',(#14300));
#14302=FACE_BOUND('',#14301,.T.);
#14303=ADVANCED_FACE('',(#14299,#14302),#14288,.T.);
#14304=CARTESIAN_POINT('',(0.0,1.415534E-015,-7.500000000000001));
#14305=DIRECTION('',(0.0,1.887379E-016,-1.0));
#14306=DIRECTION('',(0.0,1.0,0.0));
#14307=AXIS2_PLACEMENT_3D('',#14304,#14305,#14306);
#14308=CYLINDRICAL_SURFACE('',#14307,7.999999999999998);
#14309=ORIENTED_EDGE('',*,*,#14296,.F.);
#14310=EDGE_LOOP('',(#14309));
#14311=FACE_OUTER_BOUND('',#14310,.T.);
#14312=ORIENTED_EDGE('',*,*,#13188,.F.);
#14313=EDGE_LOOP('',(#14312));
#14314=FACE_BOUND('',#14313,.T.);
#14315=ADVANCED_FACE('',(#14311,#14314),#14308,.T.);
#14316=CLOSED_SHELL('',(#12289,#12309,#12318,#12343,#12368,#12393,#12418,#12471,#12524,#12577,#12630,#12689,#12707,#12725,#12743,#12761,#12773,#12801,#12813,#13192,#13224,#13256,#13281,#13299,#13331,#13363,#13395,#13427,#13459,#13491,#13523,#13555,#13580,#13829,#13846,#13863,#13875,#13892,#13909,#13921,#13938,#13955,#13967,#13984,#14001,#14013,#14030,#14047,#14059,#14076,#14093,#14105,#14122,#14139,#14151,#14168,#14185,#14197,#14214,#14231,#14243,#14263,#14283,#14303,#14315));
#14317=CARTESIAN_POINT('',(0.0,1.424880E-031,-7.549517E-016));
#14318=DIRECTION('',(0.0,-1.887379E-016,1.0));
#14319=DIRECTION('',(-1.0,0.0,0.0));
#14320=AXIS2_PLACEMENT_3D('',#14317,#14318,#14319);
#14321=CYLINDRICAL_SURFACE('',#14320,2.975000000000001);
#14322=CARTESIAN_POINT('',(2.975000000000001,-5.038620E-016,4.599999999999999));
#14323=VERTEX_POINT('',#14322);
#14324=CARTESIAN_POINT('',(0.0,-8.681944E-016,4.599999999999999));
#14325=DIRECTION('',(0.0,0.0,-1.0));
#14326=DIRECTION('',(-1.0,0.0,0.0));
#14327=AXIS2_PLACEMENT_3D('',#14324,#14325,#14326);
#14328=CIRCLE('',#14327,2.975000000000001);
#14329=EDGE_CURVE('',#14323,#14323,#14328,.T.);
#14330=ORIENTED_EDGE('',*,*,#14329,.T.);
#14331=EDGE_LOOP('',(#14330));
#14332=FACE_OUTER_BOUND('',#14331,.T.);
#14333=CARTESIAN_POINT('',(2.975000000000001,3.643324E-016,-7.549517E-016));
#14334=VERTEX_POINT('',#14333);
#14335=CARTESIAN_POINT('',(0.0,1.424880E-031,-7.549517E-016));
#14336=DIRECTION('',(0.0,0.0,-1.0));
#14337=DIRECTION('',(-1.0,0.0,0.0));
#14338=AXIS2_PLACEMENT_3D('',#14335,#14336,#14337);
#14339=CIRCLE('',#14338,2.975000000000001);
#14340=EDGE_CURVE('',#14334,#14334,#14339,.T.);
#14341=ORIENTED_EDGE('',*,*,#14340,.F.);
#14342=EDGE_LOOP('',(#14341));
#14343=FACE_BOUND('',#14342,.T.);
#14344=ADVANCED_FACE('',(#14332,#14343),#14321,.T.);
#14345=CARTESIAN_POINT('',(0.0,-8.681944E-016,4.599999999999999));
#14346=DIRECTION('',(0.0,0.0,-1.0));
#14347=DIRECTION('',(-1.0,0.0,0.0));
#14348=AXIS2_PLACEMENT_3D('',#14345,#14346,#14347);
#14349=PLANE('',#14348);
#14350=ORIENTED_EDGE('',*,*,#14329,.F.);
#14351=EDGE_LOOP('',(#14350));
#14352=FACE_OUTER_BOUND('',#14351,.T.);
#14353=ADVANCED_FACE('',(#14352),#14349,.F.);
#14354=CARTESIAN_POINT('',(0.0,4.000000000000000,-6.183972E-033));
#14355=DIRECTION('',(0.0,0.0,1.0));
#14356=DIRECTION('',(1.0,0.0,0.0));
#14357=AXIS2_PLACEMENT_3D('',#14354,#14355,#14356);
#14358=PLANE('',#14357);
#14359=CARTESIAN_POINT('',(-3.000000000000000,3.673940E-016,0.0));
#14360=VERTEX_POINT('',#14359);
#14361=CARTESIAN_POINT('',(0.0,0.0,0.0));
#14362=DIRECTION('',(0.0,0.0,1.0));
#14363=DIRECTION('',(1.0,0.0,0.0));
#14364=AXIS2_PLACEMENT_3D('',#14361,#14362,#14363);
#14365=CIRCLE('',#14364,3.000000000000000);
#14366=EDGE_CURVE('',#14360,#14360,#14365,.T.);
#14367=ORIENTED_EDGE('',*,*,#14366,.T.);
#14368=EDGE_LOOP('',(#14367));
#14369=FACE_OUTER_BOUND('',#14368,.T.);
#14370=ORIENTED_EDGE('',*,*,#14340,.T.);
#14371=EDGE_LOOP('',(#14370));
#14372=FACE_BOUND('',#14371,.T.);
#14373=ADVANCED_FACE('',(#14369,#14372),#14358,.T.);
#14374=CARTESIAN_POINT('',(0.0,0.0,0.0));
#14375=DIRECTION('',(0.0,0.0,1.0));
#14376=DIRECTION('',(1.0,0.0,0.0));
#14377=AXIS2_PLACEMENT_3D('',#14374,#14375,#14376);
#14378=CYLINDRICAL_SURFACE('',#14377,3.000000000000000);
#14379=CARTESIAN_POINT('',(-3.000000000000000,3.673940E-016,10.0));
#14380=VERTEX_POINT('',#14379);
#14381=CARTESIAN_POINT('',(0.0,0.0,10.0));
#14382=DIRECTION('',(0.0,0.0,-1.0));
#14383=DIRECTION('',(1.0,0.0,0.0));
#14384=AXIS2_PLACEMENT_3D('',#14381,#14382,#14383);
#14385=CIRCLE('',#14384,3.000000000000000);
#14386=EDGE_CURVE('',#14380,#14380,#14385,.T.);
#14387=ORIENTED_EDGE('',*,*,#14386,.F.);
#14388=EDGE_LOOP('',(#14387));
#14389=FACE_OUTER_BOUND('',#14388,.T.);
#14390=ORIENTED_EDGE('',*,*,#14366,.F.);
#14391=EDGE_LOOP('',(#14390));
#14392=FACE_BOUND('',#14391,.T.);
#14393=ADVANCED_FACE('',(#14389,#14392),#14378,.F.);
#14394=CARTESIAN_POINT('',(0.0,0.0,10.0));
#14395=DIRECTION('',(0.0,0.0,1.0));
#14396=DIRECTION('',(1.0,0.0,0.0));
#14397=AXIS2_PLACEMENT_3D('',#14394,#14395,#14396);
#14398=PLANE('',#14397);
#14399=ORIENTED_EDGE('',*,*,#14386,.T.);
#14400=EDGE_LOOP('',(#14399));
#14401=FACE_OUTER_BOUND('',#14400,.T.);
#14402=ADVANCED_FACE('',(#14401),#14398,.F.);
#14403=CLOSED_SHELL('',(#14344,#14353,#14373,#14393,#14402));
#14404=ORIENTED_CLOSED_SHELL('',*,#14403,.F.);
#14405=BREP_WITH_VOIDS('',#14316,(#14404));
#14406=COLOUR_RGB('Green Pastel',0.572548985481262,0.721569001674652,0.560783982276917);
#14407=FILL_AREA_STYLE_COLOUR('Green Pastel',#14406);
#14408=FILL_AREA_STYLE('Green Pastel',(#14407));
#14409=SURFACE_STYLE_FILL_AREA(#14408);
#14410=SURFACE_SIDE_STYLE('Green Pastel',(#14409));
#14411=SURFACE_STYLE_USAGE(.BOTH.,#14410);
#14412=PRESENTATION_STYLE_ASSIGNMENT((#14411));
#14413=STYLED_ITEM('',(#14412),#14405);
#14414=ADVANCED_BREP_SHAPE_REPRESENTATION('ABSR',(#14405),#12230);
#14415=SHAPE_REPRESENTATION_RELATIONSHIP('SRR','None',#14414,#12235);
#14416=AXIS2_PLACEMENT_3D('',#14417,#14418,#14419);
#14417=CARTESIAN_POINT('',(280.000000000000060,30.000000000008665,61.750000000000043));
#14418=DIRECTION('',(0.0,-1.0,0.0));
#14419=DIRECTION('',(-0.095916166693638,0.0,0.995389415739789));
#14420=NEXT_ASSEMBLY_USAGE_OCCURRENCE('Z10x3:1','Z10x3:1','Z10x3:1',#12,#12206,'Z10x3:1');
#14421=PRODUCT_DEFINITION_SHAPE('Z10x3:1','Z10x3:1',#14420);
#14422=ITEM_DEFINED_TRANSFORMATION('Z10x3:1','Z10x3:1',#12231,#14416);
#14426=(REPRESENTATION_RELATIONSHIP('Z10x3:1','Z10x3:1',#12235,#41)REPRESENTATION_RELATIONSHIP_WITH_TRANSFORMATION(#14422)SHAPE_REPRESENTATION_RELATIONSHIP());
#14427=CONTEXT_DEPENDENT_SHAPE_REPRESENTATION(#14426,#14421);
#14428=AXIS2_PLACEMENT_3D('',#14429,#14430,#14431);
#14429=CARTESIAN_POINT('',(174.130834385368730,-202.031032395742780,-108.403234780314360));
#14430=DIRECTION('',(0.142162162906109,0.051938861008145,0.988479779335434));
#14431=DIRECTION('',(-0.878650194300763,-0.453232185547994,0.150181297233081));
#14432=NEXT_ASSEMBLY_USAGE_OCCURRENCE('AssSlider:3','AssSlider:3','AssSlider:3',#12,#3917,'AssSlider:3');
#14433=PRODUCT_DEFINITION_SHAPE('AssSlider:3','AssSlider:3',#14432);
#14434=ITEM_DEFINED_TRANSFORMATION('AssSlider:3','AssSlider:3',#3942,#14428);
#14438=(REPRESENTATION_RELATIONSHIP('AssSlider:3','AssSlider:3',#3946,#41)REPRESENTATION_RELATIONSHIP_WITH_TRANSFORMATION(#14434)SHAPE_REPRESENTATION_RELATIONSHIP());
#14439=CONTEXT_DEPENDENT_SHAPE_REPRESENTATION(#14438,#14433);
ENDSEC;
END-ISO-10303-21;
