ISO-10303-21;
HEADER;
/****************************************************************
 * Generated by software with PDE/Lib inside                    *
 * PDElib Version v51a, created Thu 12/14/2006                  *
 * International Technegroup Inc. (www.iti-oh.com)              *
 ****************************************************************/
FILE_DESCRIPTION((''),'2;1');
FILE_NAME('D:\\THANG\\2018\\YouTube\\2F\\10FlushSlideDoor\\RackM3.stp','2018-03-07T21:08:00',('Administrator'),(''),'Autodesk Inventor 2008','Autodesk Inventor 2008','');
FILE_SCHEMA(('AUTOMOTIVE_DESIGN { 1 0 10303 214 1 1 1 1 }'));
ENDSEC;
DATA;
#5=APPLICATION_CONTEXT('automotive design');
#6=APPLICATION_PROTOCOL_DEFINITION('International Standard','automotive_design',2001,#5);
#7=PRODUCT_CONTEXT('',#5,'mechanical');
#8=PRODUCT('RackM3','RackM3',$,(#7));
#9=PRODUCT_RELATED_PRODUCT_CATEGORY('part',$,(#8));
#10=PRODUCT_DEFINITION_FORMATION('',$,#8);
#11=PRODUCT_DEFINITION_CONTEXT('part definition',#5,'design');
#12=PRODUCT_DEFINITION('',$,#10,#11);
#18=(NAMED_UNIT(*)PLANE_ANGLE_UNIT()SI_UNIT($,.RADIAN.));
#19=DIMENSIONAL_EXPONENTS(0.0,0.0,0.0,0.0,0.0,0.0,0.0);
#20=PLANE_ANGLE_MEASURE_WITH_UNIT(PLANE_ANGLE_MEASURE(0.017453292500000),#18);
#24=(CONVERSION_BASED_UNIT('DEGREE',#20)NAMED_UNIT(#19)PLANE_ANGLE_UNIT());
#28=(NAMED_UNIT(*)SI_UNIT($,.STERADIAN.)SOLID_ANGLE_UNIT());
#32=(LENGTH_UNIT()NAMED_UNIT(*)SI_UNIT(.MILLI.,.METRE.));
#34=UNCERTAINTY_MEASURE_WITH_UNIT(LENGTH_MEASURE(0.010000000000000),#32,'DISTANCE_ACCURACY_VALUE','');
#36=(GEOMETRIC_REPRESENTATION_CONTEXT(3)GLOBAL_UNCERTAINTY_ASSIGNED_CONTEXT((#34))GLOBAL_UNIT_ASSIGNED_CONTEXT((#24,#28,#32))REPRESENTATION_CONTEXT('None','None'));
#37=AXIS2_PLACEMENT_3D('',#38,#39,#40);
#38=CARTESIAN_POINT('',(0.0,0.0,0.0));
#39=DIRECTION('',(0.0,0.0,1.0));
#40=DIRECTION('',(1.0,0.0,0.0));
#41=SHAPE_REPRESENTATION('',(#37),#36);
#42=PRODUCT_DEFINITION_SHAPE('','',#12);
#43=SHAPE_DEFINITION_REPRESENTATION(#42,#41);
#49=(NAMED_UNIT(*)PLANE_ANGLE_UNIT()SI_UNIT($,.RADIAN.));
#50=DIMENSIONAL_EXPONENTS(0.0,0.0,0.0,0.0,0.0,0.0,0.0);
#51=PLANE_ANGLE_MEASURE_WITH_UNIT(PLANE_ANGLE_MEASURE(0.017453292500000),#49);
#55=(CONVERSION_BASED_UNIT('DEGREE',#51)NAMED_UNIT(#50)PLANE_ANGLE_UNIT());
#59=(NAMED_UNIT(*)SI_UNIT($,.STERADIAN.)SOLID_ANGLE_UNIT());
#63=(LENGTH_UNIT()NAMED_UNIT(*)SI_UNIT(.MILLI.,.METRE.));
#65=UNCERTAINTY_MEASURE_WITH_UNIT(LENGTH_MEASURE(0.000001000000000),#63,'DISTANCE_ACCURACY_VALUE','');
#67=(GEOMETRIC_REPRESENTATION_CONTEXT(3)GLOBAL_UNCERTAINTY_ASSIGNED_CONTEXT((#65))GLOBAL_UNIT_ASSIGNED_CONTEXT((#55,#59,#63))REPRESENTATION_CONTEXT('','3D'));
#68=CARTESIAN_POINT('',(369.335388378498290,-9.999999999999975,30.999999999999996));
#69=DIRECTION('',(1.0,0.0,0.0));
#70=DIRECTION('',(0.0,0.0,-1.0));
#71=AXIS2_PLACEMENT_3D('',#68,#69,#70);
#72=PLANE('',#71);
#73=CARTESIAN_POINT('',(369.335388378498290,-14.999999999999975,30.999999999999996));
#74=VERTEX_POINT('',#73);
#75=CARTESIAN_POINT('',(369.335388378498290,-14.999999999999975,-10.0));
#76=VERTEX_POINT('',#75);
#77=CARTESIAN_POINT('',(369.335388378498290,-14.999999999999975,30.999999999999996));
#78=DIRECTION('',(0.0,0.0,-1.0));
#79=VECTOR('',#78,41.0);
#80=LINE('',#77,#79);
#81=EDGE_CURVE('',#74,#76,#80,.T.);
#82=ORIENTED_EDGE('',*,*,#81,.T.);
#83=CARTESIAN_POINT('',(369.335388378498290,-9.999999999999975,-10.0));
#84=VERTEX_POINT('',#83);
#85=CARTESIAN_POINT('',(369.335388378498290,-9.999999999999975,-10.0));
#86=DIRECTION('',(0.0,-1.0,0.0));
#87=VECTOR('',#86,5.0);
#88=LINE('',#85,#87);
#89=EDGE_CURVE('',#84,#76,#88,.T.);
#90=ORIENTED_EDGE('',*,*,#89,.F.);
#91=CARTESIAN_POINT('',(369.335388378498290,-9.999999999999975,0.0));
#92=VERTEX_POINT('',#91);
#93=CARTESIAN_POINT('',(369.335388378498290,-9.999999999999975,0.0));
#94=DIRECTION('',(0.0,0.0,-1.0));
#95=VECTOR('',#94,10.0);
#96=LINE('',#93,#95);
#97=EDGE_CURVE('',#92,#84,#96,.T.);
#98=ORIENTED_EDGE('',*,*,#97,.F.);
#99=CARTESIAN_POINT('',(369.335388378498290,-9.999999999999975,30.999999999999996));
#100=VERTEX_POINT('',#99);
#101=CARTESIAN_POINT('',(369.335388378498290,-9.999999999999975,0.0));
#102=DIRECTION('',(0.0,0.0,1.0));
#103=VECTOR('',#102,30.999999999999996);
#104=LINE('',#101,#103);
#105=EDGE_CURVE('',#92,#100,#104,.T.);
#106=ORIENTED_EDGE('',*,*,#105,.T.);
#107=CARTESIAN_POINT('',(369.335388378498290,-9.999999999999975,30.999999999999996));
#108=DIRECTION('',(0.0,-1.0,0.0));
#109=VECTOR('',#108,5.0);
#110=LINE('',#107,#109);
#111=EDGE_CURVE('',#100,#74,#110,.T.);
#112=ORIENTED_EDGE('',*,*,#111,.T.);
#113=EDGE_LOOP('',(#82,#90,#98,#106,#112));
#114=FACE_OUTER_BOUND('',#113,.T.);
#115=ADVANCED_FACE('',(#114),#72,.T.);
#116=CARTESIAN_POINT('',(353.335388378498350,-9.999999999999981,-10.0));
#117=DIRECTION('',(-1.0,0.0,0.0));
#118=DIRECTION('',(0.0,0.0,1.0));
#119=AXIS2_PLACEMENT_3D('',#116,#117,#118);
#120=PLANE('',#119);
#121=CARTESIAN_POINT('',(353.335388378498350,-14.999999999999980,-10.0));
#122=VERTEX_POINT('',#121);
#123=CARTESIAN_POINT('',(353.335388378498350,-14.999999999999980,30.999999999999996));
#124=VERTEX_POINT('',#123);
#125=CARTESIAN_POINT('',(353.335388378498350,-14.999999999999980,-10.0));
#126=DIRECTION('',(0.0,0.0,1.0));
#127=VECTOR('',#126,41.0);
#128=LINE('',#125,#127);
#129=EDGE_CURVE('',#122,#124,#128,.T.);
#130=ORIENTED_EDGE('',*,*,#129,.T.);
#131=CARTESIAN_POINT('',(353.335388378498350,-9.999999999999981,30.999999999999996));
#132=VERTEX_POINT('',#131);
#133=CARTESIAN_POINT('',(353.335388378498350,-9.999999999999981,30.999999999999996));
#134=DIRECTION('',(0.0,-1.0,0.0));
#135=VECTOR('',#134,5.0);
#136=LINE('',#133,#135);
#137=EDGE_CURVE('',#132,#124,#136,.T.);
#138=ORIENTED_EDGE('',*,*,#137,.F.);
#139=CARTESIAN_POINT('',(353.335388378498350,-9.999999999999981,0.0));
#140=VERTEX_POINT('',#139);
#141=CARTESIAN_POINT('',(353.335388378498350,-9.999999999999981,30.999999999999996));
#142=DIRECTION('',(0.0,0.0,-1.0));
#143=VECTOR('',#142,30.999999999999996);
#144=LINE('',#141,#143);
#145=EDGE_CURVE('',#132,#140,#144,.T.);
#146=ORIENTED_EDGE('',*,*,#145,.T.);
#147=CARTESIAN_POINT('',(353.335388378498350,-9.999999999999981,-10.0));
#148=VERTEX_POINT('',#147);
#149=CARTESIAN_POINT('',(353.335388378498350,-9.999999999999981,-10.0));
#150=DIRECTION('',(0.0,0.0,1.0));
#151=VECTOR('',#150,10.0);
#152=LINE('',#149,#151);
#153=EDGE_CURVE('',#148,#140,#152,.T.);
#154=ORIENTED_EDGE('',*,*,#153,.F.);
#155=CARTESIAN_POINT('',(353.335388378498350,-9.999999999999981,-10.0));
#156=DIRECTION('',(0.0,-1.0,0.0));
#157=VECTOR('',#156,5.0);
#158=LINE('',#155,#157);
#159=EDGE_CURVE('',#148,#122,#158,.T.);
#160=ORIENTED_EDGE('',*,*,#159,.T.);
#161=EDGE_LOOP('',(#130,#138,#146,#154,#160));
#162=FACE_OUTER_BOUND('',#161,.T.);
#163=ADVANCED_FACE('',(#162),#120,.T.);
#164=CARTESIAN_POINT('',(-3.721388378498259,-10.000000000000069,0.0));
#165=DIRECTION('',(0.0,-1.0,0.0));
#166=DIRECTION('',(0.0,0.0,-1.0));
#167=AXIS2_PLACEMENT_3D('',#164,#165,#166);
#168=PLANE('',#167);
#169=ORIENTED_EDGE('',*,*,#97,.T.);
#170=CARTESIAN_POINT('',(371.335388378498350,-9.999999999999975,-10.0));
#171=VERTEX_POINT('',#170);
#172=CARTESIAN_POINT('',(371.335388378498350,-9.999999999999975,-10.0));
#173=DIRECTION('',(-1.0,0.0,0.0));
#174=VECTOR('',#173,2.000000000000057);
#175=LINE('',#172,#174);
#176=EDGE_CURVE('',#171,#84,#175,.T.);
#177=ORIENTED_EDGE('',*,*,#176,.F.);
#178=CARTESIAN_POINT('',(371.335388378498350,-9.999999999999975,0.0));
#179=VERTEX_POINT('',#178);
#180=CARTESIAN_POINT('',(371.335388378498350,-9.999999999999975,0.0));
#181=DIRECTION('',(0.0,0.0,-1.0));
#182=VECTOR('',#181,10.0);
#183=LINE('',#180,#182);
#184=EDGE_CURVE('',#179,#171,#183,.T.);
#185=ORIENTED_EDGE('',*,*,#184,.F.);
#186=CARTESIAN_POINT('',(369.335388378498290,-9.999999999999975,0.0));
#187=DIRECTION('',(1.0,0.0,0.0));
#188=VECTOR('',#187,2.000000000000057);
#189=LINE('',#186,#188);
#190=EDGE_CURVE('',#92,#179,#189,.T.);
#191=ORIENTED_EDGE('',*,*,#190,.F.);
#192=EDGE_LOOP('',(#169,#177,#185,#191));
#193=FACE_OUTER_BOUND('',#192,.T.);
#194=ADVANCED_FACE('',(#193),#168,.T.);
#195=CARTESIAN_POINT('',(-3.721388378498259,-10.000000000000069,0.0));
#196=DIRECTION('',(0.0,-1.0,0.0));
#197=DIRECTION('',(0.0,0.0,-1.0));
#198=AXIS2_PLACEMENT_3D('',#195,#196,#197);
#199=PLANE('',#198);
#200=ORIENTED_EDGE('',*,*,#153,.T.);
#201=CARTESIAN_POINT('',(67.580386376896655,-10.000000000000052,0.0));
#202=VERTEX_POINT('',#201);
#203=CARTESIAN_POINT('',(67.580386376896655,-10.000000000000052,0.0));
#204=DIRECTION('',(1.0,0.0,0.0));
#205=VECTOR('',#204,285.755002001601720);
#206=LINE('',#203,#205);
#207=EDGE_CURVE('',#202,#140,#206,.T.);
#208=ORIENTED_EDGE('',*,*,#207,.F.);
#209=CARTESIAN_POINT('',(67.580386376896783,-10.000000000000052,-10.0));
#210=VERTEX_POINT('',#209);
#211=CARTESIAN_POINT('',(61.335388378498322,-10.000000000000069,-5.000000000000084));
#212=DIRECTION('',(0.0,1.0,0.0));
#213=DIRECTION('',(-1.0,0.0,0.0));
#214=AXIS2_PLACEMENT_3D('',#211,#212,#213);
#215=CIRCLE('',#214,8.0);
#216=EDGE_CURVE('',#202,#210,#215,.T.);
#217=ORIENTED_EDGE('',*,*,#216,.T.);
#218=CARTESIAN_POINT('',(353.335388378498350,-9.999999999999981,-10.0));
#219=DIRECTION('',(-1.0,0.0,0.0));
#220=VECTOR('',#219,285.755002001601550);
#221=LINE('',#218,#220);
#222=EDGE_CURVE('',#148,#210,#221,.T.);
#223=ORIENTED_EDGE('',*,*,#222,.F.);
#224=EDGE_LOOP('',(#200,#208,#217,#223));
#225=FACE_OUTER_BOUND('',#224,.T.);
#226=ADVANCED_FACE('',(#225),#199,.T.);
#227=CARTESIAN_POINT('',(61.335388378498322,-10.000000000000053,-5.000000000000084));
#228=DIRECTION('',(0.0,1.0,0.0));
#229=DIRECTION('',(0.0,0.0,1.0));
#230=AXIS2_PLACEMENT_3D('',#227,#228,#229);
#231=PLANE('',#230);
#232=CARTESIAN_POINT('',(55.090390380099983,-10.000000000000053,0.0));
#233=VERTEX_POINT('',#232);
#234=CARTESIAN_POINT('',(55.090390380099983,-10.000000000000053,0.0));
#235=DIRECTION('',(1.0,0.0,0.0));
#236=VECTOR('',#235,12.489995996796672);
#237=LINE('',#234,#236);
#238=EDGE_CURVE('',#233,#202,#237,.T.);
#239=ORIENTED_EDGE('',*,*,#238,.F.);
#240=CARTESIAN_POINT('',(61.335388378498322,-10.000000000000053,-5.000000000000084));
#241=DIRECTION('',(0.0,1.0,0.0));
#242=DIRECTION('',(-1.0,0.0,0.0));
#243=AXIS2_PLACEMENT_3D('',#240,#241,#242);
#244=CIRCLE('',#243,8.0);
#245=EDGE_CURVE('',#233,#202,#244,.T.);
#246=ORIENTED_EDGE('',*,*,#245,.T.);
#247=EDGE_LOOP('',(#239,#246));
#248=FACE_OUTER_BOUND('',#247,.T.);
#249=ADVANCED_FACE('',(#248),#231,.T.);
#250=CARTESIAN_POINT('',(61.335388378498322,-10.000000000000053,-5.000000000000084));
#251=DIRECTION('',(0.0,1.0,0.0));
#252=DIRECTION('',(0.0,0.0,1.0));
#253=AXIS2_PLACEMENT_3D('',#250,#251,#252);
#254=PLANE('',#253);
#255=CARTESIAN_POINT('',(55.090390380099848,-10.000000000000053,-10.0));
#256=VERTEX_POINT('',#255);
#257=CARTESIAN_POINT('',(67.580386376896783,-10.000000000000052,-10.0));
#258=DIRECTION('',(-1.0,0.0,0.0));
#259=VECTOR('',#258,12.489995996796935);
#260=LINE('',#257,#259);
#261=EDGE_CURVE('',#210,#256,#260,.T.);
#262=ORIENTED_EDGE('',*,*,#261,.F.);
#263=CARTESIAN_POINT('',(61.335388378498322,-10.000000000000053,-5.000000000000084));
#264=DIRECTION('',(0.0,1.0,0.0));
#265=DIRECTION('',(-1.0,0.0,0.0));
#266=AXIS2_PLACEMENT_3D('',#263,#264,#265);
#267=CIRCLE('',#266,8.0);
#268=EDGE_CURVE('',#210,#256,#267,.T.);
#269=ORIENTED_EDGE('',*,*,#268,.T.);
#270=EDGE_LOOP('',(#262,#269));
#271=FACE_OUTER_BOUND('',#270,.T.);
#272=ADVANCED_FACE('',(#271),#254,.T.);
#273=CARTESIAN_POINT('',(61.335388378498322,-10.000000000000053,-5.000000000000093));
#274=DIRECTION('',(0.0,-1.0,0.0));
#275=DIRECTION('',(-1.0,0.0,0.0));
#276=AXIS2_PLACEMENT_3D('',#273,#274,#275);
#277=CYLINDRICAL_SURFACE('',#276,4.0);
#278=CARTESIAN_POINT('',(65.335388378498322,-10.000000000000053,-5.000000000000093));
#279=VERTEX_POINT('',#278);
#280=CARTESIAN_POINT('',(61.335388378498322,-10.000000000000069,-5.000000000000093));
#281=DIRECTION('',(0.0,-1.0,0.0));
#282=DIRECTION('',(-1.0,0.0,0.0));
#283=AXIS2_PLACEMENT_3D('',#280,#281,#282);
#284=CIRCLE('',#283,4.0);
#285=EDGE_CURVE('',#279,#279,#284,.T.);
#286=ORIENTED_EDGE('',*,*,#285,.F.);
#287=EDGE_LOOP('',(#286));
#288=FACE_OUTER_BOUND('',#287,.T.);
#289=CARTESIAN_POINT('',(65.335388378498322,-15.000000000000053,-5.000000000000093));
#290=VERTEX_POINT('',#289);
#291=CARTESIAN_POINT('',(61.335388378498322,-15.000000000000053,-5.000000000000093));
#292=DIRECTION('',(0.0,1.0,0.0));
#293=DIRECTION('',(-1.0,0.0,0.0));
#294=AXIS2_PLACEMENT_3D('',#291,#292,#293);
#295=CIRCLE('',#294,4.0);
#296=EDGE_CURVE('',#290,#290,#295,.T.);
#297=ORIENTED_EDGE('',*,*,#296,.F.);
#298=EDGE_LOOP('',(#297));
#299=FACE_BOUND('',#298,.T.);
#300=ADVANCED_FACE('',(#288,#299),#277,.F.);
#301=CARTESIAN_POINT('',(61.335388378498322,-10.000000000000053,-5.000000000000084));
#302=DIRECTION('',(0.0,-1.0,0.0));
#303=DIRECTION('',(-1.0,0.0,0.0));
#304=AXIS2_PLACEMENT_3D('',#301,#302,#303);
#305=CYLINDRICAL_SURFACE('',#304,8.0);
#306=ORIENTED_EDGE('',*,*,#216,.F.);
#307=ORIENTED_EDGE('',*,*,#245,.F.);
#308=CARTESIAN_POINT('',(61.335388378498322,-10.000000000000069,-5.000000000000084));
#309=DIRECTION('',(0.0,1.0,0.0));
#310=DIRECTION('',(-1.0,0.0,0.0));
#311=AXIS2_PLACEMENT_3D('',#308,#309,#310);
#312=CIRCLE('',#311,8.0);
#313=EDGE_CURVE('',#256,#233,#312,.T.);
#314=ORIENTED_EDGE('',*,*,#313,.F.);
#315=ORIENTED_EDGE('',*,*,#268,.F.);
#316=EDGE_LOOP('',(#306,#307,#314,#315));
#317=FACE_OUTER_BOUND('',#316,.T.);
#318=CARTESIAN_POINT('',(69.335388378498322,-15.000000000000053,-5.000000000000084));
#319=VERTEX_POINT('',#318);
#320=CARTESIAN_POINT('',(61.335388378498322,-15.000000000000053,-5.000000000000084));
#321=DIRECTION('',(0.0,-1.0,0.0));
#322=DIRECTION('',(-1.0,0.0,0.0));
#323=AXIS2_PLACEMENT_3D('',#320,#321,#322);
#324=CIRCLE('',#323,8.0);
#325=EDGE_CURVE('',#319,#319,#324,.T.);
#326=ORIENTED_EDGE('',*,*,#325,.F.);
#327=EDGE_LOOP('',(#326));
#328=FACE_BOUND('',#327,.T.);
#329=ADVANCED_FACE('',(#317,#328),#305,.T.);
#330=CARTESIAN_POINT('',(61.335388378498322,-15.000000000000053,-5.000000000000084));
#331=DIRECTION('',(0.0,1.0,0.0));
#332=DIRECTION('',(0.0,0.0,1.0));
#333=AXIS2_PLACEMENT_3D('',#330,#331,#332);
#334=PLANE('',#333);
#335=ORIENTED_EDGE('',*,*,#325,.T.);
#336=EDGE_LOOP('',(#335));
#337=FACE_OUTER_BOUND('',#336,.T.);
#338=ORIENTED_EDGE('',*,*,#296,.T.);
#339=EDGE_LOOP('',(#338));
#340=FACE_BOUND('',#339,.T.);
#341=ADVANCED_FACE('',(#337,#340),#334,.F.);
#342=CARTESIAN_POINT('',(-3.721388378498259,-10.000000000000069,0.0));
#343=DIRECTION('',(0.0,-1.0,0.0));
#344=DIRECTION('',(0.0,0.0,-1.0));
#345=AXIS2_PLACEMENT_3D('',#342,#343,#344);
#346=PLANE('',#345);
#347=ORIENTED_EDGE('',*,*,#313,.T.);
#348=CARTESIAN_POINT('',(-3.721388378498259,-10.000000000000069,0.0));
#349=VERTEX_POINT('',#348);
#350=CARTESIAN_POINT('',(-3.721388378498259,-10.000000000000069,0.0));
#351=DIRECTION('',(1.0,0.0,0.0));
#352=VECTOR('',#351,58.811778758598244);
#353=LINE('',#350,#352);
#354=EDGE_CURVE('',#349,#233,#353,.T.);
#355=ORIENTED_EDGE('',*,*,#354,.F.);
#356=CARTESIAN_POINT('',(-3.721388378498259,-10.000000000000069,-10.0));
#357=VERTEX_POINT('',#356);
#358=CARTESIAN_POINT('',(-3.721388378498259,-10.000000000000069,0.0));
#359=DIRECTION('',(0.0,0.0,-1.0));
#360=VECTOR('',#359,10.0);
#361=LINE('',#358,#360);
#362=EDGE_CURVE('',#349,#357,#361,.T.);
#363=ORIENTED_EDGE('',*,*,#362,.T.);
#364=CARTESIAN_POINT('',(55.090390380099848,-10.000000000000053,-10.0));
#365=DIRECTION('',(-1.0,0.0,0.0));
#366=VECTOR('',#365,58.811778758598109);
#367=LINE('',#364,#366);
#368=EDGE_CURVE('',#256,#357,#367,.T.);
#369=ORIENTED_EDGE('',*,*,#368,.F.);
#370=EDGE_LOOP('',(#347,#355,#363,#369));
#371=FACE_OUTER_BOUND('',#370,.T.);
#372=ADVANCED_FACE('',(#371),#346,.T.);
#373=CARTESIAN_POINT('',(371.335388378498350,1.110223E-015,0.0));
#374=DIRECTION('',(0.0,1.0,0.0));
#375=DIRECTION('',(0.0,0.0,1.0));
#376=AXIS2_PLACEMENT_3D('',#373,#374,#375);
#377=PLANE('',#376);
#378=CARTESIAN_POINT('',(5.704611621501744,1.110223E-015,0.0));
#379=VERTEX_POINT('',#378);
#380=CARTESIAN_POINT('',(5.704611621501744,1.110223E-015,-10.0));
#381=VERTEX_POINT('',#380);
#382=CARTESIAN_POINT('',(5.704611621501744,1.110223E-015,0.0));
#383=DIRECTION('',(0.0,0.0,-1.0));
#384=VECTOR('',#383,10.0);
#385=LINE('',#382,#384);
#386=EDGE_CURVE('',#379,#381,#385,.T.);
#387=ORIENTED_EDGE('',*,*,#386,.T.);
#388=CARTESIAN_POINT('',(3.721388378498258,1.110223E-015,-10.0));
#389=VERTEX_POINT('',#388);
#390=CARTESIAN_POINT('',(3.721388378498258,1.110223E-015,-10.0));
#391=DIRECTION('',(1.0,0.0,0.0));
#392=VECTOR('',#391,1.983223243003486);
#393=LINE('',#390,#392);
#394=EDGE_CURVE('',#389,#381,#393,.T.);
#395=ORIENTED_EDGE('',*,*,#394,.F.);
#396=CARTESIAN_POINT('',(3.721388378498258,1.110223E-015,0.0));
#397=VERTEX_POINT('',#396);
#398=CARTESIAN_POINT('',(3.721388378498258,1.110223E-015,0.0));
#399=DIRECTION('',(0.0,0.0,-1.0));
#400=VECTOR('',#399,10.0);
#401=LINE('',#398,#400);
#402=EDGE_CURVE('',#397,#389,#401,.T.);
#403=ORIENTED_EDGE('',*,*,#402,.F.);
#404=CARTESIAN_POINT('',(5.704611621501744,1.110223E-015,0.0));
#405=DIRECTION('',(-1.0,0.0,0.0));
#406=VECTOR('',#405,1.983223243003486);
#407=LINE('',#404,#406);
#408=EDGE_CURVE('',#379,#397,#407,.T.);
#409=ORIENTED_EDGE('',*,*,#408,.F.);
#410=EDGE_LOOP('',(#387,#395,#403,#409));
#411=FACE_OUTER_BOUND('',#410,.T.);
#412=ADVANCED_FACE('',(#411),#377,.T.);
#413=CARTESIAN_POINT('',(371.335388378498350,1.110223E-015,0.0));
#414=DIRECTION('',(0.0,1.0,0.0));
#415=DIRECTION('',(0.0,0.0,1.0));
#416=AXIS2_PLACEMENT_3D('',#413,#414,#415);
#417=PLANE('',#416);
#418=CARTESIAN_POINT('',(15.130611621501746,1.110223E-015,0.0));
#419=VERTEX_POINT('',#418);
#420=CARTESIAN_POINT('',(15.130611621501746,1.110223E-015,-10.0));
#421=VERTEX_POINT('',#420);
#422=CARTESIAN_POINT('',(15.130611621501746,1.110223E-015,0.0));
#423=DIRECTION('',(0.0,0.0,-1.0));
#424=VECTOR('',#423,10.0);
#425=LINE('',#422,#424);
#426=EDGE_CURVE('',#419,#421,#425,.T.);
#427=ORIENTED_EDGE('',*,*,#426,.T.);
#428=CARTESIAN_POINT('',(13.147388378498261,1.110223E-015,-10.0));
#429=VERTEX_POINT('',#428);
#430=CARTESIAN_POINT('',(13.147388378498261,1.110223E-015,-10.0));
#431=DIRECTION('',(1.0,0.0,0.0));
#432=VECTOR('',#431,1.983223243003485);
#433=LINE('',#430,#432);
#434=EDGE_CURVE('',#429,#421,#433,.T.);
#435=ORIENTED_EDGE('',*,*,#434,.F.);
#436=CARTESIAN_POINT('',(13.147388378498261,1.110223E-015,0.0));
#437=VERTEX_POINT('',#436);
#438=CARTESIAN_POINT('',(13.147388378498261,1.110223E-015,0.0));
#439=DIRECTION('',(0.0,0.0,-1.0));
#440=VECTOR('',#439,10.0);
#441=LINE('',#438,#440);
#442=EDGE_CURVE('',#437,#429,#441,.T.);
#443=ORIENTED_EDGE('',*,*,#442,.F.);
#444=CARTESIAN_POINT('',(15.130611621501746,1.110223E-015,0.0));
#445=DIRECTION('',(-1.0,0.0,0.0));
#446=VECTOR('',#445,1.983223243003485);
#447=LINE('',#444,#446);
#448=EDGE_CURVE('',#419,#437,#447,.T.);
#449=ORIENTED_EDGE('',*,*,#448,.F.);
#450=EDGE_LOOP('',(#427,#435,#443,#449));
#451=FACE_OUTER_BOUND('',#450,.T.);
#452=ADVANCED_FACE('',(#451),#417,.T.);
#453=CARTESIAN_POINT('',(371.335388378498350,1.110223E-015,0.0));
#454=DIRECTION('',(0.0,1.0,0.0));
#455=DIRECTION('',(0.0,0.0,1.0));
#456=AXIS2_PLACEMENT_3D('',#453,#454,#455);
#457=PLANE('',#456);
#458=CARTESIAN_POINT('',(24.556611621501752,1.110223E-015,0.0));
#459=VERTEX_POINT('',#458);
#460=CARTESIAN_POINT('',(24.556611621501752,1.110223E-015,-10.0));
#461=VERTEX_POINT('',#460);
#462=CARTESIAN_POINT('',(24.556611621501752,1.110223E-015,0.0));
#463=DIRECTION('',(0.0,0.0,-1.0));
#464=VECTOR('',#463,10.0);
#465=LINE('',#462,#464);
#466=EDGE_CURVE('',#459,#461,#465,.T.);
#467=ORIENTED_EDGE('',*,*,#466,.T.);
#468=CARTESIAN_POINT('',(22.573388378498262,1.110223E-015,-10.0));
#469=VERTEX_POINT('',#468);
#470=CARTESIAN_POINT('',(22.573388378498262,1.110223E-015,-10.0));
#471=DIRECTION('',(1.0,0.0,0.0));
#472=VECTOR('',#471,1.983223243003490);
#473=LINE('',#470,#472);
#474=EDGE_CURVE('',#469,#461,#473,.T.);
#475=ORIENTED_EDGE('',*,*,#474,.F.);
#476=CARTESIAN_POINT('',(22.573388378498262,1.110223E-015,0.0));
#477=VERTEX_POINT('',#476);
#478=CARTESIAN_POINT('',(22.573388378498262,1.110223E-015,0.0));
#479=DIRECTION('',(0.0,0.0,-1.0));
#480=VECTOR('',#479,10.0);
#481=LINE('',#478,#480);
#482=EDGE_CURVE('',#477,#469,#481,.T.);
#483=ORIENTED_EDGE('',*,*,#482,.F.);
#484=CARTESIAN_POINT('',(24.556611621501752,1.110223E-015,0.0));
#485=DIRECTION('',(-1.0,0.0,0.0));
#486=VECTOR('',#485,1.983223243003490);
#487=LINE('',#484,#486);
#488=EDGE_CURVE('',#459,#477,#487,.T.);
#489=ORIENTED_EDGE('',*,*,#488,.F.);
#490=EDGE_LOOP('',(#467,#475,#483,#489));
#491=FACE_OUTER_BOUND('',#490,.T.);
#492=ADVANCED_FACE('',(#491),#457,.T.);
#493=CARTESIAN_POINT('',(371.335388378498350,1.110223E-015,0.0));
#494=DIRECTION('',(0.0,1.0,0.0));
#495=DIRECTION('',(0.0,0.0,1.0));
#496=AXIS2_PLACEMENT_3D('',#493,#494,#495);
#497=PLANE('',#496);
#498=CARTESIAN_POINT('',(33.982611621501754,1.110223E-015,0.0));
#499=VERTEX_POINT('',#498);
#500=CARTESIAN_POINT('',(33.982611621501754,1.110223E-015,-10.0));
#501=VERTEX_POINT('',#500);
#502=CARTESIAN_POINT('',(33.982611621501754,1.110223E-015,0.0));
#503=DIRECTION('',(0.0,0.0,-1.0));
#504=VECTOR('',#503,10.0);
#505=LINE('',#502,#504);
#506=EDGE_CURVE('',#499,#501,#505,.T.);
#507=ORIENTED_EDGE('',*,*,#506,.T.);
#508=CARTESIAN_POINT('',(31.999388378498267,1.110223E-015,-10.0));
#509=VERTEX_POINT('',#508);
#510=CARTESIAN_POINT('',(31.999388378498267,1.110223E-015,-10.0));
#511=DIRECTION('',(1.0,0.0,0.0));
#512=VECTOR('',#511,1.983223243003486);
#513=LINE('',#510,#512);
#514=EDGE_CURVE('',#509,#501,#513,.T.);
#515=ORIENTED_EDGE('',*,*,#514,.F.);
#516=CARTESIAN_POINT('',(31.999388378498267,1.110223E-015,0.0));
#517=VERTEX_POINT('',#516);
#518=CARTESIAN_POINT('',(31.999388378498267,1.110223E-015,0.0));
#519=DIRECTION('',(0.0,0.0,-1.0));
#520=VECTOR('',#519,10.0);
#521=LINE('',#518,#520);
#522=EDGE_CURVE('',#517,#509,#521,.T.);
#523=ORIENTED_EDGE('',*,*,#522,.F.);
#524=CARTESIAN_POINT('',(33.982611621501754,1.110223E-015,0.0));
#525=DIRECTION('',(-1.0,0.0,0.0));
#526=VECTOR('',#525,1.983223243003486);
#527=LINE('',#524,#526);
#528=EDGE_CURVE('',#499,#517,#527,.T.);
#529=ORIENTED_EDGE('',*,*,#528,.F.);
#530=EDGE_LOOP('',(#507,#515,#523,#529));
#531=FACE_OUTER_BOUND('',#530,.T.);
#532=ADVANCED_FACE('',(#531),#497,.T.);
#533=CARTESIAN_POINT('',(371.335388378498350,1.110223E-015,0.0));
#534=DIRECTION('',(0.0,1.0,0.0));
#535=DIRECTION('',(0.0,0.0,1.0));
#536=AXIS2_PLACEMENT_3D('',#533,#534,#535);
#537=PLANE('',#536);
#538=CARTESIAN_POINT('',(43.408611621501755,1.110223E-015,0.0));
#539=VERTEX_POINT('',#538);
#540=CARTESIAN_POINT('',(43.408611621501755,1.110223E-015,-10.0));
#541=VERTEX_POINT('',#540);
#542=CARTESIAN_POINT('',(43.408611621501755,1.110223E-015,0.0));
#543=DIRECTION('',(0.0,0.0,-1.0));
#544=VECTOR('',#543,10.0);
#545=LINE('',#542,#544);
#546=EDGE_CURVE('',#539,#541,#545,.T.);
#547=ORIENTED_EDGE('',*,*,#546,.T.);
#548=CARTESIAN_POINT('',(41.425388378498269,1.110223E-015,-10.0));
#549=VERTEX_POINT('',#548);
#550=CARTESIAN_POINT('',(41.425388378498269,1.110223E-015,-10.0));
#551=DIRECTION('',(1.0,0.0,0.0));
#552=VECTOR('',#551,1.983223243003486);
#553=LINE('',#550,#552);
#554=EDGE_CURVE('',#549,#541,#553,.T.);
#555=ORIENTED_EDGE('',*,*,#554,.F.);
#556=CARTESIAN_POINT('',(41.425388378498269,1.110223E-015,0.0));
#557=VERTEX_POINT('',#556);
#558=CARTESIAN_POINT('',(41.425388378498269,1.110223E-015,0.0));
#559=DIRECTION('',(0.0,0.0,-1.0));
#560=VECTOR('',#559,10.0);
#561=LINE('',#558,#560);
#562=EDGE_CURVE('',#557,#549,#561,.T.);
#563=ORIENTED_EDGE('',*,*,#562,.F.);
#564=CARTESIAN_POINT('',(43.408611621501755,1.110223E-015,0.0));
#565=DIRECTION('',(-1.0,0.0,0.0));
#566=VECTOR('',#565,1.983223243003486);
#567=LINE('',#564,#566);
#568=EDGE_CURVE('',#539,#557,#567,.T.);
#569=ORIENTED_EDGE('',*,*,#568,.F.);
#570=EDGE_LOOP('',(#547,#555,#563,#569));
#571=FACE_OUTER_BOUND('',#570,.T.);
#572=ADVANCED_FACE('',(#571),#537,.T.);
#573=CARTESIAN_POINT('',(371.335388378498350,1.110223E-015,0.0));
#574=DIRECTION('',(0.0,1.0,0.0));
#575=DIRECTION('',(0.0,0.0,1.0));
#576=AXIS2_PLACEMENT_3D('',#573,#574,#575);
#577=PLANE('',#576);
#578=CARTESIAN_POINT('',(52.834611621501757,1.110223E-015,0.0));
#579=VERTEX_POINT('',#578);
#580=CARTESIAN_POINT('',(52.834611621501757,1.110223E-015,-10.0));
#581=VERTEX_POINT('',#580);
#582=CARTESIAN_POINT('',(52.834611621501757,1.110223E-015,0.0));
#583=DIRECTION('',(0.0,0.0,-1.0));
#584=VECTOR('',#583,10.0);
#585=LINE('',#582,#584);
#586=EDGE_CURVE('',#579,#581,#585,.T.);
#587=ORIENTED_EDGE('',*,*,#586,.T.);
#588=CARTESIAN_POINT('',(50.851388378498271,1.110223E-015,-10.0));
#589=VERTEX_POINT('',#588);
#590=CARTESIAN_POINT('',(50.851388378498271,1.110223E-015,-10.0));
#591=DIRECTION('',(1.0,0.0,0.0));
#592=VECTOR('',#591,1.983223243003486);
#593=LINE('',#590,#592);
#594=EDGE_CURVE('',#589,#581,#593,.T.);
#595=ORIENTED_EDGE('',*,*,#594,.F.);
#596=CARTESIAN_POINT('',(50.851388378498271,1.110223E-015,0.0));
#597=VERTEX_POINT('',#596);
#598=CARTESIAN_POINT('',(50.851388378498271,1.110223E-015,0.0));
#599=DIRECTION('',(0.0,0.0,-1.0));
#600=VECTOR('',#599,10.0);
#601=LINE('',#598,#600);
#602=EDGE_CURVE('',#597,#589,#601,.T.);
#603=ORIENTED_EDGE('',*,*,#602,.F.);
#604=CARTESIAN_POINT('',(52.834611621501757,1.110223E-015,0.0));
#605=DIRECTION('',(-1.0,0.0,0.0));
#606=VECTOR('',#605,1.983223243003486);
#607=LINE('',#604,#606);
#608=EDGE_CURVE('',#579,#597,#607,.T.);
#609=ORIENTED_EDGE('',*,*,#608,.F.);
#610=EDGE_LOOP('',(#587,#595,#603,#609));
#611=FACE_OUTER_BOUND('',#610,.T.);
#612=ADVANCED_FACE('',(#611),#577,.T.);
#613=CARTESIAN_POINT('',(371.335388378498350,1.110223E-015,0.0));
#614=DIRECTION('',(0.0,1.0,0.0));
#615=DIRECTION('',(0.0,0.0,1.0));
#616=AXIS2_PLACEMENT_3D('',#613,#614,#615);
#617=PLANE('',#616);
#618=CARTESIAN_POINT('',(62.260611621501752,1.110223E-015,0.0));
#619=VERTEX_POINT('',#618);
#620=CARTESIAN_POINT('',(62.260611621501752,1.110223E-015,-10.0));
#621=VERTEX_POINT('',#620);
#622=CARTESIAN_POINT('',(62.260611621501752,1.110223E-015,0.0));
#623=DIRECTION('',(0.0,0.0,-1.0));
#624=VECTOR('',#623,10.0);
#625=LINE('',#622,#624);
#626=EDGE_CURVE('',#619,#621,#625,.T.);
#627=ORIENTED_EDGE('',*,*,#626,.T.);
#628=CARTESIAN_POINT('',(60.277388378498273,1.110223E-015,-10.0));
#629=VERTEX_POINT('',#628);
#630=CARTESIAN_POINT('',(60.277388378498273,1.110223E-015,-10.0));
#631=DIRECTION('',(1.0,0.0,0.0));
#632=VECTOR('',#631,1.983223243003479);
#633=LINE('',#630,#632);
#634=EDGE_CURVE('',#629,#621,#633,.T.);
#635=ORIENTED_EDGE('',*,*,#634,.F.);
#636=CARTESIAN_POINT('',(60.277388378498273,1.110223E-015,0.0));
#637=VERTEX_POINT('',#636);
#638=CARTESIAN_POINT('',(60.277388378498273,1.110223E-015,0.0));
#639=DIRECTION('',(0.0,0.0,-1.0));
#640=VECTOR('',#639,10.0);
#641=LINE('',#638,#640);
#642=EDGE_CURVE('',#637,#629,#641,.T.);
#643=ORIENTED_EDGE('',*,*,#642,.F.);
#644=CARTESIAN_POINT('',(62.260611621501752,1.110223E-015,0.0));
#645=DIRECTION('',(-1.0,0.0,0.0));
#646=VECTOR('',#645,1.983223243003479);
#647=LINE('',#644,#646);
#648=EDGE_CURVE('',#619,#637,#647,.T.);
#649=ORIENTED_EDGE('',*,*,#648,.F.);
#650=EDGE_LOOP('',(#627,#635,#643,#649));
#651=FACE_OUTER_BOUND('',#650,.T.);
#652=ADVANCED_FACE('',(#651),#617,.T.);
#653=CARTESIAN_POINT('',(371.335388378498350,1.110223E-015,0.0));
#654=DIRECTION('',(0.0,1.0,0.0));
#655=DIRECTION('',(0.0,0.0,1.0));
#656=AXIS2_PLACEMENT_3D('',#653,#654,#655);
#657=PLANE('',#656);
#658=CARTESIAN_POINT('',(71.686611621501754,1.110223E-015,0.0));
#659=VERTEX_POINT('',#658);
#660=CARTESIAN_POINT('',(71.686611621501754,1.110223E-015,-10.0));
#661=VERTEX_POINT('',#660);
#662=CARTESIAN_POINT('',(71.686611621501754,1.110223E-015,0.0));
#663=DIRECTION('',(0.0,0.0,-1.0));
#664=VECTOR('',#663,10.0);
#665=LINE('',#662,#664);
#666=EDGE_CURVE('',#659,#661,#665,.T.);
#667=ORIENTED_EDGE('',*,*,#666,.T.);
#668=CARTESIAN_POINT('',(69.703388378498261,1.110223E-015,-10.0));
#669=VERTEX_POINT('',#668);
#670=CARTESIAN_POINT('',(69.703388378498261,1.110223E-015,-10.0));
#671=DIRECTION('',(1.0,0.0,0.0));
#672=VECTOR('',#671,1.983223243003494);
#673=LINE('',#670,#672);
#674=EDGE_CURVE('',#669,#661,#673,.T.);
#675=ORIENTED_EDGE('',*,*,#674,.F.);
#676=CARTESIAN_POINT('',(69.703388378498261,1.110223E-015,0.0));
#677=VERTEX_POINT('',#676);
#678=CARTESIAN_POINT('',(69.703388378498261,1.110223E-015,0.0));
#679=DIRECTION('',(0.0,0.0,-1.0));
#680=VECTOR('',#679,10.0);
#681=LINE('',#678,#680);
#682=EDGE_CURVE('',#677,#669,#681,.T.);
#683=ORIENTED_EDGE('',*,*,#682,.F.);
#684=CARTESIAN_POINT('',(71.686611621501754,1.110223E-015,0.0));
#685=DIRECTION('',(-1.0,0.0,0.0));
#686=VECTOR('',#685,1.983223243003494);
#687=LINE('',#684,#686);
#688=EDGE_CURVE('',#659,#677,#687,.T.);
#689=ORIENTED_EDGE('',*,*,#688,.F.);
#690=EDGE_LOOP('',(#667,#675,#683,#689));
#691=FACE_OUTER_BOUND('',#690,.T.);
#692=ADVANCED_FACE('',(#691),#657,.T.);
#693=CARTESIAN_POINT('',(371.335388378498350,1.110223E-015,0.0));
#694=DIRECTION('',(0.0,1.0,0.0));
#695=DIRECTION('',(0.0,0.0,1.0));
#696=AXIS2_PLACEMENT_3D('',#693,#694,#695);
#697=PLANE('',#696);
#698=CARTESIAN_POINT('',(81.112611621501742,1.110223E-015,0.0));
#699=VERTEX_POINT('',#698);
#700=CARTESIAN_POINT('',(81.112611621501742,1.110223E-015,-10.0));
#701=VERTEX_POINT('',#700);
#702=CARTESIAN_POINT('',(81.112611621501742,1.110223E-015,0.0));
#703=DIRECTION('',(0.0,0.0,-1.0));
#704=VECTOR('',#703,10.0);
#705=LINE('',#702,#704);
#706=EDGE_CURVE('',#699,#701,#705,.T.);
#707=ORIENTED_EDGE('',*,*,#706,.T.);
#708=CARTESIAN_POINT('',(79.129388378498277,1.110223E-015,-10.0));
#709=VERTEX_POINT('',#708);
#710=CARTESIAN_POINT('',(79.129388378498277,1.110223E-015,-10.0));
#711=DIRECTION('',(1.0,0.0,0.0));
#712=VECTOR('',#711,1.983223243003465);
#713=LINE('',#710,#712);
#714=EDGE_CURVE('',#709,#701,#713,.T.);
#715=ORIENTED_EDGE('',*,*,#714,.F.);
#716=CARTESIAN_POINT('',(79.129388378498277,1.110223E-015,0.0));
#717=VERTEX_POINT('',#716);
#718=CARTESIAN_POINT('',(79.129388378498277,1.110223E-015,0.0));
#719=DIRECTION('',(0.0,0.0,-1.0));
#720=VECTOR('',#719,10.0);
#721=LINE('',#718,#720);
#722=EDGE_CURVE('',#717,#709,#721,.T.);
#723=ORIENTED_EDGE('',*,*,#722,.F.);
#724=CARTESIAN_POINT('',(81.112611621501742,1.110223E-015,0.0));
#725=DIRECTION('',(-1.0,0.0,0.0));
#726=VECTOR('',#725,1.983223243003465);
#727=LINE('',#724,#726);
#728=EDGE_CURVE('',#699,#717,#727,.T.);
#729=ORIENTED_EDGE('',*,*,#728,.F.);
#730=EDGE_LOOP('',(#707,#715,#723,#729));
#731=FACE_OUTER_BOUND('',#730,.T.);
#732=ADVANCED_FACE('',(#731),#697,.T.);
#733=CARTESIAN_POINT('',(371.335388378498350,1.110223E-015,0.0));
#734=DIRECTION('',(0.0,1.0,0.0));
#735=DIRECTION('',(0.0,0.0,1.0));
#736=AXIS2_PLACEMENT_3D('',#733,#734,#735);
#737=PLANE('',#736);
#738=CARTESIAN_POINT('',(90.538611621501758,1.110223E-015,0.0));
#739=VERTEX_POINT('',#738);
#740=CARTESIAN_POINT('',(90.538611621501758,1.110223E-015,-10.0));
#741=VERTEX_POINT('',#740);
#742=CARTESIAN_POINT('',(90.538611621501758,1.110223E-015,0.0));
#743=DIRECTION('',(0.0,0.0,-1.0));
#744=VECTOR('',#743,10.0);
#745=LINE('',#742,#744);
#746=EDGE_CURVE('',#739,#741,#745,.T.);
#747=ORIENTED_EDGE('',*,*,#746,.T.);
#748=CARTESIAN_POINT('',(88.555388378498265,1.110223E-015,-10.0));
#749=VERTEX_POINT('',#748);
#750=CARTESIAN_POINT('',(88.555388378498265,1.110223E-015,-10.0));
#751=DIRECTION('',(1.0,0.0,0.0));
#752=VECTOR('',#751,1.983223243003494);
#753=LINE('',#750,#752);
#754=EDGE_CURVE('',#749,#741,#753,.T.);
#755=ORIENTED_EDGE('',*,*,#754,.F.);
#756=CARTESIAN_POINT('',(88.555388378498265,1.110223E-015,0.0));
#757=VERTEX_POINT('',#756);
#758=CARTESIAN_POINT('',(88.555388378498265,1.110223E-015,0.0));
#759=DIRECTION('',(0.0,0.0,-1.0));
#760=VECTOR('',#759,10.0);
#761=LINE('',#758,#760);
#762=EDGE_CURVE('',#757,#749,#761,.T.);
#763=ORIENTED_EDGE('',*,*,#762,.F.);
#764=CARTESIAN_POINT('',(90.538611621501758,1.110223E-015,0.0));
#765=DIRECTION('',(-1.0,0.0,0.0));
#766=VECTOR('',#765,1.983223243003494);
#767=LINE('',#764,#766);
#768=EDGE_CURVE('',#739,#757,#767,.T.);
#769=ORIENTED_EDGE('',*,*,#768,.F.);
#770=EDGE_LOOP('',(#747,#755,#763,#769));
#771=FACE_OUTER_BOUND('',#770,.T.);
#772=ADVANCED_FACE('',(#771),#737,.T.);
#773=CARTESIAN_POINT('',(371.335388378498350,1.110223E-015,0.0));
#774=DIRECTION('',(0.0,1.0,0.0));
#775=DIRECTION('',(0.0,0.0,1.0));
#776=AXIS2_PLACEMENT_3D('',#773,#774,#775);
#777=PLANE('',#776);
#778=CARTESIAN_POINT('',(99.964611621501760,1.110223E-015,0.0));
#779=VERTEX_POINT('',#778);
#780=CARTESIAN_POINT('',(99.964611621501760,1.110223E-015,-10.0));
#781=VERTEX_POINT('',#780);
#782=CARTESIAN_POINT('',(99.964611621501760,1.110223E-015,0.0));
#783=DIRECTION('',(0.0,0.0,-1.0));
#784=VECTOR('',#783,10.0);
#785=LINE('',#782,#784);
#786=EDGE_CURVE('',#779,#781,#785,.T.);
#787=ORIENTED_EDGE('',*,*,#786,.T.);
#788=CARTESIAN_POINT('',(97.981388378498281,1.110223E-015,-10.0));
#789=VERTEX_POINT('',#788);
#790=CARTESIAN_POINT('',(97.981388378498281,1.110223E-015,-10.0));
#791=DIRECTION('',(1.0,0.0,0.0));
#792=VECTOR('',#791,1.983223243003479);
#793=LINE('',#790,#792);
#794=EDGE_CURVE('',#789,#781,#793,.T.);
#795=ORIENTED_EDGE('',*,*,#794,.F.);
#796=CARTESIAN_POINT('',(97.981388378498281,1.110223E-015,0.0));
#797=VERTEX_POINT('',#796);
#798=CARTESIAN_POINT('',(97.981388378498281,1.110223E-015,0.0));
#799=DIRECTION('',(0.0,0.0,-1.0));
#800=VECTOR('',#799,10.0);
#801=LINE('',#798,#800);
#802=EDGE_CURVE('',#797,#789,#801,.T.);
#803=ORIENTED_EDGE('',*,*,#802,.F.);
#804=CARTESIAN_POINT('',(99.964611621501760,1.110223E-015,0.0));
#805=DIRECTION('',(-1.0,0.0,0.0));
#806=VECTOR('',#805,1.983223243003479);
#807=LINE('',#804,#806);
#808=EDGE_CURVE('',#779,#797,#807,.T.);
#809=ORIENTED_EDGE('',*,*,#808,.F.);
#810=EDGE_LOOP('',(#787,#795,#803,#809));
#811=FACE_OUTER_BOUND('',#810,.T.);
#812=ADVANCED_FACE('',(#811),#777,.T.);
#813=CARTESIAN_POINT('',(371.335388378498350,1.110223E-015,0.0));
#814=DIRECTION('',(0.0,1.0,0.0));
#815=DIRECTION('',(0.0,0.0,1.0));
#816=AXIS2_PLACEMENT_3D('',#813,#814,#815);
#817=PLANE('',#816);
#818=CARTESIAN_POINT('',(109.390611621501760,1.110223E-015,0.0));
#819=VERTEX_POINT('',#818);
#820=CARTESIAN_POINT('',(109.390611621501760,1.110223E-015,-10.0));
#821=VERTEX_POINT('',#820);
#822=CARTESIAN_POINT('',(109.390611621501760,1.110223E-015,0.0));
#823=DIRECTION('',(0.0,0.0,-1.0));
#824=VECTOR('',#823,10.0);
#825=LINE('',#822,#824);
#826=EDGE_CURVE('',#819,#821,#825,.T.);
#827=ORIENTED_EDGE('',*,*,#826,.T.);
#828=CARTESIAN_POINT('',(107.407388378498300,1.110223E-015,-10.0));
#829=VERTEX_POINT('',#828);
#830=CARTESIAN_POINT('',(107.407388378498300,1.110223E-015,-10.0));
#831=DIRECTION('',(1.0,0.0,0.0));
#832=VECTOR('',#831,1.983223243003465);
#833=LINE('',#830,#832);
#834=EDGE_CURVE('',#829,#821,#833,.T.);
#835=ORIENTED_EDGE('',*,*,#834,.F.);
#836=CARTESIAN_POINT('',(107.407388378498300,1.110223E-015,0.0));
#837=VERTEX_POINT('',#836);
#838=CARTESIAN_POINT('',(107.407388378498300,1.110223E-015,0.0));
#839=DIRECTION('',(0.0,0.0,-1.0));
#840=VECTOR('',#839,10.0);
#841=LINE('',#838,#840);
#842=EDGE_CURVE('',#837,#829,#841,.T.);
#843=ORIENTED_EDGE('',*,*,#842,.F.);
#844=CARTESIAN_POINT('',(109.390611621501760,1.110223E-015,0.0));
#845=DIRECTION('',(-1.0,0.0,0.0));
#846=VECTOR('',#845,1.983223243003465);
#847=LINE('',#844,#846);
#848=EDGE_CURVE('',#819,#837,#847,.T.);
#849=ORIENTED_EDGE('',*,*,#848,.F.);
#850=EDGE_LOOP('',(#827,#835,#843,#849));
#851=FACE_OUTER_BOUND('',#850,.T.);
#852=ADVANCED_FACE('',(#851),#817,.T.);
#853=CARTESIAN_POINT('',(371.335388378498350,1.110223E-015,0.0));
#854=DIRECTION('',(0.0,1.0,0.0));
#855=DIRECTION('',(0.0,0.0,1.0));
#856=AXIS2_PLACEMENT_3D('',#853,#854,#855);
#857=PLANE('',#856);
#858=CARTESIAN_POINT('',(118.816611621501780,1.110223E-015,0.0));
#859=VERTEX_POINT('',#858);
#860=CARTESIAN_POINT('',(118.816611621501780,1.110223E-015,-10.0));
#861=VERTEX_POINT('',#860);
#862=CARTESIAN_POINT('',(118.816611621501780,1.110223E-015,0.0));
#863=DIRECTION('',(0.0,0.0,-1.0));
#864=VECTOR('',#863,10.0);
#865=LINE('',#862,#864);
#866=EDGE_CURVE('',#859,#861,#865,.T.);
#867=ORIENTED_EDGE('',*,*,#866,.T.);
#868=CARTESIAN_POINT('',(116.833388378498300,1.110223E-015,-10.0));
#869=VERTEX_POINT('',#868);
#870=CARTESIAN_POINT('',(116.833388378498300,1.110223E-015,-10.0));
#871=DIRECTION('',(1.0,0.0,0.0));
#872=VECTOR('',#871,1.983223243003479);
#873=LINE('',#870,#872);
#874=EDGE_CURVE('',#869,#861,#873,.T.);
#875=ORIENTED_EDGE('',*,*,#874,.F.);
#876=CARTESIAN_POINT('',(116.833388378498300,1.110223E-015,0.0));
#877=VERTEX_POINT('',#876);
#878=CARTESIAN_POINT('',(116.833388378498300,1.110223E-015,0.0));
#879=DIRECTION('',(0.0,0.0,-1.0));
#880=VECTOR('',#879,10.0);
#881=LINE('',#878,#880);
#882=EDGE_CURVE('',#877,#869,#881,.T.);
#883=ORIENTED_EDGE('',*,*,#882,.F.);
#884=CARTESIAN_POINT('',(118.816611621501780,1.110223E-015,0.0));
#885=DIRECTION('',(-1.0,0.0,0.0));
#886=VECTOR('',#885,1.983223243003479);
#887=LINE('',#884,#886);
#888=EDGE_CURVE('',#859,#877,#887,.T.);
#889=ORIENTED_EDGE('',*,*,#888,.F.);
#890=EDGE_LOOP('',(#867,#875,#883,#889));
#891=FACE_OUTER_BOUND('',#890,.T.);
#892=ADVANCED_FACE('',(#891),#857,.T.);
#893=CARTESIAN_POINT('',(371.335388378498350,1.110223E-015,0.0));
#894=DIRECTION('',(0.0,1.0,0.0));
#895=DIRECTION('',(0.0,0.0,1.0));
#896=AXIS2_PLACEMENT_3D('',#893,#894,#895);
#897=PLANE('',#896);
#898=CARTESIAN_POINT('',(128.242611621501770,1.110223E-015,0.0));
#899=VERTEX_POINT('',#898);
#900=CARTESIAN_POINT('',(128.242611621501770,1.110223E-015,-10.0));
#901=VERTEX_POINT('',#900);
#902=CARTESIAN_POINT('',(128.242611621501770,1.110223E-015,0.0));
#903=DIRECTION('',(0.0,0.0,-1.0));
#904=VECTOR('',#903,10.0);
#905=LINE('',#902,#904);
#906=EDGE_CURVE('',#899,#901,#905,.T.);
#907=ORIENTED_EDGE('',*,*,#906,.T.);
#908=CARTESIAN_POINT('',(126.259388378498300,1.110223E-015,-10.0));
#909=VERTEX_POINT('',#908);
#910=CARTESIAN_POINT('',(126.259388378498300,1.110223E-015,-10.0));
#911=DIRECTION('',(1.0,0.0,0.0));
#912=VECTOR('',#911,1.983223243003465);
#913=LINE('',#910,#912);
#914=EDGE_CURVE('',#909,#901,#913,.T.);
#915=ORIENTED_EDGE('',*,*,#914,.F.);
#916=CARTESIAN_POINT('',(126.259388378498300,1.110223E-015,0.0));
#917=VERTEX_POINT('',#916);
#918=CARTESIAN_POINT('',(126.259388378498300,1.110223E-015,0.0));
#919=DIRECTION('',(0.0,0.0,-1.0));
#920=VECTOR('',#919,10.0);
#921=LINE('',#918,#920);
#922=EDGE_CURVE('',#917,#909,#921,.T.);
#923=ORIENTED_EDGE('',*,*,#922,.F.);
#924=CARTESIAN_POINT('',(128.242611621501770,1.110223E-015,0.0));
#925=DIRECTION('',(-1.0,0.0,0.0));
#926=VECTOR('',#925,1.983223243003465);
#927=LINE('',#924,#926);
#928=EDGE_CURVE('',#899,#917,#927,.T.);
#929=ORIENTED_EDGE('',*,*,#928,.F.);
#930=EDGE_LOOP('',(#907,#915,#923,#929));
#931=FACE_OUTER_BOUND('',#930,.T.);
#932=ADVANCED_FACE('',(#931),#897,.T.);
#933=CARTESIAN_POINT('',(371.335388378498350,1.110223E-015,0.0));
#934=DIRECTION('',(0.0,1.0,0.0));
#935=DIRECTION('',(0.0,0.0,1.0));
#936=AXIS2_PLACEMENT_3D('',#933,#934,#935);
#937=PLANE('',#936);
#938=CARTESIAN_POINT('',(137.668611621501750,1.110223E-015,0.0));
#939=VERTEX_POINT('',#938);
#940=CARTESIAN_POINT('',(137.668611621501750,1.110223E-015,-10.0));
#941=VERTEX_POINT('',#940);
#942=CARTESIAN_POINT('',(137.668611621501750,1.110223E-015,0.0));
#943=DIRECTION('',(0.0,0.0,-1.0));
#944=VECTOR('',#943,10.0);
#945=LINE('',#942,#944);
#946=EDGE_CURVE('',#939,#941,#945,.T.);
#947=ORIENTED_EDGE('',*,*,#946,.T.);
#948=CARTESIAN_POINT('',(135.685388378498290,1.110223E-015,-10.0));
#949=VERTEX_POINT('',#948);
#950=CARTESIAN_POINT('',(135.685388378498290,1.110223E-015,-10.0));
#951=DIRECTION('',(1.0,0.0,0.0));
#952=VECTOR('',#951,1.983223243003465);
#953=LINE('',#950,#952);
#954=EDGE_CURVE('',#949,#941,#953,.T.);
#955=ORIENTED_EDGE('',*,*,#954,.F.);
#956=CARTESIAN_POINT('',(135.685388378498290,1.110223E-015,0.0));
#957=VERTEX_POINT('',#956);
#958=CARTESIAN_POINT('',(135.685388378498290,1.110223E-015,0.0));
#959=DIRECTION('',(0.0,0.0,-1.0));
#960=VECTOR('',#959,10.0);
#961=LINE('',#958,#960);
#962=EDGE_CURVE('',#957,#949,#961,.T.);
#963=ORIENTED_EDGE('',*,*,#962,.F.);
#964=CARTESIAN_POINT('',(137.668611621501750,1.110223E-015,0.0));
#965=DIRECTION('',(-1.0,0.0,0.0));
#966=VECTOR('',#965,1.983223243003465);
#967=LINE('',#964,#966);
#968=EDGE_CURVE('',#939,#957,#967,.T.);
#969=ORIENTED_EDGE('',*,*,#968,.F.);
#970=EDGE_LOOP('',(#947,#955,#963,#969));
#971=FACE_OUTER_BOUND('',#970,.T.);
#972=ADVANCED_FACE('',(#971),#937,.T.);
#973=CARTESIAN_POINT('',(371.335388378498350,1.110223E-015,0.0));
#974=DIRECTION('',(0.0,1.0,0.0));
#975=DIRECTION('',(0.0,0.0,1.0));
#976=AXIS2_PLACEMENT_3D('',#973,#974,#975);
#977=PLANE('',#976);
#978=CARTESIAN_POINT('',(147.094611621501770,1.110223E-015,0.0));
#979=VERTEX_POINT('',#978);
#980=CARTESIAN_POINT('',(147.094611621501770,1.110223E-015,-10.0));
#981=VERTEX_POINT('',#980);
#982=CARTESIAN_POINT('',(147.094611621501770,1.110223E-015,0.0));
#983=DIRECTION('',(0.0,0.0,-1.0));
#984=VECTOR('',#983,10.0);
#985=LINE('',#982,#984);
#986=EDGE_CURVE('',#979,#981,#985,.T.);
#987=ORIENTED_EDGE('',*,*,#986,.T.);
#988=CARTESIAN_POINT('',(145.111388378498300,1.110223E-015,-10.0));
#989=VERTEX_POINT('',#988);
#990=CARTESIAN_POINT('',(145.111388378498300,1.110223E-015,-10.0));
#991=DIRECTION('',(1.0,0.0,0.0));
#992=VECTOR('',#991,1.983223243003465);
#993=LINE('',#990,#992);
#994=EDGE_CURVE('',#989,#981,#993,.T.);
#995=ORIENTED_EDGE('',*,*,#994,.F.);
#996=CARTESIAN_POINT('',(145.111388378498300,1.110223E-015,0.0));
#997=VERTEX_POINT('',#996);
#998=CARTESIAN_POINT('',(145.111388378498300,1.110223E-015,0.0));
#999=DIRECTION('',(0.0,0.0,-1.0));
#1000=VECTOR('',#999,10.0);
#1001=LINE('',#998,#1000);
#1002=EDGE_CURVE('',#997,#989,#1001,.T.);
#1003=ORIENTED_EDGE('',*,*,#1002,.F.);
#1004=CARTESIAN_POINT('',(147.094611621501770,1.110223E-015,0.0));
#1005=DIRECTION('',(-1.0,0.0,0.0));
#1006=VECTOR('',#1005,1.983223243003465);
#1007=LINE('',#1004,#1006);
#1008=EDGE_CURVE('',#979,#997,#1007,.T.);
#1009=ORIENTED_EDGE('',*,*,#1008,.F.);
#1010=EDGE_LOOP('',(#987,#995,#1003,#1009));
#1011=FACE_OUTER_BOUND('',#1010,.T.);
#1012=ADVANCED_FACE('',(#1011),#977,.T.);
#1013=CARTESIAN_POINT('',(371.335388378498350,1.110223E-015,0.0));
#1014=DIRECTION('',(0.0,1.0,0.0));
#1015=DIRECTION('',(0.0,0.0,1.0));
#1016=AXIS2_PLACEMENT_3D('',#1013,#1014,#1015);
#1017=PLANE('',#1016);
#1018=CARTESIAN_POINT('',(156.520611621501790,1.110223E-015,0.0));
#1019=VERTEX_POINT('',#1018);
#1020=CARTESIAN_POINT('',(156.520611621501790,1.110223E-015,-10.0));
#1021=VERTEX_POINT('',#1020);
#1022=CARTESIAN_POINT('',(156.520611621501790,1.110223E-015,0.0));
#1023=DIRECTION('',(0.0,0.0,-1.0));
#1024=VECTOR('',#1023,10.0);
#1025=LINE('',#1022,#1024);
#1026=EDGE_CURVE('',#1019,#1021,#1025,.T.);
#1027=ORIENTED_EDGE('',*,*,#1026,.T.);
#1028=CARTESIAN_POINT('',(154.537388378498290,1.110223E-015,-10.0));
#1029=VERTEX_POINT('',#1028);
#1030=CARTESIAN_POINT('',(154.537388378498290,1.110223E-015,-10.0));
#1031=DIRECTION('',(1.0,0.0,0.0));
#1032=VECTOR('',#1031,1.983223243003494);
#1033=LINE('',#1030,#1032);
#1034=EDGE_CURVE('',#1029,#1021,#1033,.T.);
#1035=ORIENTED_EDGE('',*,*,#1034,.F.);
#1036=CARTESIAN_POINT('',(154.537388378498290,1.110223E-015,0.0));
#1037=VERTEX_POINT('',#1036);
#1038=CARTESIAN_POINT('',(154.537388378498290,1.110223E-015,0.0));
#1039=DIRECTION('',(0.0,0.0,-1.0));
#1040=VECTOR('',#1039,10.0);
#1041=LINE('',#1038,#1040);
#1042=EDGE_CURVE('',#1037,#1029,#1041,.T.);
#1043=ORIENTED_EDGE('',*,*,#1042,.F.);
#1044=CARTESIAN_POINT('',(156.520611621501790,1.110223E-015,0.0));
#1045=DIRECTION('',(-1.0,0.0,0.0));
#1046=VECTOR('',#1045,1.983223243003494);
#1047=LINE('',#1044,#1046);
#1048=EDGE_CURVE('',#1019,#1037,#1047,.T.);
#1049=ORIENTED_EDGE('',*,*,#1048,.F.);
#1050=EDGE_LOOP('',(#1027,#1035,#1043,#1049));
#1051=FACE_OUTER_BOUND('',#1050,.T.);
#1052=ADVANCED_FACE('',(#1051),#1017,.T.);
#1053=CARTESIAN_POINT('',(371.335388378498350,1.110223E-015,0.0));
#1054=DIRECTION('',(0.0,1.0,0.0));
#1055=DIRECTION('',(0.0,0.0,1.0));
#1056=AXIS2_PLACEMENT_3D('',#1053,#1054,#1055);
#1057=PLANE('',#1056);
#1058=CARTESIAN_POINT('',(165.946611621501770,1.110223E-015,0.0));
#1059=VERTEX_POINT('',#1058);
#1060=CARTESIAN_POINT('',(165.946611621501770,1.110223E-015,-10.0));
#1061=VERTEX_POINT('',#1060);
#1062=CARTESIAN_POINT('',(165.946611621501770,1.110223E-015,0.0));
#1063=DIRECTION('',(0.0,0.0,-1.0));
#1064=VECTOR('',#1063,10.0);
#1065=LINE('',#1062,#1064);
#1066=EDGE_CURVE('',#1059,#1061,#1065,.T.);
#1067=ORIENTED_EDGE('',*,*,#1066,.T.);
#1068=CARTESIAN_POINT('',(163.963388378498280,1.110223E-015,-10.0));
#1069=VERTEX_POINT('',#1068);
#1070=CARTESIAN_POINT('',(163.963388378498280,1.110223E-015,-10.0));
#1071=DIRECTION('',(1.0,0.0,0.0));
#1072=VECTOR('',#1071,1.983223243003494);
#1073=LINE('',#1070,#1072);
#1074=EDGE_CURVE('',#1069,#1061,#1073,.T.);
#1075=ORIENTED_EDGE('',*,*,#1074,.F.);
#1076=CARTESIAN_POINT('',(163.963388378498280,1.110223E-015,0.0));
#1077=VERTEX_POINT('',#1076);
#1078=CARTESIAN_POINT('',(163.963388378498280,1.110223E-015,0.0));
#1079=DIRECTION('',(0.0,0.0,-1.0));
#1080=VECTOR('',#1079,10.0);
#1081=LINE('',#1078,#1080);
#1082=EDGE_CURVE('',#1077,#1069,#1081,.T.);
#1083=ORIENTED_EDGE('',*,*,#1082,.F.);
#1084=CARTESIAN_POINT('',(165.946611621501770,1.110223E-015,0.0));
#1085=DIRECTION('',(-1.0,0.0,0.0));
#1086=VECTOR('',#1085,1.983223243003494);
#1087=LINE('',#1084,#1086);
#1088=EDGE_CURVE('',#1059,#1077,#1087,.T.);
#1089=ORIENTED_EDGE('',*,*,#1088,.F.);
#1090=EDGE_LOOP('',(#1067,#1075,#1083,#1089));
#1091=FACE_OUTER_BOUND('',#1090,.T.);
#1092=ADVANCED_FACE('',(#1091),#1057,.T.);
#1093=CARTESIAN_POINT('',(371.335388378498350,1.110223E-015,0.0));
#1094=DIRECTION('',(0.0,1.0,0.0));
#1095=DIRECTION('',(0.0,0.0,1.0));
#1096=AXIS2_PLACEMENT_3D('',#1093,#1094,#1095);
#1097=PLANE('',#1096);
#1098=CARTESIAN_POINT('',(175.372611621501790,1.110223E-015,0.0));
#1099=VERTEX_POINT('',#1098);
#1100=CARTESIAN_POINT('',(175.372611621501790,1.110223E-015,-10.0));
#1101=VERTEX_POINT('',#1100);
#1102=CARTESIAN_POINT('',(175.372611621501790,1.110223E-015,0.0));
#1103=DIRECTION('',(0.0,0.0,-1.0));
#1104=VECTOR('',#1103,10.0);
#1105=LINE('',#1102,#1104);
#1106=EDGE_CURVE('',#1099,#1101,#1105,.T.);
#1107=ORIENTED_EDGE('',*,*,#1106,.T.);
#1108=CARTESIAN_POINT('',(173.389388378498270,1.110223E-015,-10.0));
#1109=VERTEX_POINT('',#1108);
#1110=CARTESIAN_POINT('',(173.389388378498270,1.110223E-015,-10.0));
#1111=DIRECTION('',(1.0,0.0,0.0));
#1112=VECTOR('',#1111,1.983223243003522);
#1113=LINE('',#1110,#1112);
#1114=EDGE_CURVE('',#1109,#1101,#1113,.T.);
#1115=ORIENTED_EDGE('',*,*,#1114,.F.);
#1116=CARTESIAN_POINT('',(173.389388378498270,1.110223E-015,0.0));
#1117=VERTEX_POINT('',#1116);
#1118=CARTESIAN_POINT('',(173.389388378498270,1.110223E-015,0.0));
#1119=DIRECTION('',(0.0,0.0,-1.0));
#1120=VECTOR('',#1119,10.0);
#1121=LINE('',#1118,#1120);
#1122=EDGE_CURVE('',#1117,#1109,#1121,.T.);
#1123=ORIENTED_EDGE('',*,*,#1122,.F.);
#1124=CARTESIAN_POINT('',(175.372611621501790,1.110223E-015,0.0));
#1125=DIRECTION('',(-1.0,0.0,0.0));
#1126=VECTOR('',#1125,1.983223243003522);
#1127=LINE('',#1124,#1126);
#1128=EDGE_CURVE('',#1099,#1117,#1127,.T.);
#1129=ORIENTED_EDGE('',*,*,#1128,.F.);
#1130=EDGE_LOOP('',(#1107,#1115,#1123,#1129));
#1131=FACE_OUTER_BOUND('',#1130,.T.);
#1132=ADVANCED_FACE('',(#1131),#1097,.T.);
#1133=CARTESIAN_POINT('',(371.335388378498350,1.110223E-015,0.0));
#1134=DIRECTION('',(0.0,1.0,0.0));
#1135=DIRECTION('',(0.0,0.0,1.0));
#1136=AXIS2_PLACEMENT_3D('',#1133,#1134,#1135);
#1137=PLANE('',#1136);
#1138=CARTESIAN_POINT('',(184.798611621501780,1.110223E-015,0.0));
#1139=VERTEX_POINT('',#1138);
#1140=CARTESIAN_POINT('',(184.798611621501780,1.110223E-015,-10.0));
#1141=VERTEX_POINT('',#1140);
#1142=CARTESIAN_POINT('',(184.798611621501780,1.110223E-015,0.0));
#1143=DIRECTION('',(0.0,0.0,-1.0));
#1144=VECTOR('',#1143,10.0);
#1145=LINE('',#1142,#1144);
#1146=EDGE_CURVE('',#1139,#1141,#1145,.T.);
#1147=ORIENTED_EDGE('',*,*,#1146,.T.);
#1148=CARTESIAN_POINT('',(182.815388378498310,1.110223E-015,-10.0));
#1149=VERTEX_POINT('',#1148);
#1150=CARTESIAN_POINT('',(182.815388378498310,1.110223E-015,-10.0));
#1151=DIRECTION('',(1.0,0.0,0.0));
#1152=VECTOR('',#1151,1.983223243003465);
#1153=LINE('',#1150,#1152);
#1154=EDGE_CURVE('',#1149,#1141,#1153,.T.);
#1155=ORIENTED_EDGE('',*,*,#1154,.F.);
#1156=CARTESIAN_POINT('',(182.815388378498310,1.110223E-015,0.0));
#1157=VERTEX_POINT('',#1156);
#1158=CARTESIAN_POINT('',(182.815388378498310,1.110223E-015,0.0));
#1159=DIRECTION('',(0.0,0.0,-1.0));
#1160=VECTOR('',#1159,10.0);
#1161=LINE('',#1158,#1160);
#1162=EDGE_CURVE('',#1157,#1149,#1161,.T.);
#1163=ORIENTED_EDGE('',*,*,#1162,.F.);
#1164=CARTESIAN_POINT('',(184.798611621501780,1.110223E-015,0.0));
#1165=DIRECTION('',(-1.0,0.0,0.0));
#1166=VECTOR('',#1165,1.983223243003465);
#1167=LINE('',#1164,#1166);
#1168=EDGE_CURVE('',#1139,#1157,#1167,.T.);
#1169=ORIENTED_EDGE('',*,*,#1168,.F.);
#1170=EDGE_LOOP('',(#1147,#1155,#1163,#1169));
#1171=FACE_OUTER_BOUND('',#1170,.T.);
#1172=ADVANCED_FACE('',(#1171),#1137,.T.);
#1173=CARTESIAN_POINT('',(371.335388378498350,1.110223E-015,0.0));
#1174=DIRECTION('',(0.0,1.0,0.0));
#1175=DIRECTION('',(0.0,0.0,1.0));
#1176=AXIS2_PLACEMENT_3D('',#1173,#1174,#1175);
#1177=PLANE('',#1176);
#1178=CARTESIAN_POINT('',(194.224611621501820,1.110223E-015,0.0));
#1179=VERTEX_POINT('',#1178);
#1180=CARTESIAN_POINT('',(194.224611621501820,1.110223E-015,-10.0));
#1181=VERTEX_POINT('',#1180);
#1182=CARTESIAN_POINT('',(194.224611621501820,1.110223E-015,0.0));
#1183=DIRECTION('',(0.0,0.0,-1.0));
#1184=VECTOR('',#1183,10.0);
#1185=LINE('',#1182,#1184);
#1186=EDGE_CURVE('',#1179,#1181,#1185,.T.);
#1187=ORIENTED_EDGE('',*,*,#1186,.T.);
#1188=CARTESIAN_POINT('',(192.241388378498300,1.110223E-015,-10.0));
#1189=VERTEX_POINT('',#1188);
#1190=CARTESIAN_POINT('',(192.241388378498300,1.110223E-015,-10.0));
#1191=DIRECTION('',(1.0,0.0,0.0));
#1192=VECTOR('',#1191,1.983223243003522);
#1193=LINE('',#1190,#1192);
#1194=EDGE_CURVE('',#1189,#1181,#1193,.T.);
#1195=ORIENTED_EDGE('',*,*,#1194,.F.);
#1196=CARTESIAN_POINT('',(192.241388378498300,1.110223E-015,0.0));
#1197=VERTEX_POINT('',#1196);
#1198=CARTESIAN_POINT('',(192.241388378498300,1.110223E-015,0.0));
#1199=DIRECTION('',(0.0,0.0,-1.0));
#1200=VECTOR('',#1199,10.0);
#1201=LINE('',#1198,#1200);
#1202=EDGE_CURVE('',#1197,#1189,#1201,.T.);
#1203=ORIENTED_EDGE('',*,*,#1202,.F.);
#1204=CARTESIAN_POINT('',(194.224611621501820,1.110223E-015,0.0));
#1205=DIRECTION('',(-1.0,0.0,0.0));
#1206=VECTOR('',#1205,1.983223243003522);
#1207=LINE('',#1204,#1206);
#1208=EDGE_CURVE('',#1179,#1197,#1207,.T.);
#1209=ORIENTED_EDGE('',*,*,#1208,.F.);
#1210=EDGE_LOOP('',(#1187,#1195,#1203,#1209));
#1211=FACE_OUTER_BOUND('',#1210,.T.);
#1212=ADVANCED_FACE('',(#1211),#1177,.T.);
#1213=CARTESIAN_POINT('',(371.335388378498350,1.110223E-015,0.0));
#1214=DIRECTION('',(0.0,1.0,0.0));
#1215=DIRECTION('',(0.0,0.0,1.0));
#1216=AXIS2_PLACEMENT_3D('',#1213,#1214,#1215);
#1217=PLANE('',#1216);
#1218=CARTESIAN_POINT('',(203.650611621501810,1.110223E-015,0.0));
#1219=VERTEX_POINT('',#1218);
#1220=CARTESIAN_POINT('',(203.650611621501810,1.110223E-015,-10.0));
#1221=VERTEX_POINT('',#1220);
#1222=CARTESIAN_POINT('',(203.650611621501810,1.110223E-015,0.0));
#1223=DIRECTION('',(0.0,0.0,-1.0));
#1224=VECTOR('',#1223,10.0);
#1225=LINE('',#1222,#1224);
#1226=EDGE_CURVE('',#1219,#1221,#1225,.T.);
#1227=ORIENTED_EDGE('',*,*,#1226,.T.);
#1228=CARTESIAN_POINT('',(201.667388378498320,1.110223E-015,-10.0));
#1229=VERTEX_POINT('',#1228);
#1230=CARTESIAN_POINT('',(201.667388378498320,1.110223E-015,-10.0));
#1231=DIRECTION('',(1.0,0.0,0.0));
#1232=VECTOR('',#1231,1.983223243003494);
#1233=LINE('',#1230,#1232);
#1234=EDGE_CURVE('',#1229,#1221,#1233,.T.);
#1235=ORIENTED_EDGE('',*,*,#1234,.F.);
#1236=CARTESIAN_POINT('',(201.667388378498320,1.110223E-015,0.0));
#1237=VERTEX_POINT('',#1236);
#1238=CARTESIAN_POINT('',(201.667388378498320,1.110223E-015,0.0));
#1239=DIRECTION('',(0.0,0.0,-1.0));
#1240=VECTOR('',#1239,10.0);
#1241=LINE('',#1238,#1240);
#1242=EDGE_CURVE('',#1237,#1229,#1241,.T.);
#1243=ORIENTED_EDGE('',*,*,#1242,.F.);
#1244=CARTESIAN_POINT('',(203.650611621501810,1.110223E-015,0.0));
#1245=DIRECTION('',(-1.0,0.0,0.0));
#1246=VECTOR('',#1245,1.983223243003494);
#1247=LINE('',#1244,#1246);
#1248=EDGE_CURVE('',#1219,#1237,#1247,.T.);
#1249=ORIENTED_EDGE('',*,*,#1248,.F.);
#1250=EDGE_LOOP('',(#1227,#1235,#1243,#1249));
#1251=FACE_OUTER_BOUND('',#1250,.T.);
#1252=ADVANCED_FACE('',(#1251),#1217,.T.);
#1253=CARTESIAN_POINT('',(371.335388378498350,1.110223E-015,0.0));
#1254=DIRECTION('',(0.0,1.0,0.0));
#1255=DIRECTION('',(0.0,0.0,1.0));
#1256=AXIS2_PLACEMENT_3D('',#1253,#1254,#1255);
#1257=PLANE('',#1256);
#1258=CARTESIAN_POINT('',(213.076611621501800,1.110223E-015,0.0));
#1259=VERTEX_POINT('',#1258);
#1260=CARTESIAN_POINT('',(213.076611621501800,1.110223E-015,-10.0));
#1261=VERTEX_POINT('',#1260);
#1262=CARTESIAN_POINT('',(213.076611621501800,1.110223E-015,0.0));
#1263=DIRECTION('',(0.0,0.0,-1.0));
#1264=VECTOR('',#1263,10.0);
#1265=LINE('',#1262,#1264);
#1266=EDGE_CURVE('',#1259,#1261,#1265,.T.);
#1267=ORIENTED_EDGE('',*,*,#1266,.T.);
#1268=CARTESIAN_POINT('',(211.093388378498300,1.110223E-015,-10.0));
#1269=VERTEX_POINT('',#1268);
#1270=CARTESIAN_POINT('',(211.093388378498300,1.110223E-015,-10.0));
#1271=DIRECTION('',(1.0,0.0,0.0));
#1272=VECTOR('',#1271,1.983223243003494);
#1273=LINE('',#1270,#1272);
#1274=EDGE_CURVE('',#1269,#1261,#1273,.T.);
#1275=ORIENTED_EDGE('',*,*,#1274,.F.);
#1276=CARTESIAN_POINT('',(211.093388378498300,1.110223E-015,0.0));
#1277=VERTEX_POINT('',#1276);
#1278=CARTESIAN_POINT('',(211.093388378498300,1.110223E-015,0.0));
#1279=DIRECTION('',(0.0,0.0,-1.0));
#1280=VECTOR('',#1279,10.0);
#1281=LINE('',#1278,#1280);
#1282=EDGE_CURVE('',#1277,#1269,#1281,.T.);
#1283=ORIENTED_EDGE('',*,*,#1282,.F.);
#1284=CARTESIAN_POINT('',(213.076611621501800,1.110223E-015,0.0));
#1285=DIRECTION('',(-1.0,0.0,0.0));
#1286=VECTOR('',#1285,1.983223243003494);
#1287=LINE('',#1284,#1286);
#1288=EDGE_CURVE('',#1259,#1277,#1287,.T.);
#1289=ORIENTED_EDGE('',*,*,#1288,.F.);
#1290=EDGE_LOOP('',(#1267,#1275,#1283,#1289));
#1291=FACE_OUTER_BOUND('',#1290,.T.);
#1292=ADVANCED_FACE('',(#1291),#1257,.T.);
#1293=CARTESIAN_POINT('',(371.335388378498350,1.110223E-015,0.0));
#1294=DIRECTION('',(0.0,1.0,0.0));
#1295=DIRECTION('',(0.0,0.0,1.0));
#1296=AXIS2_PLACEMENT_3D('',#1293,#1294,#1295);
#1297=PLANE('',#1296);
#1298=CARTESIAN_POINT('',(222.502611621501810,1.110223E-015,0.0));
#1299=VERTEX_POINT('',#1298);
#1300=CARTESIAN_POINT('',(222.502611621501810,1.110223E-015,-10.0));
#1301=VERTEX_POINT('',#1300);
#1302=CARTESIAN_POINT('',(222.502611621501810,1.110223E-015,0.0));
#1303=DIRECTION('',(0.0,0.0,-1.0));
#1304=VECTOR('',#1303,10.0);
#1305=LINE('',#1302,#1304);
#1306=EDGE_CURVE('',#1299,#1301,#1305,.T.);
#1307=ORIENTED_EDGE('',*,*,#1306,.T.);
#1308=CARTESIAN_POINT('',(220.519388378498290,1.110223E-015,-10.0));
#1309=VERTEX_POINT('',#1308);
#1310=CARTESIAN_POINT('',(220.519388378498290,1.110223E-015,-10.0));
#1311=DIRECTION('',(1.0,0.0,0.0));
#1312=VECTOR('',#1311,1.983223243003522);
#1313=LINE('',#1310,#1312);
#1314=EDGE_CURVE('',#1309,#1301,#1313,.T.);
#1315=ORIENTED_EDGE('',*,*,#1314,.F.);
#1316=CARTESIAN_POINT('',(220.519388378498290,1.110223E-015,0.0));
#1317=VERTEX_POINT('',#1316);
#1318=CARTESIAN_POINT('',(220.519388378498290,1.110223E-015,0.0));
#1319=DIRECTION('',(0.0,0.0,-1.0));
#1320=VECTOR('',#1319,10.0);
#1321=LINE('',#1318,#1320);
#1322=EDGE_CURVE('',#1317,#1309,#1321,.T.);
#1323=ORIENTED_EDGE('',*,*,#1322,.F.);
#1324=CARTESIAN_POINT('',(222.502611621501810,1.110223E-015,0.0));
#1325=DIRECTION('',(-1.0,0.0,0.0));
#1326=VECTOR('',#1325,1.983223243003522);
#1327=LINE('',#1324,#1326);
#1328=EDGE_CURVE('',#1299,#1317,#1327,.T.);
#1329=ORIENTED_EDGE('',*,*,#1328,.F.);
#1330=EDGE_LOOP('',(#1307,#1315,#1323,#1329));
#1331=FACE_OUTER_BOUND('',#1330,.T.);
#1332=ADVANCED_FACE('',(#1331),#1297,.T.);
#1333=CARTESIAN_POINT('',(371.335388378498350,1.110223E-015,0.0));
#1334=DIRECTION('',(0.0,1.0,0.0));
#1335=DIRECTION('',(0.0,0.0,1.0));
#1336=AXIS2_PLACEMENT_3D('',#1333,#1334,#1335);
#1337=PLANE('',#1336);
#1338=CARTESIAN_POINT('',(231.928611621501800,1.110223E-015,0.0));
#1339=VERTEX_POINT('',#1338);
#1340=CARTESIAN_POINT('',(231.928611621501800,1.110223E-015,-10.0));
#1341=VERTEX_POINT('',#1340);
#1342=CARTESIAN_POINT('',(231.928611621501800,1.110223E-015,0.0));
#1343=DIRECTION('',(0.0,0.0,-1.0));
#1344=VECTOR('',#1343,10.0);
#1345=LINE('',#1342,#1344);
#1346=EDGE_CURVE('',#1339,#1341,#1345,.T.);
#1347=ORIENTED_EDGE('',*,*,#1346,.T.);
#1348=CARTESIAN_POINT('',(229.945388378498310,1.110223E-015,-10.0));
#1349=VERTEX_POINT('',#1348);
#1350=CARTESIAN_POINT('',(229.945388378498310,1.110223E-015,-10.0));
#1351=DIRECTION('',(1.0,0.0,0.0));
#1352=VECTOR('',#1351,1.983223243003494);
#1353=LINE('',#1350,#1352);
#1354=EDGE_CURVE('',#1349,#1341,#1353,.T.);
#1355=ORIENTED_EDGE('',*,*,#1354,.F.);
#1356=CARTESIAN_POINT('',(229.945388378498310,1.110223E-015,0.0));
#1357=VERTEX_POINT('',#1356);
#1358=CARTESIAN_POINT('',(229.945388378498310,1.110223E-015,0.0));
#1359=DIRECTION('',(0.0,0.0,-1.0));
#1360=VECTOR('',#1359,10.0);
#1361=LINE('',#1358,#1360);
#1362=EDGE_CURVE('',#1357,#1349,#1361,.T.);
#1363=ORIENTED_EDGE('',*,*,#1362,.F.);
#1364=CARTESIAN_POINT('',(231.928611621501800,1.110223E-015,0.0));
#1365=DIRECTION('',(-1.0,0.0,0.0));
#1366=VECTOR('',#1365,1.983223243003494);
#1367=LINE('',#1364,#1366);
#1368=EDGE_CURVE('',#1339,#1357,#1367,.T.);
#1369=ORIENTED_EDGE('',*,*,#1368,.F.);
#1370=EDGE_LOOP('',(#1347,#1355,#1363,#1369));
#1371=FACE_OUTER_BOUND('',#1370,.T.);
#1372=ADVANCED_FACE('',(#1371),#1337,.T.);
#1373=CARTESIAN_POINT('',(371.335388378498350,1.110223E-015,0.0));
#1374=DIRECTION('',(0.0,1.0,0.0));
#1375=DIRECTION('',(0.0,0.0,1.0));
#1376=AXIS2_PLACEMENT_3D('',#1373,#1374,#1375);
#1377=PLANE('',#1376);
#1378=CARTESIAN_POINT('',(241.354611621501820,1.110223E-015,0.0));
#1379=VERTEX_POINT('',#1378);
#1380=CARTESIAN_POINT('',(241.354611621501820,1.110223E-015,-10.0));
#1381=VERTEX_POINT('',#1380);
#1382=CARTESIAN_POINT('',(241.354611621501820,1.110223E-015,0.0));
#1383=DIRECTION('',(0.0,0.0,-1.0));
#1384=VECTOR('',#1383,10.0);
#1385=LINE('',#1382,#1384);
#1386=EDGE_CURVE('',#1379,#1381,#1385,.T.);
#1387=ORIENTED_EDGE('',*,*,#1386,.T.);
#1388=CARTESIAN_POINT('',(239.371388378498300,1.110223E-015,-10.0));
#1389=VERTEX_POINT('',#1388);
#1390=CARTESIAN_POINT('',(239.371388378498300,1.110223E-015,-10.0));
#1391=DIRECTION('',(1.0,0.0,0.0));
#1392=VECTOR('',#1391,1.983223243003522);
#1393=LINE('',#1390,#1392);
#1394=EDGE_CURVE('',#1389,#1381,#1393,.T.);
#1395=ORIENTED_EDGE('',*,*,#1394,.F.);
#1396=CARTESIAN_POINT('',(239.371388378498300,1.110223E-015,0.0));
#1397=VERTEX_POINT('',#1396);
#1398=CARTESIAN_POINT('',(239.371388378498300,1.110223E-015,0.0));
#1399=DIRECTION('',(0.0,0.0,-1.0));
#1400=VECTOR('',#1399,10.0);
#1401=LINE('',#1398,#1400);
#1402=EDGE_CURVE('',#1397,#1389,#1401,.T.);
#1403=ORIENTED_EDGE('',*,*,#1402,.F.);
#1404=CARTESIAN_POINT('',(241.354611621501820,1.110223E-015,0.0));
#1405=DIRECTION('',(-1.0,0.0,0.0));
#1406=VECTOR('',#1405,1.983223243003522);
#1407=LINE('',#1404,#1406);
#1408=EDGE_CURVE('',#1379,#1397,#1407,.T.);
#1409=ORIENTED_EDGE('',*,*,#1408,.F.);
#1410=EDGE_LOOP('',(#1387,#1395,#1403,#1409));
#1411=FACE_OUTER_BOUND('',#1410,.T.);
#1412=ADVANCED_FACE('',(#1411),#1377,.T.);
#1413=CARTESIAN_POINT('',(371.335388378498350,1.110223E-015,0.0));
#1414=DIRECTION('',(0.0,1.0,0.0));
#1415=DIRECTION('',(0.0,0.0,1.0));
#1416=AXIS2_PLACEMENT_3D('',#1413,#1414,#1415);
#1417=PLANE('',#1416);
#1418=CARTESIAN_POINT('',(250.780611621501810,1.110223E-015,0.0));
#1419=VERTEX_POINT('',#1418);
#1420=CARTESIAN_POINT('',(250.780611621501810,1.110223E-015,-10.0));
#1421=VERTEX_POINT('',#1420);
#1422=CARTESIAN_POINT('',(250.780611621501810,1.110223E-015,0.0));
#1423=DIRECTION('',(0.0,0.0,-1.0));
#1424=VECTOR('',#1423,10.0);
#1425=LINE('',#1422,#1424);
#1426=EDGE_CURVE('',#1419,#1421,#1425,.T.);
#1427=ORIENTED_EDGE('',*,*,#1426,.T.);
#1428=CARTESIAN_POINT('',(248.797388378498310,1.110223E-015,-10.0));
#1429=VERTEX_POINT('',#1428);
#1430=CARTESIAN_POINT('',(248.797388378498310,1.110223E-015,-10.0));
#1431=DIRECTION('',(1.0,0.0,0.0));
#1432=VECTOR('',#1431,1.983223243003494);
#1433=LINE('',#1430,#1432);
#1434=EDGE_CURVE('',#1429,#1421,#1433,.T.);
#1435=ORIENTED_EDGE('',*,*,#1434,.F.);
#1436=CARTESIAN_POINT('',(248.797388378498310,1.110223E-015,0.0));
#1437=VERTEX_POINT('',#1436);
#1438=CARTESIAN_POINT('',(248.797388378498310,1.110223E-015,0.0));
#1439=DIRECTION('',(0.0,0.0,-1.0));
#1440=VECTOR('',#1439,10.0);
#1441=LINE('',#1438,#1440);
#1442=EDGE_CURVE('',#1437,#1429,#1441,.T.);
#1443=ORIENTED_EDGE('',*,*,#1442,.F.);
#1444=CARTESIAN_POINT('',(250.780611621501810,1.110223E-015,0.0));
#1445=DIRECTION('',(-1.0,0.0,0.0));
#1446=VECTOR('',#1445,1.983223243003494);
#1447=LINE('',#1444,#1446);
#1448=EDGE_CURVE('',#1419,#1437,#1447,.T.);
#1449=ORIENTED_EDGE('',*,*,#1448,.F.);
#1450=EDGE_LOOP('',(#1427,#1435,#1443,#1449));
#1451=FACE_OUTER_BOUND('',#1450,.T.);
#1452=ADVANCED_FACE('',(#1451),#1417,.T.);
#1453=CARTESIAN_POINT('',(371.335388378498350,1.110223E-015,0.0));
#1454=DIRECTION('',(0.0,1.0,0.0));
#1455=DIRECTION('',(0.0,0.0,1.0));
#1456=AXIS2_PLACEMENT_3D('',#1453,#1454,#1455);
#1457=PLANE('',#1456);
#1458=CARTESIAN_POINT('',(260.206611621501790,1.110223E-015,0.0));
#1459=VERTEX_POINT('',#1458);
#1460=CARTESIAN_POINT('',(260.206611621501790,1.110223E-015,-10.0));
#1461=VERTEX_POINT('',#1460);
#1462=CARTESIAN_POINT('',(260.206611621501790,1.110223E-015,0.0));
#1463=DIRECTION('',(0.0,0.0,-1.0));
#1464=VECTOR('',#1463,10.0);
#1465=LINE('',#1462,#1464);
#1466=EDGE_CURVE('',#1459,#1461,#1465,.T.);
#1467=ORIENTED_EDGE('',*,*,#1466,.T.);
#1468=CARTESIAN_POINT('',(258.223388378498330,1.110223E-015,-10.0));
#1469=VERTEX_POINT('',#1468);
#1470=CARTESIAN_POINT('',(258.223388378498330,1.110223E-015,-10.0));
#1471=DIRECTION('',(1.0,0.0,0.0));
#1472=VECTOR('',#1471,1.983223243003465);
#1473=LINE('',#1470,#1472);
#1474=EDGE_CURVE('',#1469,#1461,#1473,.T.);
#1475=ORIENTED_EDGE('',*,*,#1474,.F.);
#1476=CARTESIAN_POINT('',(258.223388378498330,1.110223E-015,0.0));
#1477=VERTEX_POINT('',#1476);
#1478=CARTESIAN_POINT('',(258.223388378498330,1.110223E-015,0.0));
#1479=DIRECTION('',(0.0,0.0,-1.0));
#1480=VECTOR('',#1479,10.0);
#1481=LINE('',#1478,#1480);
#1482=EDGE_CURVE('',#1477,#1469,#1481,.T.);
#1483=ORIENTED_EDGE('',*,*,#1482,.F.);
#1484=CARTESIAN_POINT('',(260.206611621501790,1.110223E-015,0.0));
#1485=DIRECTION('',(-1.0,0.0,0.0));
#1486=VECTOR('',#1485,1.983223243003465);
#1487=LINE('',#1484,#1486);
#1488=EDGE_CURVE('',#1459,#1477,#1487,.T.);
#1489=ORIENTED_EDGE('',*,*,#1488,.F.);
#1490=EDGE_LOOP('',(#1467,#1475,#1483,#1489));
#1491=FACE_OUTER_BOUND('',#1490,.T.);
#1492=ADVANCED_FACE('',(#1491),#1457,.T.);
#1493=CARTESIAN_POINT('',(371.335388378498350,1.110223E-015,0.0));
#1494=DIRECTION('',(0.0,1.0,0.0));
#1495=DIRECTION('',(0.0,0.0,1.0));
#1496=AXIS2_PLACEMENT_3D('',#1493,#1494,#1495);
#1497=PLANE('',#1496);
#1498=CARTESIAN_POINT('',(269.632611621501840,1.110223E-015,0.0));
#1499=VERTEX_POINT('',#1498);
#1500=CARTESIAN_POINT('',(269.632611621501840,1.110223E-015,-10.0));
#1501=VERTEX_POINT('',#1500);
#1502=CARTESIAN_POINT('',(269.632611621501840,1.110223E-015,0.0));
#1503=DIRECTION('',(0.0,0.0,-1.0));
#1504=VECTOR('',#1503,10.0);
#1505=LINE('',#1502,#1504);
#1506=EDGE_CURVE('',#1499,#1501,#1505,.T.);
#1507=ORIENTED_EDGE('',*,*,#1506,.T.);
#1508=CARTESIAN_POINT('',(267.649388378498320,1.110223E-015,-10.0));
#1509=VERTEX_POINT('',#1508);
#1510=CARTESIAN_POINT('',(267.649388378498320,1.110223E-015,-10.0));
#1511=DIRECTION('',(1.0,0.0,0.0));
#1512=VECTOR('',#1511,1.983223243003522);
#1513=LINE('',#1510,#1512);
#1514=EDGE_CURVE('',#1509,#1501,#1513,.T.);
#1515=ORIENTED_EDGE('',*,*,#1514,.F.);
#1516=CARTESIAN_POINT('',(267.649388378498320,1.110223E-015,0.0));
#1517=VERTEX_POINT('',#1516);
#1518=CARTESIAN_POINT('',(267.649388378498320,1.110223E-015,0.0));
#1519=DIRECTION('',(0.0,0.0,-1.0));
#1520=VECTOR('',#1519,10.0);
#1521=LINE('',#1518,#1520);
#1522=EDGE_CURVE('',#1517,#1509,#1521,.T.);
#1523=ORIENTED_EDGE('',*,*,#1522,.F.);
#1524=CARTESIAN_POINT('',(269.632611621501840,1.110223E-015,0.0));
#1525=DIRECTION('',(-1.0,0.0,0.0));
#1526=VECTOR('',#1525,1.983223243003522);
#1527=LINE('',#1524,#1526);
#1528=EDGE_CURVE('',#1499,#1517,#1527,.T.);
#1529=ORIENTED_EDGE('',*,*,#1528,.F.);
#1530=EDGE_LOOP('',(#1507,#1515,#1523,#1529));
#1531=FACE_OUTER_BOUND('',#1530,.T.);
#1532=ADVANCED_FACE('',(#1531),#1497,.T.);
#1533=CARTESIAN_POINT('',(371.335388378498350,1.110223E-015,0.0));
#1534=DIRECTION('',(0.0,1.0,0.0));
#1535=DIRECTION('',(0.0,0.0,1.0));
#1536=AXIS2_PLACEMENT_3D('',#1533,#1534,#1535);
#1537=PLANE('',#1536);
#1538=CARTESIAN_POINT('',(279.058611621501830,1.110223E-015,0.0));
#1539=VERTEX_POINT('',#1538);
#1540=CARTESIAN_POINT('',(279.058611621501830,1.110223E-015,-10.0));
#1541=VERTEX_POINT('',#1540);
#1542=CARTESIAN_POINT('',(279.058611621501830,1.110223E-015,0.0));
#1543=DIRECTION('',(0.0,0.0,-1.0));
#1544=VECTOR('',#1543,10.0);
#1545=LINE('',#1542,#1544);
#1546=EDGE_CURVE('',#1539,#1541,#1545,.T.);
#1547=ORIENTED_EDGE('',*,*,#1546,.T.);
#1548=CARTESIAN_POINT('',(277.075388378498300,1.110223E-015,-10.0));
#1549=VERTEX_POINT('',#1548);
#1550=CARTESIAN_POINT('',(277.075388378498300,1.110223E-015,-10.0));
#1551=DIRECTION('',(1.0,0.0,0.0));
#1552=VECTOR('',#1551,1.983223243003522);
#1553=LINE('',#1550,#1552);
#1554=EDGE_CURVE('',#1549,#1541,#1553,.T.);
#1555=ORIENTED_EDGE('',*,*,#1554,.F.);
#1556=CARTESIAN_POINT('',(277.075388378498300,1.110223E-015,0.0));
#1557=VERTEX_POINT('',#1556);
#1558=CARTESIAN_POINT('',(277.075388378498300,1.110223E-015,0.0));
#1559=DIRECTION('',(0.0,0.0,-1.0));
#1560=VECTOR('',#1559,10.0);
#1561=LINE('',#1558,#1560);
#1562=EDGE_CURVE('',#1557,#1549,#1561,.T.);
#1563=ORIENTED_EDGE('',*,*,#1562,.F.);
#1564=CARTESIAN_POINT('',(279.058611621501830,1.110223E-015,0.0));
#1565=DIRECTION('',(-1.0,0.0,0.0));
#1566=VECTOR('',#1565,1.983223243003522);
#1567=LINE('',#1564,#1566);
#1568=EDGE_CURVE('',#1539,#1557,#1567,.T.);
#1569=ORIENTED_EDGE('',*,*,#1568,.F.);
#1570=EDGE_LOOP('',(#1547,#1555,#1563,#1569));
#1571=FACE_OUTER_BOUND('',#1570,.T.);
#1572=ADVANCED_FACE('',(#1571),#1537,.T.);
#1573=CARTESIAN_POINT('',(371.335388378498350,1.110223E-015,0.0));
#1574=DIRECTION('',(0.0,1.0,0.0));
#1575=DIRECTION('',(0.0,0.0,1.0));
#1576=AXIS2_PLACEMENT_3D('',#1573,#1574,#1575);
#1577=PLANE('',#1576);
#1578=CARTESIAN_POINT('',(288.484611621501810,1.110223E-015,0.0));
#1579=VERTEX_POINT('',#1578);
#1580=CARTESIAN_POINT('',(288.484611621501810,1.110223E-015,-10.0));
#1581=VERTEX_POINT('',#1580);
#1582=CARTESIAN_POINT('',(288.484611621501810,1.110223E-015,0.0));
#1583=DIRECTION('',(0.0,0.0,-1.0));
#1584=VECTOR('',#1583,10.0);
#1585=LINE('',#1582,#1584);
#1586=EDGE_CURVE('',#1579,#1581,#1585,.T.);
#1587=ORIENTED_EDGE('',*,*,#1586,.T.);
#1588=CARTESIAN_POINT('',(286.501388378498290,1.110223E-015,-10.0));
#1589=VERTEX_POINT('',#1588);
#1590=CARTESIAN_POINT('',(286.501388378498290,1.110223E-015,-10.0));
#1591=DIRECTION('',(1.0,0.0,0.0));
#1592=VECTOR('',#1591,1.983223243003522);
#1593=LINE('',#1590,#1592);
#1594=EDGE_CURVE('',#1589,#1581,#1593,.T.);
#1595=ORIENTED_EDGE('',*,*,#1594,.F.);
#1596=CARTESIAN_POINT('',(286.501388378498290,1.110223E-015,0.0));
#1597=VERTEX_POINT('',#1596);
#1598=CARTESIAN_POINT('',(286.501388378498290,1.110223E-015,0.0));
#1599=DIRECTION('',(0.0,0.0,-1.0));
#1600=VECTOR('',#1599,10.0);
#1601=LINE('',#1598,#1600);
#1602=EDGE_CURVE('',#1597,#1589,#1601,.T.);
#1603=ORIENTED_EDGE('',*,*,#1602,.F.);
#1604=CARTESIAN_POINT('',(288.484611621501810,1.110223E-015,0.0));
#1605=DIRECTION('',(-1.0,0.0,0.0));
#1606=VECTOR('',#1605,1.983223243003522);
#1607=LINE('',#1604,#1606);
#1608=EDGE_CURVE('',#1579,#1597,#1607,.T.);
#1609=ORIENTED_EDGE('',*,*,#1608,.F.);
#1610=EDGE_LOOP('',(#1587,#1595,#1603,#1609));
#1611=FACE_OUTER_BOUND('',#1610,.T.);
#1612=ADVANCED_FACE('',(#1611),#1577,.T.);
#1613=CARTESIAN_POINT('',(371.335388378498350,1.110223E-015,0.0));
#1614=DIRECTION('',(0.0,1.0,0.0));
#1615=DIRECTION('',(0.0,0.0,1.0));
#1616=AXIS2_PLACEMENT_3D('',#1613,#1614,#1615);
#1617=PLANE('',#1616);
#1618=CARTESIAN_POINT('',(297.910611621501800,1.110223E-015,0.0));
#1619=VERTEX_POINT('',#1618);
#1620=CARTESIAN_POINT('',(297.910611621501800,1.110223E-015,-10.0));
#1621=VERTEX_POINT('',#1620);
#1622=CARTESIAN_POINT('',(297.910611621501800,1.110223E-015,0.0));
#1623=DIRECTION('',(0.0,0.0,-1.0));
#1624=VECTOR('',#1623,10.0);
#1625=LINE('',#1622,#1624);
#1626=EDGE_CURVE('',#1619,#1621,#1625,.T.);
#1627=ORIENTED_EDGE('',*,*,#1626,.T.);
#1628=CARTESIAN_POINT('',(295.927388378498340,1.110223E-015,-10.0));
#1629=VERTEX_POINT('',#1628);
#1630=CARTESIAN_POINT('',(295.927388378498340,1.110223E-015,-10.0));
#1631=DIRECTION('',(1.0,0.0,0.0));
#1632=VECTOR('',#1631,1.983223243003465);
#1633=LINE('',#1630,#1632);
#1634=EDGE_CURVE('',#1629,#1621,#1633,.T.);
#1635=ORIENTED_EDGE('',*,*,#1634,.F.);
#1636=CARTESIAN_POINT('',(295.927388378498340,1.110223E-015,0.0));
#1637=VERTEX_POINT('',#1636);
#1638=CARTESIAN_POINT('',(295.927388378498340,1.110223E-015,0.0));
#1639=DIRECTION('',(0.0,0.0,-1.0));
#1640=VECTOR('',#1639,10.0);
#1641=LINE('',#1638,#1640);
#1642=EDGE_CURVE('',#1637,#1629,#1641,.T.);
#1643=ORIENTED_EDGE('',*,*,#1642,.F.);
#1644=CARTESIAN_POINT('',(297.910611621501800,1.110223E-015,0.0));
#1645=DIRECTION('',(-1.0,0.0,0.0));
#1646=VECTOR('',#1645,1.983223243003465);
#1647=LINE('',#1644,#1646);
#1648=EDGE_CURVE('',#1619,#1637,#1647,.T.);
#1649=ORIENTED_EDGE('',*,*,#1648,.F.);
#1650=EDGE_LOOP('',(#1627,#1635,#1643,#1649));
#1651=FACE_OUTER_BOUND('',#1650,.T.);
#1652=ADVANCED_FACE('',(#1651),#1617,.T.);
#1653=CARTESIAN_POINT('',(371.335388378498350,1.110223E-015,0.0));
#1654=DIRECTION('',(0.0,1.0,0.0));
#1655=DIRECTION('',(0.0,0.0,1.0));
#1656=AXIS2_PLACEMENT_3D('',#1653,#1654,#1655);
#1657=PLANE('',#1656);
#1658=CARTESIAN_POINT('',(307.336611621501790,1.110223E-015,0.0));
#1659=VERTEX_POINT('',#1658);
#1660=CARTESIAN_POINT('',(307.336611621501790,1.110223E-015,-10.0));
#1661=VERTEX_POINT('',#1660);
#1662=CARTESIAN_POINT('',(307.336611621501790,1.110223E-015,0.0));
#1663=DIRECTION('',(0.0,0.0,-1.0));
#1664=VECTOR('',#1663,10.0);
#1665=LINE('',#1662,#1664);
#1666=EDGE_CURVE('',#1659,#1661,#1665,.T.);
#1667=ORIENTED_EDGE('',*,*,#1666,.T.);
#1668=CARTESIAN_POINT('',(305.353388378498320,1.110223E-015,-10.0));
#1669=VERTEX_POINT('',#1668);
#1670=CARTESIAN_POINT('',(305.353388378498320,1.110223E-015,-10.0));
#1671=DIRECTION('',(1.0,0.0,0.0));
#1672=VECTOR('',#1671,1.983223243003465);
#1673=LINE('',#1670,#1672);
#1674=EDGE_CURVE('',#1669,#1661,#1673,.T.);
#1675=ORIENTED_EDGE('',*,*,#1674,.F.);
#1676=CARTESIAN_POINT('',(305.353388378498320,1.110223E-015,0.0));
#1677=VERTEX_POINT('',#1676);
#1678=CARTESIAN_POINT('',(305.353388378498320,1.110223E-015,0.0));
#1679=DIRECTION('',(0.0,0.0,-1.0));
#1680=VECTOR('',#1679,10.0);
#1681=LINE('',#1678,#1680);
#1682=EDGE_CURVE('',#1677,#1669,#1681,.T.);
#1683=ORIENTED_EDGE('',*,*,#1682,.F.);
#1684=CARTESIAN_POINT('',(307.336611621501790,1.110223E-015,0.0));
#1685=DIRECTION('',(-1.0,0.0,0.0));
#1686=VECTOR('',#1685,1.983223243003465);
#1687=LINE('',#1684,#1686);
#1688=EDGE_CURVE('',#1659,#1677,#1687,.T.);
#1689=ORIENTED_EDGE('',*,*,#1688,.F.);
#1690=EDGE_LOOP('',(#1667,#1675,#1683,#1689));
#1691=FACE_OUTER_BOUND('',#1690,.T.);
#1692=ADVANCED_FACE('',(#1691),#1657,.T.);
#1693=CARTESIAN_POINT('',(371.335388378498350,1.110223E-015,0.0));
#1694=DIRECTION('',(0.0,1.0,0.0));
#1695=DIRECTION('',(0.0,0.0,1.0));
#1696=AXIS2_PLACEMENT_3D('',#1693,#1694,#1695);
#1697=PLANE('',#1696);
#1698=CARTESIAN_POINT('',(316.762611621501830,1.110223E-015,0.0));
#1699=VERTEX_POINT('',#1698);
#1700=CARTESIAN_POINT('',(316.762611621501830,1.110223E-015,-10.0));
#1701=VERTEX_POINT('',#1700);
#1702=CARTESIAN_POINT('',(316.762611621501830,1.110223E-015,0.0));
#1703=DIRECTION('',(0.0,0.0,-1.0));
#1704=VECTOR('',#1703,10.0);
#1705=LINE('',#1702,#1704);
#1706=EDGE_CURVE('',#1699,#1701,#1705,.T.);
#1707=ORIENTED_EDGE('',*,*,#1706,.T.);
#1708=CARTESIAN_POINT('',(314.779388378498310,1.110223E-015,-10.0));
#1709=VERTEX_POINT('',#1708);
#1710=CARTESIAN_POINT('',(314.779388378498310,1.110223E-015,-10.0));
#1711=DIRECTION('',(1.0,0.0,0.0));
#1712=VECTOR('',#1711,1.983223243003522);
#1713=LINE('',#1710,#1712);
#1714=EDGE_CURVE('',#1709,#1701,#1713,.T.);
#1715=ORIENTED_EDGE('',*,*,#1714,.F.);
#1716=CARTESIAN_POINT('',(314.779388378498310,1.110223E-015,0.0));
#1717=VERTEX_POINT('',#1716);
#1718=CARTESIAN_POINT('',(314.779388378498310,1.110223E-015,0.0));
#1719=DIRECTION('',(0.0,0.0,-1.0));
#1720=VECTOR('',#1719,10.0);
#1721=LINE('',#1718,#1720);
#1722=EDGE_CURVE('',#1717,#1709,#1721,.T.);
#1723=ORIENTED_EDGE('',*,*,#1722,.F.);
#1724=CARTESIAN_POINT('',(316.762611621501830,1.110223E-015,0.0));
#1725=DIRECTION('',(-1.0,0.0,0.0));
#1726=VECTOR('',#1725,1.983223243003522);
#1727=LINE('',#1724,#1726);
#1728=EDGE_CURVE('',#1699,#1717,#1727,.T.);
#1729=ORIENTED_EDGE('',*,*,#1728,.F.);
#1730=EDGE_LOOP('',(#1707,#1715,#1723,#1729));
#1731=FACE_OUTER_BOUND('',#1730,.T.);
#1732=ADVANCED_FACE('',(#1731),#1697,.T.);
#1733=CARTESIAN_POINT('',(371.335388378498350,1.110223E-015,0.0));
#1734=DIRECTION('',(0.0,1.0,0.0));
#1735=DIRECTION('',(0.0,0.0,1.0));
#1736=AXIS2_PLACEMENT_3D('',#1733,#1734,#1735);
#1737=PLANE('',#1736);
#1738=CARTESIAN_POINT('',(326.188611621501820,1.110223E-015,0.0));
#1739=VERTEX_POINT('',#1738);
#1740=CARTESIAN_POINT('',(326.188611621501820,1.110223E-015,-10.0));
#1741=VERTEX_POINT('',#1740);
#1742=CARTESIAN_POINT('',(326.188611621501820,1.110223E-015,0.0));
#1743=DIRECTION('',(0.0,0.0,-1.0));
#1744=VECTOR('',#1743,10.0);
#1745=LINE('',#1742,#1744);
#1746=EDGE_CURVE('',#1739,#1741,#1745,.T.);
#1747=ORIENTED_EDGE('',*,*,#1746,.T.);
#1748=CARTESIAN_POINT('',(324.205388378498360,1.110223E-015,-10.0));
#1749=VERTEX_POINT('',#1748);
#1750=CARTESIAN_POINT('',(324.205388378498360,1.110223E-015,-10.0));
#1751=DIRECTION('',(1.0,0.0,0.0));
#1752=VECTOR('',#1751,1.983223243003465);
#1753=LINE('',#1750,#1752);
#1754=EDGE_CURVE('',#1749,#1741,#1753,.T.);
#1755=ORIENTED_EDGE('',*,*,#1754,.F.);
#1756=CARTESIAN_POINT('',(324.205388378498360,1.110223E-015,0.0));
#1757=VERTEX_POINT('',#1756);
#1758=CARTESIAN_POINT('',(324.205388378498360,1.110223E-015,0.0));
#1759=DIRECTION('',(0.0,0.0,-1.0));
#1760=VECTOR('',#1759,10.0);
#1761=LINE('',#1758,#1760);
#1762=EDGE_CURVE('',#1757,#1749,#1761,.T.);
#1763=ORIENTED_EDGE('',*,*,#1762,.F.);
#1764=CARTESIAN_POINT('',(326.188611621501820,1.110223E-015,0.0));
#1765=DIRECTION('',(-1.0,0.0,0.0));
#1766=VECTOR('',#1765,1.983223243003465);
#1767=LINE('',#1764,#1766);
#1768=EDGE_CURVE('',#1739,#1757,#1767,.T.);
#1769=ORIENTED_EDGE('',*,*,#1768,.F.);
#1770=EDGE_LOOP('',(#1747,#1755,#1763,#1769));
#1771=FACE_OUTER_BOUND('',#1770,.T.);
#1772=ADVANCED_FACE('',(#1771),#1737,.T.);
#1773=CARTESIAN_POINT('',(371.335388378498350,1.110223E-015,0.0));
#1774=DIRECTION('',(0.0,1.0,0.0));
#1775=DIRECTION('',(0.0,0.0,1.0));
#1776=AXIS2_PLACEMENT_3D('',#1773,#1774,#1775);
#1777=PLANE('',#1776);
#1778=CARTESIAN_POINT('',(335.614611621501810,1.110223E-015,0.0));
#1779=VERTEX_POINT('',#1778);
#1780=CARTESIAN_POINT('',(335.614611621501810,1.110223E-015,-10.0));
#1781=VERTEX_POINT('',#1780);
#1782=CARTESIAN_POINT('',(335.614611621501810,1.110223E-015,0.0));
#1783=DIRECTION('',(0.0,0.0,-1.0));
#1784=VECTOR('',#1783,10.0);
#1785=LINE('',#1782,#1784);
#1786=EDGE_CURVE('',#1779,#1781,#1785,.T.);
#1787=ORIENTED_EDGE('',*,*,#1786,.T.);
#1788=CARTESIAN_POINT('',(333.631388378498290,1.110223E-015,-10.0));
#1789=VERTEX_POINT('',#1788);
#1790=CARTESIAN_POINT('',(333.631388378498290,1.110223E-015,-10.0));
#1791=DIRECTION('',(1.0,0.0,0.0));
#1792=VECTOR('',#1791,1.983223243003522);
#1793=LINE('',#1790,#1792);
#1794=EDGE_CURVE('',#1789,#1781,#1793,.T.);
#1795=ORIENTED_EDGE('',*,*,#1794,.F.);
#1796=CARTESIAN_POINT('',(333.631388378498290,1.110223E-015,0.0));
#1797=VERTEX_POINT('',#1796);
#1798=CARTESIAN_POINT('',(333.631388378498290,1.110223E-015,0.0));
#1799=DIRECTION('',(0.0,0.0,-1.0));
#1800=VECTOR('',#1799,10.0);
#1801=LINE('',#1798,#1800);
#1802=EDGE_CURVE('',#1797,#1789,#1801,.T.);
#1803=ORIENTED_EDGE('',*,*,#1802,.F.);
#1804=CARTESIAN_POINT('',(335.614611621501810,1.110223E-015,0.0));
#1805=DIRECTION('',(-1.0,0.0,0.0));
#1806=VECTOR('',#1805,1.983223243003522);
#1807=LINE('',#1804,#1806);
#1808=EDGE_CURVE('',#1779,#1797,#1807,.T.);
#1809=ORIENTED_EDGE('',*,*,#1808,.F.);
#1810=EDGE_LOOP('',(#1787,#1795,#1803,#1809));
#1811=FACE_OUTER_BOUND('',#1810,.T.);
#1812=ADVANCED_FACE('',(#1811),#1777,.T.);
#1813=CARTESIAN_POINT('',(371.335388378498350,1.110223E-015,0.0));
#1814=DIRECTION('',(0.0,1.0,0.0));
#1815=DIRECTION('',(0.0,0.0,1.0));
#1816=AXIS2_PLACEMENT_3D('',#1813,#1814,#1815);
#1817=PLANE('',#1816);
#1818=CARTESIAN_POINT('',(345.040611621501850,1.110223E-015,0.0));
#1819=VERTEX_POINT('',#1818);
#1820=CARTESIAN_POINT('',(345.040611621501850,1.110223E-015,-10.0));
#1821=VERTEX_POINT('',#1820);
#1822=CARTESIAN_POINT('',(345.040611621501850,1.110223E-015,0.0));
#1823=DIRECTION('',(0.0,0.0,-1.0));
#1824=VECTOR('',#1823,10.0);
#1825=LINE('',#1822,#1824);
#1826=EDGE_CURVE('',#1819,#1821,#1825,.T.);
#1827=ORIENTED_EDGE('',*,*,#1826,.T.);
#1828=CARTESIAN_POINT('',(343.057388378498330,1.110223E-015,-10.0));
#1829=VERTEX_POINT('',#1828);
#1830=CARTESIAN_POINT('',(343.057388378498330,1.110223E-015,-10.0));
#1831=DIRECTION('',(1.0,0.0,0.0));
#1832=VECTOR('',#1831,1.983223243003522);
#1833=LINE('',#1830,#1832);
#1834=EDGE_CURVE('',#1829,#1821,#1833,.T.);
#1835=ORIENTED_EDGE('',*,*,#1834,.F.);
#1836=CARTESIAN_POINT('',(343.057388378498330,1.110223E-015,0.0));
#1837=VERTEX_POINT('',#1836);
#1838=CARTESIAN_POINT('',(343.057388378498330,1.110223E-015,0.0));
#1839=DIRECTION('',(0.0,0.0,-1.0));
#1840=VECTOR('',#1839,10.0);
#1841=LINE('',#1838,#1840);
#1842=EDGE_CURVE('',#1837,#1829,#1841,.T.);
#1843=ORIENTED_EDGE('',*,*,#1842,.F.);
#1844=CARTESIAN_POINT('',(345.040611621501850,1.110223E-015,0.0));
#1845=DIRECTION('',(-1.0,0.0,0.0));
#1846=VECTOR('',#1845,1.983223243003522);
#1847=LINE('',#1844,#1846);
#1848=EDGE_CURVE('',#1819,#1837,#1847,.T.);
#1849=ORIENTED_EDGE('',*,*,#1848,.F.);
#1850=EDGE_LOOP('',(#1827,#1835,#1843,#1849));
#1851=FACE_OUTER_BOUND('',#1850,.T.);
#1852=ADVANCED_FACE('',(#1851),#1817,.T.);
#1853=CARTESIAN_POINT('',(371.335388378498350,1.110223E-015,0.0));
#1854=DIRECTION('',(0.0,1.0,0.0));
#1855=DIRECTION('',(0.0,0.0,1.0));
#1856=AXIS2_PLACEMENT_3D('',#1853,#1854,#1855);
#1857=PLANE('',#1856);
#1858=CARTESIAN_POINT('',(354.466611621501840,1.110223E-015,0.0));
#1859=VERTEX_POINT('',#1858);
#1860=CARTESIAN_POINT('',(354.466611621501840,1.110223E-015,-10.0));
#1861=VERTEX_POINT('',#1860);
#1862=CARTESIAN_POINT('',(354.466611621501840,1.110223E-015,0.0));
#1863=DIRECTION('',(0.0,0.0,-1.0));
#1864=VECTOR('',#1863,10.0);
#1865=LINE('',#1862,#1864);
#1866=EDGE_CURVE('',#1859,#1861,#1865,.T.);
#1867=ORIENTED_EDGE('',*,*,#1866,.T.);
#1868=CARTESIAN_POINT('',(352.483388378498380,1.110223E-015,-10.0));
#1869=VERTEX_POINT('',#1868);
#1870=CARTESIAN_POINT('',(352.483388378498380,1.110223E-015,-10.0));
#1871=DIRECTION('',(1.0,0.0,0.0));
#1872=VECTOR('',#1871,1.983223243003465);
#1873=LINE('',#1870,#1872);
#1874=EDGE_CURVE('',#1869,#1861,#1873,.T.);
#1875=ORIENTED_EDGE('',*,*,#1874,.F.);
#1876=CARTESIAN_POINT('',(352.483388378498380,1.110223E-015,0.0));
#1877=VERTEX_POINT('',#1876);
#1878=CARTESIAN_POINT('',(352.483388378498380,1.110223E-015,0.0));
#1879=DIRECTION('',(0.0,0.0,-1.0));
#1880=VECTOR('',#1879,10.0);
#1881=LINE('',#1878,#1880);
#1882=EDGE_CURVE('',#1877,#1869,#1881,.T.);
#1883=ORIENTED_EDGE('',*,*,#1882,.F.);
#1884=CARTESIAN_POINT('',(354.466611621501840,1.110223E-015,0.0));
#1885=DIRECTION('',(-1.0,0.0,0.0));
#1886=VECTOR('',#1885,1.983223243003465);
#1887=LINE('',#1884,#1886);
#1888=EDGE_CURVE('',#1859,#1877,#1887,.T.);
#1889=ORIENTED_EDGE('',*,*,#1888,.F.);
#1890=EDGE_LOOP('',(#1867,#1875,#1883,#1889));
#1891=FACE_OUTER_BOUND('',#1890,.T.);
#1892=ADVANCED_FACE('',(#1891),#1857,.T.);
#1893=CARTESIAN_POINT('',(371.335388378498350,1.110223E-015,0.0));
#1894=DIRECTION('',(0.0,1.0,0.0));
#1895=DIRECTION('',(0.0,0.0,1.0));
#1896=AXIS2_PLACEMENT_3D('',#1893,#1894,#1895);
#1897=PLANE('',#1896);
#1898=CARTESIAN_POINT('',(363.892611621501830,1.110223E-015,0.0));
#1899=VERTEX_POINT('',#1898);
#1900=CARTESIAN_POINT('',(363.892611621501830,1.110223E-015,-10.0));
#1901=VERTEX_POINT('',#1900);
#1902=CARTESIAN_POINT('',(363.892611621501830,1.110223E-015,0.0));
#1903=DIRECTION('',(0.0,0.0,-1.0));
#1904=VECTOR('',#1903,10.0);
#1905=LINE('',#1902,#1904);
#1906=EDGE_CURVE('',#1899,#1901,#1905,.T.);
#1907=ORIENTED_EDGE('',*,*,#1906,.T.);
#1908=CARTESIAN_POINT('',(361.909388378498360,1.110223E-015,-10.0));
#1909=VERTEX_POINT('',#1908);
#1910=CARTESIAN_POINT('',(361.909388378498360,1.110223E-015,-10.0));
#1911=DIRECTION('',(1.0,0.0,0.0));
#1912=VECTOR('',#1911,1.983223243003465);
#1913=LINE('',#1910,#1912);
#1914=EDGE_CURVE('',#1909,#1901,#1913,.T.);
#1915=ORIENTED_EDGE('',*,*,#1914,.F.);
#1916=CARTESIAN_POINT('',(361.909388378498360,1.110223E-015,0.0));
#1917=VERTEX_POINT('',#1916);
#1918=CARTESIAN_POINT('',(361.909388378498360,1.110223E-015,0.0));
#1919=DIRECTION('',(0.0,0.0,-1.0));
#1920=VECTOR('',#1919,10.0);
#1921=LINE('',#1918,#1920);
#1922=EDGE_CURVE('',#1917,#1909,#1921,.T.);
#1923=ORIENTED_EDGE('',*,*,#1922,.F.);
#1924=CARTESIAN_POINT('',(363.892611621501830,1.110223E-015,0.0));
#1925=DIRECTION('',(-1.0,0.0,0.0));
#1926=VECTOR('',#1925,1.983223243003465);
#1927=LINE('',#1924,#1926);
#1928=EDGE_CURVE('',#1899,#1917,#1927,.T.);
#1929=ORIENTED_EDGE('',*,*,#1928,.F.);
#1930=EDGE_LOOP('',(#1907,#1915,#1923,#1929));
#1931=FACE_OUTER_BOUND('',#1930,.T.);
#1932=ADVANCED_FACE('',(#1931),#1897,.T.);
#1933=CARTESIAN_POINT('',(-3.721388378498258,1.110223E-015,0.0));
#1934=DIRECTION('',(-1.0,0.0,0.0));
#1935=DIRECTION('',(0.0,0.0,1.0));
#1936=AXIS2_PLACEMENT_3D('',#1933,#1934,#1935);
#1937=PLANE('',#1936);
#1938=CARTESIAN_POINT('',(-3.721388378498258,1.110223E-015,-10.0));
#1939=VERTEX_POINT('',#1938);
#1940=CARTESIAN_POINT('',(-3.721388378498259,-10.000000000000069,-10.0));
#1941=DIRECTION('',(0.0,1.0,0.0));
#1942=VECTOR('',#1941,10.000000000000071);
#1943=LINE('',#1940,#1942);
#1944=EDGE_CURVE('',#357,#1939,#1943,.T.);
#1945=ORIENTED_EDGE('',*,*,#1944,.F.);
#1946=ORIENTED_EDGE('',*,*,#362,.F.);
#1947=CARTESIAN_POINT('',(-3.721388378498258,1.110223E-015,0.0));
#1948=VERTEX_POINT('',#1947);
#1949=CARTESIAN_POINT('',(-3.721388378498258,1.110223E-015,0.0));
#1950=DIRECTION('',(0.0,-1.0,0.0));
#1951=VECTOR('',#1950,10.000000000000071);
#1952=LINE('',#1949,#1951);
#1953=EDGE_CURVE('',#1948,#349,#1952,.T.);
#1954=ORIENTED_EDGE('',*,*,#1953,.F.);
#1955=CARTESIAN_POINT('',(-3.721388378498258,1.110223E-015,0.0));
#1956=DIRECTION('',(0.0,0.0,-1.0));
#1957=VECTOR('',#1956,10.0);
#1958=LINE('',#1955,#1957);
#1959=EDGE_CURVE('',#1948,#1939,#1958,.T.);
#1960=ORIENTED_EDGE('',*,*,#1959,.T.);
#1961=EDGE_LOOP('',(#1945,#1946,#1954,#1960));
#1962=FACE_OUTER_BOUND('',#1961,.T.);
#1963=ADVANCED_FACE('',(#1962),#1937,.T.);
#1964=CARTESIAN_POINT('',(-3.721388378498259,-10.000000000000069,0.0));
#1965=DIRECTION('',(0.0,-1.0,0.0));
#1966=DIRECTION('',(0.0,0.0,-1.0));
#1967=AXIS2_PLACEMENT_3D('',#1964,#1965,#1966);
#1968=PLANE('',#1967);
#1969=ORIENTED_EDGE('',*,*,#285,.T.);
#1970=EDGE_LOOP('',(#1969));
#1971=FACE_OUTER_BOUND('',#1970,.T.);
#1972=ADVANCED_FACE('',(#1971),#1968,.T.);
#1973=CARTESIAN_POINT('',(371.335388378498350,-9.999999999999975,0.0));
#1974=DIRECTION('',(1.0,0.0,0.0));
#1975=DIRECTION('',(0.0,0.0,-1.0));
#1976=AXIS2_PLACEMENT_3D('',#1973,#1974,#1975);
#1977=PLANE('',#1976);
#1978=CARTESIAN_POINT('',(371.335388378498350,1.110223E-015,-10.0));
#1979=VERTEX_POINT('',#1978);
#1980=CARTESIAN_POINT('',(371.335388378498350,1.110223E-015,-10.0));
#1981=DIRECTION('',(0.0,-1.0,0.0));
#1982=VECTOR('',#1981,9.999999999999977);
#1983=LINE('',#1980,#1982);
#1984=EDGE_CURVE('',#1979,#171,#1983,.T.);
#1985=ORIENTED_EDGE('',*,*,#1984,.F.);
#1986=CARTESIAN_POINT('',(371.335388378498350,1.110223E-015,0.0));
#1987=VERTEX_POINT('',#1986);
#1988=CARTESIAN_POINT('',(371.335388378498350,1.110223E-015,0.0));
#1989=DIRECTION('',(0.0,0.0,-1.0));
#1990=VECTOR('',#1989,10.0);
#1991=LINE('',#1988,#1990);
#1992=EDGE_CURVE('',#1987,#1979,#1991,.T.);
#1993=ORIENTED_EDGE('',*,*,#1992,.F.);
#1994=CARTESIAN_POINT('',(371.335388378498350,-9.999999999999975,0.0));
#1995=DIRECTION('',(0.0,1.0,0.0));
#1996=VECTOR('',#1995,9.999999999999977);
#1997=LINE('',#1994,#1996);
#1998=EDGE_CURVE('',#179,#1987,#1997,.T.);
#1999=ORIENTED_EDGE('',*,*,#1998,.F.);
#2000=ORIENTED_EDGE('',*,*,#184,.T.);
#2001=EDGE_LOOP('',(#1985,#1993,#1999,#2000));
#2002=FACE_OUTER_BOUND('',#2001,.T.);
#2003=ADVANCED_FACE('',(#2002),#1977,.T.);
#2004=CARTESIAN_POINT('',(-1.271601E-032,6.750000000000000,0.0));
#2005=DIRECTION('',(0.0,1.0,0.0));
#2006=DIRECTION('',(0.0,0.0,1.0));
#2007=AXIS2_PLACEMENT_3D('',#2004,#2005,#2006);
#2008=PLANE('',#2007);
#2009=CARTESIAN_POINT('',(1.264589297201392,6.750000000000002,-10.0));
#2010=VERTEX_POINT('',#2009);
#2011=CARTESIAN_POINT('',(-1.264589297201392,6.750000000000002,-10.0));
#2012=VERTEX_POINT('',#2011);
#2013=CARTESIAN_POINT('',(1.264589297201392,6.750000000000002,-10.0));
#2014=DIRECTION('',(-1.0,0.0,0.0));
#2015=VECTOR('',#2014,2.529178594402783);
#2016=LINE('',#2013,#2015);
#2017=EDGE_CURVE('',#2010,#2012,#2016,.T.);
#2018=ORIENTED_EDGE('',*,*,#2017,.T.);
#2019=CARTESIAN_POINT('',(-1.264589297201392,6.750000000000002,0.0));
#2020=VERTEX_POINT('',#2019);
#2021=CARTESIAN_POINT('',(-1.264589297201392,6.750000000000002,0.0));
#2022=DIRECTION('',(0.0,0.0,-1.0));
#2023=VECTOR('',#2022,10.0);
#2024=LINE('',#2021,#2023);
#2025=EDGE_CURVE('',#2020,#2012,#2024,.T.);
#2026=ORIENTED_EDGE('',*,*,#2025,.F.);
#2027=CARTESIAN_POINT('',(1.264589297201392,6.750000000000002,0.0));
#2028=VERTEX_POINT('',#2027);
#2029=CARTESIAN_POINT('',(-1.264589297201392,6.750000000000002,0.0));
#2030=DIRECTION('',(1.0,0.0,0.0));
#2031=VECTOR('',#2030,2.529178594402783);
#2032=LINE('',#2029,#2031);
#2033=EDGE_CURVE('',#2020,#2028,#2032,.T.);
#2034=ORIENTED_EDGE('',*,*,#2033,.T.);
#2035=CARTESIAN_POINT('',(1.264589297201392,6.750000000000002,0.0));
#2036=DIRECTION('',(0.0,0.0,-1.0));
#2037=VECTOR('',#2036,10.0);
#2038=LINE('',#2035,#2037);
#2039=EDGE_CURVE('',#2028,#2010,#2038,.T.);
#2040=ORIENTED_EDGE('',*,*,#2039,.T.);
#2041=EDGE_LOOP('',(#2018,#2026,#2034,#2040));
#2042=FACE_OUTER_BOUND('',#2041,.T.);
#2043=ADVANCED_FACE('',(#2042),#2008,.T.);
#2044=CARTESIAN_POINT('',(-1.264589297201392,6.750000000000002,0.0));
#2045=DIRECTION('',(-0.939692620785908,0.342020143325669,0.0));
#2046=DIRECTION('',(0.0,0.0,1.0));
#2047=AXIS2_PLACEMENT_3D('',#2044,#2045,#2046);
#2048=PLANE('',#2047);
#2049=CARTESIAN_POINT('',(-1.264589297201392,6.750000000000002,-10.0));
#2050=DIRECTION('',(-0.342020143325669,-0.939692620785908,0.0));
#2051=VECTOR('',#2050,7.183199964212408);
#2052=LINE('',#2049,#2051);
#2053=EDGE_CURVE('',#2012,#1939,#2052,.T.);
#2054=ORIENTED_EDGE('',*,*,#2053,.T.);
#2055=ORIENTED_EDGE('',*,*,#1959,.F.);
#2056=CARTESIAN_POINT('',(-3.721388378498258,1.110223E-015,0.0));
#2057=DIRECTION('',(0.342020143325669,0.939692620785908,0.0));
#2058=VECTOR('',#2057,7.183199964212408);
#2059=LINE('',#2056,#2058);
#2060=EDGE_CURVE('',#1948,#2020,#2059,.T.);
#2061=ORIENTED_EDGE('',*,*,#2060,.T.);
#2062=ORIENTED_EDGE('',*,*,#2025,.T.);
#2063=EDGE_LOOP('',(#2054,#2055,#2061,#2062));
#2064=FACE_OUTER_BOUND('',#2063,.T.);
#2065=ADVANCED_FACE('',(#2064),#2048,.T.);
#2066=CARTESIAN_POINT('',(3.721388378498258,1.110223E-015,0.0));
#2067=DIRECTION('',(0.939692620785908,0.342020143325669,0.0));
#2068=DIRECTION('',(0.0,0.0,-1.0));
#2069=AXIS2_PLACEMENT_3D('',#2066,#2067,#2068);
#2070=PLANE('',#2069);
#2071=CARTESIAN_POINT('',(3.721388378498258,1.110223E-015,-10.0));
#2072=DIRECTION('',(-0.342020143325669,0.939692620785908,0.0));
#2073=VECTOR('',#2072,7.183199964212408);
#2074=LINE('',#2071,#2073);
#2075=EDGE_CURVE('',#389,#2010,#2074,.T.);
#2076=ORIENTED_EDGE('',*,*,#2075,.T.);
#2077=ORIENTED_EDGE('',*,*,#2039,.F.);
#2078=CARTESIAN_POINT('',(1.264589297201392,6.750000000000002,0.0));
#2079=DIRECTION('',(0.342020143325669,-0.939692620785908,0.0));
#2080=VECTOR('',#2079,7.183199964212408);
#2081=LINE('',#2078,#2080);
#2082=EDGE_CURVE('',#2028,#397,#2081,.T.);
#2083=ORIENTED_EDGE('',*,*,#2082,.T.);
#2084=ORIENTED_EDGE('',*,*,#402,.T.);
#2085=EDGE_LOOP('',(#2076,#2077,#2083,#2084));
#2086=FACE_OUTER_BOUND('',#2085,.T.);
#2087=ADVANCED_FACE('',(#2086),#2070,.T.);
#2088=CARTESIAN_POINT('',(9.426000000000002,6.750000000000000,0.0));
#2089=DIRECTION('',(0.0,1.0,0.0));
#2090=DIRECTION('',(0.0,0.0,1.0));
#2091=AXIS2_PLACEMENT_3D('',#2088,#2089,#2090);
#2092=PLANE('',#2091);
#2093=CARTESIAN_POINT('',(10.690589297201393,6.750000000000002,-10.0));
#2094=VERTEX_POINT('',#2093);
#2095=CARTESIAN_POINT('',(8.161410702798611,6.750000000000002,-10.0));
#2096=VERTEX_POINT('',#2095);
#2097=CARTESIAN_POINT('',(10.690589297201393,6.750000000000002,-10.0));
#2098=DIRECTION('',(-1.0,0.0,0.0));
#2099=VECTOR('',#2098,2.529178594402783);
#2100=LINE('',#2097,#2099);
#2101=EDGE_CURVE('',#2094,#2096,#2100,.T.);
#2102=ORIENTED_EDGE('',*,*,#2101,.T.);
#2103=CARTESIAN_POINT('',(8.161410702798611,6.750000000000002,0.0));
#2104=VERTEX_POINT('',#2103);
#2105=CARTESIAN_POINT('',(8.161410702798611,6.750000000000002,0.0));
#2106=DIRECTION('',(0.0,0.0,-1.0));
#2107=VECTOR('',#2106,10.0);
#2108=LINE('',#2105,#2107);
#2109=EDGE_CURVE('',#2104,#2096,#2108,.T.);
#2110=ORIENTED_EDGE('',*,*,#2109,.F.);
#2111=CARTESIAN_POINT('',(10.690589297201393,6.750000000000002,0.0));
#2112=VERTEX_POINT('',#2111);
#2113=CARTESIAN_POINT('',(8.161410702798611,6.750000000000002,0.0));
#2114=DIRECTION('',(1.0,0.0,0.0));
#2115=VECTOR('',#2114,2.529178594402783);
#2116=LINE('',#2113,#2115);
#2117=EDGE_CURVE('',#2104,#2112,#2116,.T.);
#2118=ORIENTED_EDGE('',*,*,#2117,.T.);
#2119=CARTESIAN_POINT('',(10.690589297201393,6.750000000000002,0.0));
#2120=DIRECTION('',(0.0,0.0,-1.0));
#2121=VECTOR('',#2120,10.0);
#2122=LINE('',#2119,#2121);
#2123=EDGE_CURVE('',#2112,#2094,#2122,.T.);
#2124=ORIENTED_EDGE('',*,*,#2123,.T.);
#2125=EDGE_LOOP('',(#2102,#2110,#2118,#2124));
#2126=FACE_OUTER_BOUND('',#2125,.T.);
#2127=ADVANCED_FACE('',(#2126),#2092,.T.);
#2128=CARTESIAN_POINT('',(8.161410702798611,6.750000000000002,0.0));
#2129=DIRECTION('',(-0.939692620785908,0.342020143325669,0.0));
#2130=DIRECTION('',(0.0,0.0,1.0));
#2131=AXIS2_PLACEMENT_3D('',#2128,#2129,#2130);
#2132=PLANE('',#2131);
#2133=CARTESIAN_POINT('',(8.161410702798611,6.750000000000002,-10.0));
#2134=DIRECTION('',(-0.342020143325669,-0.939692620785908,0.0));
#2135=VECTOR('',#2134,7.183199964212408);
#2136=LINE('',#2133,#2135);
#2137=EDGE_CURVE('',#2096,#381,#2136,.T.);
#2138=ORIENTED_EDGE('',*,*,#2137,.T.);
#2139=ORIENTED_EDGE('',*,*,#386,.F.);
#2140=CARTESIAN_POINT('',(5.704611621501744,1.110223E-015,0.0));
#2141=DIRECTION('',(0.342020143325669,0.939692620785908,0.0));
#2142=VECTOR('',#2141,7.183199964212408);
#2143=LINE('',#2140,#2142);
#2144=EDGE_CURVE('',#379,#2104,#2143,.T.);
#2145=ORIENTED_EDGE('',*,*,#2144,.T.);
#2146=ORIENTED_EDGE('',*,*,#2109,.T.);
#2147=EDGE_LOOP('',(#2138,#2139,#2145,#2146));
#2148=FACE_OUTER_BOUND('',#2147,.T.);
#2149=ADVANCED_FACE('',(#2148),#2132,.T.);
#2150=CARTESIAN_POINT('',(13.147388378498261,1.110223E-015,0.0));
#2151=DIRECTION('',(0.939692620785908,0.342020143325669,0.0));
#2152=DIRECTION('',(0.0,0.0,-1.0));
#2153=AXIS2_PLACEMENT_3D('',#2150,#2151,#2152);
#2154=PLANE('',#2153);
#2155=CARTESIAN_POINT('',(13.147388378498261,1.110223E-015,-10.0));
#2156=DIRECTION('',(-0.342020143325669,0.939692620785908,0.0));
#2157=VECTOR('',#2156,7.183199964212409);
#2158=LINE('',#2155,#2157);
#2159=EDGE_CURVE('',#429,#2094,#2158,.T.);
#2160=ORIENTED_EDGE('',*,*,#2159,.T.);
#2161=ORIENTED_EDGE('',*,*,#2123,.F.);
#2162=CARTESIAN_POINT('',(10.690589297201393,6.750000000000002,0.0));
#2163=DIRECTION('',(0.342020143325669,-0.939692620785908,0.0));
#2164=VECTOR('',#2163,7.183199964212409);
#2165=LINE('',#2162,#2164);
#2166=EDGE_CURVE('',#2112,#437,#2165,.T.);
#2167=ORIENTED_EDGE('',*,*,#2166,.T.);
#2168=ORIENTED_EDGE('',*,*,#442,.T.);
#2169=EDGE_LOOP('',(#2160,#2161,#2167,#2168));
#2170=FACE_OUTER_BOUND('',#2169,.T.);
#2171=ADVANCED_FACE('',(#2170),#2154,.T.);
#2172=CARTESIAN_POINT('',(18.852000000000004,6.750000000000000,0.0));
#2173=DIRECTION('',(0.0,1.0,0.0));
#2174=DIRECTION('',(0.0,0.0,1.0));
#2175=AXIS2_PLACEMENT_3D('',#2172,#2173,#2174);
#2176=PLANE('',#2175);
#2177=CARTESIAN_POINT('',(20.116589297201397,6.750000000000002,-10.0));
#2178=VERTEX_POINT('',#2177);
#2179=CARTESIAN_POINT('',(17.587410702798611,6.750000000000002,-10.0));
#2180=VERTEX_POINT('',#2179);
#2181=CARTESIAN_POINT('',(20.116589297201397,6.750000000000002,-10.0));
#2182=DIRECTION('',(-1.0,0.0,0.0));
#2183=VECTOR('',#2182,2.529178594402787);
#2184=LINE('',#2181,#2183);
#2185=EDGE_CURVE('',#2178,#2180,#2184,.T.);
#2186=ORIENTED_EDGE('',*,*,#2185,.T.);
#2187=CARTESIAN_POINT('',(17.587410702798611,6.750000000000002,0.0));
#2188=VERTEX_POINT('',#2187);
#2189=CARTESIAN_POINT('',(17.587410702798611,6.750000000000002,0.0));
#2190=DIRECTION('',(0.0,0.0,-1.0));
#2191=VECTOR('',#2190,10.0);
#2192=LINE('',#2189,#2191);
#2193=EDGE_CURVE('',#2188,#2180,#2192,.T.);
#2194=ORIENTED_EDGE('',*,*,#2193,.F.);
#2195=CARTESIAN_POINT('',(20.116589297201397,6.750000000000002,0.0));
#2196=VERTEX_POINT('',#2195);
#2197=CARTESIAN_POINT('',(17.587410702798611,6.750000000000002,0.0));
#2198=DIRECTION('',(1.0,0.0,0.0));
#2199=VECTOR('',#2198,2.529178594402787);
#2200=LINE('',#2197,#2199);
#2201=EDGE_CURVE('',#2188,#2196,#2200,.T.);
#2202=ORIENTED_EDGE('',*,*,#2201,.T.);
#2203=CARTESIAN_POINT('',(20.116589297201397,6.750000000000002,0.0));
#2204=DIRECTION('',(0.0,0.0,-1.0));
#2205=VECTOR('',#2204,10.0);
#2206=LINE('',#2203,#2205);
#2207=EDGE_CURVE('',#2196,#2178,#2206,.T.);
#2208=ORIENTED_EDGE('',*,*,#2207,.T.);
#2209=EDGE_LOOP('',(#2186,#2194,#2202,#2208));
#2210=FACE_OUTER_BOUND('',#2209,.T.);
#2211=ADVANCED_FACE('',(#2210),#2176,.T.);
#2212=CARTESIAN_POINT('',(17.587410702798611,6.750000000000002,0.0));
#2213=DIRECTION('',(-0.939692620785908,0.342020143325669,0.0));
#2214=DIRECTION('',(0.0,0.0,1.0));
#2215=AXIS2_PLACEMENT_3D('',#2212,#2213,#2214);
#2216=PLANE('',#2215);
#2217=CARTESIAN_POINT('',(17.587410702798611,6.750000000000002,-10.0));
#2218=DIRECTION('',(-0.342020143325668,-0.939692620785908,0.0));
#2219=VECTOR('',#2218,7.183199964212408);
#2220=LINE('',#2217,#2219);
#2221=EDGE_CURVE('',#2180,#421,#2220,.T.);
#2222=ORIENTED_EDGE('',*,*,#2221,.T.);
#2223=ORIENTED_EDGE('',*,*,#426,.F.);
#2224=CARTESIAN_POINT('',(15.130611621501746,1.110223E-015,0.0));
#2225=DIRECTION('',(0.342020143325668,0.939692620785908,0.0));
#2226=VECTOR('',#2225,7.183199964212408);
#2227=LINE('',#2224,#2226);
#2228=EDGE_CURVE('',#419,#2188,#2227,.T.);
#2229=ORIENTED_EDGE('',*,*,#2228,.T.);
#2230=ORIENTED_EDGE('',*,*,#2193,.T.);
#2231=EDGE_LOOP('',(#2222,#2223,#2229,#2230));
#2232=FACE_OUTER_BOUND('',#2231,.T.);
#2233=ADVANCED_FACE('',(#2232),#2216,.T.);
#2234=CARTESIAN_POINT('',(22.573388378498262,1.110223E-015,0.0));
#2235=DIRECTION('',(0.939692620785908,0.342020143325669,0.0));
#2236=DIRECTION('',(0.0,0.0,-1.0));
#2237=AXIS2_PLACEMENT_3D('',#2234,#2235,#2236);
#2238=PLANE('',#2237);
#2239=CARTESIAN_POINT('',(22.573388378498262,1.110223E-015,-10.0));
#2240=DIRECTION('',(-0.342020143325668,0.939692620785908,0.0));
#2241=VECTOR('',#2240,7.183199964212408);
#2242=LINE('',#2239,#2241);
#2243=EDGE_CURVE('',#469,#2178,#2242,.T.);
#2244=ORIENTED_EDGE('',*,*,#2243,.T.);
#2245=ORIENTED_EDGE('',*,*,#2207,.F.);
#2246=CARTESIAN_POINT('',(20.116589297201397,6.750000000000002,0.0));
#2247=DIRECTION('',(0.342020143325668,-0.939692620785908,0.0));
#2248=VECTOR('',#2247,7.183199964212408);
#2249=LINE('',#2246,#2248);
#2250=EDGE_CURVE('',#2196,#477,#2249,.T.);
#2251=ORIENTED_EDGE('',*,*,#2250,.T.);
#2252=ORIENTED_EDGE('',*,*,#482,.T.);
#2253=EDGE_LOOP('',(#2244,#2245,#2251,#2252));
#2254=FACE_OUTER_BOUND('',#2253,.T.);
#2255=ADVANCED_FACE('',(#2254),#2238,.T.);
#2256=CARTESIAN_POINT('',(28.278000000000006,6.750000000000000,0.0));
#2257=DIRECTION('',(0.0,1.0,0.0));
#2258=DIRECTION('',(0.0,0.0,1.0));
#2259=AXIS2_PLACEMENT_3D('',#2256,#2257,#2258);
#2260=PLANE('',#2259);
#2261=CARTESIAN_POINT('',(29.542589297201399,6.750000000000002,-10.0));
#2262=VERTEX_POINT('',#2261);
#2263=CARTESIAN_POINT('',(27.013410702798616,6.750000000000002,-10.0));
#2264=VERTEX_POINT('',#2263);
#2265=CARTESIAN_POINT('',(29.542589297201399,6.750000000000002,-10.0));
#2266=DIRECTION('',(-1.0,0.0,0.0));
#2267=VECTOR('',#2266,2.529178594402783);
#2268=LINE('',#2265,#2267);
#2269=EDGE_CURVE('',#2262,#2264,#2268,.T.);
#2270=ORIENTED_EDGE('',*,*,#2269,.T.);
#2271=CARTESIAN_POINT('',(27.013410702798616,6.750000000000002,0.0));
#2272=VERTEX_POINT('',#2271);
#2273=CARTESIAN_POINT('',(27.013410702798616,6.750000000000002,0.0));
#2274=DIRECTION('',(0.0,0.0,-1.0));
#2275=VECTOR('',#2274,10.0);
#2276=LINE('',#2273,#2275);
#2277=EDGE_CURVE('',#2272,#2264,#2276,.T.);
#2278=ORIENTED_EDGE('',*,*,#2277,.F.);
#2279=CARTESIAN_POINT('',(29.542589297201399,6.750000000000002,0.0));
#2280=VERTEX_POINT('',#2279);
#2281=CARTESIAN_POINT('',(27.013410702798616,6.750000000000002,0.0));
#2282=DIRECTION('',(1.0,0.0,0.0));
#2283=VECTOR('',#2282,2.529178594402783);
#2284=LINE('',#2281,#2283);
#2285=EDGE_CURVE('',#2272,#2280,#2284,.T.);
#2286=ORIENTED_EDGE('',*,*,#2285,.T.);
#2287=CARTESIAN_POINT('',(29.542589297201399,6.750000000000002,0.0));
#2288=DIRECTION('',(0.0,0.0,-1.0));
#2289=VECTOR('',#2288,10.0);
#2290=LINE('',#2287,#2289);
#2291=EDGE_CURVE('',#2280,#2262,#2290,.T.);
#2292=ORIENTED_EDGE('',*,*,#2291,.T.);
#2293=EDGE_LOOP('',(#2270,#2278,#2286,#2292));
#2294=FACE_OUTER_BOUND('',#2293,.T.);
#2295=ADVANCED_FACE('',(#2294),#2260,.T.);
#2296=CARTESIAN_POINT('',(27.013410702798616,6.750000000000002,0.0));
#2297=DIRECTION('',(-0.939692620785908,0.342020143325669,0.0));
#2298=DIRECTION('',(0.0,0.0,1.0));
#2299=AXIS2_PLACEMENT_3D('',#2296,#2297,#2298);
#2300=PLANE('',#2299);
#2301=CARTESIAN_POINT('',(27.013410702798616,6.750000000000002,-10.0));
#2302=DIRECTION('',(-0.342020143325668,-0.939692620785908,0.0));
#2303=VECTOR('',#2302,7.183199964212408);
#2304=LINE('',#2301,#2303);
#2305=EDGE_CURVE('',#2264,#461,#2304,.T.);
#2306=ORIENTED_EDGE('',*,*,#2305,.T.);
#2307=ORIENTED_EDGE('',*,*,#466,.F.);
#2308=CARTESIAN_POINT('',(24.556611621501752,1.110223E-015,0.0));
#2309=DIRECTION('',(0.342020143325668,0.939692620785908,0.0));
#2310=VECTOR('',#2309,7.183199964212408);
#2311=LINE('',#2308,#2310);
#2312=EDGE_CURVE('',#459,#2272,#2311,.T.);
#2313=ORIENTED_EDGE('',*,*,#2312,.T.);
#2314=ORIENTED_EDGE('',*,*,#2277,.T.);
#2315=EDGE_LOOP('',(#2306,#2307,#2313,#2314));
#2316=FACE_OUTER_BOUND('',#2315,.T.);
#2317=ADVANCED_FACE('',(#2316),#2300,.T.);
#2318=CARTESIAN_POINT('',(31.999388378498267,1.110223E-015,0.0));
#2319=DIRECTION('',(0.939692620785908,0.342020143325669,0.0));
#2320=DIRECTION('',(0.0,0.0,-1.0));
#2321=AXIS2_PLACEMENT_3D('',#2318,#2319,#2320);
#2322=PLANE('',#2321);
#2323=CARTESIAN_POINT('',(31.999388378498267,1.110223E-015,-10.0));
#2324=DIRECTION('',(-0.342020143325669,0.939692620785908,0.0));
#2325=VECTOR('',#2324,7.183199964212409);
#2326=LINE('',#2323,#2325);
#2327=EDGE_CURVE('',#509,#2262,#2326,.T.);
#2328=ORIENTED_EDGE('',*,*,#2327,.T.);
#2329=ORIENTED_EDGE('',*,*,#2291,.F.);
#2330=CARTESIAN_POINT('',(29.542589297201399,6.750000000000002,0.0));
#2331=DIRECTION('',(0.342020143325669,-0.939692620785908,0.0));
#2332=VECTOR('',#2331,7.183199964212409);
#2333=LINE('',#2330,#2332);
#2334=EDGE_CURVE('',#2280,#517,#2333,.T.);
#2335=ORIENTED_EDGE('',*,*,#2334,.T.);
#2336=ORIENTED_EDGE('',*,*,#522,.T.);
#2337=EDGE_LOOP('',(#2328,#2329,#2335,#2336));
#2338=FACE_OUTER_BOUND('',#2337,.T.);
#2339=ADVANCED_FACE('',(#2338),#2322,.T.);
#2340=CARTESIAN_POINT('',(37.704000000000008,6.750000000000000,0.0));
#2341=DIRECTION('',(0.0,1.0,0.0));
#2342=DIRECTION('',(0.0,0.0,1.0));
#2343=AXIS2_PLACEMENT_3D('',#2340,#2341,#2342);
#2344=PLANE('',#2343);
#2345=CARTESIAN_POINT('',(38.968589297201397,6.750000000000002,-10.0));
#2346=VERTEX_POINT('',#2345);
#2347=CARTESIAN_POINT('',(36.439410702798618,6.750000000000002,-10.0));
#2348=VERTEX_POINT('',#2347);
#2349=CARTESIAN_POINT('',(38.968589297201397,6.750000000000002,-10.0));
#2350=DIRECTION('',(-1.0,0.0,0.0));
#2351=VECTOR('',#2350,2.529178594402779);
#2352=LINE('',#2349,#2351);
#2353=EDGE_CURVE('',#2346,#2348,#2352,.T.);
#2354=ORIENTED_EDGE('',*,*,#2353,.T.);
#2355=CARTESIAN_POINT('',(36.439410702798618,6.750000000000002,0.0));
#2356=VERTEX_POINT('',#2355);
#2357=CARTESIAN_POINT('',(36.439410702798618,6.750000000000002,0.0));
#2358=DIRECTION('',(0.0,0.0,-1.0));
#2359=VECTOR('',#2358,10.0);
#2360=LINE('',#2357,#2359);
#2361=EDGE_CURVE('',#2356,#2348,#2360,.T.);
#2362=ORIENTED_EDGE('',*,*,#2361,.F.);
#2363=CARTESIAN_POINT('',(38.968589297201397,6.750000000000002,0.0));
#2364=VERTEX_POINT('',#2363);
#2365=CARTESIAN_POINT('',(36.439410702798618,6.750000000000002,0.0));
#2366=DIRECTION('',(1.0,0.0,0.0));
#2367=VECTOR('',#2366,2.529178594402779);
#2368=LINE('',#2365,#2367);
#2369=EDGE_CURVE('',#2356,#2364,#2368,.T.);
#2370=ORIENTED_EDGE('',*,*,#2369,.T.);
#2371=CARTESIAN_POINT('',(38.968589297201397,6.750000000000002,0.0));
#2372=DIRECTION('',(0.0,0.0,-1.0));
#2373=VECTOR('',#2372,10.0);
#2374=LINE('',#2371,#2373);
#2375=EDGE_CURVE('',#2364,#2346,#2374,.T.);
#2376=ORIENTED_EDGE('',*,*,#2375,.T.);
#2377=EDGE_LOOP('',(#2354,#2362,#2370,#2376));
#2378=FACE_OUTER_BOUND('',#2377,.T.);
#2379=ADVANCED_FACE('',(#2378),#2344,.T.);
#2380=CARTESIAN_POINT('',(36.439410702798618,6.750000000000002,0.0));
#2381=DIRECTION('',(-0.939692620785908,0.342020143325669,0.0));
#2382=DIRECTION('',(0.0,0.0,1.0));
#2383=AXIS2_PLACEMENT_3D('',#2380,#2381,#2382);
#2384=PLANE('',#2383);
#2385=CARTESIAN_POINT('',(36.439410702798618,6.750000000000002,-10.0));
#2386=DIRECTION('',(-0.342020143325668,-0.939692620785908,0.0));
#2387=VECTOR('',#2386,7.183199964212408);
#2388=LINE('',#2385,#2387);
#2389=EDGE_CURVE('',#2348,#501,#2388,.T.);
#2390=ORIENTED_EDGE('',*,*,#2389,.T.);
#2391=ORIENTED_EDGE('',*,*,#506,.F.);
#2392=CARTESIAN_POINT('',(33.982611621501754,1.110223E-015,0.0));
#2393=DIRECTION('',(0.342020143325668,0.939692620785908,0.0));
#2394=VECTOR('',#2393,7.183199964212408);
#2395=LINE('',#2392,#2394);
#2396=EDGE_CURVE('',#499,#2356,#2395,.T.);
#2397=ORIENTED_EDGE('',*,*,#2396,.T.);
#2398=ORIENTED_EDGE('',*,*,#2361,.T.);
#2399=EDGE_LOOP('',(#2390,#2391,#2397,#2398));
#2400=FACE_OUTER_BOUND('',#2399,.T.);
#2401=ADVANCED_FACE('',(#2400),#2384,.T.);
#2402=CARTESIAN_POINT('',(41.425388378498269,1.110223E-015,0.0));
#2403=DIRECTION('',(0.939692620785908,0.342020143325669,0.0));
#2404=DIRECTION('',(0.0,0.0,-1.0));
#2405=AXIS2_PLACEMENT_3D('',#2402,#2403,#2404);
#2406=PLANE('',#2405);
#2407=CARTESIAN_POINT('',(41.425388378498269,1.110223E-015,-10.0));
#2408=DIRECTION('',(-0.342020143325669,0.939692620785908,0.0));
#2409=VECTOR('',#2408,7.183199964212410);
#2410=LINE('',#2407,#2409);
#2411=EDGE_CURVE('',#549,#2346,#2410,.T.);
#2412=ORIENTED_EDGE('',*,*,#2411,.T.);
#2413=ORIENTED_EDGE('',*,*,#2375,.F.);
#2414=CARTESIAN_POINT('',(38.968589297201397,6.750000000000002,0.0));
#2415=DIRECTION('',(0.342020143325669,-0.939692620785908,0.0));
#2416=VECTOR('',#2415,7.183199964212410);
#2417=LINE('',#2414,#2416);
#2418=EDGE_CURVE('',#2364,#557,#2417,.T.);
#2419=ORIENTED_EDGE('',*,*,#2418,.T.);
#2420=ORIENTED_EDGE('',*,*,#562,.T.);
#2421=EDGE_LOOP('',(#2412,#2413,#2419,#2420));
#2422=FACE_OUTER_BOUND('',#2421,.T.);
#2423=ADVANCED_FACE('',(#2422),#2406,.T.);
#2424=CARTESIAN_POINT('',(47.130000000000010,6.750000000000000,0.0));
#2425=DIRECTION('',(0.0,1.0,0.0));
#2426=DIRECTION('',(0.0,0.0,1.0));
#2427=AXIS2_PLACEMENT_3D('',#2424,#2425,#2426);
#2428=PLANE('',#2427);
#2429=CARTESIAN_POINT('',(48.394589297201406,6.750000000000002,-10.0));
#2430=VERTEX_POINT('',#2429);
#2431=CARTESIAN_POINT('',(45.865410702798627,6.750000000000002,-10.0));
#2432=VERTEX_POINT('',#2431);
#2433=CARTESIAN_POINT('',(48.394589297201406,6.750000000000002,-10.0));
#2434=DIRECTION('',(-1.0,0.0,0.0));
#2435=VECTOR('',#2434,2.529178594402779);
#2436=LINE('',#2433,#2435);
#2437=EDGE_CURVE('',#2430,#2432,#2436,.T.);
#2438=ORIENTED_EDGE('',*,*,#2437,.T.);
#2439=CARTESIAN_POINT('',(45.865410702798627,6.750000000000002,0.0));
#2440=VERTEX_POINT('',#2439);
#2441=CARTESIAN_POINT('',(45.865410702798627,6.750000000000002,0.0));
#2442=DIRECTION('',(0.0,0.0,-1.0));
#2443=VECTOR('',#2442,10.0);
#2444=LINE('',#2441,#2443);
#2445=EDGE_CURVE('',#2440,#2432,#2444,.T.);
#2446=ORIENTED_EDGE('',*,*,#2445,.F.);
#2447=CARTESIAN_POINT('',(48.394589297201406,6.750000000000002,0.0));
#2448=VERTEX_POINT('',#2447);
#2449=CARTESIAN_POINT('',(45.865410702798627,6.750000000000002,0.0));
#2450=DIRECTION('',(1.0,0.0,0.0));
#2451=VECTOR('',#2450,2.529178594402779);
#2452=LINE('',#2449,#2451);
#2453=EDGE_CURVE('',#2440,#2448,#2452,.T.);
#2454=ORIENTED_EDGE('',*,*,#2453,.T.);
#2455=CARTESIAN_POINT('',(48.394589297201406,6.750000000000002,0.0));
#2456=DIRECTION('',(0.0,0.0,-1.0));
#2457=VECTOR('',#2456,10.0);
#2458=LINE('',#2455,#2457);
#2459=EDGE_CURVE('',#2448,#2430,#2458,.T.);
#2460=ORIENTED_EDGE('',*,*,#2459,.T.);
#2461=EDGE_LOOP('',(#2438,#2446,#2454,#2460));
#2462=FACE_OUTER_BOUND('',#2461,.T.);
#2463=ADVANCED_FACE('',(#2462),#2428,.T.);
#2464=CARTESIAN_POINT('',(45.865410702798627,6.750000000000002,0.0));
#2465=DIRECTION('',(-0.939692620785908,0.342020143325669,0.0));
#2466=DIRECTION('',(0.0,0.0,1.0));
#2467=AXIS2_PLACEMENT_3D('',#2464,#2465,#2466);
#2468=PLANE('',#2467);
#2469=CARTESIAN_POINT('',(45.865410702798627,6.750000000000002,-10.0));
#2470=DIRECTION('',(-0.342020143325669,-0.939692620785908,0.0));
#2471=VECTOR('',#2470,7.183199964212410);
#2472=LINE('',#2469,#2471);
#2473=EDGE_CURVE('',#2432,#541,#2472,.T.);
#2474=ORIENTED_EDGE('',*,*,#2473,.T.);
#2475=ORIENTED_EDGE('',*,*,#546,.F.);
#2476=CARTESIAN_POINT('',(43.408611621501755,1.110223E-015,0.0));
#2477=DIRECTION('',(0.342020143325669,0.939692620785908,0.0));
#2478=VECTOR('',#2477,7.183199964212410);
#2479=LINE('',#2476,#2478);
#2480=EDGE_CURVE('',#539,#2440,#2479,.T.);
#2481=ORIENTED_EDGE('',*,*,#2480,.T.);
#2482=ORIENTED_EDGE('',*,*,#2445,.T.);
#2483=EDGE_LOOP('',(#2474,#2475,#2481,#2482));
#2484=FACE_OUTER_BOUND('',#2483,.T.);
#2485=ADVANCED_FACE('',(#2484),#2468,.T.);
#2486=CARTESIAN_POINT('',(50.851388378498271,1.110223E-015,0.0));
#2487=DIRECTION('',(0.939692620785908,0.342020143325669,0.0));
#2488=DIRECTION('',(0.0,0.0,-1.0));
#2489=AXIS2_PLACEMENT_3D('',#2486,#2487,#2488);
#2490=PLANE('',#2489);
#2491=CARTESIAN_POINT('',(50.851388378498271,1.110223E-015,-10.0));
#2492=DIRECTION('',(-0.342020143325668,0.939692620785908,0.0));
#2493=VECTOR('',#2492,7.183199964212408);
#2494=LINE('',#2491,#2493);
#2495=EDGE_CURVE('',#589,#2430,#2494,.T.);
#2496=ORIENTED_EDGE('',*,*,#2495,.T.);
#2497=ORIENTED_EDGE('',*,*,#2459,.F.);
#2498=CARTESIAN_POINT('',(48.394589297201406,6.750000000000002,0.0));
#2499=DIRECTION('',(0.342020143325668,-0.939692620785908,0.0));
#2500=VECTOR('',#2499,7.183199964212408);
#2501=LINE('',#2498,#2500);
#2502=EDGE_CURVE('',#2448,#597,#2501,.T.);
#2503=ORIENTED_EDGE('',*,*,#2502,.T.);
#2504=ORIENTED_EDGE('',*,*,#602,.T.);
#2505=EDGE_LOOP('',(#2496,#2497,#2503,#2504));
#2506=FACE_OUTER_BOUND('',#2505,.T.);
#2507=ADVANCED_FACE('',(#2506),#2490,.T.);
#2508=CARTESIAN_POINT('',(56.556000000000012,6.750000000000000,0.0));
#2509=DIRECTION('',(0.0,1.0,0.0));
#2510=DIRECTION('',(0.0,0.0,1.0));
#2511=AXIS2_PLACEMENT_3D('',#2508,#2509,#2510);
#2512=PLANE('',#2511);
#2513=CARTESIAN_POINT('',(57.820589297201408,6.750000000000002,-10.0));
#2514=VERTEX_POINT('',#2513);
#2515=CARTESIAN_POINT('',(55.291410702798622,6.750000000000002,-10.0));
#2516=VERTEX_POINT('',#2515);
#2517=CARTESIAN_POINT('',(57.820589297201408,6.750000000000002,-10.0));
#2518=DIRECTION('',(-1.0,0.0,0.0));
#2519=VECTOR('',#2518,2.529178594402787);
#2520=LINE('',#2517,#2519);
#2521=EDGE_CURVE('',#2514,#2516,#2520,.T.);
#2522=ORIENTED_EDGE('',*,*,#2521,.T.);
#2523=CARTESIAN_POINT('',(55.291410702798622,6.750000000000002,0.0));
#2524=VERTEX_POINT('',#2523);
#2525=CARTESIAN_POINT('',(55.291410702798622,6.750000000000002,0.0));
#2526=DIRECTION('',(0.0,0.0,-1.0));
#2527=VECTOR('',#2526,10.0);
#2528=LINE('',#2525,#2527);
#2529=EDGE_CURVE('',#2524,#2516,#2528,.T.);
#2530=ORIENTED_EDGE('',*,*,#2529,.F.);
#2531=CARTESIAN_POINT('',(57.820589297201408,6.750000000000002,0.0));
#2532=VERTEX_POINT('',#2531);
#2533=CARTESIAN_POINT('',(55.291410702798622,6.750000000000002,0.0));
#2534=DIRECTION('',(1.0,0.0,0.0));
#2535=VECTOR('',#2534,2.529178594402787);
#2536=LINE('',#2533,#2535);
#2537=EDGE_CURVE('',#2524,#2532,#2536,.T.);
#2538=ORIENTED_EDGE('',*,*,#2537,.T.);
#2539=CARTESIAN_POINT('',(57.820589297201408,6.750000000000002,0.0));
#2540=DIRECTION('',(0.0,0.0,-1.0));
#2541=VECTOR('',#2540,10.0);
#2542=LINE('',#2539,#2541);
#2543=EDGE_CURVE('',#2532,#2514,#2542,.T.);
#2544=ORIENTED_EDGE('',*,*,#2543,.T.);
#2545=EDGE_LOOP('',(#2522,#2530,#2538,#2544));
#2546=FACE_OUTER_BOUND('',#2545,.T.);
#2547=ADVANCED_FACE('',(#2546),#2512,.T.);
#2548=CARTESIAN_POINT('',(55.291410702798622,6.750000000000002,0.0));
#2549=DIRECTION('',(-0.939692620785908,0.342020143325669,0.0));
#2550=DIRECTION('',(0.0,0.0,1.0));
#2551=AXIS2_PLACEMENT_3D('',#2548,#2549,#2550);
#2552=PLANE('',#2551);
#2553=CARTESIAN_POINT('',(55.291410702798622,6.750000000000002,-10.0));
#2554=DIRECTION('',(-0.342020143325668,-0.939692620785908,0.0));
#2555=VECTOR('',#2554,7.183199964212408);
#2556=LINE('',#2553,#2555);
#2557=EDGE_CURVE('',#2516,#581,#2556,.T.);
#2558=ORIENTED_EDGE('',*,*,#2557,.T.);
#2559=ORIENTED_EDGE('',*,*,#586,.F.);
#2560=CARTESIAN_POINT('',(52.834611621501757,1.110223E-015,0.0));
#2561=DIRECTION('',(0.342020143325668,0.939692620785908,0.0));
#2562=VECTOR('',#2561,7.183199964212408);
#2563=LINE('',#2560,#2562);
#2564=EDGE_CURVE('',#579,#2524,#2563,.T.);
#2565=ORIENTED_EDGE('',*,*,#2564,.T.);
#2566=ORIENTED_EDGE('',*,*,#2529,.T.);
#2567=EDGE_LOOP('',(#2558,#2559,#2565,#2566));
#2568=FACE_OUTER_BOUND('',#2567,.T.);
#2569=ADVANCED_FACE('',(#2568),#2552,.T.);
#2570=CARTESIAN_POINT('',(60.277388378498273,1.110223E-015,0.0));
#2571=DIRECTION('',(0.939692620785908,0.342020143325669,0.0));
#2572=DIRECTION('',(0.0,0.0,-1.0));
#2573=AXIS2_PLACEMENT_3D('',#2570,#2571,#2572);
#2574=PLANE('',#2573);
#2575=CARTESIAN_POINT('',(60.277388378498273,1.110223E-015,-10.0));
#2576=DIRECTION('',(-0.342020143325668,0.939692620785908,0.0));
#2577=VECTOR('',#2576,7.183199964212408);
#2578=LINE('',#2575,#2577);
#2579=EDGE_CURVE('',#629,#2514,#2578,.T.);
#2580=ORIENTED_EDGE('',*,*,#2579,.T.);
#2581=ORIENTED_EDGE('',*,*,#2543,.F.);
#2582=CARTESIAN_POINT('',(57.820589297201408,6.750000000000002,0.0));
#2583=DIRECTION('',(0.342020143325668,-0.939692620785908,0.0));
#2584=VECTOR('',#2583,7.183199964212408);
#2585=LINE('',#2582,#2584);
#2586=EDGE_CURVE('',#2532,#637,#2585,.T.);
#2587=ORIENTED_EDGE('',*,*,#2586,.T.);
#2588=ORIENTED_EDGE('',*,*,#642,.T.);
#2589=EDGE_LOOP('',(#2580,#2581,#2587,#2588));
#2590=FACE_OUTER_BOUND('',#2589,.T.);
#2591=ADVANCED_FACE('',(#2590),#2574,.T.);
#2592=CARTESIAN_POINT('',(65.982000000000014,6.750000000000000,0.0));
#2593=DIRECTION('',(0.0,1.0,0.0));
#2594=DIRECTION('',(0.0,0.0,1.0));
#2595=AXIS2_PLACEMENT_3D('',#2592,#2593,#2594);
#2596=PLANE('',#2595);
#2597=CARTESIAN_POINT('',(67.246589297201410,6.750000000000002,-10.0));
#2598=VERTEX_POINT('',#2597);
#2599=CARTESIAN_POINT('',(64.717410702798617,6.750000000000002,-10.0));
#2600=VERTEX_POINT('',#2599);
#2601=CARTESIAN_POINT('',(67.246589297201410,6.750000000000002,-10.0));
#2602=DIRECTION('',(-1.0,0.0,0.0));
#2603=VECTOR('',#2602,2.529178594402794);
#2604=LINE('',#2601,#2603);
#2605=EDGE_CURVE('',#2598,#2600,#2604,.T.);
#2606=ORIENTED_EDGE('',*,*,#2605,.T.);
#2607=CARTESIAN_POINT('',(64.717410702798617,6.750000000000002,0.0));
#2608=VERTEX_POINT('',#2607);
#2609=CARTESIAN_POINT('',(64.717410702798617,6.750000000000002,0.0));
#2610=DIRECTION('',(0.0,0.0,-1.0));
#2611=VECTOR('',#2610,10.0);
#2612=LINE('',#2609,#2611);
#2613=EDGE_CURVE('',#2608,#2600,#2612,.T.);
#2614=ORIENTED_EDGE('',*,*,#2613,.F.);
#2615=CARTESIAN_POINT('',(67.246589297201410,6.750000000000002,0.0));
#2616=VERTEX_POINT('',#2615);
#2617=CARTESIAN_POINT('',(64.717410702798617,6.750000000000002,0.0));
#2618=DIRECTION('',(1.0,0.0,0.0));
#2619=VECTOR('',#2618,2.529178594402794);
#2620=LINE('',#2617,#2619);
#2621=EDGE_CURVE('',#2608,#2616,#2620,.T.);
#2622=ORIENTED_EDGE('',*,*,#2621,.T.);
#2623=CARTESIAN_POINT('',(67.246589297201410,6.750000000000002,0.0));
#2624=DIRECTION('',(0.0,0.0,-1.0));
#2625=VECTOR('',#2624,10.0);
#2626=LINE('',#2623,#2625);
#2627=EDGE_CURVE('',#2616,#2598,#2626,.T.);
#2628=ORIENTED_EDGE('',*,*,#2627,.T.);
#2629=EDGE_LOOP('',(#2606,#2614,#2622,#2628));
#2630=FACE_OUTER_BOUND('',#2629,.T.);
#2631=ADVANCED_FACE('',(#2630),#2596,.T.);
#2632=CARTESIAN_POINT('',(64.717410702798617,6.750000000000002,0.0));
#2633=DIRECTION('',(-0.939692620785908,0.342020143325669,0.0));
#2634=DIRECTION('',(0.0,0.0,1.0));
#2635=AXIS2_PLACEMENT_3D('',#2632,#2633,#2634);
#2636=PLANE('',#2635);
#2637=CARTESIAN_POINT('',(64.717410702798617,6.750000000000002,-10.0));
#2638=DIRECTION('',(-0.342020143325668,-0.939692620785908,0.0));
#2639=VECTOR('',#2638,7.183199964212408);
#2640=LINE('',#2637,#2639);
#2641=EDGE_CURVE('',#2600,#621,#2640,.T.);
#2642=ORIENTED_EDGE('',*,*,#2641,.T.);
#2643=ORIENTED_EDGE('',*,*,#626,.F.);
#2644=CARTESIAN_POINT('',(62.260611621501752,1.110223E-015,0.0));
#2645=DIRECTION('',(0.342020143325668,0.939692620785908,0.0));
#2646=VECTOR('',#2645,7.183199964212408);
#2647=LINE('',#2644,#2646);
#2648=EDGE_CURVE('',#619,#2608,#2647,.T.);
#2649=ORIENTED_EDGE('',*,*,#2648,.T.);
#2650=ORIENTED_EDGE('',*,*,#2613,.T.);
#2651=EDGE_LOOP('',(#2642,#2643,#2649,#2650));
#2652=FACE_OUTER_BOUND('',#2651,.T.);
#2653=ADVANCED_FACE('',(#2652),#2636,.T.);
#2654=CARTESIAN_POINT('',(69.703388378498261,1.110223E-015,0.0));
#2655=DIRECTION('',(0.939692620785908,0.342020143325669,0.0));
#2656=DIRECTION('',(0.0,0.0,-1.0));
#2657=AXIS2_PLACEMENT_3D('',#2654,#2655,#2656);
#2658=PLANE('',#2657);
#2659=CARTESIAN_POINT('',(69.703388378498261,1.110223E-015,-10.0));
#2660=DIRECTION('',(-0.342020143325667,0.939692620785909,0.0));
#2661=VECTOR('',#2660,7.183199964212403);
#2662=LINE('',#2659,#2661);
#2663=EDGE_CURVE('',#669,#2598,#2662,.T.);
#2664=ORIENTED_EDGE('',*,*,#2663,.T.);
#2665=ORIENTED_EDGE('',*,*,#2627,.F.);
#2666=CARTESIAN_POINT('',(67.246589297201410,6.750000000000002,0.0));
#2667=DIRECTION('',(0.342020143325667,-0.939692620785909,0.0));
#2668=VECTOR('',#2667,7.183199964212403);
#2669=LINE('',#2666,#2668);
#2670=EDGE_CURVE('',#2616,#677,#2669,.T.);
#2671=ORIENTED_EDGE('',*,*,#2670,.T.);
#2672=ORIENTED_EDGE('',*,*,#682,.T.);
#2673=EDGE_LOOP('',(#2664,#2665,#2671,#2672));
#2674=FACE_OUTER_BOUND('',#2673,.T.);
#2675=ADVANCED_FACE('',(#2674),#2658,.T.);
#2676=CARTESIAN_POINT('',(75.408000000000015,6.750000000000000,0.0));
#2677=DIRECTION('',(0.0,1.0,0.0));
#2678=DIRECTION('',(0.0,0.0,1.0));
#2679=AXIS2_PLACEMENT_3D('',#2676,#2677,#2678);
#2680=PLANE('',#2679);
#2681=CARTESIAN_POINT('',(76.672589297201412,6.750000000000002,-10.0));
#2682=VERTEX_POINT('',#2681);
#2683=CARTESIAN_POINT('',(74.143410702798619,6.750000000000002,-10.0));
#2684=VERTEX_POINT('',#2683);
#2685=CARTESIAN_POINT('',(76.672589297201412,6.750000000000002,-10.0));
#2686=DIRECTION('',(-1.0,0.0,0.0));
#2687=VECTOR('',#2686,2.529178594402794);
#2688=LINE('',#2685,#2687);
#2689=EDGE_CURVE('',#2682,#2684,#2688,.T.);
#2690=ORIENTED_EDGE('',*,*,#2689,.T.);
#2691=CARTESIAN_POINT('',(74.143410702798619,6.750000000000002,0.0));
#2692=VERTEX_POINT('',#2691);
#2693=CARTESIAN_POINT('',(74.143410702798619,6.750000000000002,0.0));
#2694=DIRECTION('',(0.0,0.0,-1.0));
#2695=VECTOR('',#2694,10.0);
#2696=LINE('',#2693,#2695);
#2697=EDGE_CURVE('',#2692,#2684,#2696,.T.);
#2698=ORIENTED_EDGE('',*,*,#2697,.F.);
#2699=CARTESIAN_POINT('',(76.672589297201412,6.750000000000002,0.0));
#2700=VERTEX_POINT('',#2699);
#2701=CARTESIAN_POINT('',(74.143410702798619,6.750000000000002,0.0));
#2702=DIRECTION('',(1.0,0.0,0.0));
#2703=VECTOR('',#2702,2.529178594402794);
#2704=LINE('',#2701,#2703);
#2705=EDGE_CURVE('',#2692,#2700,#2704,.T.);
#2706=ORIENTED_EDGE('',*,*,#2705,.T.);
#2707=CARTESIAN_POINT('',(76.672589297201412,6.750000000000002,0.0));
#2708=DIRECTION('',(0.0,0.0,-1.0));
#2709=VECTOR('',#2708,10.0);
#2710=LINE('',#2707,#2709);
#2711=EDGE_CURVE('',#2700,#2682,#2710,.T.);
#2712=ORIENTED_EDGE('',*,*,#2711,.T.);
#2713=EDGE_LOOP('',(#2690,#2698,#2706,#2712));
#2714=FACE_OUTER_BOUND('',#2713,.T.);
#2715=ADVANCED_FACE('',(#2714),#2680,.T.);
#2716=CARTESIAN_POINT('',(74.143410702798619,6.750000000000002,0.0));
#2717=DIRECTION('',(-0.939692620785908,0.342020143325669,0.0));
#2718=DIRECTION('',(0.0,0.0,1.0));
#2719=AXIS2_PLACEMENT_3D('',#2716,#2717,#2718);
#2720=PLANE('',#2719);
#2721=CARTESIAN_POINT('',(74.143410702798619,6.750000000000002,-10.0));
#2722=DIRECTION('',(-0.342020143325668,-0.939692620785908,0.0));
#2723=VECTOR('',#2722,7.183199964212408);
#2724=LINE('',#2721,#2723);
#2725=EDGE_CURVE('',#2684,#661,#2724,.T.);
#2726=ORIENTED_EDGE('',*,*,#2725,.T.);
#2727=ORIENTED_EDGE('',*,*,#666,.F.);
#2728=CARTESIAN_POINT('',(71.686611621501754,1.110223E-015,0.0));
#2729=DIRECTION('',(0.342020143325668,0.939692620785908,0.0));
#2730=VECTOR('',#2729,7.183199964212408);
#2731=LINE('',#2728,#2730);
#2732=EDGE_CURVE('',#659,#2692,#2731,.T.);
#2733=ORIENTED_EDGE('',*,*,#2732,.T.);
#2734=ORIENTED_EDGE('',*,*,#2697,.T.);
#2735=EDGE_LOOP('',(#2726,#2727,#2733,#2734));
#2736=FACE_OUTER_BOUND('',#2735,.T.);
#2737=ADVANCED_FACE('',(#2736),#2720,.T.);
#2738=CARTESIAN_POINT('',(79.129388378498277,1.110223E-015,0.0));
#2739=DIRECTION('',(0.939692620785908,0.342020143325669,0.0));
#2740=DIRECTION('',(0.0,0.0,-1.0));
#2741=AXIS2_PLACEMENT_3D('',#2738,#2739,#2740);
#2742=PLANE('',#2741);
#2743=CARTESIAN_POINT('',(79.129388378498277,1.110223E-015,-10.0));
#2744=DIRECTION('',(-0.342020143325668,0.939692620785908,0.0));
#2745=VECTOR('',#2744,7.183199964212408);
#2746=LINE('',#2743,#2745);
#2747=EDGE_CURVE('',#709,#2682,#2746,.T.);
#2748=ORIENTED_EDGE('',*,*,#2747,.T.);
#2749=ORIENTED_EDGE('',*,*,#2711,.F.);
#2750=CARTESIAN_POINT('',(76.672589297201412,6.750000000000002,0.0));
#2751=DIRECTION('',(0.342020143325668,-0.939692620785908,0.0));
#2752=VECTOR('',#2751,7.183199964212408);
#2753=LINE('',#2750,#2752);
#2754=EDGE_CURVE('',#2700,#717,#2753,.T.);
#2755=ORIENTED_EDGE('',*,*,#2754,.T.);
#2756=ORIENTED_EDGE('',*,*,#722,.T.);
#2757=EDGE_LOOP('',(#2748,#2749,#2755,#2756));
#2758=FACE_OUTER_BOUND('',#2757,.T.);
#2759=ADVANCED_FACE('',(#2758),#2742,.T.);
#2760=CARTESIAN_POINT('',(84.834000000000017,6.750000000000000,0.0));
#2761=DIRECTION('',(0.0,1.0,0.0));
#2762=DIRECTION('',(0.0,0.0,1.0));
#2763=AXIS2_PLACEMENT_3D('',#2760,#2761,#2762);
#2764=PLANE('',#2763);
#2765=CARTESIAN_POINT('',(86.098589297201400,6.750000000000002,-10.0));
#2766=VERTEX_POINT('',#2765);
#2767=CARTESIAN_POINT('',(83.569410702798606,6.750000000000002,-10.0));
#2768=VERTEX_POINT('',#2767);
#2769=CARTESIAN_POINT('',(86.098589297201400,6.750000000000002,-10.0));
#2770=DIRECTION('',(-1.0,0.0,0.0));
#2771=VECTOR('',#2770,2.529178594402794);
#2772=LINE('',#2769,#2771);
#2773=EDGE_CURVE('',#2766,#2768,#2772,.T.);
#2774=ORIENTED_EDGE('',*,*,#2773,.T.);
#2775=CARTESIAN_POINT('',(83.569410702798606,6.750000000000002,0.0));
#2776=VERTEX_POINT('',#2775);
#2777=CARTESIAN_POINT('',(83.569410702798606,6.750000000000002,0.0));
#2778=DIRECTION('',(0.0,0.0,-1.0));
#2779=VECTOR('',#2778,10.0);
#2780=LINE('',#2777,#2779);
#2781=EDGE_CURVE('',#2776,#2768,#2780,.T.);
#2782=ORIENTED_EDGE('',*,*,#2781,.F.);
#2783=CARTESIAN_POINT('',(86.098589297201400,6.750000000000002,0.0));
#2784=VERTEX_POINT('',#2783);
#2785=CARTESIAN_POINT('',(83.569410702798606,6.750000000000002,0.0));
#2786=DIRECTION('',(1.0,0.0,0.0));
#2787=VECTOR('',#2786,2.529178594402794);
#2788=LINE('',#2785,#2787);
#2789=EDGE_CURVE('',#2776,#2784,#2788,.T.);
#2790=ORIENTED_EDGE('',*,*,#2789,.T.);
#2791=CARTESIAN_POINT('',(86.098589297201400,6.750000000000002,0.0));
#2792=DIRECTION('',(0.0,0.0,-1.0));
#2793=VECTOR('',#2792,10.0);
#2794=LINE('',#2791,#2793);
#2795=EDGE_CURVE('',#2784,#2766,#2794,.T.);
#2796=ORIENTED_EDGE('',*,*,#2795,.T.);
#2797=EDGE_LOOP('',(#2774,#2782,#2790,#2796));
#2798=FACE_OUTER_BOUND('',#2797,.T.);
#2799=ADVANCED_FACE('',(#2798),#2764,.T.);
#2800=CARTESIAN_POINT('',(83.569410702798606,6.750000000000002,0.0));
#2801=DIRECTION('',(-0.939692620785908,0.342020143325669,0.0));
#2802=DIRECTION('',(0.0,0.0,1.0));
#2803=AXIS2_PLACEMENT_3D('',#2800,#2801,#2802);
#2804=PLANE('',#2803);
#2805=CARTESIAN_POINT('',(83.569410702798606,6.750000000000002,-10.0));
#2806=DIRECTION('',(-0.342020143325668,-0.939692620785908,0.0));
#2807=VECTOR('',#2806,7.183199964212408);
#2808=LINE('',#2805,#2807);
#2809=EDGE_CURVE('',#2768,#701,#2808,.T.);
#2810=ORIENTED_EDGE('',*,*,#2809,.T.);
#2811=ORIENTED_EDGE('',*,*,#706,.F.);
#2812=CARTESIAN_POINT('',(81.112611621501742,1.110223E-015,0.0));
#2813=DIRECTION('',(0.342020143325668,0.939692620785908,0.0));
#2814=VECTOR('',#2813,7.183199964212408);
#2815=LINE('',#2812,#2814);
#2816=EDGE_CURVE('',#699,#2776,#2815,.T.);
#2817=ORIENTED_EDGE('',*,*,#2816,.T.);
#2818=ORIENTED_EDGE('',*,*,#2781,.T.);
#2819=EDGE_LOOP('',(#2810,#2811,#2817,#2818));
#2820=FACE_OUTER_BOUND('',#2819,.T.);
#2821=ADVANCED_FACE('',(#2820),#2804,.T.);
#2822=CARTESIAN_POINT('',(88.555388378498265,1.110223E-015,0.0));
#2823=DIRECTION('',(0.939692620785908,0.342020143325669,0.0));
#2824=DIRECTION('',(0.0,0.0,-1.0));
#2825=AXIS2_PLACEMENT_3D('',#2822,#2823,#2824);
#2826=PLANE('',#2825);
#2827=CARTESIAN_POINT('',(88.555388378498265,1.110223E-015,-10.0));
#2828=DIRECTION('',(-0.342020143325668,0.939692620785908,0.0));
#2829=VECTOR('',#2828,7.183199964212408);
#2830=LINE('',#2827,#2829);
#2831=EDGE_CURVE('',#749,#2766,#2830,.T.);
#2832=ORIENTED_EDGE('',*,*,#2831,.T.);
#2833=ORIENTED_EDGE('',*,*,#2795,.F.);
#2834=CARTESIAN_POINT('',(86.098589297201400,6.750000000000002,0.0));
#2835=DIRECTION('',(0.342020143325668,-0.939692620785908,0.0));
#2836=VECTOR('',#2835,7.183199964212408);
#2837=LINE('',#2834,#2836);
#2838=EDGE_CURVE('',#2784,#757,#2837,.T.);
#2839=ORIENTED_EDGE('',*,*,#2838,.T.);
#2840=ORIENTED_EDGE('',*,*,#762,.T.);
#2841=EDGE_LOOP('',(#2832,#2833,#2839,#2840));
#2842=FACE_OUTER_BOUND('',#2841,.T.);
#2843=ADVANCED_FACE('',(#2842),#2826,.T.);
#2844=CARTESIAN_POINT('',(94.260000000000019,6.750000000000000,0.0));
#2845=DIRECTION('',(0.0,1.0,0.0));
#2846=DIRECTION('',(0.0,0.0,1.0));
#2847=AXIS2_PLACEMENT_3D('',#2844,#2845,#2846);
#2848=PLANE('',#2847);
#2849=CARTESIAN_POINT('',(95.524589297201402,6.750000000000002,-10.0));
#2850=VERTEX_POINT('',#2849);
#2851=CARTESIAN_POINT('',(92.995410702798637,6.750000000000002,-10.0));
#2852=VERTEX_POINT('',#2851);
#2853=CARTESIAN_POINT('',(95.524589297201402,6.750000000000002,-10.0));
#2854=DIRECTION('',(-1.0,0.0,0.0));
#2855=VECTOR('',#2854,2.529178594402765);
#2856=LINE('',#2853,#2855);
#2857=EDGE_CURVE('',#2850,#2852,#2856,.T.);
#2858=ORIENTED_EDGE('',*,*,#2857,.T.);
#2859=CARTESIAN_POINT('',(92.995410702798637,6.750000000000002,0.0));
#2860=VERTEX_POINT('',#2859);
#2861=CARTESIAN_POINT('',(92.995410702798637,6.750000000000002,0.0));
#2862=DIRECTION('',(0.0,0.0,-1.0));
#2863=VECTOR('',#2862,10.0);
#2864=LINE('',#2861,#2863);
#2865=EDGE_CURVE('',#2860,#2852,#2864,.T.);
#2866=ORIENTED_EDGE('',*,*,#2865,.F.);
#2867=CARTESIAN_POINT('',(95.524589297201402,6.750000000000002,0.0));
#2868=VERTEX_POINT('',#2867);
#2869=CARTESIAN_POINT('',(92.995410702798637,6.750000000000002,0.0));
#2870=DIRECTION('',(1.0,0.0,0.0));
#2871=VECTOR('',#2870,2.529178594402765);
#2872=LINE('',#2869,#2871);
#2873=EDGE_CURVE('',#2860,#2868,#2872,.T.);
#2874=ORIENTED_EDGE('',*,*,#2873,.T.);
#2875=CARTESIAN_POINT('',(95.524589297201402,6.750000000000002,0.0));
#2876=DIRECTION('',(0.0,0.0,-1.0));
#2877=VECTOR('',#2876,10.0);
#2878=LINE('',#2875,#2877);
#2879=EDGE_CURVE('',#2868,#2850,#2878,.T.);
#2880=ORIENTED_EDGE('',*,*,#2879,.T.);
#2881=EDGE_LOOP('',(#2858,#2866,#2874,#2880));
#2882=FACE_OUTER_BOUND('',#2881,.T.);
#2883=ADVANCED_FACE('',(#2882),#2848,.T.);
#2884=CARTESIAN_POINT('',(92.995410702798637,6.750000000000002,0.0));
#2885=DIRECTION('',(-0.939692620785908,0.342020143325669,0.0));
#2886=DIRECTION('',(0.0,0.0,1.0));
#2887=AXIS2_PLACEMENT_3D('',#2884,#2885,#2886);
#2888=PLANE('',#2887);
#2889=CARTESIAN_POINT('',(92.995410702798637,6.750000000000002,-10.0));
#2890=DIRECTION('',(-0.342020143325670,-0.939692620785908,0.0));
#2891=VECTOR('',#2890,7.183199964212412);
#2892=LINE('',#2889,#2891);
#2893=EDGE_CURVE('',#2852,#741,#2892,.T.);
#2894=ORIENTED_EDGE('',*,*,#2893,.T.);
#2895=ORIENTED_EDGE('',*,*,#746,.F.);
#2896=CARTESIAN_POINT('',(90.538611621501758,1.110223E-015,0.0));
#2897=DIRECTION('',(0.342020143325670,0.939692620785908,0.0));
#2898=VECTOR('',#2897,7.183199964212412);
#2899=LINE('',#2896,#2898);
#2900=EDGE_CURVE('',#739,#2860,#2899,.T.);
#2901=ORIENTED_EDGE('',*,*,#2900,.T.);
#2902=ORIENTED_EDGE('',*,*,#2865,.T.);
#2903=EDGE_LOOP('',(#2894,#2895,#2901,#2902));
#2904=FACE_OUTER_BOUND('',#2903,.T.);
#2905=ADVANCED_FACE('',(#2904),#2888,.T.);
#2906=CARTESIAN_POINT('',(97.981388378498281,1.110223E-015,0.0));
#2907=DIRECTION('',(0.939692620785908,0.342020143325669,0.0));
#2908=DIRECTION('',(0.0,0.0,-1.0));
#2909=AXIS2_PLACEMENT_3D('',#2906,#2907,#2908);
#2910=PLANE('',#2909);
#2911=CARTESIAN_POINT('',(97.981388378498281,1.110223E-015,-10.0));
#2912=DIRECTION('',(-0.342020143325670,0.939692620785908,0.0));
#2913=VECTOR('',#2912,7.183199964212412);
#2914=LINE('',#2911,#2913);
#2915=EDGE_CURVE('',#789,#2850,#2914,.T.);
#2916=ORIENTED_EDGE('',*,*,#2915,.T.);
#2917=ORIENTED_EDGE('',*,*,#2879,.F.);
#2918=CARTESIAN_POINT('',(95.524589297201402,6.750000000000002,0.0));
#2919=DIRECTION('',(0.342020143325670,-0.939692620785908,0.0));
#2920=VECTOR('',#2919,7.183199964212412);
#2921=LINE('',#2918,#2920);
#2922=EDGE_CURVE('',#2868,#797,#2921,.T.);
#2923=ORIENTED_EDGE('',*,*,#2922,.T.);
#2924=ORIENTED_EDGE('',*,*,#802,.T.);
#2925=EDGE_LOOP('',(#2916,#2917,#2923,#2924));
#2926=FACE_OUTER_BOUND('',#2925,.T.);
#2927=ADVANCED_FACE('',(#2926),#2910,.T.);
#2928=CARTESIAN_POINT('',(103.686000000000020,6.750000000000000,0.0));
#2929=DIRECTION('',(0.0,1.0,0.0));
#2930=DIRECTION('',(0.0,0.0,1.0));
#2931=AXIS2_PLACEMENT_3D('',#2928,#2929,#2930);
#2932=PLANE('',#2931);
#2933=CARTESIAN_POINT('',(104.950589297201420,6.750000000000002,-10.0));
#2934=VERTEX_POINT('',#2933);
#2935=CARTESIAN_POINT('',(102.421410702798640,6.750000000000002,-10.0));
#2936=VERTEX_POINT('',#2935);
#2937=CARTESIAN_POINT('',(104.950589297201420,6.750000000000002,-10.0));
#2938=DIRECTION('',(-1.0,0.0,0.0));
#2939=VECTOR('',#2938,2.529178594402779);
#2940=LINE('',#2937,#2939);
#2941=EDGE_CURVE('',#2934,#2936,#2940,.T.);
#2942=ORIENTED_EDGE('',*,*,#2941,.T.);
#2943=CARTESIAN_POINT('',(102.421410702798640,6.750000000000002,0.0));
#2944=VERTEX_POINT('',#2943);
#2945=CARTESIAN_POINT('',(102.421410702798640,6.750000000000002,0.0));
#2946=DIRECTION('',(0.0,0.0,-1.0));
#2947=VECTOR('',#2946,10.0);
#2948=LINE('',#2945,#2947);
#2949=EDGE_CURVE('',#2944,#2936,#2948,.T.);
#2950=ORIENTED_EDGE('',*,*,#2949,.F.);
#2951=CARTESIAN_POINT('',(104.950589297201420,6.750000000000002,0.0));
#2952=VERTEX_POINT('',#2951);
#2953=CARTESIAN_POINT('',(102.421410702798640,6.750000000000002,0.0));
#2954=DIRECTION('',(1.0,0.0,0.0));
#2955=VECTOR('',#2954,2.529178594402779);
#2956=LINE('',#2953,#2955);
#2957=EDGE_CURVE('',#2944,#2952,#2956,.T.);
#2958=ORIENTED_EDGE('',*,*,#2957,.T.);
#2959=CARTESIAN_POINT('',(104.950589297201420,6.750000000000002,0.0));
#2960=DIRECTION('',(0.0,0.0,-1.0));
#2961=VECTOR('',#2960,10.0);
#2962=LINE('',#2959,#2961);
#2963=EDGE_CURVE('',#2952,#2934,#2962,.T.);
#2964=ORIENTED_EDGE('',*,*,#2963,.T.);
#2965=EDGE_LOOP('',(#2942,#2950,#2958,#2964));
#2966=FACE_OUTER_BOUND('',#2965,.T.);
#2967=ADVANCED_FACE('',(#2966),#2932,.T.);
#2968=CARTESIAN_POINT('',(102.421410702798640,6.750000000000002,0.0));
#2969=DIRECTION('',(-0.939692620785908,0.342020143325669,0.0));
#2970=DIRECTION('',(0.0,0.0,1.0));
#2971=AXIS2_PLACEMENT_3D('',#2968,#2969,#2970);
#2972=PLANE('',#2971);
#2973=CARTESIAN_POINT('',(102.421410702798640,6.750000000000002,-10.0));
#2974=DIRECTION('',(-0.342020143325670,-0.939692620785908,0.0));
#2975=VECTOR('',#2974,7.183199964212412);
#2976=LINE('',#2973,#2975);
#2977=EDGE_CURVE('',#2936,#781,#2976,.T.);
#2978=ORIENTED_EDGE('',*,*,#2977,.T.);
#2979=ORIENTED_EDGE('',*,*,#786,.F.);
#2980=CARTESIAN_POINT('',(99.964611621501760,1.110223E-015,0.0));
#2981=DIRECTION('',(0.342020143325670,0.939692620785908,0.0));
#2982=VECTOR('',#2981,7.183199964212412);
#2983=LINE('',#2980,#2982);
#2984=EDGE_CURVE('',#779,#2944,#2983,.T.);
#2985=ORIENTED_EDGE('',*,*,#2984,.T.);
#2986=ORIENTED_EDGE('',*,*,#2949,.T.);
#2987=EDGE_LOOP('',(#2978,#2979,#2985,#2986));
#2988=FACE_OUTER_BOUND('',#2987,.T.);
#2989=ADVANCED_FACE('',(#2988),#2972,.T.);
#2990=CARTESIAN_POINT('',(107.407388378498300,1.110223E-015,0.0));
#2991=DIRECTION('',(0.939692620785908,0.342020143325669,0.0));
#2992=DIRECTION('',(0.0,0.0,-1.0));
#2993=AXIS2_PLACEMENT_3D('',#2990,#2991,#2992);
#2994=PLANE('',#2993);
#2995=CARTESIAN_POINT('',(107.407388378498300,1.110223E-015,-10.0));
#2996=DIRECTION('',(-0.342020143325670,0.939692620785908,0.0));
#2997=VECTOR('',#2996,7.183199964212412);
#2998=LINE('',#2995,#2997);
#2999=EDGE_CURVE('',#829,#2934,#2998,.T.);
#3000=ORIENTED_EDGE('',*,*,#2999,.T.);
#3001=ORIENTED_EDGE('',*,*,#2963,.F.);
#3002=CARTESIAN_POINT('',(104.950589297201420,6.750000000000002,0.0));
#3003=DIRECTION('',(0.342020143325670,-0.939692620785908,0.0));
#3004=VECTOR('',#3003,7.183199964212412);
#3005=LINE('',#3002,#3004);
#3006=EDGE_CURVE('',#2952,#837,#3005,.T.);
#3007=ORIENTED_EDGE('',*,*,#3006,.T.);
#3008=ORIENTED_EDGE('',*,*,#842,.T.);
#3009=EDGE_LOOP('',(#3000,#3001,#3007,#3008));
#3010=FACE_OUTER_BOUND('',#3009,.T.);
#3011=ADVANCED_FACE('',(#3010),#2994,.T.);
#3012=CARTESIAN_POINT('',(113.112000000000020,6.750000000000000,0.0));
#3013=DIRECTION('',(0.0,1.0,0.0));
#3014=DIRECTION('',(0.0,0.0,1.0));
#3015=AXIS2_PLACEMENT_3D('',#3012,#3013,#3014);
#3016=PLANE('',#3015);
#3017=CARTESIAN_POINT('',(114.376589297201420,6.750000000000002,-10.0));
#3018=VERTEX_POINT('',#3017);
#3019=CARTESIAN_POINT('',(111.847410702798640,6.750000000000002,-10.0));
#3020=VERTEX_POINT('',#3019);
#3021=CARTESIAN_POINT('',(114.376589297201420,6.750000000000002,-10.0));
#3022=DIRECTION('',(-1.0,0.0,0.0));
#3023=VECTOR('',#3022,2.529178594402779);
#3024=LINE('',#3021,#3023);
#3025=EDGE_CURVE('',#3018,#3020,#3024,.T.);
#3026=ORIENTED_EDGE('',*,*,#3025,.T.);
#3027=CARTESIAN_POINT('',(111.847410702798640,6.750000000000002,0.0));
#3028=VERTEX_POINT('',#3027);
#3029=CARTESIAN_POINT('',(111.847410702798640,6.750000000000002,0.0));
#3030=DIRECTION('',(0.0,0.0,-1.0));
#3031=VECTOR('',#3030,10.0);
#3032=LINE('',#3029,#3031);
#3033=EDGE_CURVE('',#3028,#3020,#3032,.T.);
#3034=ORIENTED_EDGE('',*,*,#3033,.F.);
#3035=CARTESIAN_POINT('',(114.376589297201420,6.750000000000002,0.0));
#3036=VERTEX_POINT('',#3035);
#3037=CARTESIAN_POINT('',(111.847410702798640,6.750000000000002,0.0));
#3038=DIRECTION('',(1.0,0.0,0.0));
#3039=VECTOR('',#3038,2.529178594402779);
#3040=LINE('',#3037,#3039);
#3041=EDGE_CURVE('',#3028,#3036,#3040,.T.);
#3042=ORIENTED_EDGE('',*,*,#3041,.T.);
#3043=CARTESIAN_POINT('',(114.376589297201420,6.750000000000002,0.0));
#3044=DIRECTION('',(0.0,0.0,-1.0));
#3045=VECTOR('',#3044,10.0);
#3046=LINE('',#3043,#3045);
#3047=EDGE_CURVE('',#3036,#3018,#3046,.T.);
#3048=ORIENTED_EDGE('',*,*,#3047,.T.);
#3049=EDGE_LOOP('',(#3026,#3034,#3042,#3048));
#3050=FACE_OUTER_BOUND('',#3049,.T.);
#3051=ADVANCED_FACE('',(#3050),#3016,.T.);
#3052=CARTESIAN_POINT('',(111.847410702798640,6.750000000000002,0.0));
#3053=DIRECTION('',(-0.939692620785908,0.342020143325669,0.0));
#3054=DIRECTION('',(0.0,0.0,1.0));
#3055=AXIS2_PLACEMENT_3D('',#3052,#3053,#3054);
#3056=PLANE('',#3055);
#3057=CARTESIAN_POINT('',(111.847410702798640,6.750000000000002,-10.0));
#3058=DIRECTION('',(-0.342020143325670,-0.939692620785908,0.0));
#3059=VECTOR('',#3058,7.183199964212412);
#3060=LINE('',#3057,#3059);
#3061=EDGE_CURVE('',#3020,#821,#3060,.T.);
#3062=ORIENTED_EDGE('',*,*,#3061,.T.);
#3063=ORIENTED_EDGE('',*,*,#826,.F.);
#3064=CARTESIAN_POINT('',(109.390611621501760,1.110223E-015,0.0));
#3065=DIRECTION('',(0.342020143325670,0.939692620785908,0.0));
#3066=VECTOR('',#3065,7.183199964212412);
#3067=LINE('',#3064,#3066);
#3068=EDGE_CURVE('',#819,#3028,#3067,.T.);
#3069=ORIENTED_EDGE('',*,*,#3068,.T.);
#3070=ORIENTED_EDGE('',*,*,#3033,.T.);
#3071=EDGE_LOOP('',(#3062,#3063,#3069,#3070));
#3072=FACE_OUTER_BOUND('',#3071,.T.);
#3073=ADVANCED_FACE('',(#3072),#3056,.T.);
#3074=CARTESIAN_POINT('',(116.833388378498300,1.110223E-015,0.0));
#3075=DIRECTION('',(0.939692620785908,0.342020143325669,0.0));
#3076=DIRECTION('',(0.0,0.0,-1.0));
#3077=AXIS2_PLACEMENT_3D('',#3074,#3075,#3076);
#3078=PLANE('',#3077);
#3079=CARTESIAN_POINT('',(116.833388378498300,1.110223E-015,-10.0));
#3080=DIRECTION('',(-0.342020143325670,0.939692620785908,0.0));
#3081=VECTOR('',#3080,7.183199964212412);
#3082=LINE('',#3079,#3081);
#3083=EDGE_CURVE('',#869,#3018,#3082,.T.);
#3084=ORIENTED_EDGE('',*,*,#3083,.T.);
#3085=ORIENTED_EDGE('',*,*,#3047,.F.);
#3086=CARTESIAN_POINT('',(114.376589297201420,6.750000000000002,0.0));
#3087=DIRECTION('',(0.342020143325670,-0.939692620785908,0.0));
#3088=VECTOR('',#3087,7.183199964212412);
#3089=LINE('',#3086,#3088);
#3090=EDGE_CURVE('',#3036,#877,#3089,.T.);
#3091=ORIENTED_EDGE('',*,*,#3090,.T.);
#3092=ORIENTED_EDGE('',*,*,#882,.T.);
#3093=EDGE_LOOP('',(#3084,#3085,#3091,#3092));
#3094=FACE_OUTER_BOUND('',#3093,.T.);
#3095=ADVANCED_FACE('',(#3094),#3078,.T.);
#3096=CARTESIAN_POINT('',(122.538000000000040,6.750000000000000,0.0));
#3097=DIRECTION('',(0.0,1.0,0.0));
#3098=DIRECTION('',(0.0,0.0,1.0));
#3099=AXIS2_PLACEMENT_3D('',#3096,#3097,#3098);
#3100=PLANE('',#3099);
#3101=CARTESIAN_POINT('',(123.802589297201420,6.750000000000002,-10.0));
#3102=VERTEX_POINT('',#3101);
#3103=CARTESIAN_POINT('',(121.273410702798660,6.750000000000002,-10.0));
#3104=VERTEX_POINT('',#3103);
#3105=CARTESIAN_POINT('',(123.802589297201420,6.750000000000002,-10.0));
#3106=DIRECTION('',(-1.0,0.0,0.0));
#3107=VECTOR('',#3106,2.529178594402765);
#3108=LINE('',#3105,#3107);
#3109=EDGE_CURVE('',#3102,#3104,#3108,.T.);
#3110=ORIENTED_EDGE('',*,*,#3109,.T.);
#3111=CARTESIAN_POINT('',(121.273410702798660,6.750000000000002,0.0));
#3112=VERTEX_POINT('',#3111);
#3113=CARTESIAN_POINT('',(121.273410702798660,6.750000000000002,0.0));
#3114=DIRECTION('',(0.0,0.0,-1.0));
#3115=VECTOR('',#3114,10.0);
#3116=LINE('',#3113,#3115);
#3117=EDGE_CURVE('',#3112,#3104,#3116,.T.);
#3118=ORIENTED_EDGE('',*,*,#3117,.F.);
#3119=CARTESIAN_POINT('',(123.802589297201420,6.750000000000002,0.0));
#3120=VERTEX_POINT('',#3119);
#3121=CARTESIAN_POINT('',(121.273410702798660,6.750000000000002,0.0));
#3122=DIRECTION('',(1.0,0.0,0.0));
#3123=VECTOR('',#3122,2.529178594402765);
#3124=LINE('',#3121,#3123);
#3125=EDGE_CURVE('',#3112,#3120,#3124,.T.);
#3126=ORIENTED_EDGE('',*,*,#3125,.T.);
#3127=CARTESIAN_POINT('',(123.802589297201420,6.750000000000002,0.0));
#3128=DIRECTION('',(0.0,0.0,-1.0));
#3129=VECTOR('',#3128,10.0);
#3130=LINE('',#3127,#3129);
#3131=EDGE_CURVE('',#3120,#3102,#3130,.T.);
#3132=ORIENTED_EDGE('',*,*,#3131,.T.);
#3133=EDGE_LOOP('',(#3110,#3118,#3126,#3132));
#3134=FACE_OUTER_BOUND('',#3133,.T.);
#3135=ADVANCED_FACE('',(#3134),#3100,.T.);
#3136=CARTESIAN_POINT('',(121.273410702798660,6.750000000000002,0.0));
#3137=DIRECTION('',(-0.939692620785908,0.342020143325669,0.0));
#3138=DIRECTION('',(0.0,0.0,1.0));
#3139=AXIS2_PLACEMENT_3D('',#3136,#3137,#3138);
#3140=PLANE('',#3139);
#3141=CARTESIAN_POINT('',(121.273410702798660,6.750000000000002,-10.0));
#3142=DIRECTION('',(-0.342020143325670,-0.939692620785908,0.0));
#3143=VECTOR('',#3142,7.183199964212412);
#3144=LINE('',#3141,#3143);
#3145=EDGE_CURVE('',#3104,#861,#3144,.T.);
#3146=ORIENTED_EDGE('',*,*,#3145,.T.);
#3147=ORIENTED_EDGE('',*,*,#866,.F.);
#3148=CARTESIAN_POINT('',(118.816611621501780,1.110223E-015,0.0));
#3149=DIRECTION('',(0.342020143325670,0.939692620785908,0.0));
#3150=VECTOR('',#3149,7.183199964212412);
#3151=LINE('',#3148,#3150);
#3152=EDGE_CURVE('',#859,#3112,#3151,.T.);
#3153=ORIENTED_EDGE('',*,*,#3152,.T.);
#3154=ORIENTED_EDGE('',*,*,#3117,.T.);
#3155=EDGE_LOOP('',(#3146,#3147,#3153,#3154));
#3156=FACE_OUTER_BOUND('',#3155,.T.);
#3157=ADVANCED_FACE('',(#3156),#3140,.T.);
#3158=CARTESIAN_POINT('',(126.259388378498300,1.110223E-015,0.0));
#3159=DIRECTION('',(0.939692620785908,0.342020143325669,0.0));
#3160=DIRECTION('',(0.0,0.0,-1.0));
#3161=AXIS2_PLACEMENT_3D('',#3158,#3159,#3160);
#3162=PLANE('',#3161);
#3163=CARTESIAN_POINT('',(126.259388378498300,1.110223E-015,-10.0));
#3164=DIRECTION('',(-0.342020143325670,0.939692620785908,0.0));
#3165=VECTOR('',#3164,7.183199964212412);
#3166=LINE('',#3163,#3165);
#3167=EDGE_CURVE('',#909,#3102,#3166,.T.);
#3168=ORIENTED_EDGE('',*,*,#3167,.T.);
#3169=ORIENTED_EDGE('',*,*,#3131,.F.);
#3170=CARTESIAN_POINT('',(123.802589297201420,6.750000000000002,0.0));
#3171=DIRECTION('',(0.342020143325670,-0.939692620785908,0.0));
#3172=VECTOR('',#3171,7.183199964212412);
#3173=LINE('',#3170,#3172);
#3174=EDGE_CURVE('',#3120,#917,#3173,.T.);
#3175=ORIENTED_EDGE('',*,*,#3174,.T.);
#3176=ORIENTED_EDGE('',*,*,#922,.T.);
#3177=EDGE_LOOP('',(#3168,#3169,#3175,#3176));
#3178=FACE_OUTER_BOUND('',#3177,.T.);
#3179=ADVANCED_FACE('',(#3178),#3162,.T.);
#3180=CARTESIAN_POINT('',(131.964000000000030,6.750000000000000,0.0));
#3181=DIRECTION('',(0.0,1.0,0.0));
#3182=DIRECTION('',(0.0,0.0,1.0));
#3183=AXIS2_PLACEMENT_3D('',#3180,#3181,#3182);
#3184=PLANE('',#3183);
#3185=CARTESIAN_POINT('',(133.228589297201410,6.750000000000002,-10.0));
#3186=VERTEX_POINT('',#3185);
#3187=CARTESIAN_POINT('',(130.699410702798640,6.750000000000002,-10.0));
#3188=VERTEX_POINT('',#3187);
#3189=CARTESIAN_POINT('',(133.228589297201410,6.750000000000002,-10.0));
#3190=DIRECTION('',(-1.0,0.0,0.0));
#3191=VECTOR('',#3190,2.529178594402765);
#3192=LINE('',#3189,#3191);
#3193=EDGE_CURVE('',#3186,#3188,#3192,.T.);
#3194=ORIENTED_EDGE('',*,*,#3193,.T.);
#3195=CARTESIAN_POINT('',(130.699410702798640,6.750000000000002,0.0));
#3196=VERTEX_POINT('',#3195);
#3197=CARTESIAN_POINT('',(130.699410702798640,6.750000000000002,0.0));
#3198=DIRECTION('',(0.0,0.0,-1.0));
#3199=VECTOR('',#3198,10.0);
#3200=LINE('',#3197,#3199);
#3201=EDGE_CURVE('',#3196,#3188,#3200,.T.);
#3202=ORIENTED_EDGE('',*,*,#3201,.F.);
#3203=CARTESIAN_POINT('',(133.228589297201410,6.750000000000002,0.0));
#3204=VERTEX_POINT('',#3203);
#3205=CARTESIAN_POINT('',(130.699410702798640,6.750000000000002,0.0));
#3206=DIRECTION('',(1.0,0.0,0.0));
#3207=VECTOR('',#3206,2.529178594402765);
#3208=LINE('',#3205,#3207);
#3209=EDGE_CURVE('',#3196,#3204,#3208,.T.);
#3210=ORIENTED_EDGE('',*,*,#3209,.T.);
#3211=CARTESIAN_POINT('',(133.228589297201410,6.750000000000002,0.0));
#3212=DIRECTION('',(0.0,0.0,-1.0));
#3213=VECTOR('',#3212,10.0);
#3214=LINE('',#3211,#3213);
#3215=EDGE_CURVE('',#3204,#3186,#3214,.T.);
#3216=ORIENTED_EDGE('',*,*,#3215,.T.);
#3217=EDGE_LOOP('',(#3194,#3202,#3210,#3216));
#3218=FACE_OUTER_BOUND('',#3217,.T.);
#3219=ADVANCED_FACE('',(#3218),#3184,.T.);
#3220=CARTESIAN_POINT('',(130.699410702798640,6.750000000000002,0.0));
#3221=DIRECTION('',(-0.939692620785908,0.342020143325669,0.0));
#3222=DIRECTION('',(0.0,0.0,1.0));
#3223=AXIS2_PLACEMENT_3D('',#3220,#3221,#3222);
#3224=PLANE('',#3223);
#3225=CARTESIAN_POINT('',(130.699410702798640,6.750000000000002,-10.0));
#3226=DIRECTION('',(-0.342020143325670,-0.939692620785908,0.0));
#3227=VECTOR('',#3226,7.183199964212412);
#3228=LINE('',#3225,#3227);
#3229=EDGE_CURVE('',#3188,#901,#3228,.T.);
#3230=ORIENTED_EDGE('',*,*,#3229,.T.);
#3231=ORIENTED_EDGE('',*,*,#906,.F.);
#3232=CARTESIAN_POINT('',(128.242611621501770,1.110223E-015,0.0));
#3233=DIRECTION('',(0.342020143325670,0.939692620785908,0.0));
#3234=VECTOR('',#3233,7.183199964212412);
#3235=LINE('',#3232,#3234);
#3236=EDGE_CURVE('',#899,#3196,#3235,.T.);
#3237=ORIENTED_EDGE('',*,*,#3236,.T.);
#3238=ORIENTED_EDGE('',*,*,#3201,.T.);
#3239=EDGE_LOOP('',(#3230,#3231,#3237,#3238));
#3240=FACE_OUTER_BOUND('',#3239,.T.);
#3241=ADVANCED_FACE('',(#3240),#3224,.T.);
#3242=CARTESIAN_POINT('',(135.685388378498290,1.110223E-015,0.0));
#3243=DIRECTION('',(0.939692620785908,0.342020143325669,0.0));
#3244=DIRECTION('',(0.0,0.0,-1.0));
#3245=AXIS2_PLACEMENT_3D('',#3242,#3243,#3244);
#3246=PLANE('',#3245);
#3247=CARTESIAN_POINT('',(135.685388378498290,1.110223E-015,-10.0));
#3248=DIRECTION('',(-0.342020143325670,0.939692620785908,0.0));
#3249=VECTOR('',#3248,7.183199964212412);
#3250=LINE('',#3247,#3249);
#3251=EDGE_CURVE('',#949,#3186,#3250,.T.);
#3252=ORIENTED_EDGE('',*,*,#3251,.T.);
#3253=ORIENTED_EDGE('',*,*,#3215,.F.);
#3254=CARTESIAN_POINT('',(133.228589297201410,6.750000000000002,0.0));
#3255=DIRECTION('',(0.342020143325670,-0.939692620785908,0.0));
#3256=VECTOR('',#3255,7.183199964212412);
#3257=LINE('',#3254,#3256);
#3258=EDGE_CURVE('',#3204,#957,#3257,.T.);
#3259=ORIENTED_EDGE('',*,*,#3258,.T.);
#3260=ORIENTED_EDGE('',*,*,#962,.T.);
#3261=EDGE_LOOP('',(#3252,#3253,#3259,#3260));
#3262=FACE_OUTER_BOUND('',#3261,.T.);
#3263=ADVANCED_FACE('',(#3262),#3246,.T.);
#3264=CARTESIAN_POINT('',(141.390000000000040,6.750000000000000,0.0));
#3265=DIRECTION('',(0.0,1.0,0.0));
#3266=DIRECTION('',(0.0,0.0,1.0));
#3267=AXIS2_PLACEMENT_3D('',#3264,#3265,#3266);
#3268=PLANE('',#3267);
#3269=CARTESIAN_POINT('',(142.654589297201430,6.750000000000002,-10.0));
#3270=VERTEX_POINT('',#3269);
#3271=CARTESIAN_POINT('',(140.125410702798630,6.750000000000002,-10.0));
#3272=VERTEX_POINT('',#3271);
#3273=CARTESIAN_POINT('',(142.654589297201430,6.750000000000002,-10.0));
#3274=DIRECTION('',(-1.0,0.0,0.0));
#3275=VECTOR('',#3274,2.529178594402794);
#3276=LINE('',#3273,#3275);
#3277=EDGE_CURVE('',#3270,#3272,#3276,.T.);
#3278=ORIENTED_EDGE('',*,*,#3277,.T.);
#3279=CARTESIAN_POINT('',(140.125410702798630,6.750000000000002,0.0));
#3280=VERTEX_POINT('',#3279);
#3281=CARTESIAN_POINT('',(140.125410702798630,6.750000000000002,0.0));
#3282=DIRECTION('',(0.0,0.0,-1.0));
#3283=VECTOR('',#3282,10.0);
#3284=LINE('',#3281,#3283);
#3285=EDGE_CURVE('',#3280,#3272,#3284,.T.);
#3286=ORIENTED_EDGE('',*,*,#3285,.F.);
#3287=CARTESIAN_POINT('',(142.654589297201430,6.750000000000002,0.0));
#3288=VERTEX_POINT('',#3287);
#3289=CARTESIAN_POINT('',(140.125410702798630,6.750000000000002,0.0));
#3290=DIRECTION('',(1.0,0.0,0.0));
#3291=VECTOR('',#3290,2.529178594402794);
#3292=LINE('',#3289,#3291);
#3293=EDGE_CURVE('',#3280,#3288,#3292,.T.);
#3294=ORIENTED_EDGE('',*,*,#3293,.T.);
#3295=CARTESIAN_POINT('',(142.654589297201430,6.750000000000002,0.0));
#3296=DIRECTION('',(0.0,0.0,-1.0));
#3297=VECTOR('',#3296,10.0);
#3298=LINE('',#3295,#3297);
#3299=EDGE_CURVE('',#3288,#3270,#3298,.T.);
#3300=ORIENTED_EDGE('',*,*,#3299,.T.);
#3301=EDGE_LOOP('',(#3278,#3286,#3294,#3300));
#3302=FACE_OUTER_BOUND('',#3301,.T.);
#3303=ADVANCED_FACE('',(#3302),#3268,.T.);
#3304=CARTESIAN_POINT('',(140.125410702798630,6.750000000000002,0.0));
#3305=DIRECTION('',(-0.939692620785908,0.342020143325669,0.0));
#3306=DIRECTION('',(0.0,0.0,1.0));
#3307=AXIS2_PLACEMENT_3D('',#3304,#3305,#3306);
#3308=PLANE('',#3307);
#3309=CARTESIAN_POINT('',(140.125410702798630,6.750000000000002,-10.0));
#3310=DIRECTION('',(-0.342020143325670,-0.939692620785908,0.0));
#3311=VECTOR('',#3310,7.183199964212412);
#3312=LINE('',#3309,#3311);
#3313=EDGE_CURVE('',#3272,#941,#3312,.T.);
#3314=ORIENTED_EDGE('',*,*,#3313,.T.);
#3315=ORIENTED_EDGE('',*,*,#946,.F.);
#3316=CARTESIAN_POINT('',(137.668611621501750,1.110223E-015,0.0));
#3317=DIRECTION('',(0.342020143325670,0.939692620785908,0.0));
#3318=VECTOR('',#3317,7.183199964212412);
#3319=LINE('',#3316,#3318);
#3320=EDGE_CURVE('',#939,#3280,#3319,.T.);
#3321=ORIENTED_EDGE('',*,*,#3320,.T.);
#3322=ORIENTED_EDGE('',*,*,#3285,.T.);
#3323=EDGE_LOOP('',(#3314,#3315,#3321,#3322));
#3324=FACE_OUTER_BOUND('',#3323,.T.);
#3325=ADVANCED_FACE('',(#3324),#3308,.T.);
#3326=CARTESIAN_POINT('',(145.111388378498300,1.110223E-015,0.0));
#3327=DIRECTION('',(0.939692620785908,0.342020143325669,0.0));
#3328=DIRECTION('',(0.0,0.0,-1.0));
#3329=AXIS2_PLACEMENT_3D('',#3326,#3327,#3328);
#3330=PLANE('',#3329);
#3331=CARTESIAN_POINT('',(145.111388378498300,1.110223E-015,-10.0));
#3332=DIRECTION('',(-0.342020143325670,0.939692620785908,0.0));
#3333=VECTOR('',#3332,7.183199964212412);
#3334=LINE('',#3331,#3333);
#3335=EDGE_CURVE('',#989,#3270,#3334,.T.);
#3336=ORIENTED_EDGE('',*,*,#3335,.T.);
#3337=ORIENTED_EDGE('',*,*,#3299,.F.);
#3338=CARTESIAN_POINT('',(142.654589297201430,6.750000000000002,0.0));
#3339=DIRECTION('',(0.342020143325670,-0.939692620785908,0.0));
#3340=VECTOR('',#3339,7.183199964212412);
#3341=LINE('',#3338,#3340);
#3342=EDGE_CURVE('',#3288,#997,#3341,.T.);
#3343=ORIENTED_EDGE('',*,*,#3342,.T.);
#3344=ORIENTED_EDGE('',*,*,#1002,.T.);
#3345=EDGE_LOOP('',(#3336,#3337,#3343,#3344));
#3346=FACE_OUTER_BOUND('',#3345,.T.);
#3347=ADVANCED_FACE('',(#3346),#3330,.T.);
#3348=CARTESIAN_POINT('',(150.816000000000030,6.750000000000000,0.0));
#3349=DIRECTION('',(0.0,1.0,0.0));
#3350=DIRECTION('',(0.0,0.0,1.0));
#3351=AXIS2_PLACEMENT_3D('',#3348,#3349,#3350);
#3352=PLANE('',#3351);
#3353=CARTESIAN_POINT('',(152.080589297201410,6.750000000000002,-10.0));
#3354=VERTEX_POINT('',#3353);
#3355=CARTESIAN_POINT('',(149.551410702798650,6.750000000000002,-10.0));
#3356=VERTEX_POINT('',#3355);
#3357=CARTESIAN_POINT('',(152.080589297201410,6.750000000000002,-10.0));
#3358=DIRECTION('',(-1.0,0.0,0.0));
#3359=VECTOR('',#3358,2.529178594402765);
#3360=LINE('',#3357,#3359);
#3361=EDGE_CURVE('',#3354,#3356,#3360,.T.);
#3362=ORIENTED_EDGE('',*,*,#3361,.T.);
#3363=CARTESIAN_POINT('',(149.551410702798650,6.750000000000002,0.0));
#3364=VERTEX_POINT('',#3363);
#3365=CARTESIAN_POINT('',(149.551410702798650,6.750000000000002,0.0));
#3366=DIRECTION('',(0.0,0.0,-1.0));
#3367=VECTOR('',#3366,10.0);
#3368=LINE('',#3365,#3367);
#3369=EDGE_CURVE('',#3364,#3356,#3368,.T.);
#3370=ORIENTED_EDGE('',*,*,#3369,.F.);
#3371=CARTESIAN_POINT('',(152.080589297201410,6.750000000000002,0.0));
#3372=VERTEX_POINT('',#3371);
#3373=CARTESIAN_POINT('',(149.551410702798650,6.750000000000002,0.0));
#3374=DIRECTION('',(1.0,0.0,0.0));
#3375=VECTOR('',#3374,2.529178594402765);
#3376=LINE('',#3373,#3375);
#3377=EDGE_CURVE('',#3364,#3372,#3376,.T.);
#3378=ORIENTED_EDGE('',*,*,#3377,.T.);
#3379=CARTESIAN_POINT('',(152.080589297201410,6.750000000000002,0.0));
#3380=DIRECTION('',(0.0,0.0,-1.0));
#3381=VECTOR('',#3380,10.0);
#3382=LINE('',#3379,#3381);
#3383=EDGE_CURVE('',#3372,#3354,#3382,.T.);
#3384=ORIENTED_EDGE('',*,*,#3383,.T.);
#3385=EDGE_LOOP('',(#3362,#3370,#3378,#3384));
#3386=FACE_OUTER_BOUND('',#3385,.T.);
#3387=ADVANCED_FACE('',(#3386),#3352,.T.);
#3388=CARTESIAN_POINT('',(149.551410702798650,6.750000000000002,0.0));
#3389=DIRECTION('',(-0.939692620785908,0.342020143325669,0.0));
#3390=DIRECTION('',(0.0,0.0,1.0));
#3391=AXIS2_PLACEMENT_3D('',#3388,#3389,#3390);
#3392=PLANE('',#3391);
#3393=CARTESIAN_POINT('',(149.551410702798650,6.750000000000002,-10.0));
#3394=DIRECTION('',(-0.342020143325670,-0.939692620785908,0.0));
#3395=VECTOR('',#3394,7.183199964212412);
#3396=LINE('',#3393,#3395);
#3397=EDGE_CURVE('',#3356,#981,#3396,.T.);
#3398=ORIENTED_EDGE('',*,*,#3397,.T.);
#3399=ORIENTED_EDGE('',*,*,#986,.F.);
#3400=CARTESIAN_POINT('',(147.094611621501770,1.110223E-015,0.0));
#3401=DIRECTION('',(0.342020143325670,0.939692620785908,0.0));
#3402=VECTOR('',#3401,7.183199964212412);
#3403=LINE('',#3400,#3402);
#3404=EDGE_CURVE('',#979,#3364,#3403,.T.);
#3405=ORIENTED_EDGE('',*,*,#3404,.T.);
#3406=ORIENTED_EDGE('',*,*,#3369,.T.);
#3407=EDGE_LOOP('',(#3398,#3399,#3405,#3406));
#3408=FACE_OUTER_BOUND('',#3407,.T.);
#3409=ADVANCED_FACE('',(#3408),#3392,.T.);
#3410=CARTESIAN_POINT('',(154.537388378498290,1.110223E-015,0.0));
#3411=DIRECTION('',(0.939692620785908,0.342020143325669,0.0));
#3412=DIRECTION('',(0.0,0.0,-1.0));
#3413=AXIS2_PLACEMENT_3D('',#3410,#3411,#3412);
#3414=PLANE('',#3413);
#3415=CARTESIAN_POINT('',(154.537388378498290,1.110223E-015,-10.0));
#3416=DIRECTION('',(-0.342020143325670,0.939692620785908,0.0));
#3417=VECTOR('',#3416,7.183199964212412);
#3418=LINE('',#3415,#3417);
#3419=EDGE_CURVE('',#1029,#3354,#3418,.T.);
#3420=ORIENTED_EDGE('',*,*,#3419,.T.);
#3421=ORIENTED_EDGE('',*,*,#3383,.F.);
#3422=CARTESIAN_POINT('',(152.080589297201410,6.750000000000002,0.0));
#3423=DIRECTION('',(0.342020143325670,-0.939692620785908,0.0));
#3424=VECTOR('',#3423,7.183199964212412);
#3425=LINE('',#3422,#3424);
#3426=EDGE_CURVE('',#3372,#1037,#3425,.T.);
#3427=ORIENTED_EDGE('',*,*,#3426,.T.);
#3428=ORIENTED_EDGE('',*,*,#1042,.T.);
#3429=EDGE_LOOP('',(#3420,#3421,#3427,#3428));
#3430=FACE_OUTER_BOUND('',#3429,.T.);
#3431=ADVANCED_FACE('',(#3430),#3414,.T.);
#3432=CARTESIAN_POINT('',(160.242000000000050,6.750000000000000,0.0));
#3433=DIRECTION('',(0.0,1.0,0.0));
#3434=DIRECTION('',(0.0,0.0,1.0));
#3435=AXIS2_PLACEMENT_3D('',#3432,#3433,#3434);
#3436=PLANE('',#3435);
#3437=CARTESIAN_POINT('',(161.506589297201400,6.750000000000002,-10.0));
#3438=VERTEX_POINT('',#3437);
#3439=CARTESIAN_POINT('',(158.977410702798660,6.750000000000002,-10.0));
#3440=VERTEX_POINT('',#3439);
#3441=CARTESIAN_POINT('',(161.506589297201400,6.750000000000002,-10.0));
#3442=DIRECTION('',(-1.0,0.0,0.0));
#3443=VECTOR('',#3442,2.529178594402737);
#3444=LINE('',#3441,#3443);
#3445=EDGE_CURVE('',#3438,#3440,#3444,.T.);
#3446=ORIENTED_EDGE('',*,*,#3445,.T.);
#3447=CARTESIAN_POINT('',(158.977410702798660,6.750000000000002,0.0));
#3448=VERTEX_POINT('',#3447);
#3449=CARTESIAN_POINT('',(158.977410702798660,6.750000000000002,0.0));
#3450=DIRECTION('',(0.0,0.0,-1.0));
#3451=VECTOR('',#3450,10.0);
#3452=LINE('',#3449,#3451);
#3453=EDGE_CURVE('',#3448,#3440,#3452,.T.);
#3454=ORIENTED_EDGE('',*,*,#3453,.F.);
#3455=CARTESIAN_POINT('',(161.506589297201400,6.750000000000002,0.0));
#3456=VERTEX_POINT('',#3455);
#3457=CARTESIAN_POINT('',(158.977410702798660,6.750000000000002,0.0));
#3458=DIRECTION('',(1.0,0.0,0.0));
#3459=VECTOR('',#3458,2.529178594402737);
#3460=LINE('',#3457,#3459);
#3461=EDGE_CURVE('',#3448,#3456,#3460,.T.);
#3462=ORIENTED_EDGE('',*,*,#3461,.T.);
#3463=CARTESIAN_POINT('',(161.506589297201400,6.750000000000002,0.0));
#3464=DIRECTION('',(0.0,0.0,-1.0));
#3465=VECTOR('',#3464,10.0);
#3466=LINE('',#3463,#3465);
#3467=EDGE_CURVE('',#3456,#3438,#3466,.T.);
#3468=ORIENTED_EDGE('',*,*,#3467,.T.);
#3469=EDGE_LOOP('',(#3446,#3454,#3462,#3468));
#3470=FACE_OUTER_BOUND('',#3469,.T.);
#3471=ADVANCED_FACE('',(#3470),#3436,.T.);
#3472=CARTESIAN_POINT('',(158.977410702798660,6.750000000000002,0.0));
#3473=DIRECTION('',(-0.939692620785908,0.342020143325669,0.0));
#3474=DIRECTION('',(0.0,0.0,1.0));
#3475=AXIS2_PLACEMENT_3D('',#3472,#3473,#3474);
#3476=PLANE('',#3475);
#3477=CARTESIAN_POINT('',(158.977410702798660,6.750000000000002,-10.0));
#3478=DIRECTION('',(-0.342020143325670,-0.939692620785908,0.0));
#3479=VECTOR('',#3478,7.183199964212412);
#3480=LINE('',#3477,#3479);
#3481=EDGE_CURVE('',#3440,#1021,#3480,.T.);
#3482=ORIENTED_EDGE('',*,*,#3481,.T.);
#3483=ORIENTED_EDGE('',*,*,#1026,.F.);
#3484=CARTESIAN_POINT('',(156.520611621501790,1.110223E-015,0.0));
#3485=DIRECTION('',(0.342020143325670,0.939692620785908,0.0));
#3486=VECTOR('',#3485,7.183199964212412);
#3487=LINE('',#3484,#3486);
#3488=EDGE_CURVE('',#1019,#3448,#3487,.T.);
#3489=ORIENTED_EDGE('',*,*,#3488,.T.);
#3490=ORIENTED_EDGE('',*,*,#3453,.T.);
#3491=EDGE_LOOP('',(#3482,#3483,#3489,#3490));
#3492=FACE_OUTER_BOUND('',#3491,.T.);
#3493=ADVANCED_FACE('',(#3492),#3476,.T.);
#3494=CARTESIAN_POINT('',(163.963388378498280,1.110223E-015,0.0));
#3495=DIRECTION('',(0.939692620785908,0.342020143325669,0.0));
#3496=DIRECTION('',(0.0,0.0,-1.0));
#3497=AXIS2_PLACEMENT_3D('',#3494,#3495,#3496);
#3498=PLANE('',#3497);
#3499=CARTESIAN_POINT('',(163.963388378498280,1.110223E-015,-10.0));
#3500=DIRECTION('',(-0.342020143325670,0.939692620785908,0.0));
#3501=VECTOR('',#3500,7.183199964212412);
#3502=LINE('',#3499,#3501);
#3503=EDGE_CURVE('',#1069,#3438,#3502,.T.);
#3504=ORIENTED_EDGE('',*,*,#3503,.T.);
#3505=ORIENTED_EDGE('',*,*,#3467,.F.);
#3506=CARTESIAN_POINT('',(161.506589297201400,6.750000000000002,0.0));
#3507=DIRECTION('',(0.342020143325670,-0.939692620785908,0.0));
#3508=VECTOR('',#3507,7.183199964212412);
#3509=LINE('',#3506,#3508);
#3510=EDGE_CURVE('',#3456,#1077,#3509,.T.);
#3511=ORIENTED_EDGE('',*,*,#3510,.T.);
#3512=ORIENTED_EDGE('',*,*,#1082,.T.);
#3513=EDGE_LOOP('',(#3504,#3505,#3511,#3512));
#3514=FACE_OUTER_BOUND('',#3513,.T.);
#3515=ADVANCED_FACE('',(#3514),#3498,.T.);
#3516=CARTESIAN_POINT('',(169.668000000000030,6.750000000000000,0.0));
#3517=DIRECTION('',(0.0,1.0,0.0));
#3518=DIRECTION('',(0.0,0.0,1.0));
#3519=AXIS2_PLACEMENT_3D('',#3516,#3517,#3518);
#3520=PLANE('',#3519);
#3521=CARTESIAN_POINT('',(170.932589297201450,6.750000000000002,-10.0));
#3522=VERTEX_POINT('',#3521);
#3523=CARTESIAN_POINT('',(168.403410702798650,6.750000000000002,-10.0));
#3524=VERTEX_POINT('',#3523);
#3525=CARTESIAN_POINT('',(170.932589297201450,6.750000000000002,-10.0));
#3526=DIRECTION('',(-1.0,0.0,0.0));
#3527=VECTOR('',#3526,2.529178594402794);
#3528=LINE('',#3525,#3527);
#3529=EDGE_CURVE('',#3522,#3524,#3528,.T.);
#3530=ORIENTED_EDGE('',*,*,#3529,.T.);
#3531=CARTESIAN_POINT('',(168.403410702798650,6.750000000000002,0.0));
#3532=VERTEX_POINT('',#3531);
#3533=CARTESIAN_POINT('',(168.403410702798650,6.750000000000002,0.0));
#3534=DIRECTION('',(0.0,0.0,-1.0));
#3535=VECTOR('',#3534,10.0);
#3536=LINE('',#3533,#3535);
#3537=EDGE_CURVE('',#3532,#3524,#3536,.T.);
#3538=ORIENTED_EDGE('',*,*,#3537,.F.);
#3539=CARTESIAN_POINT('',(170.932589297201450,6.750000000000002,0.0));
#3540=VERTEX_POINT('',#3539);
#3541=CARTESIAN_POINT('',(168.403410702798650,6.750000000000002,0.0));
#3542=DIRECTION('',(1.0,0.0,0.0));
#3543=VECTOR('',#3542,2.529178594402794);
#3544=LINE('',#3541,#3543);
#3545=EDGE_CURVE('',#3532,#3540,#3544,.T.);
#3546=ORIENTED_EDGE('',*,*,#3545,.T.);
#3547=CARTESIAN_POINT('',(170.932589297201450,6.750000000000002,0.0));
#3548=DIRECTION('',(0.0,0.0,-1.0));
#3549=VECTOR('',#3548,10.0);
#3550=LINE('',#3547,#3549);
#3551=EDGE_CURVE('',#3540,#3522,#3550,.T.);
#3552=ORIENTED_EDGE('',*,*,#3551,.T.);
#3553=EDGE_LOOP('',(#3530,#3538,#3546,#3552));
#3554=FACE_OUTER_BOUND('',#3553,.T.);
#3555=ADVANCED_FACE('',(#3554),#3520,.T.);
#3556=CARTESIAN_POINT('',(168.403410702798650,6.750000000000002,0.0));
#3557=DIRECTION('',(-0.939692620785908,0.342020143325669,0.0));
#3558=DIRECTION('',(0.0,0.0,1.0));
#3559=AXIS2_PLACEMENT_3D('',#3556,#3557,#3558);
#3560=PLANE('',#3559);
#3561=CARTESIAN_POINT('',(168.403410702798650,6.750000000000002,-10.0));
#3562=DIRECTION('',(-0.342020143325670,-0.939692620785908,0.0));
#3563=VECTOR('',#3562,7.183199964212412);
#3564=LINE('',#3561,#3563);
#3565=EDGE_CURVE('',#3524,#1061,#3564,.T.);
#3566=ORIENTED_EDGE('',*,*,#3565,.T.);
#3567=ORIENTED_EDGE('',*,*,#1066,.F.);
#3568=CARTESIAN_POINT('',(165.946611621501770,1.110223E-015,0.0));
#3569=DIRECTION('',(0.342020143325670,0.939692620785908,0.0));
#3570=VECTOR('',#3569,7.183199964212412);
#3571=LINE('',#3568,#3570);
#3572=EDGE_CURVE('',#1059,#3532,#3571,.T.);
#3573=ORIENTED_EDGE('',*,*,#3572,.T.);
#3574=ORIENTED_EDGE('',*,*,#3537,.T.);
#3575=EDGE_LOOP('',(#3566,#3567,#3573,#3574));
#3576=FACE_OUTER_BOUND('',#3575,.T.);
#3577=ADVANCED_FACE('',(#3576),#3560,.T.);
#3578=CARTESIAN_POINT('',(173.389388378498270,1.110223E-015,0.0));
#3579=DIRECTION('',(0.939692620785908,0.342020143325669,0.0));
#3580=DIRECTION('',(0.0,0.0,-1.0));
#3581=AXIS2_PLACEMENT_3D('',#3578,#3579,#3580);
#3582=PLANE('',#3581);
#3583=CARTESIAN_POINT('',(173.389388378498270,1.110223E-015,-10.0));
#3584=DIRECTION('',(-0.342020143325663,0.939692620785910,0.0));
#3585=VECTOR('',#3584,7.183199964212393);
#3586=LINE('',#3583,#3585);
#3587=EDGE_CURVE('',#1109,#3522,#3586,.T.);
#3588=ORIENTED_EDGE('',*,*,#3587,.T.);
#3589=ORIENTED_EDGE('',*,*,#3551,.F.);
#3590=CARTESIAN_POINT('',(170.932589297201450,6.750000000000002,0.0));
#3591=DIRECTION('',(0.342020143325663,-0.939692620785910,0.0));
#3592=VECTOR('',#3591,7.183199964212393);
#3593=LINE('',#3590,#3592);
#3594=EDGE_CURVE('',#3540,#1117,#3593,.T.);
#3595=ORIENTED_EDGE('',*,*,#3594,.T.);
#3596=ORIENTED_EDGE('',*,*,#1122,.T.);
#3597=EDGE_LOOP('',(#3588,#3589,#3595,#3596));
#3598=FACE_OUTER_BOUND('',#3597,.T.);
#3599=ADVANCED_FACE('',(#3598),#3582,.T.);
#3600=CARTESIAN_POINT('',(179.094000000000050,6.750000000000000,0.0));
#3601=DIRECTION('',(0.0,1.0,0.0));
#3602=DIRECTION('',(0.0,0.0,1.0));
#3603=AXIS2_PLACEMENT_3D('',#3600,#3601,#3602);
#3604=PLANE('',#3603);
#3605=CARTESIAN_POINT('',(180.358589297201460,6.750000000000002,-10.0));
#3606=VERTEX_POINT('',#3605);
#3607=CARTESIAN_POINT('',(177.829410702798640,6.750000000000002,-10.0));
#3608=VERTEX_POINT('',#3607);
#3609=CARTESIAN_POINT('',(180.358589297201460,6.750000000000002,-10.0));
#3610=DIRECTION('',(-1.0,0.0,0.0));
#3611=VECTOR('',#3610,2.529178594402822);
#3612=LINE('',#3609,#3611);
#3613=EDGE_CURVE('',#3606,#3608,#3612,.T.);
#3614=ORIENTED_EDGE('',*,*,#3613,.T.);
#3615=CARTESIAN_POINT('',(177.829410702798640,6.750000000000002,0.0));
#3616=VERTEX_POINT('',#3615);
#3617=CARTESIAN_POINT('',(177.829410702798640,6.750000000000002,0.0));
#3618=DIRECTION('',(0.0,0.0,-1.0));
#3619=VECTOR('',#3618,10.0);
#3620=LINE('',#3617,#3619);
#3621=EDGE_CURVE('',#3616,#3608,#3620,.T.);
#3622=ORIENTED_EDGE('',*,*,#3621,.F.);
#3623=CARTESIAN_POINT('',(180.358589297201460,6.750000000000002,0.0));
#3624=VERTEX_POINT('',#3623);
#3625=CARTESIAN_POINT('',(177.829410702798640,6.750000000000002,0.0));
#3626=DIRECTION('',(1.0,0.0,0.0));
#3627=VECTOR('',#3626,2.529178594402822);
#3628=LINE('',#3625,#3627);
#3629=EDGE_CURVE('',#3616,#3624,#3628,.T.);
#3630=ORIENTED_EDGE('',*,*,#3629,.T.);
#3631=CARTESIAN_POINT('',(180.358589297201460,6.750000000000002,0.0));
#3632=DIRECTION('',(0.0,0.0,-1.0));
#3633=VECTOR('',#3632,10.0);
#3634=LINE('',#3631,#3633);
#3635=EDGE_CURVE('',#3624,#3606,#3634,.T.);
#3636=ORIENTED_EDGE('',*,*,#3635,.T.);
#3637=EDGE_LOOP('',(#3614,#3622,#3630,#3636));
#3638=FACE_OUTER_BOUND('',#3637,.T.);
#3639=ADVANCED_FACE('',(#3638),#3604,.T.);
#3640=CARTESIAN_POINT('',(177.829410702798640,6.750000000000002,0.0));
#3641=DIRECTION('',(-0.939692620785908,0.342020143325669,0.0));
#3642=DIRECTION('',(0.0,0.0,1.0));
#3643=AXIS2_PLACEMENT_3D('',#3640,#3641,#3642);
#3644=PLANE('',#3643);
#3645=CARTESIAN_POINT('',(177.829410702798640,6.750000000000002,-10.0));
#3646=DIRECTION('',(-0.342020143325667,-0.939692620785909,0.0));
#3647=VECTOR('',#3646,7.183199964212403);
#3648=LINE('',#3645,#3647);
#3649=EDGE_CURVE('',#3608,#1101,#3648,.T.);
#3650=ORIENTED_EDGE('',*,*,#3649,.T.);
#3651=ORIENTED_EDGE('',*,*,#1106,.F.);
#3652=CARTESIAN_POINT('',(175.372611621501790,1.110223E-015,0.0));
#3653=DIRECTION('',(0.342020143325667,0.939692620785909,0.0));
#3654=VECTOR('',#3653,7.183199964212403);
#3655=LINE('',#3652,#3654);
#3656=EDGE_CURVE('',#1099,#3616,#3655,.T.);
#3657=ORIENTED_EDGE('',*,*,#3656,.T.);
#3658=ORIENTED_EDGE('',*,*,#3621,.T.);
#3659=EDGE_LOOP('',(#3650,#3651,#3657,#3658));
#3660=FACE_OUTER_BOUND('',#3659,.T.);
#3661=ADVANCED_FACE('',(#3660),#3644,.T.);
#3662=CARTESIAN_POINT('',(182.815388378498310,1.110223E-015,0.0));
#3663=DIRECTION('',(0.939692620785908,0.342020143325669,0.0));
#3664=DIRECTION('',(0.0,0.0,-1.0));
#3665=AXIS2_PLACEMENT_3D('',#3662,#3663,#3664);
#3666=PLANE('',#3665);
#3667=CARTESIAN_POINT('',(182.815388378498310,1.110223E-015,-10.0));
#3668=DIRECTION('',(-0.342020143325667,0.939692620785909,0.0));
#3669=VECTOR('',#3668,7.183199964212403);
#3670=LINE('',#3667,#3669);
#3671=EDGE_CURVE('',#1149,#3606,#3670,.T.);
#3672=ORIENTED_EDGE('',*,*,#3671,.T.);
#3673=ORIENTED_EDGE('',*,*,#3635,.F.);
#3674=CARTESIAN_POINT('',(180.358589297201460,6.750000000000002,0.0));
#3675=DIRECTION('',(0.342020143325667,-0.939692620785909,0.0));
#3676=VECTOR('',#3675,7.183199964212403);
#3677=LINE('',#3674,#3676);
#3678=EDGE_CURVE('',#3624,#1157,#3677,.T.);
#3679=ORIENTED_EDGE('',*,*,#3678,.T.);
#3680=ORIENTED_EDGE('',*,*,#1162,.T.);
#3681=EDGE_LOOP('',(#3672,#3673,#3679,#3680));
#3682=FACE_OUTER_BOUND('',#3681,.T.);
#3683=ADVANCED_FACE('',(#3682),#3666,.T.);
#3684=CARTESIAN_POINT('',(188.520000000000040,6.750000000000000,0.0));
#3685=DIRECTION('',(0.0,1.0,0.0));
#3686=DIRECTION('',(0.0,0.0,1.0));
#3687=AXIS2_PLACEMENT_3D('',#3684,#3685,#3686);
#3688=PLANE('',#3687);
#3689=CARTESIAN_POINT('',(189.784589297201450,6.750000000000002,-10.0));
#3690=VERTEX_POINT('',#3689);
#3691=CARTESIAN_POINT('',(187.255410702798630,6.750000000000002,-10.0));
#3692=VERTEX_POINT('',#3691);
#3693=CARTESIAN_POINT('',(189.784589297201450,6.750000000000002,-10.0));
#3694=DIRECTION('',(-1.0,0.0,0.0));
#3695=VECTOR('',#3694,2.529178594402822);
#3696=LINE('',#3693,#3695);
#3697=EDGE_CURVE('',#3690,#3692,#3696,.T.);
#3698=ORIENTED_EDGE('',*,*,#3697,.T.);
#3699=CARTESIAN_POINT('',(187.255410702798630,6.750000000000002,0.0));
#3700=VERTEX_POINT('',#3699);
#3701=CARTESIAN_POINT('',(187.255410702798630,6.750000000000002,0.0));
#3702=DIRECTION('',(0.0,0.0,-1.0));
#3703=VECTOR('',#3702,10.0);
#3704=LINE('',#3701,#3703);
#3705=EDGE_CURVE('',#3700,#3692,#3704,.T.);
#3706=ORIENTED_EDGE('',*,*,#3705,.F.);
#3707=CARTESIAN_POINT('',(189.784589297201450,6.750000000000002,0.0));
#3708=VERTEX_POINT('',#3707);
#3709=CARTESIAN_POINT('',(187.255410702798630,6.750000000000002,0.0));
#3710=DIRECTION('',(1.0,0.0,0.0));
#3711=VECTOR('',#3710,2.529178594402822);
#3712=LINE('',#3709,#3711);
#3713=EDGE_CURVE('',#3700,#3708,#3712,.T.);
#3714=ORIENTED_EDGE('',*,*,#3713,.T.);
#3715=CARTESIAN_POINT('',(189.784589297201450,6.750000000000002,0.0));
#3716=DIRECTION('',(0.0,0.0,-1.0));
#3717=VECTOR('',#3716,10.0);
#3718=LINE('',#3715,#3717);
#3719=EDGE_CURVE('',#3708,#3690,#3718,.T.);
#3720=ORIENTED_EDGE('',*,*,#3719,.T.);
#3721=EDGE_LOOP('',(#3698,#3706,#3714,#3720));
#3722=FACE_OUTER_BOUND('',#3721,.T.);
#3723=ADVANCED_FACE('',(#3722),#3688,.T.);
#3724=CARTESIAN_POINT('',(187.255410702798630,6.750000000000002,0.0));
#3725=DIRECTION('',(-0.939692620785908,0.342020143325669,0.0));
#3726=DIRECTION('',(0.0,0.0,1.0));
#3727=AXIS2_PLACEMENT_3D('',#3724,#3725,#3726);
#3728=PLANE('',#3727);
#3729=CARTESIAN_POINT('',(187.255410702798630,6.750000000000002,-10.0));
#3730=DIRECTION('',(-0.342020143325667,-0.939692620785909,0.0));
#3731=VECTOR('',#3730,7.183199964212403);
#3732=LINE('',#3729,#3731);
#3733=EDGE_CURVE('',#3692,#1141,#3732,.T.);
#3734=ORIENTED_EDGE('',*,*,#3733,.T.);
#3735=ORIENTED_EDGE('',*,*,#1146,.F.);
#3736=CARTESIAN_POINT('',(184.798611621501780,1.110223E-015,0.0));
#3737=DIRECTION('',(0.342020143325667,0.939692620785909,0.0));
#3738=VECTOR('',#3737,7.183199964212403);
#3739=LINE('',#3736,#3738);
#3740=EDGE_CURVE('',#1139,#3700,#3739,.T.);
#3741=ORIENTED_EDGE('',*,*,#3740,.T.);
#3742=ORIENTED_EDGE('',*,*,#3705,.T.);
#3743=EDGE_LOOP('',(#3734,#3735,#3741,#3742));
#3744=FACE_OUTER_BOUND('',#3743,.T.);
#3745=ADVANCED_FACE('',(#3744),#3728,.T.);
#3746=CARTESIAN_POINT('',(192.241388378498300,1.110223E-015,0.0));
#3747=DIRECTION('',(0.939692620785908,0.342020143325669,0.0));
#3748=DIRECTION('',(0.0,0.0,-1.0));
#3749=AXIS2_PLACEMENT_3D('',#3746,#3747,#3748);
#3750=PLANE('',#3749);
#3751=CARTESIAN_POINT('',(192.241388378498300,1.110223E-015,-10.0));
#3752=DIRECTION('',(-0.342020143325667,0.939692620785909,0.0));
#3753=VECTOR('',#3752,7.183199964212403);
#3754=LINE('',#3751,#3753);
#3755=EDGE_CURVE('',#1189,#3690,#3754,.T.);
#3756=ORIENTED_EDGE('',*,*,#3755,.T.);
#3757=ORIENTED_EDGE('',*,*,#3719,.F.);
#3758=CARTESIAN_POINT('',(189.784589297201450,6.750000000000002,0.0));
#3759=DIRECTION('',(0.342020143325667,-0.939692620785909,0.0));
#3760=VECTOR('',#3759,7.183199964212403);
#3761=LINE('',#3758,#3760);
#3762=EDGE_CURVE('',#3708,#1197,#3761,.T.);
#3763=ORIENTED_EDGE('',*,*,#3762,.T.);
#3764=ORIENTED_EDGE('',*,*,#1202,.T.);
#3765=EDGE_LOOP('',(#3756,#3757,#3763,#3764));
#3766=FACE_OUTER_BOUND('',#3765,.T.);
#3767=ADVANCED_FACE('',(#3766),#3750,.T.);
#3768=CARTESIAN_POINT('',(197.946000000000050,6.750000000000000,0.0));
#3769=DIRECTION('',(0.0,1.0,0.0));
#3770=DIRECTION('',(0.0,0.0,1.0));
#3771=AXIS2_PLACEMENT_3D('',#3768,#3769,#3770);
#3772=PLANE('',#3771);
#3773=CARTESIAN_POINT('',(199.210589297201470,6.750000000000002,-10.0));
#3774=VERTEX_POINT('',#3773);
#3775=CARTESIAN_POINT('',(196.681410702798640,6.750000000000002,-10.0));
#3776=VERTEX_POINT('',#3775);
#3777=CARTESIAN_POINT('',(199.210589297201470,6.750000000000002,-10.0));
#3778=DIRECTION('',(-1.0,0.0,0.0));
#3779=VECTOR('',#3778,2.529178594402822);
#3780=LINE('',#3777,#3779);
#3781=EDGE_CURVE('',#3774,#3776,#3780,.T.);
#3782=ORIENTED_EDGE('',*,*,#3781,.T.);
#3783=CARTESIAN_POINT('',(196.681410702798640,6.750000000000002,0.0));
#3784=VERTEX_POINT('',#3783);
#3785=CARTESIAN_POINT('',(196.681410702798640,6.750000000000002,0.0));
#3786=DIRECTION('',(0.0,0.0,-1.0));
#3787=VECTOR('',#3786,10.0);
#3788=LINE('',#3785,#3787);
#3789=EDGE_CURVE('',#3784,#3776,#3788,.T.);
#3790=ORIENTED_EDGE('',*,*,#3789,.F.);
#3791=CARTESIAN_POINT('',(199.210589297201470,6.750000000000002,0.0));
#3792=VERTEX_POINT('',#3791);
#3793=CARTESIAN_POINT('',(196.681410702798640,6.750000000000002,0.0));
#3794=DIRECTION('',(1.0,0.0,0.0));
#3795=VECTOR('',#3794,2.529178594402822);
#3796=LINE('',#3793,#3795);
#3797=EDGE_CURVE('',#3784,#3792,#3796,.T.);
#3798=ORIENTED_EDGE('',*,*,#3797,.T.);
#3799=CARTESIAN_POINT('',(199.210589297201470,6.750000000000002,0.0));
#3800=DIRECTION('',(0.0,0.0,-1.0));
#3801=VECTOR('',#3800,10.0);
#3802=LINE('',#3799,#3801);
#3803=EDGE_CURVE('',#3792,#3774,#3802,.T.);
#3804=ORIENTED_EDGE('',*,*,#3803,.T.);
#3805=EDGE_LOOP('',(#3782,#3790,#3798,#3804));
#3806=FACE_OUTER_BOUND('',#3805,.T.);
#3807=ADVANCED_FACE('',(#3806),#3772,.T.);
#3808=CARTESIAN_POINT('',(196.681410702798640,6.750000000000002,0.0));
#3809=DIRECTION('',(-0.939692620785908,0.342020143325669,0.0));
#3810=DIRECTION('',(0.0,0.0,1.0));
#3811=AXIS2_PLACEMENT_3D('',#3808,#3809,#3810);
#3812=PLANE('',#3811);
#3813=CARTESIAN_POINT('',(196.681410702798640,6.750000000000002,-10.0));
#3814=DIRECTION('',(-0.342020143325663,-0.939692620785910,0.0));
#3815=VECTOR('',#3814,7.183199964212393);
#3816=LINE('',#3813,#3815);
#3817=EDGE_CURVE('',#3776,#1181,#3816,.T.);
#3818=ORIENTED_EDGE('',*,*,#3817,.T.);
#3819=ORIENTED_EDGE('',*,*,#1186,.F.);
#3820=CARTESIAN_POINT('',(194.224611621501820,1.110223E-015,0.0));
#3821=DIRECTION('',(0.342020143325663,0.939692620785910,0.0));
#3822=VECTOR('',#3821,7.183199964212393);
#3823=LINE('',#3820,#3822);
#3824=EDGE_CURVE('',#1179,#3784,#3823,.T.);
#3825=ORIENTED_EDGE('',*,*,#3824,.T.);
#3826=ORIENTED_EDGE('',*,*,#3789,.T.);
#3827=EDGE_LOOP('',(#3818,#3819,#3825,#3826));
#3828=FACE_OUTER_BOUND('',#3827,.T.);
#3829=ADVANCED_FACE('',(#3828),#3812,.T.);
#3830=CARTESIAN_POINT('',(201.667388378498320,1.110223E-015,0.0));
#3831=DIRECTION('',(0.939692620785908,0.342020143325669,0.0));
#3832=DIRECTION('',(0.0,0.0,-1.0));
#3833=AXIS2_PLACEMENT_3D('',#3830,#3831,#3832);
#3834=PLANE('',#3833);
#3835=CARTESIAN_POINT('',(201.667388378498320,1.110223E-015,-10.0));
#3836=DIRECTION('',(-0.342020143325667,0.939692620785909,0.0));
#3837=VECTOR('',#3836,7.183199964212403);
#3838=LINE('',#3835,#3837);
#3839=EDGE_CURVE('',#1229,#3774,#3838,.T.);
#3840=ORIENTED_EDGE('',*,*,#3839,.T.);
#3841=ORIENTED_EDGE('',*,*,#3803,.F.);
#3842=CARTESIAN_POINT('',(199.210589297201470,6.750000000000002,0.0));
#3843=DIRECTION('',(0.342020143325667,-0.939692620785909,0.0));
#3844=VECTOR('',#3843,7.183199964212403);
#3845=LINE('',#3842,#3844);
#3846=EDGE_CURVE('',#3792,#1237,#3845,.T.);
#3847=ORIENTED_EDGE('',*,*,#3846,.T.);
#3848=ORIENTED_EDGE('',*,*,#1242,.T.);
#3849=EDGE_LOOP('',(#3840,#3841,#3847,#3848));
#3850=FACE_OUTER_BOUND('',#3849,.T.);
#3851=ADVANCED_FACE('',(#3850),#3834,.T.);
#3852=CARTESIAN_POINT('',(207.372000000000040,6.750000000000000,0.0));
#3853=DIRECTION('',(0.0,1.0,0.0));
#3854=DIRECTION('',(0.0,0.0,1.0));
#3855=AXIS2_PLACEMENT_3D('',#3852,#3853,#3854);
#3856=PLANE('',#3855);
#3857=CARTESIAN_POINT('',(208.636589297201450,6.750000000000002,-10.0));
#3858=VERTEX_POINT('',#3857);
#3859=CARTESIAN_POINT('',(206.107410702798630,6.750000000000002,-10.0));
#3860=VERTEX_POINT('',#3859);
#3861=CARTESIAN_POINT('',(208.636589297201450,6.750000000000002,-10.0));
#3862=DIRECTION('',(-1.0,0.0,0.0));
#3863=VECTOR('',#3862,2.529178594402822);
#3864=LINE('',#3861,#3863);
#3865=EDGE_CURVE('',#3858,#3860,#3864,.T.);
#3866=ORIENTED_EDGE('',*,*,#3865,.T.);
#3867=CARTESIAN_POINT('',(206.107410702798630,6.750000000000002,0.0));
#3868=VERTEX_POINT('',#3867);
#3869=CARTESIAN_POINT('',(206.107410702798630,6.750000000000002,0.0));
#3870=DIRECTION('',(0.0,0.0,-1.0));
#3871=VECTOR('',#3870,10.0);
#3872=LINE('',#3869,#3871);
#3873=EDGE_CURVE('',#3868,#3860,#3872,.T.);
#3874=ORIENTED_EDGE('',*,*,#3873,.F.);
#3875=CARTESIAN_POINT('',(208.636589297201450,6.750000000000002,0.0));
#3876=VERTEX_POINT('',#3875);
#3877=CARTESIAN_POINT('',(206.107410702798630,6.750000000000002,0.0));
#3878=DIRECTION('',(1.0,0.0,0.0));
#3879=VECTOR('',#3878,2.529178594402822);
#3880=LINE('',#3877,#3879);
#3881=EDGE_CURVE('',#3868,#3876,#3880,.T.);
#3882=ORIENTED_EDGE('',*,*,#3881,.T.);
#3883=CARTESIAN_POINT('',(208.636589297201450,6.750000000000002,0.0));
#3884=DIRECTION('',(0.0,0.0,-1.0));
#3885=VECTOR('',#3884,10.0);
#3886=LINE('',#3883,#3885);
#3887=EDGE_CURVE('',#3876,#3858,#3886,.T.);
#3888=ORIENTED_EDGE('',*,*,#3887,.T.);
#3889=EDGE_LOOP('',(#3866,#3874,#3882,#3888));
#3890=FACE_OUTER_BOUND('',#3889,.T.);
#3891=ADVANCED_FACE('',(#3890),#3856,.T.);
#3892=CARTESIAN_POINT('',(206.107410702798630,6.750000000000002,0.0));
#3893=DIRECTION('',(-0.939692620785908,0.342020143325669,0.0));
#3894=DIRECTION('',(0.0,0.0,1.0));
#3895=AXIS2_PLACEMENT_3D('',#3892,#3893,#3894);
#3896=PLANE('',#3895);
#3897=CARTESIAN_POINT('',(206.107410702798630,6.750000000000002,-10.0));
#3898=DIRECTION('',(-0.342020143325663,-0.939692620785910,0.0));
#3899=VECTOR('',#3898,7.183199964212393);
#3900=LINE('',#3897,#3899);
#3901=EDGE_CURVE('',#3860,#1221,#3900,.T.);
#3902=ORIENTED_EDGE('',*,*,#3901,.T.);
#3903=ORIENTED_EDGE('',*,*,#1226,.F.);
#3904=CARTESIAN_POINT('',(203.650611621501810,1.110223E-015,0.0));
#3905=DIRECTION('',(0.342020143325663,0.939692620785910,0.0));
#3906=VECTOR('',#3905,7.183199964212393);
#3907=LINE('',#3904,#3906);
#3908=EDGE_CURVE('',#1219,#3868,#3907,.T.);
#3909=ORIENTED_EDGE('',*,*,#3908,.T.);
#3910=ORIENTED_EDGE('',*,*,#3873,.T.);
#3911=EDGE_LOOP('',(#3902,#3903,#3909,#3910));
#3912=FACE_OUTER_BOUND('',#3911,.T.);
#3913=ADVANCED_FACE('',(#3912),#3896,.T.);
#3914=CARTESIAN_POINT('',(211.093388378498300,1.110223E-015,0.0));
#3915=DIRECTION('',(0.939692620785908,0.342020143325669,0.0));
#3916=DIRECTION('',(0.0,0.0,-1.0));
#3917=AXIS2_PLACEMENT_3D('',#3914,#3915,#3916);
#3918=PLANE('',#3917);
#3919=CARTESIAN_POINT('',(211.093388378498300,1.110223E-015,-10.0));
#3920=DIRECTION('',(-0.342020143325667,0.939692620785909,0.0));
#3921=VECTOR('',#3920,7.183199964212403);
#3922=LINE('',#3919,#3921);
#3923=EDGE_CURVE('',#1269,#3858,#3922,.T.);
#3924=ORIENTED_EDGE('',*,*,#3923,.T.);
#3925=ORIENTED_EDGE('',*,*,#3887,.F.);
#3926=CARTESIAN_POINT('',(208.636589297201450,6.750000000000002,0.0));
#3927=DIRECTION('',(0.342020143325667,-0.939692620785909,0.0));
#3928=VECTOR('',#3927,7.183199964212403);
#3929=LINE('',#3926,#3928);
#3930=EDGE_CURVE('',#3876,#1277,#3929,.T.);
#3931=ORIENTED_EDGE('',*,*,#3930,.T.);
#3932=ORIENTED_EDGE('',*,*,#1282,.T.);
#3933=EDGE_LOOP('',(#3924,#3925,#3931,#3932));
#3934=FACE_OUTER_BOUND('',#3933,.T.);
#3935=ADVANCED_FACE('',(#3934),#3918,.T.);
#3936=CARTESIAN_POINT('',(216.798000000000030,6.750000000000000,0.0));
#3937=DIRECTION('',(0.0,1.0,0.0));
#3938=DIRECTION('',(0.0,0.0,1.0));
#3939=AXIS2_PLACEMENT_3D('',#3936,#3937,#3938);
#3940=PLANE('',#3939);
#3941=CARTESIAN_POINT('',(218.062589297201440,6.750000000000002,-10.0));
#3942=VERTEX_POINT('',#3941);
#3943=CARTESIAN_POINT('',(215.533410702798620,6.750000000000002,-10.0));
#3944=VERTEX_POINT('',#3943);
#3945=CARTESIAN_POINT('',(218.062589297201440,6.750000000000002,-10.0));
#3946=DIRECTION('',(-1.0,0.0,0.0));
#3947=VECTOR('',#3946,2.529178594402822);
#3948=LINE('',#3945,#3947);
#3949=EDGE_CURVE('',#3942,#3944,#3948,.T.);
#3950=ORIENTED_EDGE('',*,*,#3949,.T.);
#3951=CARTESIAN_POINT('',(215.533410702798620,6.750000000000002,0.0));
#3952=VERTEX_POINT('',#3951);
#3953=CARTESIAN_POINT('',(215.533410702798620,6.750000000000002,0.0));
#3954=DIRECTION('',(0.0,0.0,-1.0));
#3955=VECTOR('',#3954,10.0);
#3956=LINE('',#3953,#3955);
#3957=EDGE_CURVE('',#3952,#3944,#3956,.T.);
#3958=ORIENTED_EDGE('',*,*,#3957,.F.);
#3959=CARTESIAN_POINT('',(218.062589297201440,6.750000000000002,0.0));
#3960=VERTEX_POINT('',#3959);
#3961=CARTESIAN_POINT('',(215.533410702798620,6.750000000000002,0.0));
#3962=DIRECTION('',(1.0,0.0,0.0));
#3963=VECTOR('',#3962,2.529178594402822);
#3964=LINE('',#3961,#3963);
#3965=EDGE_CURVE('',#3952,#3960,#3964,.T.);
#3966=ORIENTED_EDGE('',*,*,#3965,.T.);
#3967=CARTESIAN_POINT('',(218.062589297201440,6.750000000000002,0.0));
#3968=DIRECTION('',(0.0,0.0,-1.0));
#3969=VECTOR('',#3968,10.0);
#3970=LINE('',#3967,#3969);
#3971=EDGE_CURVE('',#3960,#3942,#3970,.T.);
#3972=ORIENTED_EDGE('',*,*,#3971,.T.);
#3973=EDGE_LOOP('',(#3950,#3958,#3966,#3972));
#3974=FACE_OUTER_BOUND('',#3973,.T.);
#3975=ADVANCED_FACE('',(#3974),#3940,.T.);
#3976=CARTESIAN_POINT('',(215.533410702798620,6.750000000000002,0.0));
#3977=DIRECTION('',(-0.939692620785908,0.342020143325669,0.0));
#3978=DIRECTION('',(0.0,0.0,1.0));
#3979=AXIS2_PLACEMENT_3D('',#3976,#3977,#3978);
#3980=PLANE('',#3979);
#3981=CARTESIAN_POINT('',(215.533410702798620,6.750000000000002,-10.0));
#3982=DIRECTION('',(-0.342020143325663,-0.939692620785910,0.0));
#3983=VECTOR('',#3982,7.183199964212393);
#3984=LINE('',#3981,#3983);
#3985=EDGE_CURVE('',#3944,#1261,#3984,.T.);
#3986=ORIENTED_EDGE('',*,*,#3985,.T.);
#3987=ORIENTED_EDGE('',*,*,#1266,.F.);
#3988=CARTESIAN_POINT('',(213.076611621501800,1.110223E-015,0.0));
#3989=DIRECTION('',(0.342020143325663,0.939692620785910,0.0));
#3990=VECTOR('',#3989,7.183199964212393);
#3991=LINE('',#3988,#3990);
#3992=EDGE_CURVE('',#1259,#3952,#3991,.T.);
#3993=ORIENTED_EDGE('',*,*,#3992,.T.);
#3994=ORIENTED_EDGE('',*,*,#3957,.T.);
#3995=EDGE_LOOP('',(#3986,#3987,#3993,#3994));
#3996=FACE_OUTER_BOUND('',#3995,.T.);
#3997=ADVANCED_FACE('',(#3996),#3980,.T.);
#3998=CARTESIAN_POINT('',(220.519388378498290,1.110223E-015,0.0));
#3999=DIRECTION('',(0.939692620785908,0.342020143325669,0.0));
#4000=DIRECTION('',(0.0,0.0,-1.0));
#4001=AXIS2_PLACEMENT_3D('',#3998,#3999,#4000);
#4002=PLANE('',#4001);
#4003=CARTESIAN_POINT('',(220.519388378498290,1.110223E-015,-10.0));
#4004=DIRECTION('',(-0.342020143325667,0.939692620785909,0.0));
#4005=VECTOR('',#4004,7.183199964212403);
#4006=LINE('',#4003,#4005);
#4007=EDGE_CURVE('',#1309,#3942,#4006,.T.);
#4008=ORIENTED_EDGE('',*,*,#4007,.T.);
#4009=ORIENTED_EDGE('',*,*,#3971,.F.);
#4010=CARTESIAN_POINT('',(218.062589297201440,6.750000000000002,0.0));
#4011=DIRECTION('',(0.342020143325667,-0.939692620785909,0.0));
#4012=VECTOR('',#4011,7.183199964212403);
#4013=LINE('',#4010,#4012);
#4014=EDGE_CURVE('',#3960,#1317,#4013,.T.);
#4015=ORIENTED_EDGE('',*,*,#4014,.T.);
#4016=ORIENTED_EDGE('',*,*,#1322,.T.);
#4017=EDGE_LOOP('',(#4008,#4009,#4015,#4016));
#4018=FACE_OUTER_BOUND('',#4017,.T.);
#4019=ADVANCED_FACE('',(#4018),#4002,.T.);
#4020=CARTESIAN_POINT('',(226.224000000000050,6.750000000000000,0.0));
#4021=DIRECTION('',(0.0,1.0,0.0));
#4022=DIRECTION('',(0.0,0.0,1.0));
#4023=AXIS2_PLACEMENT_3D('',#4020,#4021,#4022);
#4024=PLANE('',#4023);
#4025=CARTESIAN_POINT('',(227.488589297201460,6.750000000000002,-10.0));
#4026=VERTEX_POINT('',#4025);
#4027=CARTESIAN_POINT('',(224.959410702798660,6.750000000000002,-10.0));
#4028=VERTEX_POINT('',#4027);
#4029=CARTESIAN_POINT('',(227.488589297201460,6.750000000000002,-10.0));
#4030=DIRECTION('',(-1.0,0.0,0.0));
#4031=VECTOR('',#4030,2.529178594402794);
#4032=LINE('',#4029,#4031);
#4033=EDGE_CURVE('',#4026,#4028,#4032,.T.);
#4034=ORIENTED_EDGE('',*,*,#4033,.T.);
#4035=CARTESIAN_POINT('',(224.959410702798660,6.750000000000002,0.0));
#4036=VERTEX_POINT('',#4035);
#4037=CARTESIAN_POINT('',(224.959410702798660,6.750000000000002,0.0));
#4038=DIRECTION('',(0.0,0.0,-1.0));
#4039=VECTOR('',#4038,10.0);
#4040=LINE('',#4037,#4039);
#4041=EDGE_CURVE('',#4036,#4028,#4040,.T.);
#4042=ORIENTED_EDGE('',*,*,#4041,.F.);
#4043=CARTESIAN_POINT('',(227.488589297201460,6.750000000000002,0.0));
#4044=VERTEX_POINT('',#4043);
#4045=CARTESIAN_POINT('',(224.959410702798660,6.750000000000002,0.0));
#4046=DIRECTION('',(1.0,0.0,0.0));
#4047=VECTOR('',#4046,2.529178594402794);
#4048=LINE('',#4045,#4047);
#4049=EDGE_CURVE('',#4036,#4044,#4048,.T.);
#4050=ORIENTED_EDGE('',*,*,#4049,.T.);
#4051=CARTESIAN_POINT('',(227.488589297201460,6.750000000000002,0.0));
#4052=DIRECTION('',(0.0,0.0,-1.0));
#4053=VECTOR('',#4052,10.0);
#4054=LINE('',#4051,#4053);
#4055=EDGE_CURVE('',#4044,#4026,#4054,.T.);
#4056=ORIENTED_EDGE('',*,*,#4055,.T.);
#4057=EDGE_LOOP('',(#4034,#4042,#4050,#4056));
#4058=FACE_OUTER_BOUND('',#4057,.T.);
#4059=ADVANCED_FACE('',(#4058),#4024,.T.);
#4060=CARTESIAN_POINT('',(224.959410702798660,6.750000000000002,0.0));
#4061=DIRECTION('',(-0.939692620785908,0.342020143325669,0.0));
#4062=DIRECTION('',(0.0,0.0,1.0));
#4063=AXIS2_PLACEMENT_3D('',#4060,#4061,#4062);
#4064=PLANE('',#4063);
#4065=CARTESIAN_POINT('',(224.959410702798660,6.750000000000002,-10.0));
#4066=DIRECTION('',(-0.342020143325667,-0.939692620785909,0.0));
#4067=VECTOR('',#4066,7.183199964212403);
#4068=LINE('',#4065,#4067);
#4069=EDGE_CURVE('',#4028,#1301,#4068,.T.);
#4070=ORIENTED_EDGE('',*,*,#4069,.T.);
#4071=ORIENTED_EDGE('',*,*,#1306,.F.);
#4072=CARTESIAN_POINT('',(222.502611621501810,1.110223E-015,0.0));
#4073=DIRECTION('',(0.342020143325667,0.939692620785909,0.0));
#4074=VECTOR('',#4073,7.183199964212403);
#4075=LINE('',#4072,#4074);
#4076=EDGE_CURVE('',#1299,#4036,#4075,.T.);
#4077=ORIENTED_EDGE('',*,*,#4076,.T.);
#4078=ORIENTED_EDGE('',*,*,#4041,.T.);
#4079=EDGE_LOOP('',(#4070,#4071,#4077,#4078));
#4080=FACE_OUTER_BOUND('',#4079,.T.);
#4081=ADVANCED_FACE('',(#4080),#4064,.T.);
#4082=CARTESIAN_POINT('',(229.945388378498310,1.110223E-015,0.0));
#4083=DIRECTION('',(0.939692620785908,0.342020143325669,0.0));
#4084=DIRECTION('',(0.0,0.0,-1.0));
#4085=AXIS2_PLACEMENT_3D('',#4082,#4083,#4084);
#4086=PLANE('',#4085);
#4087=CARTESIAN_POINT('',(229.945388378498310,1.110223E-015,-10.0));
#4088=DIRECTION('',(-0.342020143325667,0.939692620785909,0.0));
#4089=VECTOR('',#4088,7.183199964212403);
#4090=LINE('',#4087,#4089);
#4091=EDGE_CURVE('',#1349,#4026,#4090,.T.);
#4092=ORIENTED_EDGE('',*,*,#4091,.T.);
#4093=ORIENTED_EDGE('',*,*,#4055,.F.);
#4094=CARTESIAN_POINT('',(227.488589297201460,6.750000000000002,0.0));
#4095=DIRECTION('',(0.342020143325667,-0.939692620785909,0.0));
#4096=VECTOR('',#4095,7.183199964212403);
#4097=LINE('',#4094,#4096);
#4098=EDGE_CURVE('',#4044,#1357,#4097,.T.);
#4099=ORIENTED_EDGE('',*,*,#4098,.T.);
#4100=ORIENTED_EDGE('',*,*,#1362,.T.);
#4101=EDGE_LOOP('',(#4092,#4093,#4099,#4100));
#4102=FACE_OUTER_BOUND('',#4101,.T.);
#4103=ADVANCED_FACE('',(#4102),#4086,.T.);
#4104=CARTESIAN_POINT('',(235.650000000000030,6.750000000000000,0.0));
#4105=DIRECTION('',(0.0,1.0,0.0));
#4106=DIRECTION('',(0.0,0.0,1.0));
#4107=AXIS2_PLACEMENT_3D('',#4104,#4105,#4106);
#4108=PLANE('',#4107);
#4109=CARTESIAN_POINT('',(236.914589297201450,6.750000000000002,-10.0));
#4110=VERTEX_POINT('',#4109);
#4111=CARTESIAN_POINT('',(234.385410702798650,6.750000000000002,-10.0));
#4112=VERTEX_POINT('',#4111);
#4113=CARTESIAN_POINT('',(236.914589297201450,6.750000000000002,-10.0));
#4114=DIRECTION('',(-1.0,0.0,0.0));
#4115=VECTOR('',#4114,2.529178594402794);
#4116=LINE('',#4113,#4115);
#4117=EDGE_CURVE('',#4110,#4112,#4116,.T.);
#4118=ORIENTED_EDGE('',*,*,#4117,.T.);
#4119=CARTESIAN_POINT('',(234.385410702798650,6.750000000000002,0.0));
#4120=VERTEX_POINT('',#4119);
#4121=CARTESIAN_POINT('',(234.385410702798650,6.750000000000002,0.0));
#4122=DIRECTION('',(0.0,0.0,-1.0));
#4123=VECTOR('',#4122,10.0);
#4124=LINE('',#4121,#4123);
#4125=EDGE_CURVE('',#4120,#4112,#4124,.T.);
#4126=ORIENTED_EDGE('',*,*,#4125,.F.);
#4127=CARTESIAN_POINT('',(236.914589297201450,6.750000000000002,0.0));
#4128=VERTEX_POINT('',#4127);
#4129=CARTESIAN_POINT('',(234.385410702798650,6.750000000000002,0.0));
#4130=DIRECTION('',(1.0,0.0,0.0));
#4131=VECTOR('',#4130,2.529178594402794);
#4132=LINE('',#4129,#4131);
#4133=EDGE_CURVE('',#4120,#4128,#4132,.T.);
#4134=ORIENTED_EDGE('',*,*,#4133,.T.);
#4135=CARTESIAN_POINT('',(236.914589297201450,6.750000000000002,0.0));
#4136=DIRECTION('',(0.0,0.0,-1.0));
#4137=VECTOR('',#4136,10.0);
#4138=LINE('',#4135,#4137);
#4139=EDGE_CURVE('',#4128,#4110,#4138,.T.);
#4140=ORIENTED_EDGE('',*,*,#4139,.T.);
#4141=EDGE_LOOP('',(#4118,#4126,#4134,#4140));
#4142=FACE_OUTER_BOUND('',#4141,.T.);
#4143=ADVANCED_FACE('',(#4142),#4108,.T.);
#4144=CARTESIAN_POINT('',(234.385410702798650,6.750000000000002,0.0));
#4145=DIRECTION('',(-0.939692620785908,0.342020143325669,0.0));
#4146=DIRECTION('',(0.0,0.0,1.0));
#4147=AXIS2_PLACEMENT_3D('',#4144,#4145,#4146);
#4148=PLANE('',#4147);
#4149=CARTESIAN_POINT('',(234.385410702798650,6.750000000000002,-10.0));
#4150=DIRECTION('',(-0.342020143325667,-0.939692620785909,0.0));
#4151=VECTOR('',#4150,7.183199964212403);
#4152=LINE('',#4149,#4151);
#4153=EDGE_CURVE('',#4112,#1341,#4152,.T.);
#4154=ORIENTED_EDGE('',*,*,#4153,.T.);
#4155=ORIENTED_EDGE('',*,*,#1346,.F.);
#4156=CARTESIAN_POINT('',(231.928611621501800,1.110223E-015,0.0));
#4157=DIRECTION('',(0.342020143325667,0.939692620785909,0.0));
#4158=VECTOR('',#4157,7.183199964212403);
#4159=LINE('',#4156,#4158);
#4160=EDGE_CURVE('',#1339,#4120,#4159,.T.);
#4161=ORIENTED_EDGE('',*,*,#4160,.T.);
#4162=ORIENTED_EDGE('',*,*,#4125,.T.);
#4163=EDGE_LOOP('',(#4154,#4155,#4161,#4162));
#4164=FACE_OUTER_BOUND('',#4163,.T.);
#4165=ADVANCED_FACE('',(#4164),#4148,.T.);
#4166=CARTESIAN_POINT('',(239.371388378498300,1.110223E-015,0.0));
#4167=DIRECTION('',(0.939692620785908,0.342020143325669,0.0));
#4168=DIRECTION('',(0.0,0.0,-1.0));
#4169=AXIS2_PLACEMENT_3D('',#4166,#4167,#4168);
#4170=PLANE('',#4169);
#4171=CARTESIAN_POINT('',(239.371388378498300,1.110223E-015,-10.0));
#4172=DIRECTION('',(-0.342020143325667,0.939692620785909,0.0));
#4173=VECTOR('',#4172,7.183199964212403);
#4174=LINE('',#4171,#4173);
#4175=EDGE_CURVE('',#1389,#4110,#4174,.T.);
#4176=ORIENTED_EDGE('',*,*,#4175,.T.);
#4177=ORIENTED_EDGE('',*,*,#4139,.F.);
#4178=CARTESIAN_POINT('',(236.914589297201450,6.750000000000002,0.0));
#4179=DIRECTION('',(0.342020143325667,-0.939692620785909,0.0));
#4180=VECTOR('',#4179,7.183199964212403);
#4181=LINE('',#4178,#4180);
#4182=EDGE_CURVE('',#4128,#1397,#4181,.T.);
#4183=ORIENTED_EDGE('',*,*,#4182,.T.);
#4184=ORIENTED_EDGE('',*,*,#1402,.T.);
#4185=EDGE_LOOP('',(#4176,#4177,#4183,#4184));
#4186=FACE_OUTER_BOUND('',#4185,.T.);
#4187=ADVANCED_FACE('',(#4186),#4170,.T.);
#4188=CARTESIAN_POINT('',(245.076000000000080,6.750000000000000,0.0));
#4189=DIRECTION('',(0.0,1.0,0.0));
#4190=DIRECTION('',(0.0,0.0,1.0));
#4191=AXIS2_PLACEMENT_3D('',#4188,#4189,#4190);
#4192=PLANE('',#4191);
#4193=CARTESIAN_POINT('',(246.340589297201460,6.750000000000002,-10.0));
#4194=VERTEX_POINT('',#4193);
#4195=CARTESIAN_POINT('',(243.811410702798670,6.750000000000002,-10.0));
#4196=VERTEX_POINT('',#4195);
#4197=CARTESIAN_POINT('',(246.340589297201460,6.750000000000002,-10.0));
#4198=DIRECTION('',(-1.0,0.0,0.0));
#4199=VECTOR('',#4198,2.529178594402794);
#4200=LINE('',#4197,#4199);
#4201=EDGE_CURVE('',#4194,#4196,#4200,.T.);
#4202=ORIENTED_EDGE('',*,*,#4201,.T.);
#4203=CARTESIAN_POINT('',(243.811410702798670,6.750000000000002,0.0));
#4204=VERTEX_POINT('',#4203);
#4205=CARTESIAN_POINT('',(243.811410702798670,6.750000000000002,0.0));
#4206=DIRECTION('',(0.0,0.0,-1.0));
#4207=VECTOR('',#4206,10.0);
#4208=LINE('',#4205,#4207);
#4209=EDGE_CURVE('',#4204,#4196,#4208,.T.);
#4210=ORIENTED_EDGE('',*,*,#4209,.F.);
#4211=CARTESIAN_POINT('',(246.340589297201460,6.750000000000002,0.0));
#4212=VERTEX_POINT('',#4211);
#4213=CARTESIAN_POINT('',(243.811410702798670,6.750000000000002,0.0));
#4214=DIRECTION('',(1.0,0.0,0.0));
#4215=VECTOR('',#4214,2.529178594402794);
#4216=LINE('',#4213,#4215);
#4217=EDGE_CURVE('',#4204,#4212,#4216,.T.);
#4218=ORIENTED_EDGE('',*,*,#4217,.T.);
#4219=CARTESIAN_POINT('',(246.340589297201460,6.750000000000002,0.0));
#4220=DIRECTION('',(0.0,0.0,-1.0));
#4221=VECTOR('',#4220,10.0);
#4222=LINE('',#4219,#4221);
#4223=EDGE_CURVE('',#4212,#4194,#4222,.T.);
#4224=ORIENTED_EDGE('',*,*,#4223,.T.);
#4225=EDGE_LOOP('',(#4202,#4210,#4218,#4224));
#4226=FACE_OUTER_BOUND('',#4225,.T.);
#4227=ADVANCED_FACE('',(#4226),#4192,.T.);
#4228=CARTESIAN_POINT('',(243.811410702798670,6.750000000000002,0.0));
#4229=DIRECTION('',(-0.939692620785908,0.342020143325669,0.0));
#4230=DIRECTION('',(0.0,0.0,1.0));
#4231=AXIS2_PLACEMENT_3D('',#4228,#4229,#4230);
#4232=PLANE('',#4231);
#4233=CARTESIAN_POINT('',(243.811410702798670,6.750000000000002,-10.0));
#4234=DIRECTION('',(-0.342020143325667,-0.939692620785909,0.0));
#4235=VECTOR('',#4234,7.183199964212403);
#4236=LINE('',#4233,#4235);
#4237=EDGE_CURVE('',#4196,#1381,#4236,.T.);
#4238=ORIENTED_EDGE('',*,*,#4237,.T.);
#4239=ORIENTED_EDGE('',*,*,#1386,.F.);
#4240=CARTESIAN_POINT('',(241.354611621501820,1.110223E-015,0.0));
#4241=DIRECTION('',(0.342020143325667,0.939692620785909,0.0));
#4242=VECTOR('',#4241,7.183199964212403);
#4243=LINE('',#4240,#4242);
#4244=EDGE_CURVE('',#1379,#4204,#4243,.T.);
#4245=ORIENTED_EDGE('',*,*,#4244,.T.);
#4246=ORIENTED_EDGE('',*,*,#4209,.T.);
#4247=EDGE_LOOP('',(#4238,#4239,#4245,#4246));
#4248=FACE_OUTER_BOUND('',#4247,.T.);
#4249=ADVANCED_FACE('',(#4248),#4232,.T.);
#4250=CARTESIAN_POINT('',(248.797388378498310,1.110223E-015,0.0));
#4251=DIRECTION('',(0.939692620785908,0.342020143325669,0.0));
#4252=DIRECTION('',(0.0,0.0,-1.0));
#4253=AXIS2_PLACEMENT_3D('',#4250,#4251,#4252);
#4254=PLANE('',#4253);
#4255=CARTESIAN_POINT('',(248.797388378498310,1.110223E-015,-10.0));
#4256=DIRECTION('',(-0.342020143325667,0.939692620785909,0.0));
#4257=VECTOR('',#4256,7.183199964212403);
#4258=LINE('',#4255,#4257);
#4259=EDGE_CURVE('',#1429,#4194,#4258,.T.);
#4260=ORIENTED_EDGE('',*,*,#4259,.T.);
#4261=ORIENTED_EDGE('',*,*,#4223,.F.);
#4262=CARTESIAN_POINT('',(246.340589297201460,6.750000000000002,0.0));
#4263=DIRECTION('',(0.342020143325667,-0.939692620785909,0.0));
#4264=VECTOR('',#4263,7.183199964212403);
#4265=LINE('',#4262,#4264);
#4266=EDGE_CURVE('',#4212,#1437,#4265,.T.);
#4267=ORIENTED_EDGE('',*,*,#4266,.T.);
#4268=ORIENTED_EDGE('',*,*,#1442,.T.);
#4269=EDGE_LOOP('',(#4260,#4261,#4267,#4268));
#4270=FACE_OUTER_BOUND('',#4269,.T.);
#4271=ADVANCED_FACE('',(#4270),#4254,.T.);
#4272=CARTESIAN_POINT('',(254.502000000000070,6.750000000000000,0.0));
#4273=DIRECTION('',(0.0,1.0,0.0));
#4274=DIRECTION('',(0.0,0.0,1.0));
#4275=AXIS2_PLACEMENT_3D('',#4272,#4273,#4274);
#4276=PLANE('',#4275);
#4277=CARTESIAN_POINT('',(255.766589297201450,6.750000000000002,-10.0));
#4278=VERTEX_POINT('',#4277);
#4279=CARTESIAN_POINT('',(253.237410702798660,6.750000000000002,-10.0));
#4280=VERTEX_POINT('',#4279);
#4281=CARTESIAN_POINT('',(255.766589297201450,6.750000000000002,-10.0));
#4282=DIRECTION('',(-1.0,0.0,0.0));
#4283=VECTOR('',#4282,2.529178594402794);
#4284=LINE('',#4281,#4283);
#4285=EDGE_CURVE('',#4278,#4280,#4284,.T.);
#4286=ORIENTED_EDGE('',*,*,#4285,.T.);
#4287=CARTESIAN_POINT('',(253.237410702798660,6.750000000000002,0.0));
#4288=VERTEX_POINT('',#4287);
#4289=CARTESIAN_POINT('',(253.237410702798660,6.750000000000002,0.0));
#4290=DIRECTION('',(0.0,0.0,-1.0));
#4291=VECTOR('',#4290,10.0);
#4292=LINE('',#4289,#4291);
#4293=EDGE_CURVE('',#4288,#4280,#4292,.T.);
#4294=ORIENTED_EDGE('',*,*,#4293,.F.);
#4295=CARTESIAN_POINT('',(255.766589297201450,6.750000000000002,0.0));
#4296=VERTEX_POINT('',#4295);
#4297=CARTESIAN_POINT('',(253.237410702798660,6.750000000000002,0.0));
#4298=DIRECTION('',(1.0,0.0,0.0));
#4299=VECTOR('',#4298,2.529178594402794);
#4300=LINE('',#4297,#4299);
#4301=EDGE_CURVE('',#4288,#4296,#4300,.T.);
#4302=ORIENTED_EDGE('',*,*,#4301,.T.);
#4303=CARTESIAN_POINT('',(255.766589297201450,6.750000000000002,0.0));
#4304=DIRECTION('',(0.0,0.0,-1.0));
#4305=VECTOR('',#4304,10.0);
#4306=LINE('',#4303,#4305);
#4307=EDGE_CURVE('',#4296,#4278,#4306,.T.);
#4308=ORIENTED_EDGE('',*,*,#4307,.T.);
#4309=EDGE_LOOP('',(#4286,#4294,#4302,#4308));
#4310=FACE_OUTER_BOUND('',#4309,.T.);
#4311=ADVANCED_FACE('',(#4310),#4276,.T.);
#4312=CARTESIAN_POINT('',(253.237410702798660,6.750000000000002,0.0));
#4313=DIRECTION('',(-0.939692620785908,0.342020143325669,0.0));
#4314=DIRECTION('',(0.0,0.0,1.0));
#4315=AXIS2_PLACEMENT_3D('',#4312,#4313,#4314);
#4316=PLANE('',#4315);
#4317=CARTESIAN_POINT('',(253.237410702798660,6.750000000000002,-10.0));
#4318=DIRECTION('',(-0.342020143325667,-0.939692620785909,0.0));
#4319=VECTOR('',#4318,7.183199964212403);
#4320=LINE('',#4317,#4319);
#4321=EDGE_CURVE('',#4280,#1421,#4320,.T.);
#4322=ORIENTED_EDGE('',*,*,#4321,.T.);
#4323=ORIENTED_EDGE('',*,*,#1426,.F.);
#4324=CARTESIAN_POINT('',(250.780611621501810,1.110223E-015,0.0));
#4325=DIRECTION('',(0.342020143325667,0.939692620785909,0.0));
#4326=VECTOR('',#4325,7.183199964212403);
#4327=LINE('',#4324,#4326);
#4328=EDGE_CURVE('',#1419,#4288,#4327,.T.);
#4329=ORIENTED_EDGE('',*,*,#4328,.T.);
#4330=ORIENTED_EDGE('',*,*,#4293,.T.);
#4331=EDGE_LOOP('',(#4322,#4323,#4329,#4330));
#4332=FACE_OUTER_BOUND('',#4331,.T.);
#4333=ADVANCED_FACE('',(#4332),#4316,.T.);
#4334=CARTESIAN_POINT('',(258.223388378498330,1.110223E-015,0.0));
#4335=DIRECTION('',(0.939692620785908,0.342020143325669,0.0));
#4336=DIRECTION('',(0.0,0.0,-1.0));
#4337=AXIS2_PLACEMENT_3D('',#4334,#4335,#4336);
#4338=PLANE('',#4337);
#4339=CARTESIAN_POINT('',(258.223388378498330,1.110223E-015,-10.0));
#4340=DIRECTION('',(-0.342020143325670,0.939692620785908,0.0));
#4341=VECTOR('',#4340,7.183199964212412);
#4342=LINE('',#4339,#4341);
#4343=EDGE_CURVE('',#1469,#4278,#4342,.T.);
#4344=ORIENTED_EDGE('',*,*,#4343,.T.);
#4345=ORIENTED_EDGE('',*,*,#4307,.F.);
#4346=CARTESIAN_POINT('',(255.766589297201450,6.750000000000002,0.0));
#4347=DIRECTION('',(0.342020143325670,-0.939692620785908,0.0));
#4348=VECTOR('',#4347,7.183199964212412);
#4349=LINE('',#4346,#4348);
#4350=EDGE_CURVE('',#4296,#1477,#4349,.T.);
#4351=ORIENTED_EDGE('',*,*,#4350,.T.);
#4352=ORIENTED_EDGE('',*,*,#1482,.T.);
#4353=EDGE_LOOP('',(#4344,#4345,#4351,#4352));
#4354=FACE_OUTER_BOUND('',#4353,.T.);
#4355=ADVANCED_FACE('',(#4354),#4338,.T.);
#4356=CARTESIAN_POINT('',(263.928000000000050,6.750000000000000,0.0));
#4357=DIRECTION('',(0.0,1.0,0.0));
#4358=DIRECTION('',(0.0,0.0,1.0));
#4359=AXIS2_PLACEMENT_3D('',#4356,#4357,#4358);
#4360=PLANE('',#4359);
#4361=CARTESIAN_POINT('',(265.192589297201440,6.750000000000002,-10.0));
#4362=VERTEX_POINT('',#4361);
#4363=CARTESIAN_POINT('',(262.663410702798610,6.750000000000002,-10.0));
#4364=VERTEX_POINT('',#4363);
#4365=CARTESIAN_POINT('',(265.192589297201440,6.750000000000002,-10.0));
#4366=DIRECTION('',(-1.0,0.0,0.0));
#4367=VECTOR('',#4366,2.529178594402822);
#4368=LINE('',#4365,#4367);
#4369=EDGE_CURVE('',#4362,#4364,#4368,.T.);
#4370=ORIENTED_EDGE('',*,*,#4369,.T.);
#4371=CARTESIAN_POINT('',(262.663410702798610,6.750000000000002,0.0));
#4372=VERTEX_POINT('',#4371);
#4373=CARTESIAN_POINT('',(262.663410702798610,6.750000000000002,0.0));
#4374=DIRECTION('',(0.0,0.0,-1.0));
#4375=VECTOR('',#4374,10.0);
#4376=LINE('',#4373,#4375);
#4377=EDGE_CURVE('',#4372,#4364,#4376,.T.);
#4378=ORIENTED_EDGE('',*,*,#4377,.F.);
#4379=CARTESIAN_POINT('',(265.192589297201440,6.750000000000002,0.0));
#4380=VERTEX_POINT('',#4379);
#4381=CARTESIAN_POINT('',(262.663410702798610,6.750000000000002,0.0));
#4382=DIRECTION('',(1.0,0.0,0.0));
#4383=VECTOR('',#4382,2.529178594402822);
#4384=LINE('',#4381,#4383);
#4385=EDGE_CURVE('',#4372,#4380,#4384,.T.);
#4386=ORIENTED_EDGE('',*,*,#4385,.T.);
#4387=CARTESIAN_POINT('',(265.192589297201440,6.750000000000002,0.0));
#4388=DIRECTION('',(0.0,0.0,-1.0));
#4389=VECTOR('',#4388,10.0);
#4390=LINE('',#4387,#4389);
#4391=EDGE_CURVE('',#4380,#4362,#4390,.T.);
#4392=ORIENTED_EDGE('',*,*,#4391,.T.);
#4393=EDGE_LOOP('',(#4370,#4378,#4386,#4392));
#4394=FACE_OUTER_BOUND('',#4393,.T.);
#4395=ADVANCED_FACE('',(#4394),#4360,.T.);
#4396=CARTESIAN_POINT('',(262.663410702798610,6.750000000000002,0.0));
#4397=DIRECTION('',(-0.939692620785908,0.342020143325669,0.0));
#4398=DIRECTION('',(0.0,0.0,1.0));
#4399=AXIS2_PLACEMENT_3D('',#4396,#4397,#4398);
#4400=PLANE('',#4399);
#4401=CARTESIAN_POINT('',(262.663410702798610,6.750000000000002,-10.0));
#4402=DIRECTION('',(-0.342020143325663,-0.939692620785910,0.0));
#4403=VECTOR('',#4402,7.183199964212393);
#4404=LINE('',#4401,#4403);
#4405=EDGE_CURVE('',#4364,#1461,#4404,.T.);
#4406=ORIENTED_EDGE('',*,*,#4405,.T.);
#4407=ORIENTED_EDGE('',*,*,#1466,.F.);
#4408=CARTESIAN_POINT('',(260.206611621501790,1.110223E-015,0.0));
#4409=DIRECTION('',(0.342020143325663,0.939692620785910,0.0));
#4410=VECTOR('',#4409,7.183199964212393);
#4411=LINE('',#4408,#4410);
#4412=EDGE_CURVE('',#1459,#4372,#4411,.T.);
#4413=ORIENTED_EDGE('',*,*,#4412,.T.);
#4414=ORIENTED_EDGE('',*,*,#4377,.T.);
#4415=EDGE_LOOP('',(#4406,#4407,#4413,#4414));
#4416=FACE_OUTER_BOUND('',#4415,.T.);
#4417=ADVANCED_FACE('',(#4416),#4400,.T.);
#4418=CARTESIAN_POINT('',(267.649388378498320,1.110223E-015,0.0));
#4419=DIRECTION('',(0.939692620785908,0.342020143325669,0.0));
#4420=DIRECTION('',(0.0,0.0,-1.0));
#4421=AXIS2_PLACEMENT_3D('',#4418,#4419,#4420);
#4422=PLANE('',#4421);
#4423=CARTESIAN_POINT('',(267.649388378498320,1.110223E-015,-10.0));
#4424=DIRECTION('',(-0.342020143325670,0.939692620785908,0.0));
#4425=VECTOR('',#4424,7.183199964212412);
#4426=LINE('',#4423,#4425);
#4427=EDGE_CURVE('',#1509,#4362,#4426,.T.);
#4428=ORIENTED_EDGE('',*,*,#4427,.T.);
#4429=ORIENTED_EDGE('',*,*,#4391,.F.);
#4430=CARTESIAN_POINT('',(265.192589297201440,6.750000000000002,0.0));
#4431=DIRECTION('',(0.342020143325670,-0.939692620785908,0.0));
#4432=VECTOR('',#4431,7.183199964212412);
#4433=LINE('',#4430,#4432);
#4434=EDGE_CURVE('',#4380,#1517,#4433,.T.);
#4435=ORIENTED_EDGE('',*,*,#4434,.T.);
#4436=ORIENTED_EDGE('',*,*,#1522,.T.);
#4437=EDGE_LOOP('',(#4428,#4429,#4435,#4436));
#4438=FACE_OUTER_BOUND('',#4437,.T.);
#4439=ADVANCED_FACE('',(#4438),#4422,.T.);
#4440=CARTESIAN_POINT('',(273.354000000000040,6.750000000000000,0.0));
#4441=DIRECTION('',(0.0,1.0,0.0));
#4442=DIRECTION('',(0.0,0.0,1.0));
#4443=AXIS2_PLACEMENT_3D('',#4440,#4441,#4442);
#4444=PLANE('',#4443);
#4445=CARTESIAN_POINT('',(274.618589297201480,6.750000000000002,-10.0));
#4446=VERTEX_POINT('',#4445);
#4447=CARTESIAN_POINT('',(272.089410702798660,6.750000000000002,-10.0));
#4448=VERTEX_POINT('',#4447);
#4449=CARTESIAN_POINT('',(274.618589297201480,6.750000000000002,-10.0));
#4450=DIRECTION('',(-1.0,0.0,0.0));
#4451=VECTOR('',#4450,2.529178594402822);
#4452=LINE('',#4449,#4451);
#4453=EDGE_CURVE('',#4446,#4448,#4452,.T.);
#4454=ORIENTED_EDGE('',*,*,#4453,.T.);
#4455=CARTESIAN_POINT('',(272.089410702798660,6.750000000000002,0.0));
#4456=VERTEX_POINT('',#4455);
#4457=CARTESIAN_POINT('',(272.089410702798660,6.750000000000002,0.0));
#4458=DIRECTION('',(0.0,0.0,-1.0));
#4459=VECTOR('',#4458,10.0);
#4460=LINE('',#4457,#4459);
#4461=EDGE_CURVE('',#4456,#4448,#4460,.T.);
#4462=ORIENTED_EDGE('',*,*,#4461,.F.);
#4463=CARTESIAN_POINT('',(274.618589297201480,6.750000000000002,0.0));
#4464=VERTEX_POINT('',#4463);
#4465=CARTESIAN_POINT('',(272.089410702798660,6.750000000000002,0.0));
#4466=DIRECTION('',(1.0,0.0,0.0));
#4467=VECTOR('',#4466,2.529178594402822);
#4468=LINE('',#4465,#4467);
#4469=EDGE_CURVE('',#4456,#4464,#4468,.T.);
#4470=ORIENTED_EDGE('',*,*,#4469,.T.);
#4471=CARTESIAN_POINT('',(274.618589297201480,6.750000000000002,0.0));
#4472=DIRECTION('',(0.0,0.0,-1.0));
#4473=VECTOR('',#4472,10.0);
#4474=LINE('',#4471,#4473);
#4475=EDGE_CURVE('',#4464,#4446,#4474,.T.);
#4476=ORIENTED_EDGE('',*,*,#4475,.T.);
#4477=EDGE_LOOP('',(#4454,#4462,#4470,#4476));
#4478=FACE_OUTER_BOUND('',#4477,.T.);
#4479=ADVANCED_FACE('',(#4478),#4444,.T.);
#4480=CARTESIAN_POINT('',(272.089410702798660,6.750000000000002,0.0));
#4481=DIRECTION('',(-0.939692620785908,0.342020143325669,0.0));
#4482=DIRECTION('',(0.0,0.0,1.0));
#4483=AXIS2_PLACEMENT_3D('',#4480,#4481,#4482);
#4484=PLANE('',#4483);
#4485=CARTESIAN_POINT('',(272.089410702798660,6.750000000000002,-10.0));
#4486=DIRECTION('',(-0.342020143325663,-0.939692620785910,0.0));
#4487=VECTOR('',#4486,7.183199964212393);
#4488=LINE('',#4485,#4487);
#4489=EDGE_CURVE('',#4448,#1501,#4488,.T.);
#4490=ORIENTED_EDGE('',*,*,#4489,.T.);
#4491=ORIENTED_EDGE('',*,*,#1506,.F.);
#4492=CARTESIAN_POINT('',(269.632611621501840,1.110223E-015,0.0));
#4493=DIRECTION('',(0.342020143325663,0.939692620785910,0.0));
#4494=VECTOR('',#4493,7.183199964212393);
#4495=LINE('',#4492,#4494);
#4496=EDGE_CURVE('',#1499,#4456,#4495,.T.);
#4497=ORIENTED_EDGE('',*,*,#4496,.T.);
#4498=ORIENTED_EDGE('',*,*,#4461,.T.);
#4499=EDGE_LOOP('',(#4490,#4491,#4497,#4498));
#4500=FACE_OUTER_BOUND('',#4499,.T.);
#4501=ADVANCED_FACE('',(#4500),#4484,.T.);
#4502=CARTESIAN_POINT('',(277.075388378498300,1.110223E-015,0.0));
#4503=DIRECTION('',(0.939692620785908,0.342020143325669,0.0));
#4504=DIRECTION('',(0.0,0.0,-1.0));
#4505=AXIS2_PLACEMENT_3D('',#4502,#4503,#4504);
#4506=PLANE('',#4505);
#4507=CARTESIAN_POINT('',(277.075388378498300,1.110223E-015,-10.0));
#4508=DIRECTION('',(-0.342020143325663,0.939692620785910,0.0));
#4509=VECTOR('',#4508,7.183199964212393);
#4510=LINE('',#4507,#4509);
#4511=EDGE_CURVE('',#1549,#4446,#4510,.T.);
#4512=ORIENTED_EDGE('',*,*,#4511,.T.);
#4513=ORIENTED_EDGE('',*,*,#4475,.F.);
#4514=CARTESIAN_POINT('',(274.618589297201480,6.750000000000002,0.0));
#4515=DIRECTION('',(0.342020143325663,-0.939692620785910,0.0));
#4516=VECTOR('',#4515,7.183199964212393);
#4517=LINE('',#4514,#4516);
#4518=EDGE_CURVE('',#4464,#1557,#4517,.T.);
#4519=ORIENTED_EDGE('',*,*,#4518,.T.);
#4520=ORIENTED_EDGE('',*,*,#1562,.T.);
#4521=EDGE_LOOP('',(#4512,#4513,#4519,#4520));
#4522=FACE_OUTER_BOUND('',#4521,.T.);
#4523=ADVANCED_FACE('',(#4522),#4506,.T.);
#4524=CARTESIAN_POINT('',(282.780000000000090,6.750000000000000,0.0));
#4525=DIRECTION('',(0.0,1.0,0.0));
#4526=DIRECTION('',(0.0,0.0,1.0));
#4527=AXIS2_PLACEMENT_3D('',#4524,#4525,#4526);
#4528=PLANE('',#4527);
#4529=CARTESIAN_POINT('',(284.044589297201470,6.750000000000002,-10.0));
#4530=VERTEX_POINT('',#4529);
#4531=CARTESIAN_POINT('',(281.515410702798650,6.750000000000002,-10.0));
#4532=VERTEX_POINT('',#4531);
#4533=CARTESIAN_POINT('',(284.044589297201470,6.750000000000002,-10.0));
#4534=DIRECTION('',(-1.0,0.0,0.0));
#4535=VECTOR('',#4534,2.529178594402822);
#4536=LINE('',#4533,#4535);
#4537=EDGE_CURVE('',#4530,#4532,#4536,.T.);
#4538=ORIENTED_EDGE('',*,*,#4537,.T.);
#4539=CARTESIAN_POINT('',(281.515410702798650,6.750000000000002,0.0));
#4540=VERTEX_POINT('',#4539);
#4541=CARTESIAN_POINT('',(281.515410702798650,6.750000000000002,0.0));
#4542=DIRECTION('',(0.0,0.0,-1.0));
#4543=VECTOR('',#4542,10.0);
#4544=LINE('',#4541,#4543);
#4545=EDGE_CURVE('',#4540,#4532,#4544,.T.);
#4546=ORIENTED_EDGE('',*,*,#4545,.F.);
#4547=CARTESIAN_POINT('',(284.044589297201470,6.750000000000002,0.0));
#4548=VERTEX_POINT('',#4547);
#4549=CARTESIAN_POINT('',(281.515410702798650,6.750000000000002,0.0));
#4550=DIRECTION('',(1.0,0.0,0.0));
#4551=VECTOR('',#4550,2.529178594402822);
#4552=LINE('',#4549,#4551);
#4553=EDGE_CURVE('',#4540,#4548,#4552,.T.);
#4554=ORIENTED_EDGE('',*,*,#4553,.T.);
#4555=CARTESIAN_POINT('',(284.044589297201470,6.750000000000002,0.0));
#4556=DIRECTION('',(0.0,0.0,-1.0));
#4557=VECTOR('',#4556,10.0);
#4558=LINE('',#4555,#4557);
#4559=EDGE_CURVE('',#4548,#4530,#4558,.T.);
#4560=ORIENTED_EDGE('',*,*,#4559,.T.);
#4561=EDGE_LOOP('',(#4538,#4546,#4554,#4560));
#4562=FACE_OUTER_BOUND('',#4561,.T.);
#4563=ADVANCED_FACE('',(#4562),#4528,.T.);
#4564=CARTESIAN_POINT('',(281.515410702798650,6.750000000000002,0.0));
#4565=DIRECTION('',(-0.939692620785908,0.342020143325669,0.0));
#4566=DIRECTION('',(0.0,0.0,1.0));
#4567=AXIS2_PLACEMENT_3D('',#4564,#4565,#4566);
#4568=PLANE('',#4567);
#4569=CARTESIAN_POINT('',(281.515410702798650,6.750000000000002,-10.0));
#4570=DIRECTION('',(-0.342020143325663,-0.939692620785910,0.0));
#4571=VECTOR('',#4570,7.183199964212393);
#4572=LINE('',#4569,#4571);
#4573=EDGE_CURVE('',#4532,#1541,#4572,.T.);
#4574=ORIENTED_EDGE('',*,*,#4573,.T.);
#4575=ORIENTED_EDGE('',*,*,#1546,.F.);
#4576=CARTESIAN_POINT('',(279.058611621501830,1.110223E-015,0.0));
#4577=DIRECTION('',(0.342020143325663,0.939692620785910,0.0));
#4578=VECTOR('',#4577,7.183199964212393);
#4579=LINE('',#4576,#4578);
#4580=EDGE_CURVE('',#1539,#4540,#4579,.T.);
#4581=ORIENTED_EDGE('',*,*,#4580,.T.);
#4582=ORIENTED_EDGE('',*,*,#4545,.T.);
#4583=EDGE_LOOP('',(#4574,#4575,#4581,#4582));
#4584=FACE_OUTER_BOUND('',#4583,.T.);
#4585=ADVANCED_FACE('',(#4584),#4568,.T.);
#4586=CARTESIAN_POINT('',(286.501388378498290,1.110223E-015,0.0));
#4587=DIRECTION('',(0.939692620785908,0.342020143325669,0.0));
#4588=DIRECTION('',(0.0,0.0,-1.0));
#4589=AXIS2_PLACEMENT_3D('',#4586,#4587,#4588);
#4590=PLANE('',#4589);
#4591=CARTESIAN_POINT('',(286.501388378498290,1.110223E-015,-10.0));
#4592=DIRECTION('',(-0.342020143325663,0.939692620785910,0.0));
#4593=VECTOR('',#4592,7.183199964212393);
#4594=LINE('',#4591,#4593);
#4595=EDGE_CURVE('',#1589,#4530,#4594,.T.);
#4596=ORIENTED_EDGE('',*,*,#4595,.T.);
#4597=ORIENTED_EDGE('',*,*,#4559,.F.);
#4598=CARTESIAN_POINT('',(284.044589297201470,6.750000000000002,0.0));
#4599=DIRECTION('',(0.342020143325663,-0.939692620785910,0.0));
#4600=VECTOR('',#4599,7.183199964212393);
#4601=LINE('',#4598,#4600);
#4602=EDGE_CURVE('',#4548,#1597,#4601,.T.);
#4603=ORIENTED_EDGE('',*,*,#4602,.T.);
#4604=ORIENTED_EDGE('',*,*,#1602,.T.);
#4605=EDGE_LOOP('',(#4596,#4597,#4603,#4604));
#4606=FACE_OUTER_BOUND('',#4605,.T.);
#4607=ADVANCED_FACE('',(#4606),#4590,.T.);
#4608=CARTESIAN_POINT('',(292.206000000000070,6.750000000000000,0.0));
#4609=DIRECTION('',(0.0,1.0,0.0));
#4610=DIRECTION('',(0.0,0.0,1.0));
#4611=AXIS2_PLACEMENT_3D('',#4608,#4609,#4610);
#4612=PLANE('',#4611);
#4613=CARTESIAN_POINT('',(293.470589297201510,6.750000000000002,-10.0));
#4614=VERTEX_POINT('',#4613);
#4615=CARTESIAN_POINT('',(290.941410702798690,6.750000000000002,-10.0));
#4616=VERTEX_POINT('',#4615);
#4617=CARTESIAN_POINT('',(293.470589297201510,6.750000000000002,-10.0));
#4618=DIRECTION('',(-1.0,0.0,0.0));
#4619=VECTOR('',#4618,2.529178594402822);
#4620=LINE('',#4617,#4619);
#4621=EDGE_CURVE('',#4614,#4616,#4620,.T.);
#4622=ORIENTED_EDGE('',*,*,#4621,.T.);
#4623=CARTESIAN_POINT('',(290.941410702798690,6.750000000000002,0.0));
#4624=VERTEX_POINT('',#4623);
#4625=CARTESIAN_POINT('',(290.941410702798690,6.750000000000002,0.0));
#4626=DIRECTION('',(0.0,0.0,-1.0));
#4627=VECTOR('',#4626,10.0);
#4628=LINE('',#4625,#4627);
#4629=EDGE_CURVE('',#4624,#4616,#4628,.T.);
#4630=ORIENTED_EDGE('',*,*,#4629,.F.);
#4631=CARTESIAN_POINT('',(293.470589297201510,6.750000000000002,0.0));
#4632=VERTEX_POINT('',#4631);
#4633=CARTESIAN_POINT('',(290.941410702798690,6.750000000000002,0.0));
#4634=DIRECTION('',(1.0,0.0,0.0));
#4635=VECTOR('',#4634,2.529178594402822);
#4636=LINE('',#4633,#4635);
#4637=EDGE_CURVE('',#4624,#4632,#4636,.T.);
#4638=ORIENTED_EDGE('',*,*,#4637,.T.);
#4639=CARTESIAN_POINT('',(293.470589297201510,6.750000000000002,0.0));
#4640=DIRECTION('',(0.0,0.0,-1.0));
#4641=VECTOR('',#4640,10.0);
#4642=LINE('',#4639,#4641);
#4643=EDGE_CURVE('',#4632,#4614,#4642,.T.);
#4644=ORIENTED_EDGE('',*,*,#4643,.T.);
#4645=EDGE_LOOP('',(#4622,#4630,#4638,#4644));
#4646=FACE_OUTER_BOUND('',#4645,.T.);
#4647=ADVANCED_FACE('',(#4646),#4612,.T.);
#4648=CARTESIAN_POINT('',(290.941410702798690,6.750000000000002,0.0));
#4649=DIRECTION('',(-0.939692620785908,0.342020143325669,0.0));
#4650=DIRECTION('',(0.0,0.0,1.0));
#4651=AXIS2_PLACEMENT_3D('',#4648,#4649,#4650);
#4652=PLANE('',#4651);
#4653=CARTESIAN_POINT('',(290.941410702798690,6.750000000000002,-10.0));
#4654=DIRECTION('',(-0.342020143325670,-0.939692620785908,0.0));
#4655=VECTOR('',#4654,7.183199964212412);
#4656=LINE('',#4653,#4655);
#4657=EDGE_CURVE('',#4616,#1581,#4656,.T.);
#4658=ORIENTED_EDGE('',*,*,#4657,.T.);
#4659=ORIENTED_EDGE('',*,*,#1586,.F.);
#4660=CARTESIAN_POINT('',(288.484611621501810,1.110223E-015,0.0));
#4661=DIRECTION('',(0.342020143325670,0.939692620785908,0.0));
#4662=VECTOR('',#4661,7.183199964212412);
#4663=LINE('',#4660,#4662);
#4664=EDGE_CURVE('',#1579,#4624,#4663,.T.);
#4665=ORIENTED_EDGE('',*,*,#4664,.T.);
#4666=ORIENTED_EDGE('',*,*,#4629,.T.);
#4667=EDGE_LOOP('',(#4658,#4659,#4665,#4666));
#4668=FACE_OUTER_BOUND('',#4667,.T.);
#4669=ADVANCED_FACE('',(#4668),#4652,.T.);
#4670=CARTESIAN_POINT('',(295.927388378498340,1.110223E-015,0.0));
#4671=DIRECTION('',(0.939692620785908,0.342020143325669,0.0));
#4672=DIRECTION('',(0.0,0.0,-1.0));
#4673=AXIS2_PLACEMENT_3D('',#4670,#4671,#4672);
#4674=PLANE('',#4673);
#4675=CARTESIAN_POINT('',(295.927388378498340,1.110223E-015,-10.0));
#4676=DIRECTION('',(-0.342020143325663,0.939692620785910,0.0));
#4677=VECTOR('',#4676,7.183199964212393);
#4678=LINE('',#4675,#4677);
#4679=EDGE_CURVE('',#1629,#4614,#4678,.T.);
#4680=ORIENTED_EDGE('',*,*,#4679,.T.);
#4681=ORIENTED_EDGE('',*,*,#4643,.F.);
#4682=CARTESIAN_POINT('',(293.470589297201510,6.750000000000002,0.0));
#4683=DIRECTION('',(0.342020143325663,-0.939692620785910,0.0));
#4684=VECTOR('',#4683,7.183199964212393);
#4685=LINE('',#4682,#4684);
#4686=EDGE_CURVE('',#4632,#1637,#4685,.T.);
#4687=ORIENTED_EDGE('',*,*,#4686,.T.);
#4688=ORIENTED_EDGE('',*,*,#1642,.T.);
#4689=EDGE_LOOP('',(#4680,#4681,#4687,#4688));
#4690=FACE_OUTER_BOUND('',#4689,.T.);
#4691=ADVANCED_FACE('',(#4690),#4674,.T.);
#4692=CARTESIAN_POINT('',(301.632000000000060,6.750000000000000,0.0));
#4693=DIRECTION('',(0.0,1.0,0.0));
#4694=DIRECTION('',(0.0,0.0,1.0));
#4695=AXIS2_PLACEMENT_3D('',#4692,#4693,#4694);
#4696=PLANE('',#4695);
#4697=CARTESIAN_POINT('',(302.896589297201440,6.750000000000002,-10.0));
#4698=VERTEX_POINT('',#4697);
#4699=CARTESIAN_POINT('',(300.367410702798680,6.750000000000002,-10.0));
#4700=VERTEX_POINT('',#4699);
#4701=CARTESIAN_POINT('',(302.896589297201440,6.750000000000002,-10.0));
#4702=DIRECTION('',(-1.0,0.0,0.0));
#4703=VECTOR('',#4702,2.529178594402765);
#4704=LINE('',#4701,#4703);
#4705=EDGE_CURVE('',#4698,#4700,#4704,.T.);
#4706=ORIENTED_EDGE('',*,*,#4705,.T.);
#4707=CARTESIAN_POINT('',(300.367410702798680,6.750000000000002,0.0));
#4708=VERTEX_POINT('',#4707);
#4709=CARTESIAN_POINT('',(300.367410702798680,6.750000000000002,0.0));
#4710=DIRECTION('',(0.0,0.0,-1.0));
#4711=VECTOR('',#4710,10.0);
#4712=LINE('',#4709,#4711);
#4713=EDGE_CURVE('',#4708,#4700,#4712,.T.);
#4714=ORIENTED_EDGE('',*,*,#4713,.F.);
#4715=CARTESIAN_POINT('',(302.896589297201440,6.750000000000002,0.0));
#4716=VERTEX_POINT('',#4715);
#4717=CARTESIAN_POINT('',(300.367410702798680,6.750000000000002,0.0));
#4718=DIRECTION('',(1.0,0.0,0.0));
#4719=VECTOR('',#4718,2.529178594402765);
#4720=LINE('',#4717,#4719);
#4721=EDGE_CURVE('',#4708,#4716,#4720,.T.);
#4722=ORIENTED_EDGE('',*,*,#4721,.T.);
#4723=CARTESIAN_POINT('',(302.896589297201440,6.750000000000002,0.0));
#4724=DIRECTION('',(0.0,0.0,-1.0));
#4725=VECTOR('',#4724,10.0);
#4726=LINE('',#4723,#4725);
#4727=EDGE_CURVE('',#4716,#4698,#4726,.T.);
#4728=ORIENTED_EDGE('',*,*,#4727,.T.);
#4729=EDGE_LOOP('',(#4706,#4714,#4722,#4728));
#4730=FACE_OUTER_BOUND('',#4729,.T.);
#4731=ADVANCED_FACE('',(#4730),#4696,.T.);
#4732=CARTESIAN_POINT('',(300.367410702798680,6.750000000000002,0.0));
#4733=DIRECTION('',(-0.939692620785908,0.342020143325669,0.0));
#4734=DIRECTION('',(0.0,0.0,1.0));
#4735=AXIS2_PLACEMENT_3D('',#4732,#4733,#4734);
#4736=PLANE('',#4735);
#4737=CARTESIAN_POINT('',(300.367410702798680,6.750000000000002,-10.0));
#4738=DIRECTION('',(-0.342020143325670,-0.939692620785908,0.0));
#4739=VECTOR('',#4738,7.183199964212412);
#4740=LINE('',#4737,#4739);
#4741=EDGE_CURVE('',#4700,#1621,#4740,.T.);
#4742=ORIENTED_EDGE('',*,*,#4741,.T.);
#4743=ORIENTED_EDGE('',*,*,#1626,.F.);
#4744=CARTESIAN_POINT('',(297.910611621501800,1.110223E-015,0.0));
#4745=DIRECTION('',(0.342020143325670,0.939692620785908,0.0));
#4746=VECTOR('',#4745,7.183199964212412);
#4747=LINE('',#4744,#4746);
#4748=EDGE_CURVE('',#1619,#4708,#4747,.T.);
#4749=ORIENTED_EDGE('',*,*,#4748,.T.);
#4750=ORIENTED_EDGE('',*,*,#4713,.T.);
#4751=EDGE_LOOP('',(#4742,#4743,#4749,#4750));
#4752=FACE_OUTER_BOUND('',#4751,.T.);
#4753=ADVANCED_FACE('',(#4752),#4736,.T.);
#4754=CARTESIAN_POINT('',(305.353388378498320,1.110223E-015,0.0));
#4755=DIRECTION('',(0.939692620785908,0.342020143325669,0.0));
#4756=DIRECTION('',(0.0,0.0,-1.0));
#4757=AXIS2_PLACEMENT_3D('',#4754,#4755,#4756);
#4758=PLANE('',#4757);
#4759=CARTESIAN_POINT('',(305.353388378498320,1.110223E-015,-10.0));
#4760=DIRECTION('',(-0.342020143325670,0.939692620785908,0.0));
#4761=VECTOR('',#4760,7.183199964212412);
#4762=LINE('',#4759,#4761);
#4763=EDGE_CURVE('',#1669,#4698,#4762,.T.);
#4764=ORIENTED_EDGE('',*,*,#4763,.T.);
#4765=ORIENTED_EDGE('',*,*,#4727,.F.);
#4766=CARTESIAN_POINT('',(302.896589297201440,6.750000000000002,0.0));
#4767=DIRECTION('',(0.342020143325670,-0.939692620785908,0.0));
#4768=VECTOR('',#4767,7.183199964212412);
#4769=LINE('',#4766,#4768);
#4770=EDGE_CURVE('',#4716,#1677,#4769,.T.);
#4771=ORIENTED_EDGE('',*,*,#4770,.T.);
#4772=ORIENTED_EDGE('',*,*,#1682,.T.);
#4773=EDGE_LOOP('',(#4764,#4765,#4771,#4772));
#4774=FACE_OUTER_BOUND('',#4773,.T.);
#4775=ADVANCED_FACE('',(#4774),#4758,.T.);
#4776=CARTESIAN_POINT('',(311.058000000000050,6.750000000000000,0.0));
#4777=DIRECTION('',(0.0,1.0,0.0));
#4778=DIRECTION('',(0.0,0.0,1.0));
#4779=AXIS2_PLACEMENT_3D('',#4776,#4777,#4778);
#4780=PLANE('',#4779);
#4781=CARTESIAN_POINT('',(312.322589297201490,6.750000000000002,-10.0));
#4782=VERTEX_POINT('',#4781);
#4783=CARTESIAN_POINT('',(309.793410702798670,6.750000000000002,-10.0));
#4784=VERTEX_POINT('',#4783);
#4785=CARTESIAN_POINT('',(312.322589297201490,6.750000000000002,-10.0));
#4786=DIRECTION('',(-1.0,0.0,0.0));
#4787=VECTOR('',#4786,2.529178594402822);
#4788=LINE('',#4785,#4787);
#4789=EDGE_CURVE('',#4782,#4784,#4788,.T.);
#4790=ORIENTED_EDGE('',*,*,#4789,.T.);
#4791=CARTESIAN_POINT('',(309.793410702798670,6.750000000000002,0.0));
#4792=VERTEX_POINT('',#4791);
#4793=CARTESIAN_POINT('',(309.793410702798670,6.750000000000002,0.0));
#4794=DIRECTION('',(0.0,0.0,-1.0));
#4795=VECTOR('',#4794,10.0);
#4796=LINE('',#4793,#4795);
#4797=EDGE_CURVE('',#4792,#4784,#4796,.T.);
#4798=ORIENTED_EDGE('',*,*,#4797,.F.);
#4799=CARTESIAN_POINT('',(312.322589297201490,6.750000000000002,0.0));
#4800=VERTEX_POINT('',#4799);
#4801=CARTESIAN_POINT('',(309.793410702798670,6.750000000000002,0.0));
#4802=DIRECTION('',(1.0,0.0,0.0));
#4803=VECTOR('',#4802,2.529178594402822);
#4804=LINE('',#4801,#4803);
#4805=EDGE_CURVE('',#4792,#4800,#4804,.T.);
#4806=ORIENTED_EDGE('',*,*,#4805,.T.);
#4807=CARTESIAN_POINT('',(312.322589297201490,6.750000000000002,0.0));
#4808=DIRECTION('',(0.0,0.0,-1.0));
#4809=VECTOR('',#4808,10.0);
#4810=LINE('',#4807,#4809);
#4811=EDGE_CURVE('',#4800,#4782,#4810,.T.);
#4812=ORIENTED_EDGE('',*,*,#4811,.T.);
#4813=EDGE_LOOP('',(#4790,#4798,#4806,#4812));
#4814=FACE_OUTER_BOUND('',#4813,.T.);
#4815=ADVANCED_FACE('',(#4814),#4780,.T.);
#4816=CARTESIAN_POINT('',(309.793410702798670,6.750000000000002,0.0));
#4817=DIRECTION('',(-0.939692620785908,0.342020143325669,0.0));
#4818=DIRECTION('',(0.0,0.0,1.0));
#4819=AXIS2_PLACEMENT_3D('',#4816,#4817,#4818);
#4820=PLANE('',#4819);
#4821=CARTESIAN_POINT('',(309.793410702798670,6.750000000000002,-10.0));
#4822=DIRECTION('',(-0.342020143325670,-0.939692620785908,0.0));
#4823=VECTOR('',#4822,7.183199964212412);
#4824=LINE('',#4821,#4823);
#4825=EDGE_CURVE('',#4784,#1661,#4824,.T.);
#4826=ORIENTED_EDGE('',*,*,#4825,.T.);
#4827=ORIENTED_EDGE('',*,*,#1666,.F.);
#4828=CARTESIAN_POINT('',(307.336611621501790,1.110223E-015,0.0));
#4829=DIRECTION('',(0.342020143325670,0.939692620785908,0.0));
#4830=VECTOR('',#4829,7.183199964212412);
#4831=LINE('',#4828,#4830);
#4832=EDGE_CURVE('',#1659,#4792,#4831,.T.);
#4833=ORIENTED_EDGE('',*,*,#4832,.T.);
#4834=ORIENTED_EDGE('',*,*,#4797,.T.);
#4835=EDGE_LOOP('',(#4826,#4827,#4833,#4834));
#4836=FACE_OUTER_BOUND('',#4835,.T.);
#4837=ADVANCED_FACE('',(#4836),#4820,.T.);
#4838=CARTESIAN_POINT('',(314.779388378498310,1.110223E-015,0.0));
#4839=DIRECTION('',(0.939692620785908,0.342020143325669,0.0));
#4840=DIRECTION('',(0.0,0.0,-1.0));
#4841=AXIS2_PLACEMENT_3D('',#4838,#4839,#4840);
#4842=PLANE('',#4841);
#4843=CARTESIAN_POINT('',(314.779388378498310,1.110223E-015,-10.0));
#4844=DIRECTION('',(-0.342020143325663,0.939692620785910,0.0));
#4845=VECTOR('',#4844,7.183199964212393);
#4846=LINE('',#4843,#4845);
#4847=EDGE_CURVE('',#1709,#4782,#4846,.T.);
#4848=ORIENTED_EDGE('',*,*,#4847,.T.);
#4849=ORIENTED_EDGE('',*,*,#4811,.F.);
#4850=CARTESIAN_POINT('',(312.322589297201490,6.750000000000002,0.0));
#4851=DIRECTION('',(0.342020143325663,-0.939692620785910,0.0));
#4852=VECTOR('',#4851,7.183199964212393);
#4853=LINE('',#4850,#4852);
#4854=EDGE_CURVE('',#4800,#1717,#4853,.T.);
#4855=ORIENTED_EDGE('',*,*,#4854,.T.);
#4856=ORIENTED_EDGE('',*,*,#1722,.T.);
#4857=EDGE_LOOP('',(#4848,#4849,#4855,#4856));
#4858=FACE_OUTER_BOUND('',#4857,.T.);
#4859=ADVANCED_FACE('',(#4858),#4842,.T.);
#4860=CARTESIAN_POINT('',(320.484000000000090,6.750000000000000,0.0));
#4861=DIRECTION('',(0.0,1.0,0.0));
#4862=DIRECTION('',(0.0,0.0,1.0));
#4863=AXIS2_PLACEMENT_3D('',#4860,#4861,#4862);
#4864=PLANE('',#4863);
#4865=CARTESIAN_POINT('',(321.748589297201530,6.750000000000002,-10.0));
#4866=VERTEX_POINT('',#4865);
#4867=CARTESIAN_POINT('',(319.219410702798650,6.750000000000002,-10.0));
#4868=VERTEX_POINT('',#4867);
#4869=CARTESIAN_POINT('',(321.748589297201530,6.750000000000002,-10.0));
#4870=DIRECTION('',(-1.0,0.0,0.0));
#4871=VECTOR('',#4870,2.529178594402879);
#4872=LINE('',#4869,#4871);
#4873=EDGE_CURVE('',#4866,#4868,#4872,.T.);
#4874=ORIENTED_EDGE('',*,*,#4873,.T.);
#4875=CARTESIAN_POINT('',(319.219410702798650,6.750000000000002,0.0));
#4876=VERTEX_POINT('',#4875);
#4877=CARTESIAN_POINT('',(319.219410702798650,6.750000000000002,0.0));
#4878=DIRECTION('',(0.0,0.0,-1.0));
#4879=VECTOR('',#4878,10.0);
#4880=LINE('',#4877,#4879);
#4881=EDGE_CURVE('',#4876,#4868,#4880,.T.);
#4882=ORIENTED_EDGE('',*,*,#4881,.F.);
#4883=CARTESIAN_POINT('',(321.748589297201530,6.750000000000002,0.0));
#4884=VERTEX_POINT('',#4883);
#4885=CARTESIAN_POINT('',(319.219410702798650,6.750000000000002,0.0));
#4886=DIRECTION('',(1.0,0.0,0.0));
#4887=VECTOR('',#4886,2.529178594402879);
#4888=LINE('',#4885,#4887);
#4889=EDGE_CURVE('',#4876,#4884,#4888,.T.);
#4890=ORIENTED_EDGE('',*,*,#4889,.T.);
#4891=CARTESIAN_POINT('',(321.748589297201530,6.750000000000002,0.0));
#4892=DIRECTION('',(0.0,0.0,-1.0));
#4893=VECTOR('',#4892,10.0);
#4894=LINE('',#4891,#4893);
#4895=EDGE_CURVE('',#4884,#4866,#4894,.T.);
#4896=ORIENTED_EDGE('',*,*,#4895,.T.);
#4897=EDGE_LOOP('',(#4874,#4882,#4890,#4896));
#4898=FACE_OUTER_BOUND('',#4897,.T.);
#4899=ADVANCED_FACE('',(#4898),#4864,.T.);
#4900=CARTESIAN_POINT('',(319.219410702798650,6.750000000000002,0.0));
#4901=DIRECTION('',(-0.939692620785908,0.342020143325669,0.0));
#4902=DIRECTION('',(0.0,0.0,1.0));
#4903=AXIS2_PLACEMENT_3D('',#4900,#4901,#4902);
#4904=PLANE('',#4903);
#4905=CARTESIAN_POINT('',(319.219410702798650,6.750000000000002,-10.0));
#4906=DIRECTION('',(-0.342020143325663,-0.939692620785910,0.0));
#4907=VECTOR('',#4906,7.183199964212393);
#4908=LINE('',#4905,#4907);
#4909=EDGE_CURVE('',#4868,#1701,#4908,.T.);
#4910=ORIENTED_EDGE('',*,*,#4909,.T.);
#4911=ORIENTED_EDGE('',*,*,#1706,.F.);
#4912=CARTESIAN_POINT('',(316.762611621501830,1.110223E-015,0.0));
#4913=DIRECTION('',(0.342020143325663,0.939692620785910,0.0));
#4914=VECTOR('',#4913,7.183199964212393);
#4915=LINE('',#4912,#4914);
#4916=EDGE_CURVE('',#1699,#4876,#4915,.T.);
#4917=ORIENTED_EDGE('',*,*,#4916,.T.);
#4918=ORIENTED_EDGE('',*,*,#4881,.T.);
#4919=EDGE_LOOP('',(#4910,#4911,#4917,#4918));
#4920=FACE_OUTER_BOUND('',#4919,.T.);
#4921=ADVANCED_FACE('',(#4920),#4904,.T.);
#4922=CARTESIAN_POINT('',(324.205388378498360,1.110223E-015,0.0));
#4923=DIRECTION('',(0.939692620785908,0.342020143325669,0.0));
#4924=DIRECTION('',(0.0,0.0,-1.0));
#4925=AXIS2_PLACEMENT_3D('',#4922,#4923,#4924);
#4926=PLANE('',#4925);
#4927=CARTESIAN_POINT('',(324.205388378498360,1.110223E-015,-10.0));
#4928=DIRECTION('',(-0.342020143325663,0.939692620785910,0.0));
#4929=VECTOR('',#4928,7.183199964212393);
#4930=LINE('',#4927,#4929);
#4931=EDGE_CURVE('',#1749,#4866,#4930,.T.);
#4932=ORIENTED_EDGE('',*,*,#4931,.T.);
#4933=ORIENTED_EDGE('',*,*,#4895,.F.);
#4934=CARTESIAN_POINT('',(321.748589297201530,6.750000000000002,0.0));
#4935=DIRECTION('',(0.342020143325663,-0.939692620785910,0.0));
#4936=VECTOR('',#4935,7.183199964212393);
#4937=LINE('',#4934,#4936);
#4938=EDGE_CURVE('',#4884,#1757,#4937,.T.);
#4939=ORIENTED_EDGE('',*,*,#4938,.T.);
#4940=ORIENTED_EDGE('',*,*,#1762,.T.);
#4941=EDGE_LOOP('',(#4932,#4933,#4939,#4940));
#4942=FACE_OUTER_BOUND('',#4941,.T.);
#4943=ADVANCED_FACE('',(#4942),#4926,.T.);
#4944=CARTESIAN_POINT('',(329.910000000000080,6.750000000000000,0.0));
#4945=DIRECTION('',(0.0,1.0,0.0));
#4946=DIRECTION('',(0.0,0.0,1.0));
#4947=AXIS2_PLACEMENT_3D('',#4944,#4945,#4946);
#4948=PLANE('',#4947);
#4949=CARTESIAN_POINT('',(331.174589297201460,6.750000000000002,-10.0));
#4950=VERTEX_POINT('',#4949);
#4951=CARTESIAN_POINT('',(328.645410702798700,6.750000000000002,-10.0));
#4952=VERTEX_POINT('',#4951);
#4953=CARTESIAN_POINT('',(331.174589297201460,6.750000000000002,-10.0));
#4954=DIRECTION('',(-1.0,0.0,0.0));
#4955=VECTOR('',#4954,2.529178594402765);
#4956=LINE('',#4953,#4955);
#4957=EDGE_CURVE('',#4950,#4952,#4956,.T.);
#4958=ORIENTED_EDGE('',*,*,#4957,.T.);
#4959=CARTESIAN_POINT('',(328.645410702798700,6.750000000000002,0.0));
#4960=VERTEX_POINT('',#4959);
#4961=CARTESIAN_POINT('',(328.645410702798700,6.750000000000002,0.0));
#4962=DIRECTION('',(0.0,0.0,-1.0));
#4963=VECTOR('',#4962,10.0);
#4964=LINE('',#4961,#4963);
#4965=EDGE_CURVE('',#4960,#4952,#4964,.T.);
#4966=ORIENTED_EDGE('',*,*,#4965,.F.);
#4967=CARTESIAN_POINT('',(331.174589297201460,6.750000000000002,0.0));
#4968=VERTEX_POINT('',#4967);
#4969=CARTESIAN_POINT('',(328.645410702798700,6.750000000000002,0.0));
#4970=DIRECTION('',(1.0,0.0,0.0));
#4971=VECTOR('',#4970,2.529178594402765);
#4972=LINE('',#4969,#4971);
#4973=EDGE_CURVE('',#4960,#4968,#4972,.T.);
#4974=ORIENTED_EDGE('',*,*,#4973,.T.);
#4975=CARTESIAN_POINT('',(331.174589297201460,6.750000000000002,0.0));
#4976=DIRECTION('',(0.0,0.0,-1.0));
#4977=VECTOR('',#4976,10.0);
#4978=LINE('',#4975,#4977);
#4979=EDGE_CURVE('',#4968,#4950,#4978,.T.);
#4980=ORIENTED_EDGE('',*,*,#4979,.T.);
#4981=EDGE_LOOP('',(#4958,#4966,#4974,#4980));
#4982=FACE_OUTER_BOUND('',#4981,.T.);
#4983=ADVANCED_FACE('',(#4982),#4948,.T.);
#4984=CARTESIAN_POINT('',(328.645410702798700,6.750000000000002,0.0));
#4985=DIRECTION('',(-0.939692620785908,0.342020143325669,0.0));
#4986=DIRECTION('',(0.0,0.0,1.0));
#4987=AXIS2_PLACEMENT_3D('',#4984,#4985,#4986);
#4988=PLANE('',#4987);
#4989=CARTESIAN_POINT('',(328.645410702798700,6.750000000000002,-10.0));
#4990=DIRECTION('',(-0.342020143325670,-0.939692620785908,0.0));
#4991=VECTOR('',#4990,7.183199964212412);
#4992=LINE('',#4989,#4991);
#4993=EDGE_CURVE('',#4952,#1741,#4992,.T.);
#4994=ORIENTED_EDGE('',*,*,#4993,.T.);
#4995=ORIENTED_EDGE('',*,*,#1746,.F.);
#4996=CARTESIAN_POINT('',(326.188611621501820,1.110223E-015,0.0));
#4997=DIRECTION('',(0.342020143325670,0.939692620785908,0.0));
#4998=VECTOR('',#4997,7.183199964212412);
#4999=LINE('',#4996,#4998);
#5000=EDGE_CURVE('',#1739,#4960,#4999,.T.);
#5001=ORIENTED_EDGE('',*,*,#5000,.T.);
#5002=ORIENTED_EDGE('',*,*,#4965,.T.);
#5003=EDGE_LOOP('',(#4994,#4995,#5001,#5002));
#5004=FACE_OUTER_BOUND('',#5003,.T.);
#5005=ADVANCED_FACE('',(#5004),#4988,.T.);
#5006=CARTESIAN_POINT('',(333.631388378498290,1.110223E-015,0.0));
#5007=DIRECTION('',(0.939692620785908,0.342020143325669,0.0));
#5008=DIRECTION('',(0.0,0.0,-1.0));
#5009=AXIS2_PLACEMENT_3D('',#5006,#5007,#5008);
#5010=PLANE('',#5009);
#5011=CARTESIAN_POINT('',(333.631388378498290,1.110223E-015,-10.0));
#5012=DIRECTION('',(-0.342020143325663,0.939692620785910,0.0));
#5013=VECTOR('',#5012,7.183199964212393);
#5014=LINE('',#5011,#5013);
#5015=EDGE_CURVE('',#1789,#4950,#5014,.T.);
#5016=ORIENTED_EDGE('',*,*,#5015,.T.);
#5017=ORIENTED_EDGE('',*,*,#4979,.F.);
#5018=CARTESIAN_POINT('',(331.174589297201460,6.750000000000002,0.0));
#5019=DIRECTION('',(0.342020143325663,-0.939692620785910,0.0));
#5020=VECTOR('',#5019,7.183199964212393);
#5021=LINE('',#5018,#5020);
#5022=EDGE_CURVE('',#4968,#1797,#5021,.T.);
#5023=ORIENTED_EDGE('',*,*,#5022,.T.);
#5024=ORIENTED_EDGE('',*,*,#1802,.T.);
#5025=EDGE_LOOP('',(#5016,#5017,#5023,#5024));
#5026=FACE_OUTER_BOUND('',#5025,.T.);
#5027=ADVANCED_FACE('',(#5026),#5010,.T.);
#5028=CARTESIAN_POINT('',(339.336000000000070,6.750000000000000,0.0));
#5029=DIRECTION('',(0.0,1.0,0.0));
#5030=DIRECTION('',(0.0,0.0,1.0));
#5031=AXIS2_PLACEMENT_3D('',#5028,#5029,#5030);
#5032=PLANE('',#5031);
#5033=CARTESIAN_POINT('',(340.600589297201400,6.750000000000002,-10.0));
#5034=VERTEX_POINT('',#5033);
#5035=CARTESIAN_POINT('',(338.071410702798690,6.750000000000002,-10.0));
#5036=VERTEX_POINT('',#5035);
#5037=CARTESIAN_POINT('',(340.600589297201400,6.750000000000002,-10.0));
#5038=DIRECTION('',(-1.0,0.0,0.0));
#5039=VECTOR('',#5038,2.529178594402708);
#5040=LINE('',#5037,#5039);
#5041=EDGE_CURVE('',#5034,#5036,#5040,.T.);
#5042=ORIENTED_EDGE('',*,*,#5041,.T.);
#5043=CARTESIAN_POINT('',(338.071410702798690,6.750000000000002,0.0));
#5044=VERTEX_POINT('',#5043);
#5045=CARTESIAN_POINT('',(338.071410702798690,6.750000000000002,0.0));
#5046=DIRECTION('',(0.0,0.0,-1.0));
#5047=VECTOR('',#5046,10.0);
#5048=LINE('',#5045,#5047);
#5049=EDGE_CURVE('',#5044,#5036,#5048,.T.);
#5050=ORIENTED_EDGE('',*,*,#5049,.F.);
#5051=CARTESIAN_POINT('',(340.600589297201400,6.750000000000002,0.0));
#5052=VERTEX_POINT('',#5051);
#5053=CARTESIAN_POINT('',(338.071410702798690,6.750000000000002,0.0));
#5054=DIRECTION('',(1.0,0.0,0.0));
#5055=VECTOR('',#5054,2.529178594402708);
#5056=LINE('',#5053,#5055);
#5057=EDGE_CURVE('',#5044,#5052,#5056,.T.);
#5058=ORIENTED_EDGE('',*,*,#5057,.T.);
#5059=CARTESIAN_POINT('',(340.600589297201400,6.750000000000002,0.0));
#5060=DIRECTION('',(0.0,0.0,-1.0));
#5061=VECTOR('',#5060,10.0);
#5062=LINE('',#5059,#5061);
#5063=EDGE_CURVE('',#5052,#5034,#5062,.T.);
#5064=ORIENTED_EDGE('',*,*,#5063,.T.);
#5065=EDGE_LOOP('',(#5042,#5050,#5058,#5064));
#5066=FACE_OUTER_BOUND('',#5065,.T.);
#5067=ADVANCED_FACE('',(#5066),#5032,.T.);
#5068=CARTESIAN_POINT('',(338.071410702798690,6.750000000000002,0.0));
#5069=DIRECTION('',(-0.939692620785908,0.342020143325669,0.0));
#5070=DIRECTION('',(0.0,0.0,1.0));
#5071=AXIS2_PLACEMENT_3D('',#5068,#5069,#5070);
#5072=PLANE('',#5071);
#5073=CARTESIAN_POINT('',(338.071410702798690,6.750000000000002,-10.0));
#5074=DIRECTION('',(-0.342020143325670,-0.939692620785908,0.0));
#5075=VECTOR('',#5074,7.183199964212412);
#5076=LINE('',#5073,#5075);
#5077=EDGE_CURVE('',#5036,#1781,#5076,.T.);
#5078=ORIENTED_EDGE('',*,*,#5077,.T.);
#5079=ORIENTED_EDGE('',*,*,#1786,.F.);
#5080=CARTESIAN_POINT('',(335.614611621501810,1.110223E-015,0.0));
#5081=DIRECTION('',(0.342020143325670,0.939692620785908,0.0));
#5082=VECTOR('',#5081,7.183199964212412);
#5083=LINE('',#5080,#5082);
#5084=EDGE_CURVE('',#1779,#5044,#5083,.T.);
#5085=ORIENTED_EDGE('',*,*,#5084,.T.);
#5086=ORIENTED_EDGE('',*,*,#5049,.T.);
#5087=EDGE_LOOP('',(#5078,#5079,#5085,#5086));
#5088=FACE_OUTER_BOUND('',#5087,.T.);
#5089=ADVANCED_FACE('',(#5088),#5072,.T.);
#5090=CARTESIAN_POINT('',(343.057388378498330,1.110223E-015,0.0));
#5091=DIRECTION('',(0.939692620785908,0.342020143325669,0.0));
#5092=DIRECTION('',(0.0,0.0,-1.0));
#5093=AXIS2_PLACEMENT_3D('',#5090,#5091,#5092);
#5094=PLANE('',#5093);
#5095=CARTESIAN_POINT('',(343.057388378498330,1.110223E-015,-10.0));
#5096=DIRECTION('',(-0.342020143325677,0.939692620785905,0.0));
#5097=VECTOR('',#5096,7.183199964212432);
#5098=LINE('',#5095,#5097);
#5099=EDGE_CURVE('',#1829,#5034,#5098,.T.);
#5100=ORIENTED_EDGE('',*,*,#5099,.T.);
#5101=ORIENTED_EDGE('',*,*,#5063,.F.);
#5102=CARTESIAN_POINT('',(340.600589297201400,6.750000000000002,0.0));
#5103=DIRECTION('',(0.342020143325677,-0.939692620785905,0.0));
#5104=VECTOR('',#5103,7.183199964212432);
#5105=LINE('',#5102,#5104);
#5106=EDGE_CURVE('',#5052,#1837,#5105,.T.);
#5107=ORIENTED_EDGE('',*,*,#5106,.T.);
#5108=ORIENTED_EDGE('',*,*,#1842,.T.);
#5109=EDGE_LOOP('',(#5100,#5101,#5107,#5108));
#5110=FACE_OUTER_BOUND('',#5109,.T.);
#5111=ADVANCED_FACE('',(#5110),#5094,.T.);
#5112=CARTESIAN_POINT('',(348.762000000000110,6.750000000000000,0.0));
#5113=DIRECTION('',(0.0,1.0,0.0));
#5114=DIRECTION('',(0.0,0.0,1.0));
#5115=AXIS2_PLACEMENT_3D('',#5112,#5113,#5114);
#5116=PLANE('',#5115);
#5117=CARTESIAN_POINT('',(350.026589297201500,6.750000000000002,-10.0));
#5118=VERTEX_POINT('',#5117);
#5119=CARTESIAN_POINT('',(347.497410702798730,6.750000000000002,-10.0));
#5120=VERTEX_POINT('',#5119);
#5121=CARTESIAN_POINT('',(350.026589297201500,6.750000000000002,-10.0));
#5122=DIRECTION('',(-1.0,0.0,0.0));
#5123=VECTOR('',#5122,2.529178594402765);
#5124=LINE('',#5121,#5123);
#5125=EDGE_CURVE('',#5118,#5120,#5124,.T.);
#5126=ORIENTED_EDGE('',*,*,#5125,.T.);
#5127=CARTESIAN_POINT('',(347.497410702798730,6.750000000000002,0.0));
#5128=VERTEX_POINT('',#5127);
#5129=CARTESIAN_POINT('',(347.497410702798730,6.750000000000002,0.0));
#5130=DIRECTION('',(0.0,0.0,-1.0));
#5131=VECTOR('',#5130,10.0);
#5132=LINE('',#5129,#5131);
#5133=EDGE_CURVE('',#5128,#5120,#5132,.T.);
#5134=ORIENTED_EDGE('',*,*,#5133,.F.);
#5135=CARTESIAN_POINT('',(350.026589297201500,6.750000000000002,0.0));
#5136=VERTEX_POINT('',#5135);
#5137=CARTESIAN_POINT('',(347.497410702798730,6.750000000000002,0.0));
#5138=DIRECTION('',(1.0,0.0,0.0));
#5139=VECTOR('',#5138,2.529178594402765);
#5140=LINE('',#5137,#5139);
#5141=EDGE_CURVE('',#5128,#5136,#5140,.T.);
#5142=ORIENTED_EDGE('',*,*,#5141,.T.);
#5143=CARTESIAN_POINT('',(350.026589297201500,6.750000000000002,0.0));
#5144=DIRECTION('',(0.0,0.0,-1.0));
#5145=VECTOR('',#5144,10.0);
#5146=LINE('',#5143,#5145);
#5147=EDGE_CURVE('',#5136,#5118,#5146,.T.);
#5148=ORIENTED_EDGE('',*,*,#5147,.T.);
#5149=EDGE_LOOP('',(#5126,#5134,#5142,#5148));
#5150=FACE_OUTER_BOUND('',#5149,.T.);
#5151=ADVANCED_FACE('',(#5150),#5116,.T.);
#5152=CARTESIAN_POINT('',(347.497410702798730,6.750000000000002,0.0));
#5153=DIRECTION('',(-0.939692620785908,0.342020143325669,0.0));
#5154=DIRECTION('',(0.0,0.0,1.0));
#5155=AXIS2_PLACEMENT_3D('',#5152,#5153,#5154);
#5156=PLANE('',#5155);
#5157=CARTESIAN_POINT('',(347.497410702798730,6.750000000000002,-10.0));
#5158=DIRECTION('',(-0.342020143325670,-0.939692620785908,0.0));
#5159=VECTOR('',#5158,7.183199964212412);
#5160=LINE('',#5157,#5159);
#5161=EDGE_CURVE('',#5120,#1821,#5160,.T.);
#5162=ORIENTED_EDGE('',*,*,#5161,.T.);
#5163=ORIENTED_EDGE('',*,*,#1826,.F.);
#5164=CARTESIAN_POINT('',(345.040611621501850,1.110223E-015,0.0));
#5165=DIRECTION('',(0.342020143325670,0.939692620785908,0.0));
#5166=VECTOR('',#5165,7.183199964212412);
#5167=LINE('',#5164,#5166);
#5168=EDGE_CURVE('',#1819,#5128,#5167,.T.);
#5169=ORIENTED_EDGE('',*,*,#5168,.T.);
#5170=ORIENTED_EDGE('',*,*,#5133,.T.);
#5171=EDGE_LOOP('',(#5162,#5163,#5169,#5170));
#5172=FACE_OUTER_BOUND('',#5171,.T.);
#5173=ADVANCED_FACE('',(#5172),#5156,.T.);
#5174=CARTESIAN_POINT('',(352.483388378498380,1.110223E-015,0.0));
#5175=DIRECTION('',(0.939692620785908,0.342020143325669,0.0));
#5176=DIRECTION('',(0.0,0.0,-1.0));
#5177=AXIS2_PLACEMENT_3D('',#5174,#5175,#5176);
#5178=PLANE('',#5177);
#5179=CARTESIAN_POINT('',(352.483388378498380,1.110223E-015,-10.0));
#5180=DIRECTION('',(-0.342020143325670,0.939692620785908,0.0));
#5181=VECTOR('',#5180,7.183199964212412);
#5182=LINE('',#5179,#5181);
#5183=EDGE_CURVE('',#1869,#5118,#5182,.T.);
#5184=ORIENTED_EDGE('',*,*,#5183,.T.);
#5185=ORIENTED_EDGE('',*,*,#5147,.F.);
#5186=CARTESIAN_POINT('',(350.026589297201500,6.750000000000002,0.0));
#5187=DIRECTION('',(0.342020143325670,-0.939692620785908,0.0));
#5188=VECTOR('',#5187,7.183199964212412);
#5189=LINE('',#5186,#5188);
#5190=EDGE_CURVE('',#5136,#1877,#5189,.T.);
#5191=ORIENTED_EDGE('',*,*,#5190,.T.);
#5192=ORIENTED_EDGE('',*,*,#1882,.T.);
#5193=EDGE_LOOP('',(#5184,#5185,#5191,#5192));
#5194=FACE_OUTER_BOUND('',#5193,.T.);
#5195=ADVANCED_FACE('',(#5194),#5178,.T.);
#5196=CARTESIAN_POINT('',(358.188000000000100,6.750000000000000,0.0));
#5197=DIRECTION('',(0.0,1.0,0.0));
#5198=DIRECTION('',(0.0,0.0,1.0));
#5199=AXIS2_PLACEMENT_3D('',#5196,#5197,#5198);
#5200=PLANE('',#5199);
#5201=CARTESIAN_POINT('',(359.452589297201480,6.750000000000002,-10.0));
#5202=VERTEX_POINT('',#5201);
#5203=CARTESIAN_POINT('',(356.923410702798720,6.750000000000002,-10.0));
#5204=VERTEX_POINT('',#5203);
#5205=CARTESIAN_POINT('',(359.452589297201480,6.750000000000002,-10.0));
#5206=DIRECTION('',(-1.0,0.0,0.0));
#5207=VECTOR('',#5206,2.529178594402765);
#5208=LINE('',#5205,#5207);
#5209=EDGE_CURVE('',#5202,#5204,#5208,.T.);
#5210=ORIENTED_EDGE('',*,*,#5209,.T.);
#5211=CARTESIAN_POINT('',(356.923410702798720,6.750000000000002,0.0));
#5212=VERTEX_POINT('',#5211);
#5213=CARTESIAN_POINT('',(356.923410702798720,6.750000000000002,0.0));
#5214=DIRECTION('',(0.0,0.0,-1.0));
#5215=VECTOR('',#5214,10.0);
#5216=LINE('',#5213,#5215);
#5217=EDGE_CURVE('',#5212,#5204,#5216,.T.);
#5218=ORIENTED_EDGE('',*,*,#5217,.F.);
#5219=CARTESIAN_POINT('',(359.452589297201480,6.750000000000002,0.0));
#5220=VERTEX_POINT('',#5219);
#5221=CARTESIAN_POINT('',(356.923410702798720,6.750000000000002,0.0));
#5222=DIRECTION('',(1.0,0.0,0.0));
#5223=VECTOR('',#5222,2.529178594402765);
#5224=LINE('',#5221,#5223);
#5225=EDGE_CURVE('',#5212,#5220,#5224,.T.);
#5226=ORIENTED_EDGE('',*,*,#5225,.T.);
#5227=CARTESIAN_POINT('',(359.452589297201480,6.750000000000002,0.0));
#5228=DIRECTION('',(0.0,0.0,-1.0));
#5229=VECTOR('',#5228,10.0);
#5230=LINE('',#5227,#5229);
#5231=EDGE_CURVE('',#5220,#5202,#5230,.T.);
#5232=ORIENTED_EDGE('',*,*,#5231,.T.);
#5233=EDGE_LOOP('',(#5210,#5218,#5226,#5232));
#5234=FACE_OUTER_BOUND('',#5233,.T.);
#5235=ADVANCED_FACE('',(#5234),#5200,.T.);
#5236=CARTESIAN_POINT('',(356.923410702798720,6.750000000000002,0.0));
#5237=DIRECTION('',(-0.939692620785908,0.342020143325669,0.0));
#5238=DIRECTION('',(0.0,0.0,1.0));
#5239=AXIS2_PLACEMENT_3D('',#5236,#5237,#5238);
#5240=PLANE('',#5239);
#5241=CARTESIAN_POINT('',(356.923410702798720,6.750000000000002,-10.0));
#5242=DIRECTION('',(-0.342020143325670,-0.939692620785908,0.0));
#5243=VECTOR('',#5242,7.183199964212412);
#5244=LINE('',#5241,#5243);
#5245=EDGE_CURVE('',#5204,#1861,#5244,.T.);
#5246=ORIENTED_EDGE('',*,*,#5245,.T.);
#5247=ORIENTED_EDGE('',*,*,#1866,.F.);
#5248=CARTESIAN_POINT('',(354.466611621501840,1.110223E-015,0.0));
#5249=DIRECTION('',(0.342020143325670,0.939692620785908,0.0));
#5250=VECTOR('',#5249,7.183199964212412);
#5251=LINE('',#5248,#5250);
#5252=EDGE_CURVE('',#1859,#5212,#5251,.T.);
#5253=ORIENTED_EDGE('',*,*,#5252,.T.);
#5254=ORIENTED_EDGE('',*,*,#5217,.T.);
#5255=EDGE_LOOP('',(#5246,#5247,#5253,#5254));
#5256=FACE_OUTER_BOUND('',#5255,.T.);
#5257=ADVANCED_FACE('',(#5256),#5240,.T.);
#5258=CARTESIAN_POINT('',(361.909388378498360,1.110223E-015,0.0));
#5259=DIRECTION('',(0.939692620785908,0.342020143325669,0.0));
#5260=DIRECTION('',(0.0,0.0,-1.0));
#5261=AXIS2_PLACEMENT_3D('',#5258,#5259,#5260);
#5262=PLANE('',#5261);
#5263=CARTESIAN_POINT('',(361.909388378498360,1.110223E-015,-10.0));
#5264=DIRECTION('',(-0.342020143325670,0.939692620785908,0.0));
#5265=VECTOR('',#5264,7.183199964212412);
#5266=LINE('',#5263,#5265);
#5267=EDGE_CURVE('',#1909,#5202,#5266,.T.);
#5268=ORIENTED_EDGE('',*,*,#5267,.T.);
#5269=ORIENTED_EDGE('',*,*,#5231,.F.);
#5270=CARTESIAN_POINT('',(359.452589297201480,6.750000000000002,0.0));
#5271=DIRECTION('',(0.342020143325670,-0.939692620785908,0.0));
#5272=VECTOR('',#5271,7.183199964212412);
#5273=LINE('',#5270,#5272);
#5274=EDGE_CURVE('',#5220,#1917,#5273,.T.);
#5275=ORIENTED_EDGE('',*,*,#5274,.T.);
#5276=ORIENTED_EDGE('',*,*,#1922,.T.);
#5277=EDGE_LOOP('',(#5268,#5269,#5275,#5276));
#5278=FACE_OUTER_BOUND('',#5277,.T.);
#5279=ADVANCED_FACE('',(#5278),#5262,.T.);
#5280=CARTESIAN_POINT('',(367.614000000000090,6.750000000000000,0.0));
#5281=DIRECTION('',(0.0,1.0,0.0));
#5282=DIRECTION('',(0.0,0.0,1.0));
#5283=AXIS2_PLACEMENT_3D('',#5280,#5281,#5282);
#5284=PLANE('',#5283);
#5285=CARTESIAN_POINT('',(368.878589297201470,6.750000000000002,-10.0));
#5286=VERTEX_POINT('',#5285);
#5287=CARTESIAN_POINT('',(366.349410702798710,6.750000000000002,-10.0));
#5288=VERTEX_POINT('',#5287);
#5289=CARTESIAN_POINT('',(368.878589297201470,6.750000000000002,-10.0));
#5290=DIRECTION('',(-1.0,0.0,0.0));
#5291=VECTOR('',#5290,2.529178594402765);
#5292=LINE('',#5289,#5291);
#5293=EDGE_CURVE('',#5286,#5288,#5292,.T.);
#5294=ORIENTED_EDGE('',*,*,#5293,.T.);
#5295=CARTESIAN_POINT('',(366.349410702798710,6.750000000000002,0.0));
#5296=VERTEX_POINT('',#5295);
#5297=CARTESIAN_POINT('',(366.349410702798710,6.750000000000002,0.0));
#5298=DIRECTION('',(0.0,0.0,-1.0));
#5299=VECTOR('',#5298,10.0);
#5300=LINE('',#5297,#5299);
#5301=EDGE_CURVE('',#5296,#5288,#5300,.T.);
#5302=ORIENTED_EDGE('',*,*,#5301,.F.);
#5303=CARTESIAN_POINT('',(368.878589297201470,6.750000000000002,0.0));
#5304=VERTEX_POINT('',#5303);
#5305=CARTESIAN_POINT('',(366.349410702798710,6.750000000000002,0.0));
#5306=DIRECTION('',(1.0,0.0,0.0));
#5307=VECTOR('',#5306,2.529178594402765);
#5308=LINE('',#5305,#5307);
#5309=EDGE_CURVE('',#5296,#5304,#5308,.T.);
#5310=ORIENTED_EDGE('',*,*,#5309,.T.);
#5311=CARTESIAN_POINT('',(368.878589297201470,6.750000000000002,0.0));
#5312=DIRECTION('',(0.0,0.0,-1.0));
#5313=VECTOR('',#5312,10.0);
#5314=LINE('',#5311,#5313);
#5315=EDGE_CURVE('',#5304,#5286,#5314,.T.);
#5316=ORIENTED_EDGE('',*,*,#5315,.T.);
#5317=EDGE_LOOP('',(#5294,#5302,#5310,#5316));
#5318=FACE_OUTER_BOUND('',#5317,.T.);
#5319=ADVANCED_FACE('',(#5318),#5284,.T.);
#5320=CARTESIAN_POINT('',(366.349410702798710,6.750000000000002,0.0));
#5321=DIRECTION('',(-0.939692620785908,0.342020143325669,0.0));
#5322=DIRECTION('',(0.0,0.0,1.0));
#5323=AXIS2_PLACEMENT_3D('',#5320,#5321,#5322);
#5324=PLANE('',#5323);
#5325=CARTESIAN_POINT('',(366.349410702798710,6.750000000000002,-10.0));
#5326=DIRECTION('',(-0.342020143325670,-0.939692620785908,0.0));
#5327=VECTOR('',#5326,7.183199964212412);
#5328=LINE('',#5325,#5327);
#5329=EDGE_CURVE('',#5288,#1901,#5328,.T.);
#5330=ORIENTED_EDGE('',*,*,#5329,.T.);
#5331=ORIENTED_EDGE('',*,*,#1906,.F.);
#5332=CARTESIAN_POINT('',(363.892611621501830,1.110223E-015,0.0));
#5333=DIRECTION('',(0.342020143325670,0.939692620785908,0.0));
#5334=VECTOR('',#5333,7.183199964212412);
#5335=LINE('',#5332,#5334);
#5336=EDGE_CURVE('',#1899,#5296,#5335,.T.);
#5337=ORIENTED_EDGE('',*,*,#5336,.T.);
#5338=ORIENTED_EDGE('',*,*,#5301,.T.);
#5339=EDGE_LOOP('',(#5330,#5331,#5337,#5338));
#5340=FACE_OUTER_BOUND('',#5339,.T.);
#5341=ADVANCED_FACE('',(#5340),#5324,.T.);
#5342=CARTESIAN_POINT('',(371.335388378498350,1.110223E-015,0.0));
#5343=DIRECTION('',(0.939692620785908,0.342020143325669,0.0));
#5344=DIRECTION('',(0.0,0.0,-1.0));
#5345=AXIS2_PLACEMENT_3D('',#5342,#5343,#5344);
#5346=PLANE('',#5345);
#5347=CARTESIAN_POINT('',(371.335388378498350,1.110223E-015,-10.0));
#5348=DIRECTION('',(-0.342020143325670,0.939692620785908,0.0));
#5349=VECTOR('',#5348,7.183199964212412);
#5350=LINE('',#5347,#5349);
#5351=EDGE_CURVE('',#1979,#5286,#5350,.T.);
#5352=ORIENTED_EDGE('',*,*,#5351,.T.);
#5353=ORIENTED_EDGE('',*,*,#5315,.F.);
#5354=CARTESIAN_POINT('',(368.878589297201470,6.750000000000002,0.0));
#5355=DIRECTION('',(0.342020143325670,-0.939692620785908,0.0));
#5356=VECTOR('',#5355,7.183199964212412);
#5357=LINE('',#5354,#5356);
#5358=EDGE_CURVE('',#5304,#1987,#5357,.T.);
#5359=ORIENTED_EDGE('',*,*,#5358,.T.);
#5360=ORIENTED_EDGE('',*,*,#1992,.T.);
#5361=EDGE_LOOP('',(#5352,#5353,#5359,#5360));
#5362=FACE_OUTER_BOUND('',#5361,.T.);
#5363=ADVANCED_FACE('',(#5362),#5346,.T.);
#5364=CARTESIAN_POINT('',(367.614000000000090,2.693631287607957,0.0));
#5365=DIRECTION('',(0.0,0.0,1.0));
#5366=DIRECTION('',(1.0,0.0,0.0));
#5367=AXIS2_PLACEMENT_3D('',#5364,#5365,#5366);
#5368=PLANE('',#5367);
#5369=ORIENTED_EDGE('',*,*,#5309,.F.);
#5370=ORIENTED_EDGE('',*,*,#5336,.F.);
#5371=ORIENTED_EDGE('',*,*,#1928,.T.);
#5372=ORIENTED_EDGE('',*,*,#5274,.F.);
#5373=ORIENTED_EDGE('',*,*,#5225,.F.);
#5374=ORIENTED_EDGE('',*,*,#5252,.F.);
#5375=ORIENTED_EDGE('',*,*,#1888,.T.);
#5376=ORIENTED_EDGE('',*,*,#5190,.F.);
#5377=ORIENTED_EDGE('',*,*,#5141,.F.);
#5378=ORIENTED_EDGE('',*,*,#5168,.F.);
#5379=ORIENTED_EDGE('',*,*,#1848,.T.);
#5380=ORIENTED_EDGE('',*,*,#5106,.F.);
#5381=ORIENTED_EDGE('',*,*,#5057,.F.);
#5382=ORIENTED_EDGE('',*,*,#5084,.F.);
#5383=ORIENTED_EDGE('',*,*,#1808,.T.);
#5384=ORIENTED_EDGE('',*,*,#5022,.F.);
#5385=ORIENTED_EDGE('',*,*,#4973,.F.);
#5386=ORIENTED_EDGE('',*,*,#5000,.F.);
#5387=ORIENTED_EDGE('',*,*,#1768,.T.);
#5388=ORIENTED_EDGE('',*,*,#4938,.F.);
#5389=ORIENTED_EDGE('',*,*,#4889,.F.);
#5390=ORIENTED_EDGE('',*,*,#4916,.F.);
#5391=ORIENTED_EDGE('',*,*,#1728,.T.);
#5392=ORIENTED_EDGE('',*,*,#4854,.F.);
#5393=ORIENTED_EDGE('',*,*,#4805,.F.);
#5394=ORIENTED_EDGE('',*,*,#4832,.F.);
#5395=ORIENTED_EDGE('',*,*,#1688,.T.);
#5396=ORIENTED_EDGE('',*,*,#4770,.F.);
#5397=ORIENTED_EDGE('',*,*,#4721,.F.);
#5398=ORIENTED_EDGE('',*,*,#4748,.F.);
#5399=ORIENTED_EDGE('',*,*,#1648,.T.);
#5400=ORIENTED_EDGE('',*,*,#4686,.F.);
#5401=ORIENTED_EDGE('',*,*,#4637,.F.);
#5402=ORIENTED_EDGE('',*,*,#4664,.F.);
#5403=ORIENTED_EDGE('',*,*,#1608,.T.);
#5404=ORIENTED_EDGE('',*,*,#4602,.F.);
#5405=ORIENTED_EDGE('',*,*,#4553,.F.);
#5406=ORIENTED_EDGE('',*,*,#4580,.F.);
#5407=ORIENTED_EDGE('',*,*,#1568,.T.);
#5408=ORIENTED_EDGE('',*,*,#4518,.F.);
#5409=ORIENTED_EDGE('',*,*,#4469,.F.);
#5410=ORIENTED_EDGE('',*,*,#4496,.F.);
#5411=ORIENTED_EDGE('',*,*,#1528,.T.);
#5412=ORIENTED_EDGE('',*,*,#4434,.F.);
#5413=ORIENTED_EDGE('',*,*,#4385,.F.);
#5414=ORIENTED_EDGE('',*,*,#4412,.F.);
#5415=ORIENTED_EDGE('',*,*,#1488,.T.);
#5416=ORIENTED_EDGE('',*,*,#4350,.F.);
#5417=ORIENTED_EDGE('',*,*,#4301,.F.);
#5418=ORIENTED_EDGE('',*,*,#4328,.F.);
#5419=ORIENTED_EDGE('',*,*,#1448,.T.);
#5420=ORIENTED_EDGE('',*,*,#4266,.F.);
#5421=ORIENTED_EDGE('',*,*,#4217,.F.);
#5422=ORIENTED_EDGE('',*,*,#4244,.F.);
#5423=ORIENTED_EDGE('',*,*,#1408,.T.);
#5424=ORIENTED_EDGE('',*,*,#4182,.F.);
#5425=ORIENTED_EDGE('',*,*,#4133,.F.);
#5426=ORIENTED_EDGE('',*,*,#4160,.F.);
#5427=ORIENTED_EDGE('',*,*,#1368,.T.);
#5428=ORIENTED_EDGE('',*,*,#4098,.F.);
#5429=ORIENTED_EDGE('',*,*,#4049,.F.);
#5430=ORIENTED_EDGE('',*,*,#4076,.F.);
#5431=ORIENTED_EDGE('',*,*,#1328,.T.);
#5432=ORIENTED_EDGE('',*,*,#4014,.F.);
#5433=ORIENTED_EDGE('',*,*,#3965,.F.);
#5434=ORIENTED_EDGE('',*,*,#3992,.F.);
#5435=ORIENTED_EDGE('',*,*,#1288,.T.);
#5436=ORIENTED_EDGE('',*,*,#3930,.F.);
#5437=ORIENTED_EDGE('',*,*,#3881,.F.);
#5438=ORIENTED_EDGE('',*,*,#3908,.F.);
#5439=ORIENTED_EDGE('',*,*,#1248,.T.);
#5440=ORIENTED_EDGE('',*,*,#3846,.F.);
#5441=ORIENTED_EDGE('',*,*,#3797,.F.);
#5442=ORIENTED_EDGE('',*,*,#3824,.F.);
#5443=ORIENTED_EDGE('',*,*,#1208,.T.);
#5444=ORIENTED_EDGE('',*,*,#3762,.F.);
#5445=ORIENTED_EDGE('',*,*,#3713,.F.);
#5446=ORIENTED_EDGE('',*,*,#3740,.F.);
#5447=ORIENTED_EDGE('',*,*,#1168,.T.);
#5448=ORIENTED_EDGE('',*,*,#3678,.F.);
#5449=ORIENTED_EDGE('',*,*,#3629,.F.);
#5450=ORIENTED_EDGE('',*,*,#3656,.F.);
#5451=ORIENTED_EDGE('',*,*,#1128,.T.);
#5452=ORIENTED_EDGE('',*,*,#3594,.F.);
#5453=ORIENTED_EDGE('',*,*,#3545,.F.);
#5454=ORIENTED_EDGE('',*,*,#3572,.F.);
#5455=ORIENTED_EDGE('',*,*,#1088,.T.);
#5456=ORIENTED_EDGE('',*,*,#3510,.F.);
#5457=ORIENTED_EDGE('',*,*,#3461,.F.);
#5458=ORIENTED_EDGE('',*,*,#3488,.F.);
#5459=ORIENTED_EDGE('',*,*,#1048,.T.);
#5460=ORIENTED_EDGE('',*,*,#3426,.F.);
#5461=ORIENTED_EDGE('',*,*,#3377,.F.);
#5462=ORIENTED_EDGE('',*,*,#3404,.F.);
#5463=ORIENTED_EDGE('',*,*,#1008,.T.);
#5464=ORIENTED_EDGE('',*,*,#3342,.F.);
#5465=ORIENTED_EDGE('',*,*,#3293,.F.);
#5466=ORIENTED_EDGE('',*,*,#3320,.F.);
#5467=ORIENTED_EDGE('',*,*,#968,.T.);
#5468=ORIENTED_EDGE('',*,*,#3258,.F.);
#5469=ORIENTED_EDGE('',*,*,#3209,.F.);
#5470=ORIENTED_EDGE('',*,*,#3236,.F.);
#5471=ORIENTED_EDGE('',*,*,#928,.T.);
#5472=ORIENTED_EDGE('',*,*,#3174,.F.);
#5473=ORIENTED_EDGE('',*,*,#3125,.F.);
#5474=ORIENTED_EDGE('',*,*,#3152,.F.);
#5475=ORIENTED_EDGE('',*,*,#888,.T.);
#5476=ORIENTED_EDGE('',*,*,#3090,.F.);
#5477=ORIENTED_EDGE('',*,*,#3041,.F.);
#5478=ORIENTED_EDGE('',*,*,#3068,.F.);
#5479=ORIENTED_EDGE('',*,*,#848,.T.);
#5480=ORIENTED_EDGE('',*,*,#3006,.F.);
#5481=ORIENTED_EDGE('',*,*,#2957,.F.);
#5482=ORIENTED_EDGE('',*,*,#2984,.F.);
#5483=ORIENTED_EDGE('',*,*,#808,.T.);
#5484=ORIENTED_EDGE('',*,*,#2922,.F.);
#5485=ORIENTED_EDGE('',*,*,#2873,.F.);
#5486=ORIENTED_EDGE('',*,*,#2900,.F.);
#5487=ORIENTED_EDGE('',*,*,#768,.T.);
#5488=ORIENTED_EDGE('',*,*,#2838,.F.);
#5489=ORIENTED_EDGE('',*,*,#2789,.F.);
#5490=ORIENTED_EDGE('',*,*,#2816,.F.);
#5491=ORIENTED_EDGE('',*,*,#728,.T.);
#5492=ORIENTED_EDGE('',*,*,#2754,.F.);
#5493=ORIENTED_EDGE('',*,*,#2705,.F.);
#5494=ORIENTED_EDGE('',*,*,#2732,.F.);
#5495=ORIENTED_EDGE('',*,*,#688,.T.);
#5496=ORIENTED_EDGE('',*,*,#2670,.F.);
#5497=ORIENTED_EDGE('',*,*,#2621,.F.);
#5498=ORIENTED_EDGE('',*,*,#2648,.F.);
#5499=ORIENTED_EDGE('',*,*,#648,.T.);
#5500=ORIENTED_EDGE('',*,*,#2586,.F.);
#5501=ORIENTED_EDGE('',*,*,#2537,.F.);
#5502=ORIENTED_EDGE('',*,*,#2564,.F.);
#5503=ORIENTED_EDGE('',*,*,#608,.T.);
#5504=ORIENTED_EDGE('',*,*,#2502,.F.);
#5505=ORIENTED_EDGE('',*,*,#2453,.F.);
#5506=ORIENTED_EDGE('',*,*,#2480,.F.);
#5507=ORIENTED_EDGE('',*,*,#568,.T.);
#5508=ORIENTED_EDGE('',*,*,#2418,.F.);
#5509=ORIENTED_EDGE('',*,*,#2369,.F.);
#5510=ORIENTED_EDGE('',*,*,#2396,.F.);
#5511=ORIENTED_EDGE('',*,*,#528,.T.);
#5512=ORIENTED_EDGE('',*,*,#2334,.F.);
#5513=ORIENTED_EDGE('',*,*,#2285,.F.);
#5514=ORIENTED_EDGE('',*,*,#2312,.F.);
#5515=ORIENTED_EDGE('',*,*,#488,.T.);
#5516=ORIENTED_EDGE('',*,*,#2250,.F.);
#5517=ORIENTED_EDGE('',*,*,#2201,.F.);
#5518=ORIENTED_EDGE('',*,*,#2228,.F.);
#5519=ORIENTED_EDGE('',*,*,#448,.T.);
#5520=ORIENTED_EDGE('',*,*,#2166,.F.);
#5521=ORIENTED_EDGE('',*,*,#2117,.F.);
#5522=ORIENTED_EDGE('',*,*,#2144,.F.);
#5523=ORIENTED_EDGE('',*,*,#408,.T.);
#5524=ORIENTED_EDGE('',*,*,#2082,.F.);
#5525=ORIENTED_EDGE('',*,*,#2033,.F.);
#5526=ORIENTED_EDGE('',*,*,#2060,.F.);
#5527=ORIENTED_EDGE('',*,*,#1953,.T.);
#5528=ORIENTED_EDGE('',*,*,#354,.T.);
#5529=ORIENTED_EDGE('',*,*,#238,.T.);
#5530=ORIENTED_EDGE('',*,*,#207,.T.);
#5531=CARTESIAN_POINT('',(353.335388378498350,-9.999999999999981,0.0));
#5532=DIRECTION('',(1.0,0.0,0.0));
#5533=VECTOR('',#5532,15.999999999999943);
#5534=LINE('',#5531,#5533);
#5535=EDGE_CURVE('',#140,#92,#5534,.T.);
#5536=ORIENTED_EDGE('',*,*,#5535,.T.);
#5537=ORIENTED_EDGE('',*,*,#190,.T.);
#5538=ORIENTED_EDGE('',*,*,#1998,.T.);
#5539=ORIENTED_EDGE('',*,*,#5358,.F.);
#5540=EDGE_LOOP('',(#5369,#5370,#5371,#5372,#5373,#5374,#5375,#5376,#5377,#5378,#5379,#5380,#5381,#5382,#5383,#5384,#5385,#5386,#5387,#5388,#5389,#5390,#5391,#5392,#5393,#5394,#5395,#5396,#5397,#5398,#5399,#5400,#5401,#5402,#5403,#5404,#5405,#5406,#5407,#5408,#5409,#5410,#5411,#5412,#5413,#5414,#5415,#5416,#5417,#5418,#5419,#5420,#5421,#5422,#5423,#5424,#5425,#5426,#5427,#5428,#5429,#5430,#5431,#5432,#5433,#5434,#5435,#5436,#5437,#5438,#5439,#5440,#5441,#5442,#5443,#5444,#5445,#5446,#5447,#5448,#5449,#5450,#5451,#5452,#5453,#5454,#5455,#5456,#5457,#5458,#5459,#5460,#5461,#5462,#5463,#5464,#5465,#5466,#5467,#5468,#5469,#5470,#5471,#5472,#5473,#5474,#5475,#5476,#5477,#5478,#5479,#5480,#5481,#5482,#5483,#5484,#5485,#5486,#5487,#5488,#5489,#5490,#5491,#5492,#5493,#5494,#5495,#5496,#5497,#5498,#5499,#5500,#5501,#5502,#5503,#5504,#5505,#5506,#5507,#5508,#5509,#5510,#5511,#5512,#5513,#5514,#5515,#5516,#5517,#5518,#5519,#5520,#5521,#5522,#5523,#5524,#5525,#5526,#5527,#5528,#5529,#5530,#5536,#5537,#5538,#5539));
#5541=FACE_OUTER_BOUND('',#5540,.T.);
#5542=ADVANCED_FACE('',(#5541),#5368,.T.);
#5543=CARTESIAN_POINT('',(367.614000000000090,2.693631287607958,-10.0));
#5544=DIRECTION('',(0.0,0.0,1.0));
#5545=DIRECTION('',(1.0,0.0,0.0));
#5546=AXIS2_PLACEMENT_3D('',#5543,#5544,#5545);
#5547=PLANE('',#5546);
#5548=ORIENTED_EDGE('',*,*,#5293,.F.);
#5549=ORIENTED_EDGE('',*,*,#5351,.F.);
#5550=ORIENTED_EDGE('',*,*,#1984,.T.);
#5551=ORIENTED_EDGE('',*,*,#176,.T.);
#5552=ORIENTED_EDGE('',*,*,#89,.T.);
#5553=CARTESIAN_POINT('',(369.335388378498290,-14.999999999999975,-10.0));
#5554=DIRECTION('',(-1.0,0.0,0.0));
#5555=VECTOR('',#5554,15.999999999999943);
#5556=LINE('',#5553,#5555);
#5557=EDGE_CURVE('',#76,#122,#5556,.T.);
#5558=ORIENTED_EDGE('',*,*,#5557,.T.);
#5559=ORIENTED_EDGE('',*,*,#159,.F.);
#5560=ORIENTED_EDGE('',*,*,#222,.T.);
#5561=ORIENTED_EDGE('',*,*,#261,.T.);
#5562=ORIENTED_EDGE('',*,*,#368,.T.);
#5563=ORIENTED_EDGE('',*,*,#1944,.T.);
#5564=ORIENTED_EDGE('',*,*,#2053,.F.);
#5565=ORIENTED_EDGE('',*,*,#2017,.F.);
#5566=ORIENTED_EDGE('',*,*,#2075,.F.);
#5567=ORIENTED_EDGE('',*,*,#394,.T.);
#5568=ORIENTED_EDGE('',*,*,#2137,.F.);
#5569=ORIENTED_EDGE('',*,*,#2101,.F.);
#5570=ORIENTED_EDGE('',*,*,#2159,.F.);
#5571=ORIENTED_EDGE('',*,*,#434,.T.);
#5572=ORIENTED_EDGE('',*,*,#2221,.F.);
#5573=ORIENTED_EDGE('',*,*,#2185,.F.);
#5574=ORIENTED_EDGE('',*,*,#2243,.F.);
#5575=ORIENTED_EDGE('',*,*,#474,.T.);
#5576=ORIENTED_EDGE('',*,*,#2305,.F.);
#5577=ORIENTED_EDGE('',*,*,#2269,.F.);
#5578=ORIENTED_EDGE('',*,*,#2327,.F.);
#5579=ORIENTED_EDGE('',*,*,#514,.T.);
#5580=ORIENTED_EDGE('',*,*,#2389,.F.);
#5581=ORIENTED_EDGE('',*,*,#2353,.F.);
#5582=ORIENTED_EDGE('',*,*,#2411,.F.);
#5583=ORIENTED_EDGE('',*,*,#554,.T.);
#5584=ORIENTED_EDGE('',*,*,#2473,.F.);
#5585=ORIENTED_EDGE('',*,*,#2437,.F.);
#5586=ORIENTED_EDGE('',*,*,#2495,.F.);
#5587=ORIENTED_EDGE('',*,*,#594,.T.);
#5588=ORIENTED_EDGE('',*,*,#2557,.F.);
#5589=ORIENTED_EDGE('',*,*,#2521,.F.);
#5590=ORIENTED_EDGE('',*,*,#2579,.F.);
#5591=ORIENTED_EDGE('',*,*,#634,.T.);
#5592=ORIENTED_EDGE('',*,*,#2641,.F.);
#5593=ORIENTED_EDGE('',*,*,#2605,.F.);
#5594=ORIENTED_EDGE('',*,*,#2663,.F.);
#5595=ORIENTED_EDGE('',*,*,#674,.T.);
#5596=ORIENTED_EDGE('',*,*,#2725,.F.);
#5597=ORIENTED_EDGE('',*,*,#2689,.F.);
#5598=ORIENTED_EDGE('',*,*,#2747,.F.);
#5599=ORIENTED_EDGE('',*,*,#714,.T.);
#5600=ORIENTED_EDGE('',*,*,#2809,.F.);
#5601=ORIENTED_EDGE('',*,*,#2773,.F.);
#5602=ORIENTED_EDGE('',*,*,#2831,.F.);
#5603=ORIENTED_EDGE('',*,*,#754,.T.);
#5604=ORIENTED_EDGE('',*,*,#2893,.F.);
#5605=ORIENTED_EDGE('',*,*,#2857,.F.);
#5606=ORIENTED_EDGE('',*,*,#2915,.F.);
#5607=ORIENTED_EDGE('',*,*,#794,.T.);
#5608=ORIENTED_EDGE('',*,*,#2977,.F.);
#5609=ORIENTED_EDGE('',*,*,#2941,.F.);
#5610=ORIENTED_EDGE('',*,*,#2999,.F.);
#5611=ORIENTED_EDGE('',*,*,#834,.T.);
#5612=ORIENTED_EDGE('',*,*,#3061,.F.);
#5613=ORIENTED_EDGE('',*,*,#3025,.F.);
#5614=ORIENTED_EDGE('',*,*,#3083,.F.);
#5615=ORIENTED_EDGE('',*,*,#874,.T.);
#5616=ORIENTED_EDGE('',*,*,#3145,.F.);
#5617=ORIENTED_EDGE('',*,*,#3109,.F.);
#5618=ORIENTED_EDGE('',*,*,#3167,.F.);
#5619=ORIENTED_EDGE('',*,*,#914,.T.);
#5620=ORIENTED_EDGE('',*,*,#3229,.F.);
#5621=ORIENTED_EDGE('',*,*,#3193,.F.);
#5622=ORIENTED_EDGE('',*,*,#3251,.F.);
#5623=ORIENTED_EDGE('',*,*,#954,.T.);
#5624=ORIENTED_EDGE('',*,*,#3313,.F.);
#5625=ORIENTED_EDGE('',*,*,#3277,.F.);
#5626=ORIENTED_EDGE('',*,*,#3335,.F.);
#5627=ORIENTED_EDGE('',*,*,#994,.T.);
#5628=ORIENTED_EDGE('',*,*,#3397,.F.);
#5629=ORIENTED_EDGE('',*,*,#3361,.F.);
#5630=ORIENTED_EDGE('',*,*,#3419,.F.);
#5631=ORIENTED_EDGE('',*,*,#1034,.T.);
#5632=ORIENTED_EDGE('',*,*,#3481,.F.);
#5633=ORIENTED_EDGE('',*,*,#3445,.F.);
#5634=ORIENTED_EDGE('',*,*,#3503,.F.);
#5635=ORIENTED_EDGE('',*,*,#1074,.T.);
#5636=ORIENTED_EDGE('',*,*,#3565,.F.);
#5637=ORIENTED_EDGE('',*,*,#3529,.F.);
#5638=ORIENTED_EDGE('',*,*,#3587,.F.);
#5639=ORIENTED_EDGE('',*,*,#1114,.T.);
#5640=ORIENTED_EDGE('',*,*,#3649,.F.);
#5641=ORIENTED_EDGE('',*,*,#3613,.F.);
#5642=ORIENTED_EDGE('',*,*,#3671,.F.);
#5643=ORIENTED_EDGE('',*,*,#1154,.T.);
#5644=ORIENTED_EDGE('',*,*,#3733,.F.);
#5645=ORIENTED_EDGE('',*,*,#3697,.F.);
#5646=ORIENTED_EDGE('',*,*,#3755,.F.);
#5647=ORIENTED_EDGE('',*,*,#1194,.T.);
#5648=ORIENTED_EDGE('',*,*,#3817,.F.);
#5649=ORIENTED_EDGE('',*,*,#3781,.F.);
#5650=ORIENTED_EDGE('',*,*,#3839,.F.);
#5651=ORIENTED_EDGE('',*,*,#1234,.T.);
#5652=ORIENTED_EDGE('',*,*,#3901,.F.);
#5653=ORIENTED_EDGE('',*,*,#3865,.F.);
#5654=ORIENTED_EDGE('',*,*,#3923,.F.);
#5655=ORIENTED_EDGE('',*,*,#1274,.T.);
#5656=ORIENTED_EDGE('',*,*,#3985,.F.);
#5657=ORIENTED_EDGE('',*,*,#3949,.F.);
#5658=ORIENTED_EDGE('',*,*,#4007,.F.);
#5659=ORIENTED_EDGE('',*,*,#1314,.T.);
#5660=ORIENTED_EDGE('',*,*,#4069,.F.);
#5661=ORIENTED_EDGE('',*,*,#4033,.F.);
#5662=ORIENTED_EDGE('',*,*,#4091,.F.);
#5663=ORIENTED_EDGE('',*,*,#1354,.T.);
#5664=ORIENTED_EDGE('',*,*,#4153,.F.);
#5665=ORIENTED_EDGE('',*,*,#4117,.F.);
#5666=ORIENTED_EDGE('',*,*,#4175,.F.);
#5667=ORIENTED_EDGE('',*,*,#1394,.T.);
#5668=ORIENTED_EDGE('',*,*,#4237,.F.);
#5669=ORIENTED_EDGE('',*,*,#4201,.F.);
#5670=ORIENTED_EDGE('',*,*,#4259,.F.);
#5671=ORIENTED_EDGE('',*,*,#1434,.T.);
#5672=ORIENTED_EDGE('',*,*,#4321,.F.);
#5673=ORIENTED_EDGE('',*,*,#4285,.F.);
#5674=ORIENTED_EDGE('',*,*,#4343,.F.);
#5675=ORIENTED_EDGE('',*,*,#1474,.T.);
#5676=ORIENTED_EDGE('',*,*,#4405,.F.);
#5677=ORIENTED_EDGE('',*,*,#4369,.F.);
#5678=ORIENTED_EDGE('',*,*,#4427,.F.);
#5679=ORIENTED_EDGE('',*,*,#1514,.T.);
#5680=ORIENTED_EDGE('',*,*,#4489,.F.);
#5681=ORIENTED_EDGE('',*,*,#4453,.F.);
#5682=ORIENTED_EDGE('',*,*,#4511,.F.);
#5683=ORIENTED_EDGE('',*,*,#1554,.T.);
#5684=ORIENTED_EDGE('',*,*,#4573,.F.);
#5685=ORIENTED_EDGE('',*,*,#4537,.F.);
#5686=ORIENTED_EDGE('',*,*,#4595,.F.);
#5687=ORIENTED_EDGE('',*,*,#1594,.T.);
#5688=ORIENTED_EDGE('',*,*,#4657,.F.);
#5689=ORIENTED_EDGE('',*,*,#4621,.F.);
#5690=ORIENTED_EDGE('',*,*,#4679,.F.);
#5691=ORIENTED_EDGE('',*,*,#1634,.T.);
#5692=ORIENTED_EDGE('',*,*,#4741,.F.);
#5693=ORIENTED_EDGE('',*,*,#4705,.F.);
#5694=ORIENTED_EDGE('',*,*,#4763,.F.);
#5695=ORIENTED_EDGE('',*,*,#1674,.T.);
#5696=ORIENTED_EDGE('',*,*,#4825,.F.);
#5697=ORIENTED_EDGE('',*,*,#4789,.F.);
#5698=ORIENTED_EDGE('',*,*,#4847,.F.);
#5699=ORIENTED_EDGE('',*,*,#1714,.T.);
#5700=ORIENTED_EDGE('',*,*,#4909,.F.);
#5701=ORIENTED_EDGE('',*,*,#4873,.F.);
#5702=ORIENTED_EDGE('',*,*,#4931,.F.);
#5703=ORIENTED_EDGE('',*,*,#1754,.T.);
#5704=ORIENTED_EDGE('',*,*,#4993,.F.);
#5705=ORIENTED_EDGE('',*,*,#4957,.F.);
#5706=ORIENTED_EDGE('',*,*,#5015,.F.);
#5707=ORIENTED_EDGE('',*,*,#1794,.T.);
#5708=ORIENTED_EDGE('',*,*,#5077,.F.);
#5709=ORIENTED_EDGE('',*,*,#5041,.F.);
#5710=ORIENTED_EDGE('',*,*,#5099,.F.);
#5711=ORIENTED_EDGE('',*,*,#1834,.T.);
#5712=ORIENTED_EDGE('',*,*,#5161,.F.);
#5713=ORIENTED_EDGE('',*,*,#5125,.F.);
#5714=ORIENTED_EDGE('',*,*,#5183,.F.);
#5715=ORIENTED_EDGE('',*,*,#1874,.T.);
#5716=ORIENTED_EDGE('',*,*,#5245,.F.);
#5717=ORIENTED_EDGE('',*,*,#5209,.F.);
#5718=ORIENTED_EDGE('',*,*,#5267,.F.);
#5719=ORIENTED_EDGE('',*,*,#1914,.T.);
#5720=ORIENTED_EDGE('',*,*,#5329,.F.);
#5721=EDGE_LOOP('',(#5548,#5549,#5550,#5551,#5552,#5558,#5559,#5560,#5561,#5562,#5563,#5564,#5565,#5566,#5567,#5568,#5569,#5570,#5571,#5572,#5573,#5574,#5575,#5576,#5577,#5578,#5579,#5580,#5581,#5582,#5583,#5584,#5585,#5586,#5587,#5588,#5589,#5590,#5591,#5592,#5593,#5594,#5595,#5596,#5597,#5598,#5599,#5600,#5601,#5602,#5603,#5604,#5605,#5606,#5607,#5608,#5609,#5610,#5611,#5612,#5613,#5614,#5615,#5616,#5617,#5618,#5619,#5620,#5621,#5622,#5623,#5624,#5625,#5626,#5627,#5628,#5629,#5630,#5631,#5632,#5633,#5634,#5635,#5636,#5637,#5638,#5639,#5640,#5641,#5642,#5643,#5644,#5645,#5646,#5647,#5648,#5649,#5650,#5651,#5652,#5653,#5654,#5655,#5656,#5657,#5658,#5659,#5660,#5661,#5662,#5663,#5664,#5665,#5666,#5667,#5668,#5669,#5670,#5671,#5672,#5673,#5674,#5675,#5676,#5677,#5678,#5679,#5680,#5681,#5682,#5683,#5684,#5685,#5686,#5687,#5688,#5689,#5690,#5691,#5692,#5693,#5694,#5695,#5696,#5697,#5698,#5699,#5700,#5701,#5702,#5703,#5704,#5705,#5706,#5707,#5708,#5709,#5710,#5711,#5712,#5713,#5714,#5715,#5716,#5717,#5718,#5719,#5720));
#5722=FACE_OUTER_BOUND('',#5721,.T.);
#5723=ADVANCED_FACE('',(#5722),#5547,.F.);
#5724=CARTESIAN_POINT('',(361.335388378498350,-9.999999999999979,30.999999999999996));
#5725=DIRECTION('',(0.0,-1.0,0.0));
#5726=DIRECTION('',(-1.0,0.0,0.0));
#5727=AXIS2_PLACEMENT_3D('',#5724,#5725,#5726);
#5728=CYLINDRICAL_SURFACE('',#5727,8.0);
#5729=ORIENTED_EDGE('',*,*,#111,.F.);
#5730=CARTESIAN_POINT('',(361.335388378498350,-9.999999999999979,30.999999999999996));
#5731=DIRECTION('',(0.0,1.0,0.0));
#5732=DIRECTION('',(-1.0,0.0,0.0));
#5733=AXIS2_PLACEMENT_3D('',#5730,#5731,#5732);
#5734=CIRCLE('',#5733,8.0);
#5735=EDGE_CURVE('',#132,#100,#5734,.T.);
#5736=ORIENTED_EDGE('',*,*,#5735,.F.);
#5737=ORIENTED_EDGE('',*,*,#137,.T.);
#5738=CARTESIAN_POINT('',(361.335388378498350,-14.999999999999979,30.999999999999996));
#5739=DIRECTION('',(0.0,1.0,0.0));
#5740=DIRECTION('',(-1.0,0.0,0.0));
#5741=AXIS2_PLACEMENT_3D('',#5738,#5739,#5740);
#5742=CIRCLE('',#5741,8.0);
#5743=EDGE_CURVE('',#124,#74,#5742,.T.);
#5744=ORIENTED_EDGE('',*,*,#5743,.T.);
#5745=EDGE_LOOP('',(#5729,#5736,#5737,#5744));
#5746=FACE_OUTER_BOUND('',#5745,.T.);
#5747=ADVANCED_FACE('',(#5746),#5728,.T.);
#5748=CARTESIAN_POINT('',(361.335388378498350,-9.999999999999979,30.999999999999996));
#5749=DIRECTION('',(0.0,-1.0,0.0));
#5750=DIRECTION('',(-1.0,0.0,0.0));
#5751=AXIS2_PLACEMENT_3D('',#5748,#5749,#5750);
#5752=CYLINDRICAL_SURFACE('',#5751,4.0);
#5753=CARTESIAN_POINT('',(365.335388378498350,-14.999999999999979,30.999999999999996));
#5754=VERTEX_POINT('',#5753);
#5755=CARTESIAN_POINT('',(361.335388378498350,-14.999999999999979,30.999999999999996));
#5756=DIRECTION('',(0.0,1.0,0.0));
#5757=DIRECTION('',(-1.0,0.0,0.0));
#5758=AXIS2_PLACEMENT_3D('',#5755,#5756,#5757);
#5759=CIRCLE('',#5758,4.0);
#5760=EDGE_CURVE('',#5754,#5754,#5759,.T.);
#5761=ORIENTED_EDGE('',*,*,#5760,.F.);
#5762=EDGE_LOOP('',(#5761));
#5763=FACE_OUTER_BOUND('',#5762,.T.);
#5764=CARTESIAN_POINT('',(365.335388378498350,-9.999999999999977,30.999999999999996));
#5765=VERTEX_POINT('',#5764);
#5766=CARTESIAN_POINT('',(361.335388378498350,-9.999999999999979,30.999999999999996));
#5767=DIRECTION('',(0.0,-1.0,0.0));
#5768=DIRECTION('',(-1.0,0.0,0.0));
#5769=AXIS2_PLACEMENT_3D('',#5766,#5767,#5768);
#5770=CIRCLE('',#5769,4.0);
#5771=EDGE_CURVE('',#5765,#5765,#5770,.T.);
#5772=ORIENTED_EDGE('',*,*,#5771,.F.);
#5773=EDGE_LOOP('',(#5772));
#5774=FACE_BOUND('',#5773,.T.);
#5775=ADVANCED_FACE('',(#5763,#5774),#5752,.F.);
#5776=CARTESIAN_POINT('',(361.335388378498350,-14.999999999999979,30.999999999999996));
#5777=DIRECTION('',(0.0,1.0,0.0));
#5778=DIRECTION('',(0.0,0.0,1.0));
#5779=AXIS2_PLACEMENT_3D('',#5776,#5777,#5778);
#5780=PLANE('',#5779);
#5781=ORIENTED_EDGE('',*,*,#5743,.F.);
#5782=ORIENTED_EDGE('',*,*,#129,.F.);
#5783=ORIENTED_EDGE('',*,*,#5557,.F.);
#5784=ORIENTED_EDGE('',*,*,#81,.F.);
#5785=EDGE_LOOP('',(#5781,#5782,#5783,#5784));
#5786=FACE_OUTER_BOUND('',#5785,.T.);
#5787=ORIENTED_EDGE('',*,*,#5760,.T.);
#5788=EDGE_LOOP('',(#5787));
#5789=FACE_BOUND('',#5788,.T.);
#5790=ADVANCED_FACE('',(#5786,#5789),#5780,.F.);
#5791=CARTESIAN_POINT('',(361.335388378498350,-9.999999999999979,30.999999999999996));
#5792=DIRECTION('',(0.0,1.0,0.0));
#5793=DIRECTION('',(0.0,0.0,1.0));
#5794=AXIS2_PLACEMENT_3D('',#5791,#5792,#5793);
#5795=PLANE('',#5794);
#5796=ORIENTED_EDGE('',*,*,#5735,.T.);
#5797=ORIENTED_EDGE('',*,*,#105,.F.);
#5798=ORIENTED_EDGE('',*,*,#5535,.F.);
#5799=ORIENTED_EDGE('',*,*,#145,.F.);
#5800=EDGE_LOOP('',(#5796,#5797,#5798,#5799));
#5801=FACE_OUTER_BOUND('',#5800,.T.);
#5802=ORIENTED_EDGE('',*,*,#5771,.T.);
#5803=EDGE_LOOP('',(#5802));
#5804=FACE_BOUND('',#5803,.T.);
#5805=ADVANCED_FACE('',(#5801,#5804),#5795,.T.);
#5806=CLOSED_SHELL('',(#115,#163,#194,#226,#249,#272,#300,#329,#341,#372,#412,#452,#492,#532,#572,#612,#652,#692,#732,#772,#812,#852,#892,#932,#972,#1012,#1052,#1092,#1132,#1172,#1212,#1252,#1292,#1332,#1372,#1412,#1452,#1492,#1532,#1572,#1612,#1652,#1692,#1732,#1772,#1812,#1852,#1892,#1932,#1963,#1972,#2003,#2043,#2065,#2087,#2127,#2149,#2171,#2211,#2233,#2255,#2295,#2317,#2339,#2379,#2401,#2423,#2463,#2485,#2507,#2547,#2569,#2591,#2631,#2653,#2675,#2715,#2737,#2759,#2799,#2821,#2843,#2883,#2905,#2927,#2967,#2989,#3011,#3051,#3073,#3095,#3135,#3157,#3179,#3219,#3241,#3263,#3303,#3325,#3347,#3387,#3409,#3431,#3471,#3493,#3515,#3555,#3577,#3599,#3639,#3661,#3683,#3723,#3745,#3767,#3807,#3829,#3851,#3891,#3913,#3935,#3975,#3997,#4019,#4059,#4081,#4103,#4143,#4165,#4187,#4227,#4249,#4271,#4311,#4333,#4355,#4395,#4417,#4439,#4479,#4501,#4523,#4563,#4585,#4607,#4647,#4669,#4691,#4731,#4753,#4775,#4815,#4837,#4859,#4899,#4921,#4943,#4983,#5005,#5027,#5067,#5089,#5111,#5151,#5173,#5195,#5235,#5257,#5279,#5319,#5341,#5363,#5542,#5723,#5747,#5775,#5790,#5805));
#5807=MANIFOLD_SOLID_BREP('',#5806);
#5808=COLOUR_RGB('Bubblegum',1.0,0.690195977687836,1.0);
#5809=FILL_AREA_STYLE_COLOUR('Bubblegum',#5808);
#5810=FILL_AREA_STYLE('Bubblegum',(#5809));
#5811=SURFACE_STYLE_FILL_AREA(#5810);
#5812=SURFACE_SIDE_STYLE('Bubblegum',(#5811));
#5813=SURFACE_STYLE_USAGE(.BOTH.,#5812);
#5814=PRESENTATION_STYLE_ASSIGNMENT((#5813));
#5815=STYLED_ITEM('',(#5814),#5807);
#5816=MECHANICAL_DESIGN_GEOMETRIC_PRESENTATION_REPRESENTATION('',(#5815),#36);
#5817=ADVANCED_BREP_SHAPE_REPRESENTATION('ABSR',(#5807),#36);
#5818=SHAPE_REPRESENTATION_RELATIONSHIP('SRR','None',#5817,#41);
ENDSEC;
END-ISO-10303-21;
