ISO-10303-21;
HEADER;
FILE_DESCRIPTION (( 'STEP AP203' ),
    '1' );
FILE_NAME ('Base.STEP',
    '2025-10-28T17:39:39',
    ( '' ),
    ( '' ),
    'SwSTEP 2.0',
    'SolidWorks 2025',
    '' );
FILE_SCHEMA (( 'CONFIG_CONTROL_DESIGN' ));
ENDSEC;

DATA;
#1 = EDGE_LOOP ( 'NONE', ( #3845, #3957, #4411, #1908 ) ) ;
#2 = LINE ( 'NONE', #4155, #1121 ) ;
#3 = CARTESIAN_POINT ( 'NONE',  ( 49.70000000000000284, 28.50000000000000355, 3.100000000000000089 ) ) ;
#4 = DIRECTION ( 'NONE',  ( -0.000000000000000000, 1.000000000000000000, -0.000000000000000000 ) ) ;
#5 = CARTESIAN_POINT ( 'NONE',  ( 12.36704971400760122, 16.12135568184381640, 9.151519532393924905 ) ) ;
#6 = LINE ( 'NONE', #2684, #918 ) ;
#7 = EDGE_CURVE ( 'NONE', #1765, #3846, #4121, .T. ) ;
#8 = TOROIDAL_SURFACE ( 'NONE', #2723, 1.000000000000000000, 1.000000000000000000 ) ;
#9 = EDGE_CURVE ( 'NONE', #2086, #556, #2451, .T. ) ;
#10 = VERTEX_POINT ( 'NONE', #1444 ) ;
#11 = ORIENTED_EDGE ( 'NONE', *, *, #5282, .F. ) ;
#12 = EDGE_CURVE ( 'NONE', #1540, #415, #2067, .T. ) ;
#13 = VECTOR ( 'NONE', #5608, 1000.000000000000000 ) ;
#14 = CARTESIAN_POINT ( 'NONE',  ( 34.60480915090716536, 7.888328230191648416, 8.464690265832615523 ) ) ;
#15 = CARTESIAN_POINT ( 'NONE',  ( 12.12878049225031241, 21.03271536099313721, 8.959757987391034462 ) ) ;
#16 = LINE ( 'NONE', #4094, #4117 ) ;
#17 = ORIENTED_EDGE ( 'NONE', *, *, #4071, .T. ) ;
#18 = VERTEX_POINT ( 'NONE', #1065 ) ;
#19 = CARTESIAN_POINT ( 'NONE',  ( -38.50000000000000711, -6.938893903907228378E-15, 3.100000000000000089 ) ) ;
#20 = EDGE_CURVE ( 'NONE', #3141, #2734, #4335, .T. ) ;
#21 = CIRCLE ( 'NONE', #1674, 2.000000000000000000 ) ;
#22 = DIRECTION ( 'NONE',  ( 0.000000000000000000, 1.000000000000000000, 0.000000000000000000 ) ) ;
#23 = ORIENTED_EDGE ( 'NONE', *, *, #505, .T. ) ;
#24 = DIRECTION ( 'NONE',  ( 1.387778780781445676E-16, -1.000000000000000000, 0.000000000000000000 ) ) ;
#25 = VERTEX_POINT ( 'NONE', #523 ) ;
#26 = DIRECTION ( 'NONE',  ( 1.000000000000000000, 0.000000000000000000, 0.000000000000000000 ) ) ;
#27 = AXIS2_PLACEMENT_3D ( 'NONE', #3695, #3667, #5994 ) ;
#28 = CARTESIAN_POINT ( 'NONE',  ( 0.000000000000000000, -6.938893903907228378E-15, 9.502147685123530252 ) ) ;
#29 = AXIS2_PLACEMENT_3D ( 'NONE', #404, #5049, #859 ) ;
#30 = EDGE_CURVE ( 'NONE', #2511, #2686, #2423, .T. ) ;
#31 = CIRCLE ( 'NONE', #3335, 1.550000000000002709 ) ;
#32 = FACE_BOUND ( 'NONE', #5017, .T. ) ;
#33 = LINE ( 'NONE', #1321, #4079 ) ;
#34 = CIRCLE ( 'NONE', #325, 1.000000000000000000 ) ;
#35 = DIRECTION ( 'NONE',  ( 1.000000000000000000, 0.000000000000000000, 0.000000000000000000 ) ) ;
#36 = DIRECTION ( 'NONE',  ( 0.000000000000000000, 0.000000000000000000, -1.000000000000000000 ) ) ;
#37 = VERTEX_POINT ( 'NONE', #2008 ) ;
#38 = CIRCLE ( 'NONE', #430, 1.000000000000000000 ) ;
#39 = CIRCLE ( 'NONE', #3432, 1.000000000000000000 ) ;
#40 = FACE_OUTER_BOUND ( 'NONE', #4613, .T. ) ;
#41 = PLANE ( 'NONE',  #4719 ) ;
#42 = CARTESIAN_POINT ( 'NONE',  ( 11.57716110780151908, 13.28556718114256086, 8.060111251877522420 ) ) ;
#43 = VECTOR ( 'NONE', #2495, 1000.000000000000000 ) ;
#44 = LINE ( 'NONE', #1907, #2267 ) ;
#45 = AXIS2_PLACEMENT_3D ( 'NONE', #5502, #5850, #1329 ) ;
#46 = ORIENTED_EDGE ( 'NONE', *, *, #3427, .F. ) ;
#47 = ORIENTED_EDGE ( 'NONE', *, *, #4552, .F. ) ;
#48 = EDGE_CURVE ( 'NONE', #198, #485, #3039, .T. ) ;
#49 = EDGE_CURVE ( 'NONE', #1309, #4144, #5582, .T. ) ;
#50 = CARTESIAN_POINT ( 'NONE',  ( 12.36675110324613591, 19.88085584294655916, 9.151321706401466471 ) ) ;
#51 = DIRECTION ( 'NONE',  ( 0.000000000000000000, 0.000000000000000000, 1.000000000000000000 ) ) ;
#52 = EDGE_LOOP ( 'NONE', ( #740, #4594, #1141, #2884 ) ) ;
#53 = ORIENTED_EDGE ( 'NONE', *, *, #4061, .T. ) ;
#54 = CARTESIAN_POINT ( 'NONE',  ( -32.50000000000000711, 27.00000000000001066, 0.000000000000000000 ) ) ;
#55 = EDGE_CURVE ( 'NONE', #4996, #1945, #3915, .T. ) ;
#56 = EDGE_CURVE ( 'NONE', #1540, #1291, #5687, .T. ) ;
#57 = EDGE_CURVE ( 'NONE', #1243, #25, #3766, .T. ) ;
#58 = CARTESIAN_POINT ( 'NONE',  ( 38.46105051991845869, 70.99999999999998579, 0.000000000000000000 ) ) ;
#59 = VERTEX_POINT ( 'NONE', #488 ) ;
#60 = CARTESIAN_POINT ( 'NONE',  ( -32.50000000000000711, 27.00000000000001066, 9.502147685123530252 ) ) ;
#61 = VERTEX_POINT ( 'NONE', #3830 ) ;
#62 = FACE_OUTER_BOUND ( 'NONE', #1689, .T. ) ;
#63 = CARTESIAN_POINT ( 'NONE',  ( 12.50000000000000355, 39.00000000000000000, 7.502147685123529364 ) ) ;
#64 = PLANE ( 'NONE',  #5868 ) ;
#65 = CARTESIAN_POINT ( 'NONE',  ( -30.50000000000000711, 27.00000000000001066, 4.000000000000000000 ) ) ;
#66 = LINE ( 'NONE', #5318, #3130 ) ;
#67 = CARTESIAN_POINT ( 'NONE',  ( -14.47775786501156858, -1.000000000000006883, 9.502147685123530252 ) ) ;
#68 = ORIENTED_EDGE ( 'NONE', *, *, #5919, .F. ) ;
#69 = ADVANCED_FACE ( 'NONE', ( #5641 ), #2817, .F. ) ;
#70 = CARTESIAN_POINT ( 'NONE',  ( 12.88336349094378619, 1.839737638147579180, 9.408095959719521062 ) ) ;
#71 = DIRECTION ( 'NONE',  ( -0.000000000000000000, 1.000000000000000000, -0.000000000000000000 ) ) ;
#72 = DIRECTION ( 'NONE',  ( -0.000000000000000000, -0.000000000000000000, 1.000000000000000000 ) ) ;
#73 = CARTESIAN_POINT ( 'NONE',  ( 11.66717911887096548, 13.51078226344156619, 8.323913227356287692 ) ) ;
#74 = CARTESIAN_POINT ( 'NONE',  ( -11.55005783353966109, 22.78002925180357963, 7.960447304172472371 ) ) ;
#75 = CARTESIAN_POINT ( 'NONE',  ( 36.52224213498844563, 39.00000000000000000, 9.502147685123530252 ) ) ;
#76 = EDGE_LOOP ( 'NONE', ( #4652, #3811, #850, #46 ) ) ;
#77 = ORIENTED_EDGE ( 'NONE', *, *, #1060, .F. ) ;
#78 = DIRECTION ( 'NONE',  ( -0.000000000000000000, -0.000000000000000000, 1.000000000000000000 ) ) ;
#79 = CARTESIAN_POINT ( 'NONE',  ( 49.28541919068303656, 58.62563132923540365, 3.100000000000000089 ) ) ;
#80 = VERTEX_POINT ( 'NONE', #4701 ) ;
#81 = ORIENTED_EDGE ( 'NONE', *, *, #2157, .F. ) ;
#82 = CYLINDRICAL_SURFACE ( 'NONE', #2938, 2.000000000000000000 ) ;
#83 = EDGE_CURVE ( 'NONE', #4020, #1822, #2163, .T. ) ;
#84 = CARTESIAN_POINT ( 'NONE',  ( -54.50000000000002842, 73.00000000000000000, 3.100000000000000089 ) ) ;
#85 = ORIENTED_EDGE ( 'NONE', *, *, #194, .T. ) ;
#86 = EDGE_CURVE ( 'NONE', #520, #232, #1301, .T. ) ;
#87 = FACE_OUTER_BOUND ( 'NONE', #3676, .T. ) ;
#88 = CIRCLE ( 'NONE', #183, 1.000000000000000888 ) ;
#89 = CARTESIAN_POINT ( 'NONE',  ( 34.60651986419773607, 10.10843524527738602, 8.466157118722367869 ) ) ;
#90 = DIRECTION ( 'NONE',  ( 1.000000000000000000, 0.000000000000000000, -0.000000000000000000 ) ) ;
#91 = CIRCLE ( 'NONE', #582, 2.000000000000001776 ) ;
#92 = CYLINDRICAL_SURFACE ( 'NONE', #3891, 1.000000000000000888 ) ;
#93 = ORIENTED_EDGE ( 'NONE', *, *, #4621, .T. ) ;
#94 = ADVANCED_FACE ( 'NONE', ( #87 ), #4466, .F. ) ;
#95 = FACE_OUTER_BOUND ( 'NONE', #3277, .T. ) ;
#96 = CARTESIAN_POINT ( 'NONE',  ( 32.50000000000000000, 9.000000000000007105, 4.000000000000000000 ) ) ;
#97 = CARTESIAN_POINT ( 'NONE',  ( -52.50000000000004263, -48.69999999999999574, 0.5999999999999998668 ) ) ;
#98 = CARTESIAN_POINT ( 'NONE',  ( 15.77435312315932059, 30.41290584931824981, 9.029034959839291830 ) ) ;
#99 = FACE_OUTER_BOUND ( 'NONE', #2896, .T. ) ;
#100 = DIRECTION ( 'NONE',  ( -0.000000000000000000, -0.000000000000000000, 1.000000000000000000 ) ) ;
#101 = EDGE_LOOP ( 'NONE', ( #5059, #2985, #1363, #1883 ) ) ;
#102 = ORIENTED_EDGE ( 'NONE', *, *, #2366, .F. ) ;
#103 = CARTESIAN_POINT ( 'NONE',  ( 30.26810481289678378, 8.171125893636427051, 5.936772763503808115 ) ) ;
#104 = ADVANCED_FACE ( 'NONE', ( #2945 ), #3572, .T. ) ;
#105 = CYLINDRICAL_SURFACE ( 'NONE', #3966, 1.550000000000002709 ) ;
#106 = DIRECTION ( 'NONE',  ( -0.000000000000000000, -0.000000000000000000, -1.000000000000000000 ) ) ;
#107 = ORIENTED_EDGE ( 'NONE', *, *, #5485, .T. ) ;
#108 = EDGE_LOOP ( 'NONE', ( #4694, #3857, #6014, #2447 ) ) ;
#109 = DIRECTION ( 'NONE',  ( 0.000000000000000000, 0.000000000000000000, -1.000000000000000000 ) ) ;
#110 = AXIS2_PLACEMENT_3D ( 'NONE', #5675, #4302, #1042 ) ;
#111 = DIRECTION ( 'NONE',  ( 1.000000000000000000, 0.000000000000000000, 0.000000000000000000 ) ) ;
#112 = VECTOR ( 'NONE', #3697, 1000.000000000000000 ) ;
#113 = ORIENTED_EDGE ( 'NONE', *, *, #4185, .F. ) ;
#114 = ORIENTED_EDGE ( 'NONE', *, *, #4221, .T. ) ;
#115 = CARTESIAN_POINT ( 'NONE',  ( 54.49999999999997158, 73.00000000000000000, 3.100000000000000089 ) ) ;
#116 = DIRECTION ( 'NONE',  ( 0.000000000000000000, 0.000000000000000000, 1.000000000000000000 ) ) ;
#117 = EDGE_CURVE ( 'NONE', #4349, #5601, #4495, .T. ) ;
#118 = DIRECTION ( 'NONE',  ( -0.000000000000000000, -0.000000000000000000, 1.000000000000000000 ) ) ;
#119 = DIRECTION ( 'NONE',  ( -4.336808689942018229E-16, 0.000000000000000000, 1.000000000000000000 ) ) ;
#120 = EDGE_CURVE ( 'NONE', #1274, #4057, #1589, .T. ) ;
#121 = DIRECTION ( 'NONE',  ( 0.000000000000000000, -1.000000000000000000, 0.000000000000000000 ) ) ;
#122 = TOROIDAL_SURFACE ( 'NONE', #29, 15.00000000000000000, 1.000000000000000000 ) ;
#123 = VERTEX_POINT ( 'NONE', #748 ) ;
#124 = CIRCLE ( 'NONE', #3420, 2.374999999999998668 ) ;
#125 = CIRCLE ( 'NONE', #1105, 1.499999999999994449 ) ;
#126 = LINE ( 'NONE', #561, #236 ) ;
#127 = LINE ( 'NONE', #2865, #2836 ) ;
#128 = DIRECTION ( 'NONE',  ( 1.000000000000000000, 0.000000000000000000, 0.000000000000000000 ) ) ;
#129 = EDGE_CURVE ( 'NONE', #4530, #3506, #1502, .T. ) ;
#130 = CARTESIAN_POINT ( 'NONE',  ( 15.85553813188512251, 30.49748464402403059, 8.951879224483088038 ) ) ;
#131 = CARTESIAN_POINT ( 'NONE',  ( 14.47775786501156858, 40.00000000000000000, 8.502147685123528476 ) ) ;
#132 = CARTESIAN_POINT ( 'NONE',  ( -11.93760060987629501, 31.24982749840892993, 8.752561915286614536 ) ) ;
#133 = ORIENTED_EDGE ( 'NONE', *, *, #2388, .F. ) ;
#134 = CIRCLE ( 'NONE', #5300, 2.000000000000001776 ) ;
#135 = VECTOR ( 'NONE', #787, 1000.000000000000000 ) ;
#136 = EDGE_LOOP ( 'NONE', ( #3644, #2235, #5431, #3559 ) ) ;
#137 = AXIS2_PLACEMENT_3D ( 'NONE', #6009, #407, #3228 ) ;
#138 = DIRECTION ( 'NONE',  ( 0.000000000000000000, 0.000000000000000000, -1.000000000000000000 ) ) ;
#139 = AXIS2_PLACEMENT_3D ( 'NONE', #58, #2882, #2390 ) ;
#140 = VECTOR ( 'NONE', #1997, 1000.000000000000000 ) ;
#141 = CARTESIAN_POINT ( 'NONE',  ( 36.52224213498844563, -6.938893903907228378E-15, 7.502147685123529364 ) ) ;
#142 = CARTESIAN_POINT ( 'NONE',  ( 20.94999999999999929, 70.00000000000000000, 3.100000000000000089 ) ) ;
#143 = EDGE_LOOP ( 'NONE', ( #571, #5450 ) ) ;
#144 = ORIENTED_EDGE ( 'NONE', *, *, #2416, .T. ) ;
#145 = DIRECTION ( 'NONE',  ( -1.000000000000000000, 0.000000000000000000, 0.000000000000000000 ) ) ;
#146 = AXIS2_PLACEMENT_3D ( 'NONE', #97, #3406, #5291 ) ;
#147 = EDGE_CURVE ( 'NONE', #415, #37, #1202, .T. ) ;
#148 = CIRCLE ( 'NONE', #1902, 1.499999999999994449 ) ;
#149 = CARTESIAN_POINT ( 'NONE',  ( -52.79999999999999716, 45.99999999999999289, 3.100000000000000089 ) ) ;
#150 = CARTESIAN_POINT ( 'NONE',  ( 51.25000000000000711, 28.50000000000000355, 0.000000000000000000 ) ) ;
#151 = CIRCLE ( 'NONE', #348, 1.499999999999994449 ) ;
#152 = CARTESIAN_POINT ( 'NONE',  ( -56.50000000000002842, 75.00000000000000000, 3.100000000000000089 ) ) ;
#153 = ORIENTED_EDGE ( 'NONE', *, *, #980, .F. ) ;
#154 = CARTESIAN_POINT ( 'NONE',  ( -15.85553813188510297, 5.502515355976079547, 8.951879224483093367 ) ) ;
#155 = DIRECTION ( 'NONE',  ( 0.000000000000000000, 0.000000000000000000, -1.000000000000000000 ) ) ;
#156 = CARTESIAN_POINT ( 'NONE',  ( 25.50000000000000711, 39.00000000000000000, 19.09999999999999787 ) ) ;
#157 = CARTESIAN_POINT ( 'NONE',  ( -13.50000000000000533, -6.938893903907228378E-15, 9.502147685123530252 ) ) ;
#158 = CARTESIAN_POINT ( 'NONE',  ( -15.85553813188510297, 33.78678660343797446, 8.951879224483091591 ) ) ;
#159 = FACE_OUTER_BOUND ( 'NONE', #3498, .T. ) ;
#160 = ORIENTED_EDGE ( 'NONE', *, *, #392, .F. ) ;
#161 = EDGE_CURVE ( 'NONE', #5040, #3109, #5419, .T. ) ;
#162 = CARTESIAN_POINT ( 'NONE',  ( -1.550000000000004707, 45.00000000000000000, 3.100000000000000533 ) ) ;
#163 = CARTESIAN_POINT ( 'NONE',  ( -36.52224213498844563, 39.00000000000000000, 7.502147685123529364 ) ) ;
#164 = DIRECTION ( 'NONE',  ( -1.000000000000000000, 0.000000000000000000, 0.000000000000000000 ) ) ;
#165 = CYLINDRICAL_SURFACE ( 'NONE', #1555, 1.000000000000000888 ) ;
#166 = ORIENTED_EDGE ( 'NONE', *, *, #884, .F. ) ;
#167 = VERTEX_POINT ( 'NONE', #5447 ) ;
#168 = EDGE_CURVE ( 'NONE', #241, #1057, #1890, .T. ) ;
#169 = ADVANCED_FACE ( 'NONE', ( #1269 ), #4059, .T. ) ;
#170 = CARTESIAN_POINT ( 'NONE',  ( 15.85553813188512251, 30.49748464402403059, 8.951879224483088038 ) ) ;
#171 = CARTESIAN_POINT ( 'NONE',  ( 14.47775786501156858, -1.000000000000006883, 7.502147685123529364 ) ) ;
#172 = CARTESIAN_POINT ( 'NONE',  ( 13.50000000000000533, -6.938893903907228378E-15, 8.502147685123528476 ) ) ;
#173 = ORIENTED_EDGE ( 'NONE', *, *, #761, .T. ) ;
#174 = EDGE_LOOP ( 'NONE', ( #1528, #4216, #3541, #4090, #2700, #3367, #5696 ) ) ;
#175 = CARTESIAN_POINT ( 'NONE',  ( 15.85553813188512251, -1.000000000000006883, 8.951879224483088038 ) ) ;
#176 = DIRECTION ( 'NONE',  ( -0.000000000000000000, -0.000000000000000000, -1.000000000000000000 ) ) ;
#177 = CARTESIAN_POINT ( 'NONE',  ( -16.43624433899085346, 3.222978960919815172, 8.429943725465442128 ) ) ;
#178 = ORIENTED_EDGE ( 'NONE', *, *, #1774, .F. ) ;
#179 = CARTESIAN_POINT ( 'NONE',  ( 52.50000000000004263, -48.69999999999999574, 3.100000000000000089 ) ) ;
#180 = VECTOR ( 'NONE', #3574, 1000.000000000000000 ) ;
#181 = DIRECTION ( 'NONE',  ( 0.000000000000000000, 0.000000000000000000, 1.000000000000000000 ) ) ;
#182 = CARTESIAN_POINT ( 'NONE',  ( -11.50000000000000533, -6.938893903907228378E-15, 7.502147685123530252 ) ) ;
#183 = AXIS2_PLACEMENT_3D ( 'NONE', #4352, #1170, #3447 ) ;
#184 = ORIENTED_EDGE ( 'NONE', *, *, #5310, .T. ) ;
#185 = CARTESIAN_POINT ( 'NONE',  ( 12.50000000000000178, -1.000000000000006883, 3.099999999999999645 ) ) ;
#186 = CIRCLE ( 'NONE', #5356, 2.000000000000001776 ) ;
#187 = CARTESIAN_POINT ( 'NONE',  ( -11.76713562373095812, 3.857864376269070750, 8.500737217142409818 ) ) ;
#188 = DIRECTION ( 'NONE',  ( 1.000000000000000000, 0.000000000000000000, 0.000000000000000000 ) ) ;
#189 = DIRECTION ( 'NONE',  ( -0.000000000000000000, -0.000000000000000000, -1.000000000000000000 ) ) ;
#190 = CARTESIAN_POINT ( 'NONE',  ( 25.50000000000000711, -1.000000000000006883, 19.09999999999999787 ) ) ;
#191 = ORIENTED_EDGE ( 'NONE', *, *, #5718, .F. ) ;
#192 = ORIENTED_EDGE ( 'NONE', *, *, #4606, .T. ) ;
#193 = CARTESIAN_POINT ( 'NONE',  ( 30.68507228232670769, 7.459240813985532625, 6.095152196499653563 ) ) ;
#194 = EDGE_CURVE ( 'NONE', #2295, #3207, #134, .T. ) ;
#195 = EDGE_CURVE ( 'NONE', #656, #1700, #3544, .T. ) ;
#196 = DIRECTION ( 'NONE',  ( 1.000000000000000000, 0.000000000000000000, 0.000000000000000000 ) ) ;
#197 = CARTESIAN_POINT ( 'NONE',  ( -25.50000000000000711, -1.000000000000006883, 19.09999999999999787 ) ) ;
#198 = VERTEX_POINT ( 'NONE', #4960 ) ;
#199 = ORIENTED_EDGE ( 'NONE', *, *, #2905, .T. ) ;
#200 = CARTESIAN_POINT ( 'NONE',  ( 11.50000000000000711, -1.000000000000006883, 3.100000000000000089 ) ) ;
#201 = EDGE_CURVE ( 'NONE', #2138, #4404, #3397, .T. ) ;
#202 = EDGE_CURVE ( 'NONE', #2209, #3690, #31, .T. ) ;
#203 = CARTESIAN_POINT ( 'NONE',  ( -56.50000000000002842, 75.00000000000000000, 3.100000000000000089 ) ) ;
#204 = ORIENTED_EDGE ( 'NONE', *, *, #2053, .F. ) ;
#205 = PLANE ( 'NONE',  #5944 ) ;
#206 = AXIS2_PLACEMENT_3D ( 'NONE', #5075, #1383, #493 ) ;
#207 = AXIS2_PLACEMENT_3D ( 'NONE', #1756, #2212, #4069 ) ;
#208 = CARTESIAN_POINT ( 'NONE',  ( -30.68438216175728428, 10.53989535897532015, 6.094879801748366965 ) ) ;
#209 = CARTESIAN_POINT ( 'NONE',  ( 30.48928523886388575, 25.72527350423080961, 6.018789284992938526 ) ) ;
#210 = DIRECTION ( 'NONE',  ( -1.000000000000000000, 0.000000000000000000, 0.000000000000000000 ) ) ;
#211 = EDGE_LOOP ( 'NONE', ( #6025, #5444 ) ) ;
#212 = EDGE_CURVE ( 'NONE', #4383, #3602, #4225, .T. ) ;
#213 = CARTESIAN_POINT ( 'NONE',  ( -15.94837672649615179, 30.59420418076658521, 8.863648279520782935 ) ) ;
#214 = DIRECTION ( 'NONE',  ( 0.000000000000000000, 0.000000000000000000, -1.000000000000000000 ) ) ;
#215 = CYLINDRICAL_SURFACE ( 'NONE', #2558, 1.000000000000000000 ) ;
#216 = AXIS2_PLACEMENT_3D ( 'NONE', #4236, #2002, #109 ) ;
#217 = DIRECTION ( 'NONE',  ( 0.000000000000000000, -0.000000000000000000, -1.000000000000000000 ) ) ;
#218 = ORIENTED_EDGE ( 'NONE', *, *, #83, .F. ) ;
#219 = ORIENTED_EDGE ( 'NONE', *, *, #1779, .T. ) ;
#220 = AXIS2_PLACEMENT_3D ( 'NONE', #2602, #2092, #4507 ) ;
#221 = VECTOR ( 'NONE', #1055, 1000.000000000000000 ) ;
#222 = CARTESIAN_POINT ( 'NONE',  ( -54.50000000000002842, 75.00000000000000000, 3.100000000000000089 ) ) ;
#223 = CARTESIAN_POINT ( 'NONE',  ( 36.52224213498844563, 40.00000000000000000, 7.502147685123529364 ) ) ;
#224 = DIRECTION ( 'NONE',  ( 0.6888901334367744100, 0.000000000000000000, -0.7248657696797822236 ) ) ;
#225 = AXIS2_PLACEMENT_3D ( 'NONE', #1332, #2709, #2294 ) ;
#226 = ORIENTED_EDGE ( 'NONE', *, *, #1984, .T. ) ;
#227 = VERTEX_POINT ( 'NONE', #3057 ) ;
#228 = EDGE_CURVE ( 'NONE', #1274, #5480, #712, .T. ) ;
#229 = CIRCLE ( 'NONE', #3626, 12.50000000000000000 ) ;
#230 = FACE_OUTER_BOUND ( 'NONE', #1146, .T. ) ;
#231 = LINE ( 'NONE', #5142, #1983 ) ;
#232 = VERTEX_POINT ( 'NONE', #4427 ) ;
#233 = CARTESIAN_POINT ( 'NONE',  ( 11.97809006013044986, 31.13251292615550270, 8.806822108258172577 ) ) ;
#234 = ORIENTED_EDGE ( 'NONE', *, *, #1168, .F. ) ;
#235 = CARTESIAN_POINT ( 'NONE',  ( -32.01227972429329327, 29.32911820663247582, 6.705722774006341425 ) ) ;
#236 = VECTOR ( 'NONE', #621, 1000.000000000000000 ) ;
#237 = EDGE_CURVE ( 'NONE', #485, #1274, #3042, .T. ) ;
#238 = EDGE_CURVE ( 'NONE', #123, #751, #2520, .T. ) ;
#239 = VECTOR ( 'NONE', #453, 1000.000000000000000 ) ;
#240 = CARTESIAN_POINT ( 'NONE',  ( 14.14213562373094746, 32.14213562373096522, 0.000000000000000000 ) ) ;
#241 = VERTEX_POINT ( 'NONE', #3528 ) ;
#242 = CARTESIAN_POINT ( 'NONE',  ( 30.26810481289678378, 26.17112589363643593, 5.936772763503807226 ) ) ;
#243 = CYLINDRICAL_SURFACE ( 'NONE', #4616, 2.000000000000000000 ) ;
#244 = CARTESIAN_POINT ( 'NONE',  ( 15.02090110951653301, 34.35293349912372918, 9.431678538397340716 ) ) ;
#245 = VERTEX_POINT ( 'NONE', #274 ) ;
#246 = CARTESIAN_POINT ( 'NONE',  ( -38.50000000000000711, 40.00000000000000000, 7.502147685123529364 ) ) ;
#247 = CARTESIAN_POINT ( 'NONE',  ( -15.14435337649610958, 34.29935997815572790, 9.392034203403333947 ) ) ;
#248 = PERSON_AND_ORGANIZATION_ROLE ( 'classification_officer' ) ;
#249 = CARTESIAN_POINT ( 'NONE',  ( -12.16598875927579471, 5.180836973409996382, 8.995197054693049310 ) ) ;
#250 = EDGE_CURVE ( 'NONE', #2758, #5167, #5879, .T. ) ;
#251 = CARTESIAN_POINT ( 'NONE',  ( -34.50000000000001421, 9.000000000000007105, 0.000000000000000000 ) ) ;
#252 = EDGE_LOOP ( 'NONE', ( #2088, #5554, #23, #2380 ) ) ;
#253 = ORIENTED_EDGE ( 'NONE', *, *, #3794, .F. ) ;
#254 = CARTESIAN_POINT ( 'NONE',  ( -11.73796770325480843, 13.69707658376057147, 8.457304957050578054 ) ) ;
#255 = DIRECTION ( 'NONE',  ( 0.000000000000000000, -1.000000000000000000, 0.000000000000000000 ) ) ;
#256 = DIRECTION ( 'NONE',  ( 0.000000000000000000, 0.000000000000000000, -1.000000000000000000 ) ) ;
#257 = ORIENTED_EDGE ( 'NONE', *, *, #3906, .T. ) ;
#258 = ORIENTED_EDGE ( 'NONE', *, *, #3821, .T. ) ;
#259 = DIRECTION ( 'NONE',  ( -0.000000000000000000, -1.000000000000000000, -0.000000000000000000 ) ) ;
#260 = B_SPLINE_CURVE_WITH_KNOTS ( 'NONE', 3,
 ( #5823, #2682, #377, #1261, #3170, #2102, #3110, #711, #3621, #254, #1684, #4984, #3050, #3536, #2651, #4924 ),
 .UNSPECIFIED., .F., .F.,
 ( 4, 2, 2, 2, 2, 2, 2, 4 ),
 ( 0.005735313089112794097, 0.007168769137032111535, 0.008602225184951427239, 0.009318953208911087693, 0.01003568123287074815, 0.01075240925683040860, 0.01111077326881023536, 0.01146913728079005865 ),
 .UNSPECIFIED. ) ;
#261 = DIRECTION ( 'NONE',  ( 0.000000000000000000, 0.000000000000000000, -1.000000000000000000 ) ) ;
#262 = ADVANCED_FACE ( 'NONE', ( #4482 ), #1619, .T. ) ;
#263 = ORIENTED_EDGE ( 'NONE', *, *, #1721, .T. ) ;
#264 = CARTESIAN_POINT ( 'NONE',  ( 8.461050519918462243, 71.00000000000000000, 3.100000000000000089 ) ) ;
#265 = EDGE_LOOP ( 'NONE', ( #2474, #1025 ) ) ;
#266 = CARTESIAN_POINT ( 'NONE',  ( -34.60591352234134632, 28.10948432962682375, 8.465639771265520253 ) ) ;
#267 = DIRECTION ( 'NONE',  ( 0.000000000000000000, 0.000000000000000000, -1.000000000000000000 ) ) ;
#268 = EDGE_CURVE ( 'NONE', #3207, #2295, #1407, .T. ) ;
#269 = CARTESIAN_POINT ( 'NONE',  ( 30.14320654120542997, 26.66187196507581447, 5.892348751870152057 ) ) ;
#270 = FACE_OUTER_BOUND ( 'NONE', #1595, .T. ) ;
#271 = EDGE_CURVE ( 'NONE', #4663, #1451, #2123, .T. ) ;
#272 = ORIENTED_EDGE ( 'NONE', *, *, #2231, .T. ) ;
#273 = FACE_OUTER_BOUND ( 'NONE', #1704, .T. ) ;
#274 = CARTESIAN_POINT ( 'NONE',  ( 49.69999999999999574, 46.00000000000000711, 0.000000000000000000 ) ) ;
#275 =( NAMED_UNIT ( * ) PLANE_ANGLE_UNIT ( ) SI_UNIT ( $, .RADIAN. ) );
#276 = CARTESIAN_POINT ( 'NONE',  ( -12.99831509260648410, 5.943630184227585822, 9.442154846557146541 ) ) ;
#277 = CIRCLE ( 'NONE', #2510, 1.000000000000000000 ) ;
#278 = CARTESIAN_POINT ( 'NONE',  ( -34.25431641883844236, 7.392352756171506556, 8.173885243278601109 ) ) ;
#279 = ORIENTED_EDGE ( 'NONE', *, *, #3430, .F. ) ;
#280 = ADVANCED_FACE ( 'NONE', ( #3494 ), #3073, .F. ) ;
#281 = ORIENTED_EDGE ( 'NONE', *, *, #2045, .F. ) ;
#282 = AXIS2_PLACEMENT_3D ( 'NONE', #5506, #3504, #1685 ) ;
#283 = LINE ( 'NONE', #2225, #4022 ) ;
#284 = CARTESIAN_POINT ( 'NONE',  ( -51.25000000000000000, 45.99999999999999289, 0.000000000000000000 ) ) ;
#285 = VECTOR ( 'NONE', #2512, 1000.000000000000000 ) ;
#286 = CARTESIAN_POINT ( 'NONE',  ( -14.47775786501156858, 6.209030621169200792, 9.502147685123530252 ) ) ;
#287 = ORIENTED_EDGE ( 'NONE', *, *, #3980, .F. ) ;
#288 = EDGE_LOOP ( 'NONE', ( #4581, #3555 ) ) ;
#289 = CARTESIAN_POINT ( 'NONE',  ( -12.50000000000000000, 39.00000000000000000, -5.421010862427522959E-15 ) ) ;
#290 = ADVANCED_FACE ( 'NONE', ( #1255 ), #763, .F. ) ;
#291 = TOROIDAL_SURFACE ( 'NONE', #3610, 15.00000000000000000, 1.000000000000000000 ) ;
#292 = CYLINDRICAL_SURFACE ( 'NONE', #4332, 2.000000000000000000 ) ;
#293 = CARTESIAN_POINT ( 'NONE',  ( -32.50000000000001421, 9.000000000000007105, 4.000000000000000000 ) ) ;
#294 = VERTEX_POINT ( 'NONE', #5842 ) ;
#295 = CARTESIAN_POINT ( 'NONE',  ( 32.50000000000000711, 27.00000000000001066, 4.000000000000000000 ) ) ;
#296 = ORIENTED_EDGE ( 'NONE', *, *, #3276, .T. ) ;
#297 = CARTESIAN_POINT ( 'NONE',  ( -30.68438216175727007, 28.53989535897530772, 6.094879801748362524 ) ) ;
#298 = CARTESIAN_POINT ( 'NONE',  ( -30.40422685182722873, 10.12958492385019227, 5.986881542421297553 ) ) ;
#299 = ORIENTED_EDGE ( 'NONE', *, *, #1361, .F. ) ;
#300 = DIRECTION ( 'NONE',  ( 1.000000000000000000, 0.000000000000000000, 0.000000000000000000 ) ) ;
#301 = CARTESIAN_POINT ( 'NONE',  ( 16.50049258365876881, 3.535115654173748734, 8.375698911004564096 ) ) ;
#302 = FACE_OUTER_BOUND ( 'NONE', #6010, .T. ) ;
#303 = ORIENTED_EDGE ( 'NONE', *, *, #120, .T. ) ;
#304 = EDGE_CURVE ( 'NONE', #5865, #1573, #4759, .T. ) ;
#305 = VECTOR ( 'NONE', #2644, 1000.000000000000000 ) ;
#306 = APPLICATION_CONTEXT ( 'configuration controlled 3d designs of mechanical parts and assemblies' ) ;
#307 = CARTESIAN_POINT ( 'NONE',  ( -14.14213562373084443, 32.14213562373108601, 9.502147685123530252 ) ) ;
#308 = EDGE_CURVE ( 'NONE', #1659, #2518, #4453, .T. ) ;
#309 = DIRECTION ( 'NONE',  ( -0.000000000000000000, 0.000000000000000000, 1.000000000000000000 ) ) ;
#310 = DIRECTION ( 'NONE',  ( -0.000000000000000000, -1.000000000000000000, -0.000000000000000000 ) ) ;
#311 = CARTESIAN_POINT ( 'NONE',  ( -11.81567179217669228, 4.396607805176146577, 8.589109025535343278 ) ) ;
#312 = CARTESIAN_POINT ( 'NONE',  ( 15.85553813188512251, -1.000000000000006883, 8.951879224483088038 ) ) ;
#313 = AXIS2_PLACEMENT_3D ( 'NONE', #4783, #2486, #4818 ) ;
#314 = ORIENTED_EDGE ( 'NONE', *, *, #268, .F. ) ;
#315 = EDGE_LOOP ( 'NONE', ( #5118, #2585, #4447, #1050 ) ) ;
#316 = EDGE_CURVE ( 'NONE', #390, #580, #3834, .T. ) ;
#317 = EDGE_CURVE ( 'NONE', #4942, #1172, #4015, .T. ) ;
#318 = CARTESIAN_POINT ( 'NONE',  ( 13.50000000000000533, 34.42868036213773308, 9.502147685123530252 ) ) ;
#319 = DIRECTION ( 'NONE',  ( -0.000000000000000000, -0.000000000000000000, 1.000000000000000000 ) ) ;
#320 = DIRECTION ( 'NONE',  ( -0.000000000000000000, -0.000000000000000000, -1.000000000000000000 ) ) ;
#321 = ORIENTED_EDGE ( 'NONE', *, *, #5648, .F. ) ;
#322 = ORIENTED_EDGE ( 'NONE', *, *, #5169, .T. ) ;
#323 = DIRECTION ( 'NONE',  ( -1.000000000000000000, 0.000000000000000000, 0.000000000000000000 ) ) ;
#324 = AXIS2_PLACEMENT_3D ( 'NONE', #395, #2785, #5129 ) ;
#325 = AXIS2_PLACEMENT_3D ( 'NONE', #2777, #2691, #4064 ) ;
#326 = LINE ( 'NONE', #5478, #180 ) ;
#327 = ORIENTED_EDGE ( 'NONE', *, *, #4680, .T. ) ;
#328 = LINE ( 'NONE', #2626, #3972 ) ;
#329 = ORIENTED_EDGE ( 'NONE', *, *, #1834, .T. ) ;
#330 = EDGE_CURVE ( 'NONE', #4292, #5480, #1287, .T. ) ;
#331 = CARTESIAN_POINT ( 'NONE',  ( -32.74519124304271855, 29.36677195438284471, 7.119367140298348495 ) ) ;
#332 = VECTOR ( 'NONE', #4786, 1000.000000000000000 ) ;
#333 = CIRCLE ( 'NONE', #139, 1.550000000000002709 ) ;
#334 = VECTOR ( 'NONE', #3505, 1000.000000000000000 ) ;
#335 = CARTESIAN_POINT ( 'NONE',  ( -30.14283192872273176, 9.335877503425711765, 5.892216911619247988 ) ) ;
#336 = AXIS2_PLACEMENT_3D ( 'NONE', #5308, #1122, #4846 ) ;
#337 = ORIENTED_EDGE ( 'NONE', *, *, #5422, .F. ) ;
#338 = CARTESIAN_POINT ( 'NONE',  ( 34.34992346875041846, 25.50274760213197567, 8.251404579881553403 ) ) ;
#339 = DIRECTION ( 'NONE',  ( 0.000000000000000000, 0.000000000000000000, -1.000000000000000000 ) ) ;
#340 = ORIENTED_EDGE ( 'NONE', *, *, #836, .T. ) ;
#341 = CC_DESIGN_APPROVAL ( #4975, ( #2960 ) ) ;
#342 = AXIS2_PLACEMENT_3D ( 'NONE', #5048, #3224, #2340 ) ;
#343 = CARTESIAN_POINT ( 'NONE',  ( -15.85553813188512251, -1.000000000000006883, 8.951879224483088038 ) ) ;
#344 = CARTESIAN_POINT ( 'NONE',  ( 16.43605395325148777, 4.493274002232030995, 8.430105721654037154 ) ) ;
#345 = CYLINDRICAL_SURFACE ( 'NONE', #2933, 12.50000000000000000 ) ;
#346 = EDGE_CURVE ( 'NONE', #1901, #3736, #5556, .T. ) ;
#347 = LINE ( 'NONE', #3107, #4091 ) ;
#348 = AXIS2_PLACEMENT_3D ( 'NONE', #4946, #735, #3527 ) ;
#349 = EDGE_LOOP ( 'NONE', ( #5772, #938, #3943, #5394 ) ) ;
#350 = ORIENTED_EDGE ( 'NONE', *, *, #3430, .T. ) ;
#351 = DIRECTION ( 'NONE',  ( 0.000000000000000000, 0.000000000000000000, -1.000000000000000000 ) ) ;
#352 = CARTESIAN_POINT ( 'NONE',  ( -8.500000000000028422, -9.999999999999987566, 0.5999999999999998668 ) ) ;
#353 = FACE_OUTER_BOUND ( 'NONE', #1119, .T. ) ;
#354 = ADVANCED_FACE ( 'NONE', ( #5042 ), #924, .T. ) ;
#355 = ORIENTED_EDGE ( 'NONE', *, *, #2388, .T. ) ;
#356 = ORIENTED_EDGE ( 'NONE', *, *, #868, .T. ) ;
#357 = EDGE_CURVE ( 'NONE', #4688, #919, #1267, .T. ) ;
#358 = CARTESIAN_POINT ( 'NONE',  ( 0.000000000000000000, -1.000000000000006883, 9.502147685123530252 ) ) ;
#359 = CARTESIAN_POINT ( 'NONE',  ( 52.50000000000004974, -26.69999999999998863, 3.100000000000000089 ) ) ;
#360 = CARTESIAN_POINT ( 'NONE',  ( 34.50000000000000000, 9.000000000000007105, 9.502147685123530252 ) ) ;
#361 = DIRECTION ( 'NONE',  ( 0.000000000000000000, 0.000000000000000000, 1.000000000000000000 ) ) ;
#362 = ORIENTED_EDGE ( 'NONE', *, *, #869, .T. ) ;
#363 = CARTESIAN_POINT ( 'NONE',  ( -51.41331815084611634, 58.62563132923541076, 3.100000000000000089 ) ) ;
#364 = ORIENTED_EDGE ( 'NONE', *, *, #5453, .T. ) ;
#365 = CARTESIAN_POINT ( 'NONE',  ( -11.50000000000000533, 22.89897948556637175, 9.502147685123524923 ) ) ;
#366 = CARTESIAN_POINT ( 'NONE',  ( -16.51713562373084443, 32.14213562373108601, 8.361836861103551399 ) ) ;
#367 = ORIENTED_EDGE ( 'NONE', *, *, #2940, .F. ) ;
#368 = DIRECTION ( 'NONE',  ( -1.000000000000000000, 0.000000000000000000, 0.000000000000000000 ) ) ;
#369 = DIRECTION ( 'NONE',  ( -0.000000000000000000, 0.000000000000000000, 1.000000000000000000 ) ) ;
#370 = ORIENTED_EDGE ( 'NONE', *, *, #1361, .T. ) ;
#371 = B_SPLINE_CURVE_WITH_KNOTS ( 'NONE', 3,
 ( #1308, #3156, #5032, #389, #1484, #5060, #4096, #876, #5544, #2718, #2271, #3208, #5089, #675, #2018, #4886, #1139, #3896, #2042, #4395, #654, #3010, #1622, #1567, #3468, #2497 ),
 .UNSPECIFIED., .F., .F.,
 ( 4, 2, 2, 2, 2, 2, 2, 2, 2, 2, 2, 2, 4 ),
 ( 0.000000000000000000, 0.0005039592953356645654, 0.001007918590671329131, 0.002015837181342663900, 0.002519796476678330850, 0.003023755772013998668, 0.004031674362685353820, 0.005039592953356708538, 0.006047511544028064123, 0.006551470839363741916, 0.007055430134699418841, 0.007559389430035096634, 0.008063348725370773559 ),
 .UNSPECIFIED. ) ;
#372 = DIRECTION ( 'NONE',  ( -0.000000000000000000, 0.000000000000000000, 1.000000000000000000 ) ) ;
#373 = DIRECTION ( 'NONE',  ( -1.000000000000000000, 0.000000000000000000, 0.000000000000000000 ) ) ;
#374 = CARTESIAN_POINT ( 'NONE',  ( -34.35136145747166836, 25.50459455195026237, 8.252584229307377228 ) ) ;
#375 = CARTESIAN_POINT ( 'NONE',  ( -34.73495046477398063, 8.180896122828405836, 8.577500267758173536 ) ) ;
#376 = ORIENTED_EDGE ( 'NONE', *, *, #3606, .F. ) ;
#377 = CARTESIAN_POINT ( 'NONE',  ( -12.47359341878782324, 17.05999001369179524, 9.219854745275592123 ) ) ;
#378 = AXIS2_PLACEMENT_3D ( 'NONE', #3598, #2174, #3633 ) ;
#379 = FACE_OUTER_BOUND ( 'NONE', #1682, .T. ) ;
#380 = ORIENTED_EDGE ( 'NONE', *, *, #4756, .T. ) ;
#381 = ORIENTED_EDGE ( 'NONE', *, *, #4148, .F. ) ;
#382 = EDGE_CURVE ( 'NONE', #4570, #4922, #1898, .T. ) ;
#383 = DIRECTION ( 'NONE',  ( -0.000000000000000000, -0.000000000000000000, 1.000000000000000000 ) ) ;
#384 = VECTOR ( 'NONE', #3539, 1000.000000000000000 ) ;
#385 = EDGE_CURVE ( 'NONE', #3611, #2156, #4115, .T. ) ;
#386 = CARTESIAN_POINT ( 'NONE',  ( 12.57238240813896191, 5.644535701650552184, 9.277073604467769741 ) ) ;
#387 = FACE_OUTER_BOUND ( 'NONE', #4192, .T. ) ;
#388 = ORIENTED_EDGE ( 'NONE', *, *, #786, .T. ) ;
#389 = CARTESIAN_POINT ( 'NONE',  ( 30.21400118751291330, 27.66556960744320648, 5.917450697661892356 ) ) ;
#390 = VERTEX_POINT ( 'NONE', #2766 ) ;
#391 = CARTESIAN_POINT ( 'NONE',  ( 36.91105051991845443, 70.99999999999998579, 3.100000000000000089 ) ) ;
#392 = EDGE_CURVE ( 'NONE', #4861, #1784, #5972, .T. ) ;
#393 = CYLINDRICAL_SURFACE ( 'NONE', #4636, 2.000000000000000000 ) ;
#394 = EDGE_LOOP ( 'NONE', ( #5670, #3904 ) ) ;
#395 = CARTESIAN_POINT ( 'NONE',  ( -3.673940397442064700E-15, 45.00000000000000000, 10.00000000000000000 ) ) ;
#396 = DIRECTION ( 'NONE',  ( 0.000000000000000000, 0.000000000000000000, -1.000000000000000000 ) ) ;
#397 = VERTEX_POINT ( 'NONE', #1448 ) ;
#398 = CARTESIAN_POINT ( 'NONE',  ( -36.52224213498844563, -6.938893903907228378E-15, 7.502147685123529364 ) ) ;
#399 = CARTESIAN_POINT ( 'NONE',  ( -30.26804611319992588, 26.17107785344547821, 5.936748583421843861 ) ) ;
#400 = CARTESIAN_POINT ( 'NONE',  ( -9.038949480081539534, 71.00000000000000000, 0.000000000000000000 ) ) ;
#401 = ORIENTED_EDGE ( 'NONE', *, *, #201, .T. ) ;
#402 = AXIS2_PLACEMENT_3D ( 'NONE', #2064, #1506, #4739 ) ;
#403 = CYLINDRICAL_SURFACE ( 'NONE', #342, 1.550000000000002709 ) ;
#404 = CARTESIAN_POINT ( 'NONE',  ( -25.50000000000000711, 39.00000000000000000, 19.09999999999999787 ) ) ;
#405 = AXIS2_PLACEMENT_3D ( 'NONE', #2333, #5995, #1827 ) ;
#406 = CARTESIAN_POINT ( 'NONE',  ( 41.00000000000003553, -9.999999999999994671, 0.5999999999999998668 ) ) ;
#407 = DIRECTION ( 'NONE',  ( -0.000000000000000000, -0.000000000000000000, 1.000000000000000000 ) ) ;
#408 = VERTEX_POINT ( 'NONE', #5619 ) ;
#409 = VERTEX_POINT ( 'NONE', #2311 ) ;
#410 = DIRECTION ( 'NONE',  ( 0.000000000000000000, 0.000000000000000000, -1.000000000000000000 ) ) ;
#411 = CIRCLE ( 'NONE', #2254, 1.000000000000000000 ) ;
#412 = CARTESIAN_POINT ( 'NONE',  ( 0.000000000000000000, -1.000000000000006883, 9.502147685123530252 ) ) ;
#413 = DIRECTION ( 'NONE',  ( 0.000000000000000000, 0.000000000000000000, -1.000000000000000000 ) ) ;
#414 = AXIS2_PLACEMENT_3D ( 'NONE', #5181, #5724, #1032 ) ;
#415 = VERTEX_POINT ( 'NONE', #1350 ) ;
#416 = CYLINDRICAL_SURFACE ( 'NONE', #2607, 1.499999999999994449 ) ;
#417 = ORIENTED_EDGE ( 'NONE', *, *, #2239, .T. ) ;
#418 = CYLINDRICAL_SURFACE ( 'NONE', #4396, 1.550000000000002709 ) ;
#419 = EDGE_CURVE ( 'NONE', #827, #1690, #2890, .T. ) ;
#420 = AXIS2_PLACEMENT_3D ( 'NONE', #2910, #3425, #1551 ) ;
#421 = AXIS2_PLACEMENT_3D ( 'NONE', #6013, #3236, #1369 ) ;
#422 = DIRECTION ( 'NONE',  ( 0.000000000000000000, 0.000000000000000000, 1.000000000000000000 ) ) ;
#423 = ORIENTED_EDGE ( 'NONE', *, *, #2850, .F. ) ;
#424 = VECTOR ( 'NONE', #4929, 1000.000000000000000 ) ;
#425 = FACE_OUTER_BOUND ( 'NONE', #2680, .T. ) ;
#426 = DIRECTION ( 'NONE',  ( -0.000000000000000000, -0.000000000000000000, 1.000000000000000000 ) ) ;
#427 = EDGE_CURVE ( 'NONE', #2694, #5066, #1829, .T. ) ;
#428 = ORIENTED_EDGE ( 'NONE', *, *, #5453, .F. ) ;
#429 = ADVANCED_FACE ( 'NONE', ( #3647 ), #3190, .F. ) ;
#430 = AXIS2_PLACEMENT_3D ( 'NONE', #604, #5248, #5274 ) ;
#431 = AXIS2_PLACEMENT_3D ( 'NONE', #5273, #2992, #1086 ) ;
#432 = FACE_OUTER_BOUND ( 'NONE', #1574, .T. ) ;
#433 = DIRECTION ( 'NONE',  ( -0.000000000000000000, -0.000000000000000000, -1.000000000000000000 ) ) ;
#434 = DIRECTION ( 'NONE',  ( -1.000000000000000000, 0.000000000000000000, 0.000000000000000000 ) ) ;
#435 = DIRECTION ( 'NONE',  ( 0.000000000000000000, 0.000000000000000000, 1.000000000000000000 ) ) ;
#436 = ORIENTED_EDGE ( 'NONE', *, *, #2575, .F. ) ;
#437 = VECTOR ( 'NONE', #5816, 1000.000000000000000 ) ;
#438 = CARTESIAN_POINT ( 'NONE',  ( 13.36790271184399614, 1.608416823453299171, 9.502147685123530252 ) ) ;
#439 = CARTESIAN_POINT ( 'NONE',  ( -25.50000000000000711, 40.00000000000000000, 19.09999999999999787 ) ) ;
#440 = DIRECTION ( 'NONE',  ( 1.000000000000000000, 0.000000000000000000, 0.000000000000000000 ) ) ;
#441 = AXIS2_PLACEMENT_3D ( 'NONE', #5787, #1611, #4505 ) ;
#442 = DIRECTION ( 'NONE',  ( 0.000000000000000000, -1.000000000000000000, 0.000000000000000000 ) ) ;
#443 = DIRECTION ( 'NONE',  ( 1.000000000000000000, 0.000000000000000000, 0.000000000000000000 ) ) ;
#444 = EDGE_LOOP ( 'NONE', ( #3229, #5778, #5368, #1056 ) ) ;
#445 = ORIENTED_EDGE ( 'NONE', *, *, #1868, .F. ) ;
#446 = CARTESIAN_POINT ( 'NONE',  ( 34.73448915160837913, 8.179576989062439907, 8.577092943252537793 ) ) ;
#447 = DIRECTION ( 'NONE',  ( 0.000000000000000000, 0.000000000000000000, -1.000000000000000000 ) ) ;
#448 = DIRECTION ( 'NONE',  ( -1.000000000000000000, 0.000000000000000000, -0.000000000000000000 ) ) ;
#449 = ORIENTED_EDGE ( 'NONE', *, *, #2492, .F. ) ;
#450 = DIRECTION ( 'NONE',  ( -1.000000000000000000, 0.000000000000000000, 0.000000000000000000 ) ) ;
#451 = VERTEX_POINT ( 'NONE', #853 ) ;
#452 = CARTESIAN_POINT ( 'NONE',  ( 52.50000000000004263, -48.69999999999999574, 0.5999999999999998668 ) ) ;
#453 = DIRECTION ( 'NONE',  ( -0.000000000000000000, -0.000000000000000000, 1.000000000000000000 ) ) ;
#454 = ORIENTED_EDGE ( 'NONE', *, *, #4313, .F. ) ;
#455 = CARTESIAN_POINT ( 'NONE',  ( 0.000000000000000000, 39.00000000000000000, 8.502147685123528476 ) ) ;
#456 = ORIENTED_EDGE ( 'NONE', *, *, #2714, .T. ) ;
#457 = VERTEX_POINT ( 'NONE', #885 ) ;
#458 = ADVANCED_FACE ( 'NONE', ( #1769 ), #2508, .T. ) ;
#459 = FACE_BOUND ( 'NONE', #1854, .T. ) ;
#460 = DIRECTION ( 'NONE',  ( -0.000000000000000000, -0.000000000000000000, 1.000000000000000000 ) ) ;
#461 = EDGE_CURVE ( 'NONE', #4242, #3999, #4211, .T. ) ;
#462 = CARTESIAN_POINT ( 'NONE',  ( -31.86530352089041074, 24.70634777030548079, 6.629693010995021396 ) ) ;
#463 = FACE_OUTER_BOUND ( 'NONE', #5314, .T. ) ;
#464 = ORIENTED_EDGE ( 'NONE', *, *, #2637, .T. ) ;
#465 = CARTESIAN_POINT ( 'NONE',  ( 12.38533321852814950, 2.241122494916321095, 9.173351047804546354 ) ) ;
#466 = CARTESIAN_POINT ( 'NONE',  ( -38.50000000000000711, -6.938893903907228378E-15, 0.000000000000000000 ) ) ;
#467 = DIRECTION ( 'NONE',  ( -0.000000000000000000, -0.000000000000000000, 1.000000000000000000 ) ) ;
#468 = EDGE_CURVE ( 'NONE', #3597, #3386, #33, .T. ) ;
#469 = CARTESIAN_POINT ( 'NONE',  ( -32.50000000000001421, 9.000000000000007105, 4.000000000000000000 ) ) ;
#470 = DIRECTION ( 'NONE',  ( 0.000000000000000000, 0.000000000000000000, -1.000000000000000000 ) ) ;
#471 = ORIENTED_EDGE ( 'NONE', *, *, #2239, .F. ) ;
#472 = ORIENTED_EDGE ( 'NONE', *, *, #3579, .F. ) ;
#473 = CARTESIAN_POINT ( 'NONE',  ( 32.30386527368417404, 6.628411409955719868, 6.863350273187774242 ) ) ;
#474 = CARTESIAN_POINT ( 'NONE',  ( 11.73796770325480843, 22.30292341623943031, 8.457304957050574501 ) ) ;
#475 = CARTESIAN_POINT ( 'NONE',  ( -15.69322784225808753, 30.32838927924613870, 9.106133931708026097 ) ) ;
#476 = VERTEX_POINT ( 'NONE', #4151 ) ;
#477 = VECTOR ( 'NONE', #1542, 1000.000000000000000 ) ;
#478 = ORIENTED_EDGE ( 'NONE', *, *, #1648, .T. ) ;
#479 = CARTESIAN_POINT ( 'NONE',  ( 13.50000000000000533, -1.000000000000006883, 8.502147685123528476 ) ) ;
#480 = VECTOR ( 'NONE', #5915, 1000.000000000000000 ) ;
#481 = DIRECTION ( 'NONE',  ( 0.000000000000000000, 0.000000000000000000, -1.000000000000000000 ) ) ;
#482 = ORIENTED_EDGE ( 'NONE', *, *, #3111, .T. ) ;
#483 = CARTESIAN_POINT ( 'NONE',  ( -14.47775786501156858, 29.79096937883096885, 9.502147685123530252 ) ) ;
#484 = CIRCLE ( 'NONE', #1263, 1.499999999999994449 ) ;
#485 = VERTEX_POINT ( 'NONE', #4439 ) ;
#486 = FACE_BOUND ( 'NONE', #1150, .T. ) ;
#487 = AXIS2_PLACEMENT_3D ( 'NONE', #4063, #1271, #4533 ) ;
#488 = CARTESIAN_POINT ( 'NONE',  ( -16.14213562373084798, 32.14213562373108601, 4.000000000000000000 ) ) ;
#489 = DIRECTION ( 'NONE',  ( 1.000000000000000000, 0.000000000000000000, 0.000000000000000000 ) ) ;
#490 = DIRECTION ( 'NONE',  ( 0.000000000000000000, 0.000000000000000000, -1.000000000000000000 ) ) ;
#491 = DATE_AND_TIME ( #854, #4626 ) ;
#492 = CARTESIAN_POINT ( 'NONE',  ( -52.79999999999999005, 28.49999999999998934, 0.000000000000000000 ) ) ;
#493 = DIRECTION ( 'NONE',  ( -1.000000000000000000, 0.000000000000000000, 0.000000000000000000 ) ) ;
#494 = ORIENTED_EDGE ( 'NONE', *, *, #1835, .F. ) ;
#495 = ADVANCED_FACE ( 'NONE', ( #5672 ), #3967, .T. ) ;
#496 = EDGE_CURVE ( 'NONE', #5217, #4923, #2368, .T. ) ;
#497 = FACE_OUTER_BOUND ( 'NONE', #3685, .T. ) ;
#498 = CARTESIAN_POINT ( 'NONE',  ( 14.14213562373094746, 32.14213562373096522, 4.000000000000000000 ) ) ;
#499 = DIRECTION ( 'NONE',  ( -0.000000000000000000, -0.000000000000000000, -1.000000000000000000 ) ) ;
#500 = CARTESIAN_POINT ( 'NONE',  ( -12.50000000000000355, 39.00000000000000000, 7.502147685123529364 ) ) ;
#501 = DIRECTION ( 'NONE',  ( 0.000000000000000000, 0.000000000000000000, -1.000000000000000000 ) ) ;
#502 = VECTOR ( 'NONE', #4677, 1000.000000000000000 ) ;
#503 = ORIENTED_EDGE ( 'NONE', *, *, #4660, .F. ) ;
#504 = ORIENTED_EDGE ( 'NONE', *, *, #5997, .F. ) ;
#505 = EDGE_CURVE ( 'NONE', #4965, #3532, #2009, .T. ) ;
#506 = EDGE_CURVE ( 'NONE', #4928, #4020, #2455, .T. ) ;
#507 = ADVANCED_FACE ( 'NONE', ( #4761 ), #5650, .T. ) ;
#508 = AXIS2_PLACEMENT_3D ( 'NONE', #4642, #2245, #4106 ) ;
#509 = CARTESIAN_POINT ( 'NONE',  ( 33.92745367759177810, 7.096390480419127123, 7.919645600429386256 ) ) ;
#510 = PLANE ( 'NONE',  #5265 ) ;
#511 = DIRECTION ( 'NONE',  ( 0.000000000000000000, -1.000000000000000000, 0.000000000000000000 ) ) ;
#512 = ORIENTED_EDGE ( 'NONE', *, *, #4445, .T. ) ;
#513 = ORIENTED_EDGE ( 'NONE', *, *, #5381, .F. ) ;
#514 = DIRECTION ( 'NONE',  ( -0.000000000000000000, 1.000000000000000000, -0.000000000000000000 ) ) ;
#515 = CIRCLE ( 'NONE', #3223, 14.00000000000000000 ) ;
#516 = CARTESIAN_POINT ( 'NONE',  ( 51.25000000000000000, 46.00000000000000711, 0.000000000000000000 ) ) ;
#517 = EDGE_CURVE ( 'NONE', #1945, #4996, #6024, .T. ) ;
#518 = VERTEX_POINT ( 'NONE', #4788 ) ;
#519 = DIRECTION ( 'NONE',  ( 0.000000000000000000, 0.000000000000000000, -1.000000000000000000 ) ) ;
#520 = VERTEX_POINT ( 'NONE', #65 ) ;
#521 = LINE ( 'NONE', #5131, #112 ) ;
#522 = TOROIDAL_SURFACE ( 'NONE', #220, 1.000000000000000000, 1.000000000000000000 ) ;
#523 = CARTESIAN_POINT ( 'NONE',  ( -13.50000000000000533, 39.00000000000000000, 9.502147685123530252 ) ) ;
#524 = VECTOR ( 'NONE', #4692, 1000.000000000000000 ) ;
#525 = CARTESIAN_POINT ( 'NONE',  ( -25.50000000000000711, 39.00000000000000000, 4.099999999999999645 ) ) ;
#526 = DIRECTION ( 'NONE',  ( -0.000000000000000000, -0.000000000000000000, 1.000000000000000000 ) ) ;
#527 = CALENDAR_DATE ( 2025, 28, 10 ) ;
#528 = VECTOR ( 'NONE', #1840, 1000.000000000000000 ) ;
#529 = DIRECTION ( 'NONE',  ( 1.000000000000000000, 0.000000000000000000, 0.000000000000000000 ) ) ;
#530 = CYLINDRICAL_SURFACE ( 'NONE', #1085, 1.549999999999994937 ) ;
#531 = ORIENTED_EDGE ( 'NONE', *, *, #2464, .T. ) ;
#532 = AXIS2_PLACEMENT_3D ( 'NONE', #516, #5701, #5152 ) ;
#533 = VECTOR ( 'NONE', #5378, 1000.000000000000000 ) ;
#534 = CARTESIAN_POINT ( 'NONE',  ( -16.51713562373084088, 32.30296669590145342, 8.361836861103551399 ) ) ;
#535 = CARTESIAN_POINT ( 'NONE',  ( 11.76713562373082667, 3.857864376268921092, 9.502147685123530252 ) ) ;
#536 = EDGE_CURVE ( 'NONE', #4242, #59, #2795, .T. ) ;
#537 = FACE_OUTER_BOUND ( 'NONE', #5196, .T. ) ;
#538 = DIRECTION ( 'NONE',  ( 0.000000000000000000, 0.000000000000000000, 1.000000000000000000 ) ) ;
#539 = VECTOR ( 'NONE', #310, 1000.000000000000000 ) ;
#540 = PLANE ( 'NONE',  #3620 ) ;
#541 = CIRCLE ( 'NONE', #3726, 2.375000000000000444 ) ;
#542 = EDGE_LOOP ( 'NONE', ( #4493, #1820 ) ) ;
#543 = ORIENTED_EDGE ( 'NONE', *, *, #505, .F. ) ;
#544 = CARTESIAN_POINT ( 'NONE',  ( 30.79630615640538593, 7.337584637865160353, 6.139836927703660407 ) ) ;
#545 = CARTESIAN_POINT ( 'NONE',  ( -12.50000000000000178, 40.00000000000000000, 3.099999999999999645 ) ) ;
#546 = DIRECTION ( 'NONE',  ( 0.000000000000000000, -1.000000000000000000, 0.000000000000000000 ) ) ;
#547 = ADVANCED_FACE ( 'NONE', ( #4298 ), #1558, .F. ) ;
#548 = ORIENTED_EDGE ( 'NONE', *, *, #3286, .F. ) ;
#549 = ORIENTED_EDGE ( 'NONE', *, *, #195, .F. ) ;
#550 = CARTESIAN_POINT ( 'NONE',  ( 14.47775786501156858, 39.00000000000000000, 8.502147685123528476 ) ) ;
#551 = CARTESIAN_POINT ( 'NONE',  ( -51.00000000000004263, -48.69999999999999574, 3.100000000000000089 ) ) ;
#552 = ADVANCED_FACE ( 'NONE', ( #3833 ), #3370, .F. ) ;
#553 = ORIENTED_EDGE ( 'NONE', *, *, #2954, .F. ) ;
#554 = CARTESIAN_POINT ( 'NONE',  ( -54.00000000000004263, -26.69999999999998863, 0.5999999999999998668 ) ) ;
#555 = EDGE_LOOP ( 'NONE', ( #664, #2606, #2880, #5417 ) ) ;
#556 = VERTEX_POINT ( 'NONE', #157 ) ;
#557 = CARTESIAN_POINT ( 'NONE',  ( 33.93657598490030836, 10.91429480811707542, 7.924242283610990256 ) ) ;
#558 = CARTESIAN_POINT ( 'NONE',  ( -16.51713562373084443, 32.14213562373108601, 9.502147685123530252 ) ) ;
#559 = DIRECTION ( 'NONE',  ( 0.000000000000000000, 0.000000000000000000, -1.000000000000000000 ) ) ;
#560 = ORIENTED_EDGE ( 'NONE', *, *, #5617, .F. ) ;
#561 = CARTESIAN_POINT ( 'NONE',  ( -10.58894948008153314, 71.00000000000000000, 0.000000000000000000 ) ) ;
#562 = FACE_OUTER_BOUND ( 'NONE', #3247, .T. ) ;
#563 = DIRECTION ( 'NONE',  ( -0.000000000000000000, -0.000000000000000000, -1.000000000000000000 ) ) ;
#564 = CARTESIAN_POINT ( 'NONE',  ( 15.16664799844834732, -6.938893903907228378E-15, 8.227013454803309145 ) ) ;
#565 = CARTESIAN_POINT ( 'NONE',  ( -38.50000000000000711, -1.000000000000006883, 3.100000000000000089 ) ) ;
#566 = DIRECTION ( 'NONE',  ( -8.673617379884035472E-16, 0.000000000000000000, -1.000000000000000000 ) ) ;
#567 = VERTEX_POINT ( 'NONE', #4704 ) ;
#568 = ORIENTED_EDGE ( 'NONE', *, *, #5891, .F. ) ;
#569 = DIRECTION ( 'NONE',  ( 0.000000000000000000, 0.000000000000000000, -1.000000000000000000 ) ) ;
#570 = ORIENTED_EDGE ( 'NONE', *, *, #57, .T. ) ;
#571 = ORIENTED_EDGE ( 'NONE', *, *, #3031, .F. ) ;
#572 = FACE_OUTER_BOUND ( 'NONE', #5827, .T. ) ;
#573 = EDGE_CURVE ( 'NONE', #3961, #5876, #4504, .T. ) ;
#574 = EDGE_CURVE ( 'NONE', #5836, #2193, #3287, .T. ) ;
#575 = DIRECTION ( 'NONE',  ( 0.000000000000000000, 0.000000000000000000, -1.000000000000000000 ) ) ;
#576 = ORIENTED_EDGE ( 'NONE', *, *, #2053, .T. ) ;
#577 = CARTESIAN_POINT ( 'NONE',  ( -25.50000000000000711, -1.000000000000006883, 19.09999999999999787 ) ) ;
#578 = EDGE_LOOP ( 'NONE', ( #890, #4839 ) ) ;
#579 = DIRECTION ( 'NONE',  ( -0.000000000000000000, -0.000000000000000000, -1.000000000000000000 ) ) ;
#580 = VERTEX_POINT ( 'NONE', #4590 ) ;
#581 = EDGE_CURVE ( 'NONE', #3985, #4913, #5168, .T. ) ;
#582 = AXIS2_PLACEMENT_3D ( 'NONE', #2496, #5202, #1990 ) ;
#583 = EDGE_CURVE ( 'NONE', #3977, #3940, #843, .T. ) ;
#584 = TOROIDAL_SURFACE ( 'NONE', #2906, 15.00000000000000000, 1.000000000000000000 ) ;
#585 = DIRECTION ( 'NONE',  ( 0.000000000000000000, 0.000000000000000000, 1.000000000000000000 ) ) ;
#586 = DIRECTION ( 'NONE',  ( 0.000000000000000000, 0.000000000000000000, -1.000000000000000000 ) ) ;
#587 = DIRECTION ( 'NONE',  ( 0.000000000000000000, -1.000000000000000000, 0.000000000000000000 ) ) ;
#588 = ORIENTED_EDGE ( 'NONE', *, *, #3917, .T. ) ;
#589 = CARTESIAN_POINT ( 'NONE',  ( -51.00000000000004974, -26.69999999999998863, 0.5999999999999998668 ) ) ;
#590 = CARTESIAN_POINT ( 'NONE',  ( -12.56507439670991388, 2.063153526438792351, 9.284816065325335543 ) ) ;
#591 = CARTESIAN_POINT ( 'NONE',  ( -51.24999999999999289, 28.49999999999998934, 0.000000000000000000 ) ) ;
#592 = CARTESIAN_POINT ( 'NONE',  ( 15.85553813188512251, 39.00000000000000000, 8.951879224483088038 ) ) ;
#593 = EDGE_CURVE ( 'NONE', #2006, #2971, #2205, .T. ) ;
#594 = CARTESIAN_POINT ( 'NONE',  ( -14.47775786501156858, -6.938893903907228378E-15, 8.502147685123528476 ) ) ;
#595 = ORIENTED_EDGE ( 'NONE', *, *, #3472, .T. ) ;
#596 = VERTEX_POINT ( 'NONE', #1242 ) ;
#597 = CARTESIAN_POINT ( 'NONE',  ( 38.50000000000000711, 40.00000000000000000, 3.100000000000000089 ) ) ;
#598 = CYLINDRICAL_SURFACE ( 'NONE', #4864, 1.550000000000002709 ) ;
#599 = DIRECTION ( 'NONE',  ( -1.000000000000000000, 0.000000000000000000, 0.000000000000000000 ) ) ;
#600 = ORIENTED_EDGE ( 'NONE', *, *, #648, .T. ) ;
#601 = DIRECTION ( 'NONE',  ( 0.000000000000000000, 0.000000000000000000, -1.000000000000000000 ) ) ;
#602 = CIRCLE ( 'NONE', #5278, 1.000000000000000000 ) ;
#603 = DIRECTION ( 'NONE',  ( 0.000000000000000000, -0.000000000000000000, -1.000000000000000000 ) ) ;
#604 = CARTESIAN_POINT ( 'NONE',  ( 14.47775786501156858, 40.00000000000000000, 7.502147685123529364 ) ) ;
#605 = EDGE_CURVE ( 'NONE', #3736, #5334, #679, .T. ) ;
#606 = CIRCLE ( 'NONE', #792, 1.499999999999994449 ) ;
#607 = ORIENTED_EDGE ( 'NONE', *, *, #729, .F. ) ;
#608 = EDGE_LOOP ( 'NONE', ( #5286, #2237 ) ) ;
#609 = CARTESIAN_POINT ( 'NONE',  ( -15.01759269049890300, 6.069941102865263005, 9.432571872823031001 ) ) ;
#610 = ORIENTED_EDGE ( 'NONE', *, *, #945, .T. ) ;
#611 = DIRECTION ( 'NONE',  ( 0.000000000000000000, 0.000000000000000000, -1.000000000000000000 ) ) ;
#612 = CARTESIAN_POINT ( 'NONE',  ( -52.50000000000004974, -26.69999999999998863, 0.5999999999999998668 ) ) ;
#613 = EDGE_CURVE ( 'NONE', #3592, #3207, #5424, .T. ) ;
#614 = AXIS2_PLACEMENT_3D ( 'NONE', #3220, #2767, #4361 ) ;
#615 = DIRECTION ( 'NONE',  ( 0.000000000000000000, 1.000000000000000000, 0.000000000000000000 ) ) ;
#616 = DIRECTION ( 'NONE',  ( 0.000000000000000000, 0.000000000000000000, -1.000000000000000000 ) ) ;
#617 = AXIS2_PLACEMENT_3D ( 'NONE', #2828, #4156, #4712 ) ;
#618 = EDGE_CURVE ( 'NONE', #970, #1005, #1471, .T. ) ;
#619 = ORIENTED_EDGE ( 'NONE', *, *, #2482, .F. ) ;
#620 = AXIS2_PLACEMENT_3D ( 'NONE', #2049, #2081, #2529 ) ;
#621 = DIRECTION ( 'NONE',  ( -0.000000000000000000, -0.000000000000000000, 1.000000000000000000 ) ) ;
#622 = CARTESIAN_POINT ( 'NONE',  ( -12.10133901985130400, 2.636964750437770455, 8.934165330995158527 ) ) ;
#623 = CARTESIAN_POINT ( 'NONE',  ( 36.52224213498844563, 40.00000000000000000, 8.502147685123528476 ) ) ;
#624 = CARTESIAN_POINT ( 'NONE',  ( -14.47775786501156858, 40.00000000000000000, 7.502147685123529364 ) ) ;
#625 = EDGE_LOOP ( 'NONE', ( #329, #2407, #834, #160 ) ) ;
#626 = AXIS2_PLACEMENT_3D ( 'NONE', #5893, #810, #2593 ) ;
#627 = EDGE_LOOP ( 'NONE', ( #3231, #5311 ) ) ;
#628 = AXIS2_PLACEMENT_3D ( 'NONE', #3625, #4657, #839 ) ;
#629 = CARTESIAN_POINT ( 'NONE',  ( 16.19782840924456835, 30.94397677795044288, 8.636670997258299565 ) ) ;
#630 = AXIS2_PLACEMENT_3D ( 'NONE', #3748, #2319, #3777 ) ;
#631 = VECTOR ( 'NONE', #2525, 1000.000000000000000 ) ;
#632 = FACE_OUTER_BOUND ( 'NONE', #5975, .T. ) ;
#633 = CARTESIAN_POINT ( 'NONE',  ( -36.52224213498844563, -1.000000000000006883, 9.502147685123530252 ) ) ;
#634 = ORIENTED_EDGE ( 'NONE', *, *, #5718, .T. ) ;
#635 = ORIENTED_EDGE ( 'NONE', *, *, #3794, .T. ) ;
#636 =( GEOMETRIC_REPRESENTATION_CONTEXT ( 3 ) GLOBAL_UNCERTAINTY_ASSIGNED_CONTEXT ( ( #2781 ) ) GLOBAL_UNIT_ASSIGNED_CONTEXT ( ( #1677, #275, #5407 ) ) REPRESENTATION_CONTEXT ( 'NONE', 'WORKASPACE' ) );
#637 = AXIS2_PLACEMENT_3D ( 'NONE', #5435, #2122, #2674 ) ;
#638 = EDGE_CURVE ( 'NONE', #25, #4535, #3883, .T. ) ;
#639 = DIRECTION ( 'NONE',  ( 1.000000000000000000, 0.000000000000000000, 0.000000000000000000 ) ) ;
#640 = DIRECTION ( 'NONE',  ( 0.000000000000000000, 0.000000000000000000, 1.000000000000000000 ) ) ;
#641 = CIRCLE ( 'NONE', #4829, 1.500000000000003997 ) ;
#642 = ORIENTED_EDGE ( 'NONE', *, *, #5280, .F. ) ;
#643 = ORIENTED_EDGE ( 'NONE', *, *, #3986, .T. ) ;
#644 = CARTESIAN_POINT ( 'NONE',  ( 25.50000000000000711, 40.00000000000000000, 19.09999999999999787 ) ) ;
#645 = CYLINDRICAL_SURFACE ( 'NONE', #1971, 2.375000000000000444 ) ;
#646 = DIRECTION ( 'NONE',  ( 0.000000000000000000, 0.000000000000000000, -1.000000000000000000 ) ) ;
#647 = ORIENTED_EDGE ( 'NONE', *, *, #2883, .F. ) ;
#648 = EDGE_CURVE ( 'NONE', #1765, #1974, #3116, .T. ) ;
#649 = ADVANCED_FACE ( 'NONE', ( #4962 ), #3086, .F. ) ;
#650 = CARTESIAN_POINT ( 'NONE',  ( -51.00000000000004974, -26.69999999999998863, 3.100000000000000089 ) ) ;
#651 = CARTESIAN_POINT ( 'NONE',  ( -12.88401815947080387, 1.839291493465105010, 9.408338777722308421 ) ) ;
#652 = CARTESIAN_POINT ( 'NONE',  ( 11.50000000000000533, -6.938893903907228378E-15, 7.502147685123530252 ) ) ;
#653 = CARTESIAN_POINT ( 'NONE',  ( 15.01759269049891543, 29.93005889713477785, 9.432571872823027448 ) ) ;
#654 = CARTESIAN_POINT ( 'NONE',  ( 34.60651986419777160, 28.10843524527739845, 8.466157118722376751 ) ) ;
#655 = ORIENTED_EDGE ( 'NONE', *, *, #2701, .F. ) ;
#656 = VERTEX_POINT ( 'NONE', #4497 ) ;
#657 = DIRECTION ( 'NONE',  ( 0.000000000000000000, -1.000000000000000000, 0.000000000000000000 ) ) ;
#658 = FACE_OUTER_BOUND ( 'NONE', #3475, .T. ) ;
#659 = DIRECTION ( 'NONE',  ( 1.000000000000000000, 0.000000000000000000, 0.000000000000000000 ) ) ;
#660 = ORIENTED_EDGE ( 'NONE', *, *, #4112, .F. ) ;
#661 = EDGE_LOOP ( 'NONE', ( #2625, #5418, #3689, #5885 ) ) ;
#662 = CARTESIAN_POINT ( 'NONE',  ( -54.50000000000000711, -73.00000000000000000, 0.000000000000000000 ) ) ;
#663 = DIRECTION ( 'NONE',  ( -0.000000000000000000, -0.000000000000000000, 1.000000000000000000 ) ) ;
#664 = ORIENTED_EDGE ( 'NONE', *, *, #1804, .T. ) ;
#665 = CARTESIAN_POINT ( 'NONE',  ( -9.038949480081539534, 71.00000000000000000, 0.000000000000000000 ) ) ;
#666 = AXIS2_PLACEMENT_3D ( 'NONE', #293, #1214, #5895 ) ;
#667 = DIRECTION ( 'NONE',  ( -0.000000000000000000, -0.000000000000000000, -1.000000000000000000 ) ) ;
#668 = VERTEX_POINT ( 'NONE', #1336 ) ;
#669 = CARTESIAN_POINT ( 'NONE',  ( -8.500000000000028422, -9.999999999999987566, 3.100000000000000089 ) ) ;
#670 = CIRCLE ( 'NONE', #3783, 12.50000000000000000 ) ;
#671 = DIRECTION ( 'NONE',  ( -1.000000000000000000, 0.000000000000000000, 0.000000000000000000 ) ) ;
#672 = DIRECTION ( 'NONE',  ( 1.000000000000000000, 0.000000000000000000, 0.000000000000000000 ) ) ;
#673 = CARTESIAN_POINT ( 'NONE',  ( 14.14213562373082667, 3.857864376268921092, 4.000000000000000000 ) ) ;
#674 = EDGE_CURVE ( 'NONE', #2926, #4442, #1935, .T. ) ;
#675 = CARTESIAN_POINT ( 'NONE',  ( 32.89300941757939967, 29.36042162784067244, 7.206379289580426395 ) ) ;
#676 = ORIENTED_EDGE ( 'NONE', *, *, #4643, .F. ) ;
#677 = ORIENTED_EDGE ( 'NONE', *, *, #2502, .T. ) ;
#678 = EDGE_CURVE ( 'NONE', #5777, #5589, #326, .T. ) ;
#679 = CIRCLE ( 'NONE', #378, 2.375000000000000444 ) ;
#680 = CARTESIAN_POINT ( 'NONE',  ( 14.14213562373082667, 3.857864376268921092, 0.000000000000000000 ) ) ;
#681 = PLANE ( 'NONE',  #3963 ) ;
#682 = CARTESIAN_POINT ( 'NONE',  ( -10.00000000000003375, -9.999999999999987566, 0.5999999999999998668 ) ) ;
#683 = ADVANCED_FACE ( 'NONE', ( #871 ), #5449, .F. ) ;
#684 = EDGE_CURVE ( 'NONE', #2775, #3148, #1734, .T. ) ;
#685 = ORIENTED_EDGE ( 'NONE', *, *, #202, .F. ) ;
#686 = ORIENTED_EDGE ( 'NONE', *, *, #4344, .F. ) ;
#687 = EDGE_CURVE ( 'NONE', #4144, #1500, #1459, .T. ) ;
#688 = EDGE_CURVE ( 'NONE', #397, #2491, #1152, .T. ) ;
#689 = CARTESIAN_POINT ( 'NONE',  ( -11.76713562373084443, 32.14213562373108601, 8.500737217142214419 ) ) ;
#690 = CARTESIAN_POINT ( 'NONE',  ( 12.49999999999999289, 18.00000000000001066, 9.502147685123530252 ) ) ;
#691 = VERTEX_POINT ( 'NONE', #5177 ) ;
#692 = DIRECTION ( 'NONE',  ( 1.000000000000000000, 0.000000000000000000, 0.000000000000000000 ) ) ;
#693 = AXIS2_PLACEMENT_3D ( 'NONE', #5166, #36, #1900 ) ;
#694 = EDGE_CURVE ( 'NONE', #3071, #5601, #2161, .T. ) ;
#695 = EDGE_CURVE ( 'NONE', #4312, #4073, #5660, .T. ) ;
#696 = VECTOR ( 'NONE', #3248, 1000.000000000000000 ) ;
#697 = DIRECTION ( 'NONE',  ( -1.000000000000000000, 0.000000000000000000, 0.000000000000000000 ) ) ;
#698 = CARTESIAN_POINT ( 'NONE',  ( 32.30386527368416694, 24.62841140995572076, 6.863350273187774242 ) ) ;
#699 = FACE_OUTER_BOUND ( 'NONE', #108, .T. ) ;
#700 = FACE_BOUND ( 'NONE', #1372, .T. ) ;
#701 = EDGE_LOOP ( 'NONE', ( #5828, #3800, #3898, #5537, #1848, #4235, #905, #3048, #5704, #2428, #5440, #560, #3348 ) ) ;
#702 = CARTESIAN_POINT ( 'NONE',  ( 14.14213562373082667, 3.857864376268921092, 9.502147685123530252 ) ) ;
#703 = CARTESIAN_POINT ( 'NONE',  ( -14.47775786501156858, 34.49330186863119962, 9.502147685123530252 ) ) ;
#704 = DIRECTION ( 'NONE',  ( -0.000000000000000000, 1.000000000000000000, -0.000000000000000000 ) ) ;
#705 = AXIS2_PLACEMENT_3D ( 'NONE', #1511, #2494, #4832 ) ;
#706 = DIRECTION ( 'NONE',  ( -0.000000000000000000, 1.000000000000000000, -0.000000000000000000 ) ) ;
#707 = CARTESIAN_POINT ( 'NONE',  ( -12.38445809288303678, 30.52643434491501395, 9.172711736434829177 ) ) ;
#708 = ORIENTED_EDGE ( 'NONE', *, *, #5160, .T. ) ;
#709 = CIRCLE ( 'NONE', #5773, 1.549999999999994049 ) ;
#710 = ADVANCED_FACE ( 'NONE', ( #4691, #1488 ), #510, .F. ) ;
#711 = CARTESIAN_POINT ( 'NONE',  ( -11.94510118347226957, 14.31006790189796263, 8.763565779093612562 ) ) ;
#712 = CIRCLE ( 'NONE', #4325, 2.000000000000000000 ) ;
#713 = DIRECTION ( 'NONE',  ( 3.469446951953614189E-15, 0.000000000000000000, -1.000000000000000000 ) ) ;
#714 = DIRECTION ( 'NONE',  ( -0.000000000000000000, 0.000000000000000000, -1.000000000000000000 ) ) ;
#715 = VECTOR ( 'NONE', #3002, 1000.000000000000000 ) ;
#716 = ORIENTED_EDGE ( 'NONE', *, *, #5647, .T. ) ;
#717 = ORIENTED_EDGE ( 'NONE', *, *, #5320, .F. ) ;
#718 = AXIS2_PLACEMENT_3D ( 'NONE', #5183, #2908, #111 ) ;
#719 = EDGE_CURVE ( 'NONE', #4535, #4312, #277, .T. ) ;
#720 = AXIS2_PLACEMENT_3D ( 'NONE', #4489, #1655, #4551 ) ;
#721 = CARTESIAN_POINT ( 'NONE',  ( -12.50000000000000355, 40.00000000000000000, 7.502147685123529364 ) ) ;
#722 = EDGE_CURVE ( 'NONE', #5427, #2296, #3235, .T. ) ;
#723 = CARTESIAN_POINT ( 'NONE',  ( 31.16523331759325188, 10.97069197095610882, 6.296591883296343006 ) ) ;
#724 = ORIENTED_EDGE ( 'NONE', *, *, #3932, .T. ) ;
#725 = PLANE ( 'NONE',  #5858 ) ;
#726 = VERTEX_POINT ( 'NONE', #1028 ) ;
#727 = CARTESIAN_POINT ( 'NONE',  ( -31.03389877948266573, 28.87542478423974757, 6.239481781067874877 ) ) ;
#728 = AXIS2_PLACEMENT_3D ( 'NONE', #1222, #2114, #5835 ) ;
#729 = EDGE_CURVE ( 'NONE', #1746, #1940, #4959, .T. ) ;
#730 = DIRECTION ( 'NONE',  ( -1.000000000000000000, 0.000000000000000000, 0.000000000000000000 ) ) ;
#731 = ORIENTED_EDGE ( 'NONE', *, *, #1888, .F. ) ;
#732 = CARTESIAN_POINT ( 'NONE',  ( 16.14213562373094746, 32.14213562373096522, 0.000000000000000000 ) ) ;
#733 = FACE_BOUND ( 'NONE', #4843, .T. ) ;
#734 = EDGE_LOOP ( 'NONE', ( #3787, #5031, #753, #2044 ) ) ;
#735 = DIRECTION ( 'NONE',  ( -0.000000000000000000, -0.000000000000000000, -1.000000000000000000 ) ) ;
#736 = DIRECTION ( 'NONE',  ( 0.000000000000000000, 0.000000000000000000, -1.000000000000000000 ) ) ;
#737 = CARTESIAN_POINT ( 'NONE',  ( 13.50000000000000533, 39.00000000000000000, 7.502147685123529364 ) ) ;
#738 = CARTESIAN_POINT ( 'NONE',  ( -13.50000000000000533, 6.144409114675835504, 9.502147685123530252 ) ) ;
#739 = LINE ( 'NONE', #4980, #3212 ) ;
#740 = ORIENTED_EDGE ( 'NONE', *, *, #1691, .F. ) ;
#741 = ORIENTED_EDGE ( 'NONE', *, *, #5310, .F. ) ;
#742 = EDGE_CURVE ( 'NONE', #10, #2762, #2799, .T. ) ;
#743 = DIRECTION ( 'NONE',  ( 0.000000000000000000, 0.000000000000000000, -1.000000000000000000 ) ) ;
#744 = CYLINDRICAL_SURFACE ( 'NONE', #1466, 1.550000000000002709 ) ;
#745 = CARTESIAN_POINT ( 'NONE',  ( -51.25000000000000000, 45.99999999999999289, 0.000000000000000000 ) ) ;
#746 = ORIENTED_EDGE ( 'NONE', *, *, #55, .T. ) ;
#747 = EDGE_LOOP ( 'NONE', ( #5355, #3288 ) ) ;
#748 = CARTESIAN_POINT ( 'NONE',  ( -30.12499999999997158, 26.99999999999997513, 5.886015930083748238 ) ) ;
#749 = CARTESIAN_POINT ( 'NONE',  ( -36.52224213498844563, 40.00000000000000000, 8.502147685123528476 ) ) ;
#750 = DIRECTION ( 'NONE',  ( -0.000000000000000000, -0.000000000000000000, -1.000000000000000000 ) ) ;
#751 = VERTEX_POINT ( 'NONE', #5570 ) ;
#752 = DIRECTION ( 'NONE',  ( 0.000000000000000000, 0.000000000000000000, 1.000000000000000000 ) ) ;
#753 = ORIENTED_EDGE ( 'NONE', *, *, #3579, .T. ) ;
#754 = ADVANCED_FACE ( 'NONE', ( #1397 ), #5121, .F. ) ;
#755 = ADVANCED_FACE ( 'NONE', ( #2900 ), #598, .F. ) ;
#756 = CARTESIAN_POINT ( 'NONE',  ( -30.21392584407402282, 9.665522326570469502, 5.917423409490277564 ) ) ;
#757 = ORIENTED_EDGE ( 'NONE', *, *, #2589, .T. ) ;
#758 = CARTESIAN_POINT ( 'NONE',  ( -11.66717911887096726, 22.48921773655848710, 8.323913227356291245 ) ) ;
#759 = DIRECTION ( 'NONE',  ( 0.000000000000000000, -1.000000000000000000, 0.000000000000000000 ) ) ;
#760 = EDGE_LOOP ( 'NONE', ( #5392, #350, #512, #5663 ) ) ;
#761 = EDGE_CURVE ( 'NONE', #4996, #4888, #4804, .T. ) ;
#762 = DIRECTION ( 'NONE',  ( -4.336808689942018229E-16, -0.000000000000000000, 1.000000000000000000 ) ) ;
#763 = CYLINDRICAL_SURFACE ( 'NONE', #3632, 2.374999999999998668 ) ;
#764 = PERSON_AND_ORGANIZATION_ROLE ( 'creator' ) ;
#765 = CARTESIAN_POINT ( 'NONE',  ( -12.38417717647310035, 5.473215356224168104, 9.172497668779168833 ) ) ;
#766 = AXIS2_PLACEMENT_3D ( 'NONE', #1520, #3850, #196 ) ;
#767 = CARTESIAN_POINT ( 'NONE',  ( -31.16418610326812910, 7.030014407816107536, 6.296128690346325385 ) ) ;
#768 = ORIENTED_EDGE ( 'NONE', *, *, #20, .T. ) ;
#769 = ORIENTED_EDGE ( 'NONE', *, *, #2429, .F. ) ;
#770 = CIRCLE ( 'NONE', #4376, 1.549999999999994049 ) ;
#771 = LINE ( 'NONE', #803, #533 ) ;
#772 = ADVANCED_FACE ( 'NONE', ( #658 ), #3359, .T. ) ;
#773 = DIRECTION ( 'NONE',  ( -1.000000000000000000, 0.000000000000000000, 0.000000000000000000 ) ) ;
#774 = AXIS2_PLACEMENT_3D ( 'NONE', #264, #752, #692 ) ;
#775 = B_SPLINE_CURVE_WITH_KNOTS ( 'NONE', 3,
 ( #1706, #5004, #301, #4973, #3096, #4542, #1641, #4871, #5726, #3023 ),
 .UNSPECIFIED., .F., .F.,
 ( 4, 2, 2, 2, 4 ),
 ( 0.002810310516541541636, 0.003290487319686741415, 0.003770664122831941627, 0.004250840925977140972, 0.004731017729122341184 ),
 .UNSPECIFIED. ) ;
#776 = LINE ( 'NONE', #2618, #1788 ) ;
#777 = EDGE_LOOP ( 'NONE', ( #3837, #4724, #568, #2253 ) ) ;
#778 = ORIENTED_EDGE ( 'NONE', *, *, #5485, .F. ) ;
#779 = DIRECTION ( 'NONE',  ( 0.000000000000000000, -1.000000000000000000, 0.000000000000000000 ) ) ;
#780 = FACE_OUTER_BOUND ( 'NONE', #1635, .T. ) ;
#781 = DIRECTION ( 'NONE',  ( 0.000000000000000000, 1.000000000000000000, -0.000000000000000000 ) ) ;
#782 = CARTESIAN_POINT ( 'NONE',  ( 34.50000000000000711, 27.00000000000001066, 9.502147685123530252 ) ) ;
#783 = ORIENTED_EDGE ( 'NONE', *, *, #719, .T. ) ;
#784 = CARTESIAN_POINT ( 'NONE',  ( 12.09320279939933940, 30.91654055062484829, 8.936136649354176953 ) ) ;
#785 = CARTESIAN_POINT ( 'NONE',  ( -34.52729576462407124, 28.24651932370766971, 8.398554787988661730 ) ) ;
#786 = EDGE_CURVE ( 'NONE', #3099, #567, #2317, .T. ) ;
#787 = DIRECTION ( 'NONE',  ( -0.000000000000000000, -0.000000000000000000, -1.000000000000000000 ) ) ;
#788 = AXIS2_PLACEMENT_3D ( 'NONE', #3743, #3221, #5525 ) ;
#789 = CARTESIAN_POINT ( 'NONE',  ( 30.21420101713739470, 26.33372003980098341, 5.917521961082595539 ) ) ;
#790 = CARTESIAN_POINT ( 'NONE',  ( 15.68369850026668466, 33.95310241017087094, 9.102057025845557092 ) ) ;
#791 = EDGE_LOOP ( 'NONE', ( #549, #362, #857, #184 ) ) ;
#792 = AXIS2_PLACEMENT_3D ( 'NONE', #179, #579, #5729 ) ;
#793 = DIRECTION ( 'NONE',  ( -1.000000000000000000, 0.000000000000000000, 0.000000000000000000 ) ) ;
#794 = CARTESIAN_POINT ( 'NONE',  ( 16.19773122559064049, 5.056127549139473487, 8.636761677033373275 ) ) ;
#795 = APPROVAL_ROLE ( '' ) ;
#796 = EDGE_CURVE ( 'NONE', #2734, #4404, #88, .T. ) ;
#797 = DIRECTION ( 'NONE',  ( 1.000000000000000000, 0.000000000000000000, 0.000000000000000000 ) ) ;
#798 = DIRECTION ( 'NONE',  ( -0.000000000000000000, -0.000000000000000000, -1.000000000000000000 ) ) ;
#799 = AXIS2_PLACEMENT_3D ( 'NONE', #2935, #1492, #4809 ) ;
#800 = VERTEX_POINT ( 'NONE', #5694 ) ;
#801 = EDGE_LOOP ( 'NONE', ( #1912, #3268, #1355, #3763 ) ) ;
#802 = AXIS2_PLACEMENT_3D ( 'NONE', #3439, #5766, #5290 ) ;
#803 = CARTESIAN_POINT ( 'NONE',  ( 56.49999999999999289, -72.99999999999997158, 0.000000000000000000 ) ) ;
#804 = FACE_OUTER_BOUND ( 'NONE', #2778, .T. ) ;
#805 = LINE ( 'NONE', #5080, #2358 ) ;
#806 = ORIENTED_EDGE ( 'NONE', *, *, #2605, .T. ) ;
#807 = CIRCLE ( 'NONE', #3134, 1.000000000000000000 ) ;
#808 = ORIENTED_EDGE ( 'NONE', *, *, #5382, .F. ) ;
#809 = CIRCLE ( 'NONE', #802, 2.000000000000001776 ) ;
#810 = DIRECTION ( 'NONE',  ( -0.000000000000000000, -0.000000000000000000, -1.000000000000000000 ) ) ;
#811 = AXIS2_PLACEMENT_3D ( 'NONE', #2856, #116, #1413 ) ;
#812 = CARTESIAN_POINT ( 'NONE',  ( 56.49999999999997158, 75.00000000000000000, 3.100000000000000089 ) ) ;
#813 = AXIS2_PLACEMENT_3D ( 'NONE', #1029, #511, #2479 ) ;
#814 = CARTESIAN_POINT ( 'NONE',  ( -13.50000000000000533, 39.00000000000000000, 8.502147685123528476 ) ) ;
#815 = ORIENTED_EDGE ( 'NONE', *, *, #3878, .T. ) ;
#816 = CARTESIAN_POINT ( 'NONE',  ( 11.50000000000000711, 39.00000000000000000, 3.100000000000000089 ) ) ;
#817 = CARTESIAN_POINT ( 'NONE',  ( 16.51713562373094746, 32.14213562373096522, 8.361836861103464358 ) ) ;
#818 = CIRCLE ( 'NONE', #5969, 1.499999999999994449 ) ;
#819 = EDGE_CURVE ( 'NONE', #993, #397, #1143, .T. ) ;
#820 = CIRCLE ( 'NONE', #225, 1.000000000000000000 ) ;
#821 = CARTESIAN_POINT ( 'NONE',  ( -34.60591352234133922, 10.10948432962681842, 8.465639771265525582 ) ) ;
#822 = LOCAL_TIME ( 23, 9, 39.00000000000000000, #3074 ) ;
#823 = VECTOR ( 'NONE', #1213, 1000.000000000000000 ) ;
#824 = ORIENTED_EDGE ( 'NONE', *, *, #613, .F. ) ;
#825 = CARTESIAN_POINT ( 'NONE',  ( 33.92745367759180652, 25.09639048041913867, 7.919645600429396914 ) ) ;
#826 = CARTESIAN_POINT ( 'NONE',  ( -12.47357666984745173, 18.93973834885769492, 9.219837700352403687 ) ) ;
#827 = VERTEX_POINT ( 'NONE', #1054 ) ;
#828 = PRODUCT ( 'Base', 'Base', '', ( #4049 ) ) ;
#829 = DIRECTION ( 'NONE',  ( -1.000000000000000000, 0.000000000000000000, 0.000000000000000000 ) ) ;
#830 = DIRECTION ( 'NONE',  ( -0.000000000000000000, -0.000000000000000000, 1.000000000000000000 ) ) ;
#831 = DATE_TIME_ROLE ( 'creation_date' ) ;
#832 = CARTESIAN_POINT ( 'NONE',  ( -11.76713562373095812, 3.857864376269070750, 8.500737217142409818 ) ) ;
#833 = DIRECTION ( 'NONE',  ( -0.000000000000000000, -0.000000000000000000, 1.000000000000000000 ) ) ;
#834 = ORIENTED_EDGE ( 'NONE', *, *, #3091, .T. ) ;
#835 = VERTEX_POINT ( 'NONE', #3015 ) ;
#836 = EDGE_CURVE ( 'NONE', #1102, #948, #1157, .T. ) ;
#837 = CARTESIAN_POINT ( 'NONE',  ( 30.50000000000000711, 27.00000000000001066, 4.000000000000000000 ) ) ;
#838 = DIRECTION ( 'NONE',  ( -0.000000000000000000, 0.000000000000000000, 1.000000000000000000 ) ) ;
#839 = DIRECTION ( 'NONE',  ( 1.000000000000000000, 0.000000000000000000, 0.000000000000000000 ) ) ;
#840 = ORIENTED_EDGE ( 'NONE', *, *, #4445, .F. ) ;
#841 = ORIENTED_EDGE ( 'NONE', *, *, #3358, .F. ) ;
#842 = DIRECTION ( 'NONE',  ( 0.000000000000000000, 0.000000000000000000, 1.000000000000000000 ) ) ;
#843 = LINE ( 'NONE', #360, #2516 ) ;
#844 = DIRECTION ( 'NONE',  ( -0.000000000000000000, -0.000000000000000000, 1.000000000000000000 ) ) ;
#845 = EDGE_LOOP ( 'NONE', ( #3694, #3155, #5439, #199 ) ) ;
#846 = LINE ( 'NONE', #1273, #5068 ) ;
#847 = ORIENTED_EDGE ( 'NONE', *, *, #194, .F. ) ;
#848 = LINE ( 'NONE', #4098, #13 ) ;
#849 = DIRECTION ( 'NONE',  ( -0.000000000000000000, -0.000000000000000000, 1.000000000000000000 ) ) ;
#850 = ORIENTED_EDGE ( 'NONE', *, *, #2501, .T. ) ;
#851 = CARTESIAN_POINT ( 'NONE',  ( 39.50000000000000711, -1.000000000000006883, 7.502147685123529364 ) ) ;
#852 = ORIENTED_EDGE ( 'NONE', *, *, #786, .F. ) ;
#853 = CARTESIAN_POINT ( 'NONE',  ( 34.87500000000000000, 27.00000000000001066, 8.702434179097490841 ) ) ;
#854 = CALENDAR_DATE ( 2025, 28, 10 ) ;
#855 = CARTESIAN_POINT ( 'NONE',  ( 14.61977365281830288, 6.188758274581745766, 9.502147685123530252 ) ) ;
#856 = CARTESIAN_POINT ( 'NONE',  ( -56.50000000000002842, 73.00000000000000000, 0.000000000000000000 ) ) ;
#857 = ORIENTED_EDGE ( 'NONE', *, *, #161, .T. ) ;
#858 = CARTESIAN_POINT ( 'NONE',  ( -16.50049258365879012, 31.81938690163590167, 8.375698911004549885 ) ) ;
#859 = DIRECTION ( 'NONE',  ( 0.000000000000000000, 0.000000000000000000, -1.000000000000000000 ) ) ;
#860 = EDGE_CURVE ( 'NONE', #37, #5913, #2409, .T. ) ;
#861 = DIRECTION ( 'NONE',  ( -0.000000000000000000, -0.000000000000000000, 1.000000000000000000 ) ) ;
#862 = DIRECTION ( 'NONE',  ( -0.000000000000000000, -1.000000000000000000, -0.000000000000000000 ) ) ;
#863 = ORIENTED_EDGE ( 'NONE', *, *, #2354, .T. ) ;
#864 = ORIENTED_EDGE ( 'NONE', *, *, #2883, .T. ) ;
#865 = CIRCLE ( 'NONE', #3585, 1.500000000000003997 ) ;
#866 = CARTESIAN_POINT ( 'NONE',  ( 14.47775786501156858, -1.000000000000006883, 9.502147685123530252 ) ) ;
#867 = VECTOR ( 'NONE', #1726, 1000.000000000000000 ) ;
#868 = EDGE_CURVE ( 'NONE', #800, #4404, #1637, .T. ) ;
#869 = EDGE_CURVE ( 'NONE', #656, #5040, #2898, .T. ) ;
#870 = AXIS2_PLACEMENT_3D ( 'NONE', #3441, #2522, #1076 ) ;
#871 = FACE_OUTER_BOUND ( 'NONE', #4036, .T. ) ;
#872 = DIRECTION ( 'NONE',  ( -0.000000000000000000, 1.000000000000000000, -0.000000000000000000 ) ) ;
#873 = ADVANCED_FACE ( 'NONE', ( #2930 ), #681, .T. ) ;
#874 = ADVANCED_FACE ( 'NONE', ( #5301 ), #5798, .T. ) ;
#875 = ORIENTED_EDGE ( 'NONE', *, *, #120, .F. ) ;
#876 = CARTESIAN_POINT ( 'NONE',  ( 31.03423581088186012, 28.87562748717126837, 6.239632004722362346 ) ) ;
#877 = EDGE_LOOP ( 'NONE', ( #958, #2384, #3140, #5578 ) ) ;
#878 = DIRECTION ( 'NONE',  ( 0.000000000000000000, 0.000000000000000000, 1.000000000000000000 ) ) ;
#879 = CARTESIAN_POINT ( 'NONE',  ( 10.00000000000003375, -9.999999999999987566, 0.5999999999999998668 ) ) ;
#880 = ORIENTED_EDGE ( 'NONE', *, *, #2951, .T. ) ;
#881 = DIRECTION ( 'NONE',  ( 0.000000000000000000, 0.000000000000000000, 1.000000000000000000 ) ) ;
#882 = DIRECTION ( 'NONE',  ( -1.000000000000000000, 0.000000000000000000, -0.000000000000000000 ) ) ;
#883 = ORIENTED_EDGE ( 'NONE', *, *, #5092, .T. ) ;
#884 = EDGE_CURVE ( 'NONE', #2902, #4903, #4764, .T. ) ;
#885 = CARTESIAN_POINT ( 'NONE',  ( -30.50000000000001421, 9.000000000000007105, 0.000000000000000000 ) ) ;
#886 = B_SPLINE_CURVE_WITH_KNOTS ( 'NONE', 3,
 ( #2398, #2490, #2517, #5762, #1532, #1615, #3401, #2427, #3372, #1952 ),
 .UNSPECIFIED., .F., .F.,
 ( 4, 2, 2, 2, 4 ),
 ( 0.000000000000000000, 0.0004208766994268673214, 0.0008417533988537312818, 0.001262630098280595079, 0.001683506797707459094 ),
 .UNSPECIFIED. ) ;
#887 = SHAPE_DEFINITION_REPRESENTATION ( #5926, #2783 ) ;
#888 = CARTESIAN_POINT ( 'NONE',  ( -31.03633044508755390, 25.12276409967203605, 6.240534587254412457 ) ) ;
#889 = DIRECTION ( 'NONE',  ( 0.000000000000000000, -1.000000000000000000, 0.000000000000000000 ) ) ;
#890 = ORIENTED_EDGE ( 'NONE', *, *, #3908, .T. ) ;
#891 = AXIS2_PLACEMENT_3D ( 'NONE', #4790, #121, #5734 ) ;
#892 = CARTESIAN_POINT ( 'NONE',  ( -16.38941892982032655, 32.92563113093108029, 8.469686795836780746 ) ) ;
#893 = DIRECTION ( 'NONE',  ( -1.000000000000000000, 0.000000000000000000, 0.000000000000000000 ) ) ;
#894 = CARTESIAN_POINT ( 'NONE',  ( -14.47775786501156858, -6.938893903907228378E-15, 7.502147685123529364 ) ) ;
#895 = AXIS2_PLACEMENT_3D ( 'NONE', #4538, #3914, #5928 ) ;
#896 = FACE_OUTER_BOUND ( 'NONE', #3316, .T. ) ;
#897 = FACE_OUTER_BOUND ( 'NONE', #4639, .T. ) ;
#898 = ORIENTED_EDGE ( 'NONE', *, *, #2453, .F. ) ;
#899 = ORIENTED_EDGE ( 'NONE', *, *, #5272, .T. ) ;
#900 = AXIS2_PLACEMENT_3D ( 'NONE', #5137, #2369, #35 ) ;
#901 = CARTESIAN_POINT ( 'NONE',  ( -11.50000000000000533, 22.89897948556637175, 7.502147685123530252 ) ) ;
#902 = AXIS2_PLACEMENT_3D ( 'NONE', #5111, #4307, #3841 ) ;
#903 = VERTEX_POINT ( 'NONE', #2048 ) ;
#904 = CARTESIAN_POINT ( 'NONE',  ( -38.50000000000000711, 39.00000000000000000, 7.502147685123529364 ) ) ;
#905 = ORIENTED_EDGE ( 'NONE', *, *, #3942, .F. ) ;
#906 = DIRECTION ( 'NONE',  ( 1.000000000000000000, 0.000000000000000000, 0.000000000000000000 ) ) ;
#907 = EDGE_CURVE ( 'NONE', #970, #2523, #5720, .T. ) ;
#908 = EDGE_CURVE ( 'NONE', #1784, #2414, #4573, .T. ) ;
#909 = AXIS2_PLACEMENT_3D ( 'NONE', #4815, #1004, #4293 ) ;
#910 = CIRCLE ( 'NONE', #5303, 1.000000000000000888 ) ;
#911 = APPROVAL ( #1737, 'UNSPECIFIED' ) ;
#912 = CARTESIAN_POINT ( 'NONE',  ( -34.87500000000001421, 9.000000000000007105, 8.702434179097499722 ) ) ;
#913 = ORIENTED_EDGE ( 'NONE', *, *, #742, .T. ) ;
#914 = AXIS2_PLACEMENT_3D ( 'NONE', #5387, #1240, #1210 ) ;
#915 = CARTESIAN_POINT ( 'NONE',  ( 13.50000000000000533, 6.144409114675722705, 9.502147685123530252 ) ) ;
#916 = CIRCLE ( 'NONE', #2964, 2.375000000000000444 ) ;
#917 = DIRECTION ( 'NONE',  ( 0.000000000000000000, 0.000000000000000000, 1.000000000000000000 ) ) ;
#918 = VECTOR ( 'NONE', #5981, 1000.000000000000000 ) ;
#919 = VERTEX_POINT ( 'NONE', #4402 ) ;
#920 = ADVANCED_FACE ( 'NONE', ( #632 ), #105, .F. ) ;
#921 = AXIS2_PLACEMENT_3D ( 'NONE', #894, #4, #4157 ) ;
#922 = VECTOR ( 'NONE', #1175, 1000.000000000000000 ) ;
#923 = FACE_BOUND ( 'NONE', #1917, .T. ) ;
#924 = CYLINDRICAL_SURFACE ( 'NONE', #4837, 2.000000000000001776 ) ;
#925 = CARTESIAN_POINT ( 'NONE',  ( -30.21460513249325430, 26.33236808522486072, 5.917666245115048795 ) ) ;
#926 = CARTESIAN_POINT ( 'NONE',  ( 1.549999999999997380, 45.00000000000000000, 0.000000000000000000 ) ) ;
#927 = AXIS2_PLACEMENT_3D ( 'NONE', #2893, #3868, #3376 ) ;
#928 = ORIENTED_EDGE ( 'NONE', *, *, #5420, .F. ) ;
#929 = AXIS2_PLACEMENT_3D ( 'NONE', #3866, #1563, #1073 ) ;
#930 = CARTESIAN_POINT ( 'NONE',  ( -16.38940668722998950, 31.35843644989964218, 8.469693346531565581 ) ) ;
#931 = DIRECTION ( 'NONE',  ( 0.000000000000000000, 0.000000000000000000, -1.000000000000000000 ) ) ;
#932 = LINE ( 'NONE', #2772, #2274 ) ;
#933 = VECTOR ( 'NONE', #611, 1000.000000000000000 ) ;
#934 = DIRECTION ( 'NONE',  ( -1.000000000000000000, 0.000000000000000000, 0.000000000000000000 ) ) ;
#935 = ADVANCED_FACE ( 'NONE', ( #5442 ), #4462, .T. ) ;
#936 = DIRECTION ( 'NONE',  ( -1.000000000000000000, 0.000000000000000000, 0.000000000000000000 ) ) ;
#937 = EDGE_LOOP ( 'NONE', ( #3445, #5668, #1000, #2810, #380, #478, #5350 ) ) ;
#938 = ORIENTED_EDGE ( 'NONE', *, *, #2429, .T. ) ;
#939 = CARTESIAN_POINT ( 'NONE',  ( 34.25269738818471410, 7.390630512674156272, 8.172592396563079120 ) ) ;
#940 = LINE ( 'NONE', #5122, #2648 ) ;
#941 = ORIENTED_EDGE ( 'NONE', *, *, #3031, .T. ) ;
#942 = ORIENTED_EDGE ( 'NONE', *, *, #2027, .F. ) ;
#943 = CARTESIAN_POINT ( 'NONE',  ( -32.50000000000001421, 9.000000000000007105, 9.502147685123530252 ) ) ;
#944 = CYLINDRICAL_SURFACE ( 'NONE', #5108, 1.549999999999994937 ) ;
#945 = EDGE_CURVE ( 'NONE', #3684, #2851, #1738, .T. ) ;
#946 = ORIENTED_EDGE ( 'NONE', *, *, #695, .T. ) ;
#947 = DIRECTION ( 'NONE',  ( 0.000000000000000000, 0.000000000000000000, 1.000000000000000000 ) ) ;
#948 = VERTEX_POINT ( 'NONE', #2131 ) ;
#949 = CARTESIAN_POINT ( 'NONE',  ( -41.00000000000003553, -9.999999999999994671, 0.5999999999999998668 ) ) ;
#950 = ADVANCED_FACE ( 'NONE', ( #1236 ), #3053, .F. ) ;
#951 = CARTESIAN_POINT ( 'NONE',  ( 0.000000000000000000, -1.000000000000006883, 9.502147685123530252 ) ) ;
#952 = LINE ( 'NONE', #4672, #933 ) ;
#953 = DIRECTION ( 'NONE',  ( 0.000000000000000000, 0.000000000000000000, -1.000000000000000000 ) ) ;
#954 = CARTESIAN_POINT ( 'NONE',  ( -32.74285781860317712, 24.63299396953995313, 7.117958220596480423 ) ) ;
#955 = FACE_OUTER_BOUND ( 'NONE', #4097, .T. ) ;
#956 = ADVANCED_FACE ( 'NONE', ( #804 ), #4527, .T. ) ;
#957 = EDGE_CURVE ( 'NONE', #3187, #3597, #4076, .T. ) ;
#958 = ORIENTED_EDGE ( 'NONE', *, *, #2589, .F. ) ;
#959 = CARTESIAN_POINT ( 'NONE',  ( 12.09320279939924525, 2.632269303162773522, 8.936136649354084582 ) ) ;
#960 = DIRECTION ( 'NONE',  ( 0.000000000000000000, 0.000000000000000000, 1.000000000000000000 ) ) ;
#961 = FACE_OUTER_BOUND ( 'NONE', #1258, .T. ) ;
#962 = CARTESIAN_POINT ( 'NONE',  ( 22.50000000000000000, 70.00000000000000000, 3.100000000000000089 ) ) ;
#963 = CARTESIAN_POINT ( 'NONE',  ( -35.83335200155167399, 39.00000000000000000, 8.227013454803307368 ) ) ;
#964 = ORIENTED_EDGE ( 'NONE', *, *, #3645, .F. ) ;
#965 = ORIENTED_EDGE ( 'NONE', *, *, #4416, .F. ) ;
#966 = AXIS2_PLACEMENT_3D ( 'NONE', #412, #2233, #2268 ) ;
#967 = EDGE_CURVE ( 'NONE', #3934, #2990, #3480, .T. ) ;
#968 = CARTESIAN_POINT ( 'NONE',  ( 12.47359341878780903, 18.94000998630821897, 9.219854745275581465 ) ) ;
#969 = CARTESIAN_POINT ( 'NONE',  ( -32.50000000000000711, 27.00000000000001066, 4.000000000000000000 ) ) ;
#970 = VERTEX_POINT ( 'NONE', #5379 ) ;
#971 = AXIS2_PLACEMENT_3D ( 'NONE', #1967, #5329, #5353 ) ;
#972 = ORIENTED_EDGE ( 'NONE', *, *, #2381, .F. ) ;
#973 = CARTESIAN_POINT ( 'NONE',  ( -51.41331815084611634, 58.62563132923541076, 3.100000000000000089 ) ) ;
#974 = CYLINDRICAL_SURFACE ( 'NONE', #1414, 1.499999999999994449 ) ;
#975 = ORIENTED_EDGE ( 'NONE', *, *, #4379, .T. ) ;
#976 = FACE_OUTER_BOUND ( 'NONE', #2979, .T. ) ;
#977 = ORIENTED_EDGE ( 'NONE', *, *, #1167, .F. ) ;
#978 = CARTESIAN_POINT ( 'NONE',  ( -14.14213562373084443, 32.14213562373108601, 9.502147685123530252 ) ) ;
#979 = CARTESIAN_POINT ( 'NONE',  ( 52.79999999999999716, 46.00000000000000711, 0.000000000000000000 ) ) ;
#980 = EDGE_CURVE ( 'NONE', #1098, #3506, #2683, .T. ) ;
#981 = LINE ( 'NONE', #200, #922 ) ;
#982 = FACE_BOUND ( 'NONE', #3872, .T. ) ;
#983 = CARTESIAN_POINT ( 'NONE',  ( 32.30899857092861538, 11.38528093053560397, 6.862666127263214122 ) ) ;
#984 = DIRECTION ( 'NONE',  ( -0.000000000000000000, -0.000000000000000000, 1.000000000000000000 ) ) ;
#985 = LINE ( 'NONE', #67, #5471 ) ;
#986 = VERTEX_POINT ( 'NONE', #4087 ) ;
#987 = CARTESIAN_POINT ( 'NONE',  ( 13.24101982786127074, 1.656367862556398673, 9.489135502583863513 ) ) ;
#988 = DIRECTION ( 'NONE',  ( 0.000000000000000000, 0.000000000000000000, -1.000000000000000000 ) ) ;
#989 = DIRECTION ( 'NONE',  ( 0.000000000000000000, -1.000000000000000000, 0.000000000000000000 ) ) ;
#990 = CARTESIAN_POINT ( 'NONE',  ( 12.07238588207500563, 14.75049987283278163, 8.906028517358484109 ) ) ;
#991 = CARTESIAN_POINT ( 'NONE',  ( -11.50000000000000711, 22.89897948556638241, 7.623566619312527770 ) ) ;
#992 = VECTOR ( 'NONE', #3193, 1000.000000000000000 ) ;
#993 = VERTEX_POINT ( 'NONE', #1744 ) ;
#994 = ORIENTED_EDGE ( 'NONE', *, *, #3542, .F. ) ;
#995 = AXIS2_PLACEMENT_3D ( 'NONE', #973, #2695, #5515 ) ;
#996 = CARTESIAN_POINT ( 'NONE',  ( 34.78657799452512478, 8.336955916381310061, 8.623279914284621483 ) ) ;
#997 = CARTESIAN_POINT ( 'NONE',  ( 12.49999999999999289, 18.46987612810110591, 9.234198492692994975 ) ) ;
#998 = CARTESIAN_POINT ( 'NONE',  ( -13.50000000000000533, 29.85559088532428618, 9.502147685123530252 ) ) ;
#999 = ORIENTED_EDGE ( 'NONE', *, *, #7, .T. ) ;
#1000 = ORIENTED_EDGE ( 'NONE', *, *, #4735, .F. ) ;
#1001 = CARTESIAN_POINT ( 'NONE',  ( -3.673940397442064700E-15, 45.00000000000000000, 0.000000000000000000 ) ) ;
#1002 = CIRCLE ( 'NONE', #4503, 1.000000000000000000 ) ;
#1003 = CARTESIAN_POINT ( 'NONE',  ( -37.50000000000000711, -1.000000000000006883, 8.502147685123528476 ) ) ;
#1004 = DIRECTION ( 'NONE',  ( -1.000000000000000000, 0.000000000000000000, 0.000000000000000000 ) ) ;
#1005 = VERTEX_POINT ( 'NONE', #4925 ) ;
#1006 = ADVANCED_FACE ( 'NONE', ( #5945 ), #744, .F. ) ;
#1007 = CIRCLE ( 'NONE', #1104, 1.550000000000002709 ) ;
#1008 = DIRECTION ( 'NONE',  ( -0.000000000000000000, -0.000000000000000000, 1.000000000000000000 ) ) ;
#1009 = AXIS2_PLACEMENT_3D ( 'NONE', #1191, #2640, #671 ) ;
#1010 = CARTESIAN_POINT ( 'NONE',  ( -32.50000000000000711, 27.00000000000001066, 9.502147685123530252 ) ) ;
#1011 = CIRCLE ( 'NONE', #4415, 1.000000000000000888 ) ;
#1012 = CARTESIAN_POINT ( 'NONE',  ( -14.14213562373095812, 3.857864376269070306, 9.502147685123530252 ) ) ;
#1013 = DIRECTION ( 'NONE',  ( -0.000000000000000000, -0.000000000000000000, 1.000000000000000000 ) ) ;
#1014 = ORIENTED_EDGE ( 'NONE', *, *, #2949, .F. ) ;
#1015 = CIRCLE ( 'NONE', #3431, 1.550000000000002709 ) ;
#1016 = CIRCLE ( 'NONE', #5215, 2.374999999999998668 ) ;
#1017 = DIRECTION ( 'NONE',  ( 1.000000000000000000, 0.000000000000000000, 0.000000000000000000 ) ) ;
#1018 = DIRECTION ( 'NONE',  ( -0.000000000000000000, -0.000000000000000000, 1.000000000000000000 ) ) ;
#1019 = CARTESIAN_POINT ( 'NONE',  ( -11.50000000000000711, -1.000000000000006883, 3.100000000000000089 ) ) ;
#1020 = CARTESIAN_POINT ( 'NONE',  ( 8.461050519918462243, 71.00000000000000000, 3.100000000000000089 ) ) ;
#1021 = DIRECTION ( 'NONE',  ( 0.000000000000000000, -1.000000000000000000, 0.000000000000000000 ) ) ;
#1022 = EDGE_CURVE ( 'NONE', #2619, #2379, #5851, .T. ) ;
#1023 = DIRECTION ( 'NONE',  ( 0.000000000000000000, -1.000000000000000000, 0.000000000000000000 ) ) ;
#1024 = VECTOR ( 'NONE', #3462, 1000.000000000000000 ) ;
#1025 = ORIENTED_EDGE ( 'NONE', *, *, #574, .F. ) ;
#1026 = EDGE_CURVE ( 'NONE', #3570, #2156, #5738, .T. ) ;
#1027 = AXIS2_PLACEMENT_3D ( 'NONE', #5998, #3671, #1380 ) ;
#1028 = CARTESIAN_POINT ( 'NONE',  ( 52.80000000000000426, 28.50000000000000355, 3.100000000000000089 ) ) ;
#1029 = CARTESIAN_POINT ( 'NONE',  ( -25.50000000000000711, 40.00000000000000000, 19.09999999999999787 ) ) ;
#1030 = ORIENTED_EDGE ( 'NONE', *, *, #1174, .F. ) ;
#1031 = ORIENTED_EDGE ( 'NONE', *, *, #5961, .F. ) ;
#1032 = DIRECTION ( 'NONE',  ( 1.000000000000000000, 0.000000000000000000, 0.000000000000000000 ) ) ;
#1033 = CYLINDRICAL_SURFACE ( 'NONE', #3827, 1.500000000000003997 ) ;
#1034 = ORIENTED_EDGE ( 'NONE', *, *, #3020, .F. ) ;
#1035 = CARTESIAN_POINT ( 'NONE',  ( -11.50000000000000711, 39.00000000000000000, 3.100000000000000089 ) ) ;
#1036 = ORIENTED_EDGE ( 'NONE', *, *, #2834, .F. ) ;
#1037 = CARTESIAN_POINT ( 'NONE',  ( -15.77435312315929394, 5.587094150681832794, 9.029034959839313146 ) ) ;
#1038 = CARTESIAN_POINT ( 'NONE',  ( 14.14213562373082667, 3.857864376268921092, 9.502147685123530252 ) ) ;
#1039 = ADVANCED_FACE ( 'NONE', ( #379 ), #1780, .T. ) ;
#1040 = DIRECTION ( 'NONE',  ( -1.000000000000000000, 0.000000000000000000, 0.000000000000000000 ) ) ;
#1041 = CARTESIAN_POINT ( 'NONE',  ( -15.85553813188510297, 5.502515355976079547, 8.951879224483093367 ) ) ;
#1042 = DIRECTION ( 'NONE',  ( 0.000000000000000000, 0.000000000000000000, 1.000000000000000000 ) ) ;
#1043 = ORIENTED_EDGE ( 'NONE', *, *, #5208, .T. ) ;
#1044 = LINE ( 'NONE', #4391, #2079 ) ;
#1045 = DIRECTION ( 'NONE',  ( 0.000000000000000000, 0.000000000000000000, -1.000000000000000000 ) ) ;
#1046 = CARTESIAN_POINT ( 'NONE',  ( 37.50000000000000711, -6.938893903907228378E-15, 8.502147685123528476 ) ) ;
#1047 = CARTESIAN_POINT ( 'NONE',  ( 14.61921925506155517, 29.81116258672765795, 9.502147685123532028 ) ) ;
#1048 = LINE ( 'NONE', #3293, #1504 ) ;
#1049 = CARTESIAN_POINT ( 'NONE',  ( -13.50000000000000533, 29.85559088532428618, 9.502147685123530252 ) ) ;
#1050 = ORIENTED_EDGE ( 'NONE', *, *, #967, .T. ) ;
#1051 = VERTEX_POINT ( 'NONE', #4955 ) ;
#1052 = ADVANCED_FACE ( 'NONE', ( #2617 ), #4491, .F. ) ;
#1053 = LINE ( 'NONE', #2987, #1212 ) ;
#1054 = CARTESIAN_POINT ( 'NONE',  ( 35.83335200155166689, -1.000000000000006883, 8.227013454803309145 ) ) ;
#1055 = DIRECTION ( 'NONE',  ( 1.000000000000000000, 0.000000000000000000, 0.000000000000000000 ) ) ;
#1056 = ORIENTED_EDGE ( 'NONE', *, *, #5021, .F. ) ;
#1057 = VERTEX_POINT ( 'NONE', #1716 ) ;
#1058 = DIRECTION ( 'NONE',  ( -0.000000000000000000, 0.000000000000000000, 1.000000000000000000 ) ) ;
#1059 = EDGE_CURVE ( 'NONE', #596, #3187, #4126, .T. ) ;
#1060 = EDGE_CURVE ( 'NONE', #1112, #4666, #5448, .T. ) ;
#1061 = DIRECTION ( 'NONE',  ( 1.000000000000000000, 0.000000000000000000, 0.000000000000000000 ) ) ;
#1062 = VECTOR ( 'NONE', #3901, 1000.000000000000000 ) ;
#1063 = ORIENTED_EDGE ( 'NONE', *, *, #3918, .T. ) ;
#1064 = DIRECTION ( 'NONE',  ( -0.000000000000000000, 0.000000000000000000, -1.000000000000000000 ) ) ;
#1065 = CARTESIAN_POINT ( 'NONE',  ( 13.50000000000000533, -6.938893903907228378E-15, 9.502147685123530252 ) ) ;
#1066 = AXIS2_PLACEMENT_3D ( 'NONE', #673, #2984, #4859 ) ;
#1067 = CIRCLE ( 'NONE', #3484, 1.549999999999994937 ) ;
#1068 = B_SPLINE_CURVE_WITH_KNOTS ( 'NONE', 3,
 ( #5623, #3289, #5076, #3257, #4617, #5140, #959, #465, #5170, #70, #4249, #987, #438, #5560 ),
 .UNSPECIFIED., .F., .F.,
 ( 4, 2, 2, 2, 2, 2, 4 ),
 ( 0.02244026327382214747, 0.02284573195772136855, 0.02325120064162058617, 0.02406213800941902833, 0.02487307537721747050, 0.02527854406111668811, 0.02568401274501590920 ),
 .UNSPECIFIED. ) ;
#1069 = CARTESIAN_POINT ( 'NONE',  ( 30.12500000000001066, 9.170441217810330059, 5.886015930083764225 ) ) ;
#1070 = DIRECTION ( 'NONE',  ( 0.000000000000000000, -0.000000000000000000, 1.000000000000000000 ) ) ;
#1071 = CARTESIAN_POINT ( 'NONE',  ( -32.50000000000000711, 27.00000000000001066, 4.000000000000000000 ) ) ;
#1072 = ORIENTED_EDGE ( 'NONE', *, *, #3918, .F. ) ;
#1073 = DIRECTION ( 'NONE',  ( 1.000000000000000000, 0.000000000000000000, 0.000000000000000000 ) ) ;
#1074 = CARTESIAN_POINT ( 'NONE',  ( -13.36729741797815763, 1.608586809523544936, 9.502147685123532028 ) ) ;
#1075 = DIRECTION ( 'NONE',  ( 0.000000000000000000, 1.000000000000000000, 0.000000000000000000 ) ) ;
#1076 = DIRECTION ( 'NONE',  ( 1.000000000000000000, 0.000000000000000000, 0.000000000000000000 ) ) ;
#1077 = VERTEX_POINT ( 'NONE', #1428 ) ;
#1078 = EDGE_LOOP ( 'NONE', ( #178, #5756, #218, #3663 ) ) ;
#1079 = CARTESIAN_POINT ( 'NONE',  ( 16.51713562373095101, 31.98170714070647946, 8.361836861103464358 ) ) ;
#1080 = DIRECTION ( 'NONE',  ( -0.000000000000000000, 0.000000000000000000, -1.000000000000000000 ) ) ;
#1081 = CYLINDRICAL_SURFACE ( 'NONE', #3037, 2.375000000000000444 ) ;
#1082 = ORIENTED_EDGE ( 'NONE', *, *, #1691, .T. ) ;
#1083 = VERTEX_POINT ( 'NONE', #4223 ) ;
#1084 = DIRECTION ( 'NONE',  ( 0.000000000000000000, 0.000000000000000000, 1.000000000000000000 ) ) ;
#1085 = AXIS2_PLACEMENT_3D ( 'NONE', #400, #4649, #2251 ) ;
#1086 = DIRECTION ( 'NONE',  ( 1.000000000000000000, 0.000000000000000000, 0.000000000000000000 ) ) ;
#1087 = DIRECTION ( 'NONE',  ( -0.000000000000000000, 1.000000000000000000, -0.000000000000000000 ) ) ;
#1088 = AXIS2_PLACEMENT_3D ( 'NONE', #6023, #1317, #1893 ) ;
#1089 = EDGE_LOOP ( 'NONE', ( #3912, #4838, #2806, #5487 ) ) ;
#1090 = DIRECTION ( 'NONE',  ( 1.000000000000000000, 1.387778780781445922E-16, -0.000000000000000000 ) ) ;
#1091 = ORIENTED_EDGE ( 'NONE', *, *, #4982, .T. ) ;
#1092 = CARTESIAN_POINT ( 'NONE',  ( -30.12500000000000000, 27.16897911507402341, 5.886015930083760672 ) ) ;
#1093 = ADVANCED_FACE ( 'NONE', ( #5173 ), #4252, .T. ) ;
#1094 = DIRECTION ( 'NONE',  ( -0.000000000000000000, 0.000000000000000000, 1.000000000000000000 ) ) ;
#1095 = CC_DESIGN_PERSON_AND_ORGANIZATION_ASSIGNMENT ( #4948, #764, ( #5016 ) ) ;
#1096 = AXIS2_PLACEMENT_3D ( 'NONE', #2312, #3616, #4213 ) ;
#1097 = CARTESIAN_POINT ( 'NONE',  ( 30.26772949855928374, 9.827822019960025912, 5.936637820050997050 ) ) ;
#1098 = VERTEX_POINT ( 'NONE', #406 ) ;
#1099 = CIRCLE ( 'NONE', #2840, 2.000000000000000000 ) ;
#1100 = FACE_OUTER_BOUND ( 'NONE', #5612, .T. ) ;
#1101 = CARTESIAN_POINT ( 'NONE',  ( -14.47775786501156858, -1.000000000000006883, 7.502147685123529364 ) ) ;
#1102 = VERTEX_POINT ( 'NONE', #1482 ) ;
#1103 = EDGE_CURVE ( 'NONE', #1491, #4312, #4869, .T. ) ;
#1104 = AXIS2_PLACEMENT_3D ( 'NONE', #4074, #947, #2279 ) ;
#1105 = AXIS2_PLACEMENT_3D ( 'NONE', #1819, #361, #3178 ) ;
#1106 = FACE_OUTER_BOUND ( 'NONE', #1889, .T. ) ;
#1107 = CARTESIAN_POINT ( 'NONE',  ( 14.47775786501156858, 34.49330186863109304, 9.502147685123530252 ) ) ;
#1108 = DIRECTION ( 'NONE',  ( 0.000000000000000000, 0.000000000000000000, -1.000000000000000000 ) ) ;
#1109 = CARTESIAN_POINT ( 'NONE',  ( 39.50000000000000711, -1.000000000000006883, 0.000000000000000000 ) ) ;
#1110 = ORIENTED_EDGE ( 'NONE', *, *, #4299, .T. ) ;
#1111 = VECTOR ( 'NONE', #4244, 1000.000000000000000 ) ;
#1112 = VERTEX_POINT ( 'NONE', #3712 ) ;
#1113 = CIRCLE ( 'NONE', #4906, 1.500000000000003997 ) ;
#1114 = CARTESIAN_POINT ( 'NONE',  ( 16.03760560178675121, 30.70385504942566968, 8.781340088163789304 ) ) ;
#1115 = CIRCLE ( 'NONE', #927, 2.000000000000000000 ) ;
#1116 = VECTOR ( 'NONE', #4351, 1000.000000000000000 ) ;
#1117 = DIRECTION ( 'NONE',  ( 4.336808689942018229E-16, 0.000000000000000000, -1.000000000000000000 ) ) ;
#1118 = CARTESIAN_POINT ( 'NONE',  ( -38.50000000000000711, 39.00000000000000000, 3.100000000000000089 ) ) ;
#1119 = EDGE_LOOP ( 'NONE', ( #2524, #2994, #1658, #5176 ) ) ;
#1120 = ORIENTED_EDGE ( 'NONE', *, *, #496, .F. ) ;
#1121 = VECTOR ( 'NONE', #3652, 1000.000000000000000 ) ;
#1122 = DIRECTION ( 'NONE',  ( -1.000000000000000000, 0.000000000000000000, 0.000000000000000000 ) ) ;
#1123 = CARTESIAN_POINT ( 'NONE',  ( -14.47775786501156858, -6.938893903907228378E-15, 9.502147685123530252 ) ) ;
#1124 = ORIENTED_EDGE ( 'NONE', *, *, #1300, .F. ) ;
#1125 = EDGE_CURVE ( 'NONE', #4747, #3071, #5028, .T. ) ;
#1126 = FACE_BOUND ( 'NONE', #3122, .T. ) ;
#1127 = CARTESIAN_POINT ( 'NONE',  ( -52.50000000000004974, -26.69999999999998863, 0.5999999999999998668 ) ) ;
#1128 = EDGE_CURVE ( 'NONE', #4349, #3752, #670, .T. ) ;
#1129 = FACE_OUTER_BOUND ( 'NONE', #2025, .T. ) ;
#1130 = ORIENTED_EDGE ( 'NONE', *, *, #3730, .F. ) ;
#1131 = EDGE_CURVE ( 'NONE', #245, #1500, #1930, .T. ) ;
#1132 = ADVANCED_FACE ( 'NONE', ( #896 ), #2413, .T. ) ;
#1133 = CARTESIAN_POINT ( 'NONE',  ( 30.50000000000000000, 9.000000000000007105, 0.000000000000000000 ) ) ;
#1134 = CARTESIAN_POINT ( 'NONE',  ( -15.16664799844834555, -6.938893903907228378E-15, 8.227013454803307368 ) ) ;
#1135 = CARTESIAN_POINT ( 'NONE',  ( 14.14213562373082667, 3.857864376268921092, 4.000000000000000000 ) ) ;
#1136 = EDGE_CURVE ( 'NONE', #4898, #3591, #5165, .T. ) ;
#1137 = EDGE_CURVE ( 'NONE', #2889, #1463, #6017, .T. ) ;
#1138 = DIRECTION ( 'NONE',  ( 0.000000000000000000, 0.000000000000000000, -1.000000000000000000 ) ) ;
#1139 = CARTESIAN_POINT ( 'NONE',  ( 33.93657598490030125, 28.91429480811706654, 7.924242283610992033 ) ) ;
#1140 = ORIENTED_EDGE ( 'NONE', *, *, #3875, .F. ) ;
#1141 = ORIENTED_EDGE ( 'NONE', *, *, #1868, .T. ) ;
#1142 = CARTESIAN_POINT ( 'NONE',  ( 6.911050519918468638, 71.00000000000000000, 0.000000000000000000 ) ) ;
#1143 = LINE ( 'NONE', #2988, #4175 ) ;
#1144 = DIRECTION ( 'NONE',  ( 1.000000000000000000, 0.000000000000000000, -0.000000000000000000 ) ) ;
#1145 = ORIENTED_EDGE ( 'NONE', *, *, #129, .F. ) ;
#1146 = EDGE_LOOP ( 'NONE', ( #5088, #3641, #364, #4068 ) ) ;
#1147 = ADVANCED_FACE ( 'NONE', ( #1906, #3749 ), #5626, .F. ) ;
#1148 = CARTESIAN_POINT ( 'NONE',  ( 14.47775786501156858, -6.938893903907228378E-15, 9.502147685123530252 ) ) ;
#1149 = DIRECTION ( 'NONE',  ( 1.000000000000000000, 0.000000000000000000, 0.000000000000000000 ) ) ;
#1150 = EDGE_LOOP ( 'NONE', ( #1393, #1318 ) ) ;
#1151 = DIRECTION ( 'NONE',  ( -1.000000000000000000, 0.000000000000000000, 0.000000000000000000 ) ) ;
#1152 = CIRCLE ( 'NONE', #4566, 2.000000000000001776 ) ;
#1153 = DIRECTION ( 'NONE',  ( 0.000000000000000000, -1.000000000000000000, 0.000000000000000000 ) ) ;
#1154 = CARTESIAN_POINT ( 'NONE',  ( 34.52656483762198292, 25.75219531092829683, 8.397930329867920207 ) ) ;
#1155 = FACE_OUTER_BOUND ( 'NONE', #2187, .T. ) ;
#1156 = CARTESIAN_POINT ( 'NONE',  ( 15.37824768729496760, 34.17442508865449469, 9.292467493111264076 ) ) ;
#1157 = CIRCLE ( 'NONE', #1550, 1.549999999999999378 ) ;
#1158 = ORIENTED_EDGE ( 'NONE', *, *, #2231, .F. ) ;
#1159 = EDGE_CURVE ( 'NONE', #2105, #3999, #2998, .T. ) ;
#1160 = DIRECTION ( 'NONE',  ( -0.000000000000000000, -0.000000000000000000, 1.000000000000000000 ) ) ;
#1161 = VECTOR ( 'NONE', #2376, 1000.000000000000000 ) ;
#1162 = DIRECTION ( 'NONE',  ( -1.000000000000000000, 0.000000000000000000, 0.000000000000000000 ) ) ;
#1163 = CARTESIAN_POINT ( 'NONE',  ( 51.25000000000000000, 46.00000000000000711, 3.100000000000000089 ) ) ;
#1164 = FACE_OUTER_BOUND ( 'NONE', #2538, .T. ) ;
#1165 = ORIENTED_EDGE ( 'NONE', *, *, #1852, .T. ) ;
#1166 = EDGE_LOOP ( 'NONE', ( #1933, #1607, #5710, #4226 ) ) ;
#1167 = EDGE_CURVE ( 'NONE', #5066, #2694, #186, .T. ) ;
#1168 = EDGE_CURVE ( 'NONE', #2134, #409, #1304, .T. ) ;
#1169 = CARTESIAN_POINT ( 'NONE',  ( 30.40570165121048873, 7.867611887791070124, 5.987430987952236272 ) ) ;
#1170 = DIRECTION ( 'NONE',  ( -1.000000000000000000, 0.000000000000000000, 0.000000000000000000 ) ) ;
#1171 = FACE_OUTER_BOUND ( 'NONE', #734, .T. ) ;
#1172 = VERTEX_POINT ( 'NONE', #2433 ) ;
#1173 = ORIENTED_EDGE ( 'NONE', *, *, #3098, .T. ) ;
#1174 = EDGE_CURVE ( 'NONE', #457, #2346, #91, .T. ) ;
#1175 = DIRECTION ( 'NONE',  ( -0.000000000000000000, 1.000000000000000000, -0.000000000000000000 ) ) ;
#1176 = DIRECTION ( 'NONE',  ( 0.000000000000000000, 0.000000000000000000, -1.000000000000000000 ) ) ;
#1177 = ORIENTED_EDGE ( 'NONE', *, *, #4938, .F. ) ;
#1178 = CARTESIAN_POINT ( 'NONE',  ( 12.99900376372779576, 30.05602773387968085, 9.442300794426470745 ) ) ;
#1179 = ORIENTED_EDGE ( 'NONE', *, *, #3133, .F. ) ;
#1180 = CIRCLE ( 'NONE', #4588, 1.550000000000002709 ) ;
#1181 = AXIS2_PLACEMENT_3D ( 'NONE', #3129, #369, #4509 ) ;
#1182 = CARTESIAN_POINT ( 'NONE',  ( -33.69016526720191251, 11.06024641540017761, 7.744683951753224882 ) ) ;
#1183 = ADVANCED_FACE ( 'NONE', ( #3931 ), #4770, .T. ) ;
#1184 = ORIENTED_EDGE ( 'NONE', *, *, #3426, .T. ) ;
#1185 = CARTESIAN_POINT ( 'NONE',  ( 34.87500000000000000, 27.00000000000001066, 8.702434179097490841 ) ) ;
#1186 = CARTESIAN_POINT ( 'NONE',  ( 14.47775786501156858, 34.49330186863109304, 9.502147685123530252 ) ) ;
#1187 = ORIENTED_EDGE ( 'NONE', *, *, #2536, .F. ) ;
#1188 = VECTOR ( 'NONE', #3820, 1000.000000000000000 ) ;
#1189 = AXIS2_PLACEMENT_3D ( 'NONE', #1127, #4852, #90 ) ;
#1190 = FACE_OUTER_BOUND ( 'NONE', #3968, .T. ) ;
#1191 = CARTESIAN_POINT ( 'NONE',  ( 32.50000000000000711, 27.00000000000001066, 0.000000000000000000 ) ) ;
#1192 = PERSON_AND_ORGANIZATION ( #5213, #1598 ) ;
#1193 = AXIS2_PLACEMENT_3D ( 'NONE', #1330, #5943, #3653 ) ;
#1194 = CARTESIAN_POINT ( 'NONE',  ( -51.25000000000000000, 45.99999999999999289, 3.100000000000000089 ) ) ;
#1195 = FACE_OUTER_BOUND ( 'NONE', #4529, .T. ) ;
#1196 = ORIENTED_EDGE ( 'NONE', *, *, #83, .T. ) ;
#1197 = ORIENTED_EDGE ( 'NONE', *, *, #1060, .T. ) ;
#1198 = VECTOR ( 'NONE', #3371, 1000.000000000000000 ) ;
#1199 = CIRCLE ( 'NONE', #2946, 14.00000000000000000 ) ;
#1200 = CARTESIAN_POINT ( 'NONE',  ( -54.50000000000000711, -75.00000000000000000, 3.100000000000000089 ) ) ;
#1201 = EDGE_CURVE ( 'NONE', #4965, #4585, #1260, .T. ) ;
#1202 = CIRCLE ( 'NONE', #4614, 15.00000000000000000 ) ;
#1203 = CARTESIAN_POINT ( 'NONE',  ( 36.52224213498844563, -1.000000000000006883, 7.502147685123529364 ) ) ;
#1204 = AXIS2_PLACEMENT_3D ( 'NONE', #2091, #3486, #2060 ) ;
#1205 = DIRECTION ( 'NONE',  ( 0.000000000000000000, 0.000000000000000000, -1.000000000000000000 ) ) ;
#1206 = AXIS2_PLACEMENT_3D ( 'NONE', #3808, #4771, #4745 ) ;
#1207 = ORIENTED_EDGE ( 'NONE', *, *, #4970, .T. ) ;
#1208 = EDGE_CURVE ( 'NONE', #3202, #4084, #865, .T. ) ;
#1209 = ORIENTED_EDGE ( 'NONE', *, *, #638, .T. ) ;
#1210 = DIRECTION ( 'NONE',  ( 9.912705577010326536E-16, 0.000000000000000000, -1.000000000000000000 ) ) ;
#1211 = CIRCLE ( 'NONE', #4620, 1.000000000000000888 ) ;
#1212 = VECTOR ( 'NONE', #5691, 1000.000000000000000 ) ;
#1213 = DIRECTION ( 'NONE',  ( 1.387778780781445676E-16, -1.000000000000000000, 0.000000000000000000 ) ) ;
#1214 = DIRECTION ( 'NONE',  ( 0.000000000000000000, 0.000000000000000000, -1.000000000000000000 ) ) ;
#1215 = EDGE_CURVE ( 'NONE', #1284, #1268, #4275, .T. ) ;
#1216 = ORIENTED_EDGE ( 'NONE', *, *, #3286, .T. ) ;
#1217 = CARTESIAN_POINT ( 'NONE',  ( 14.61921925506155873, 1.526891339265634695, 9.502147685123530252 ) ) ;
#1218 = CARTESIAN_POINT ( 'NONE',  ( -31.57634384391677074, 29.19340294169877481, 6.486348051415350646 ) ) ;
#1219 = AXIS2_PLACEMENT_3D ( 'NONE', #4433, #351, #3502 ) ;
#1220 = VECTOR ( 'NONE', #4392, 1000.000000000000000 ) ;
#1221 = CIRCLE ( 'NONE', #2863, 1.550000000000002709 ) ;
#1222 = CARTESIAN_POINT ( 'NONE',  ( 8.500000000000028422, -9.999999999999987566, 0.5999999999999998668 ) ) ;
#1223 = ORIENTED_EDGE ( 'NONE', *, *, #56, .F. ) ;
#1224 = CARTESIAN_POINT ( 'NONE',  ( -16.51713562373096167, 4.018695448439451035, 8.361836861103455476 ) ) ;
#1225 = FACE_OUTER_BOUND ( 'NONE', #1665, .T. ) ;
#1226 = FACE_BOUND ( 'NONE', #2845, .T. ) ;
#1227 = ORIENTED_EDGE ( 'NONE', *, *, #4111, .F. ) ;
#1228 = EDGE_CURVE ( 'NONE', #5066, #457, #4744, .T. ) ;
#1229 = CARTESIAN_POINT ( 'NONE',  ( -11.76713562373084621, 32.14213562373108601, 9.502147685123530252 ) ) ;
#1230 = CARTESIAN_POINT ( 'NONE',  ( -15.68492402808471731, 33.95213971922252227, 9.101216181799397731 ) ) ;
#1231 = CARTESIAN_POINT ( 'NONE',  ( -33.56310657111301055, 24.87141960363267046, 7.653962965342779867 ) ) ;
#1232 = CARTESIAN_POINT ( 'NONE',  ( -31.86530352089042495, 6.706347770305469247, 6.629693010995027613 ) ) ;
#1233 = ORIENTED_EDGE ( 'NONE', *, *, #5857, .T. ) ;
#1234 = ORIENTED_EDGE ( 'NONE', *, *, #506, .T. ) ;
#1235 = DIRECTION ( 'NONE',  ( 0.000000000000000000, 0.000000000000000000, -1.000000000000000000 ) ) ;
#1236 = FACE_OUTER_BOUND ( 'NONE', #3723, .T. ) ;
#1237 = CARTESIAN_POINT ( 'NONE',  ( 13.50000000000000533, -6.938893903907228378E-15, 7.502147685123529364 ) ) ;
#1238 = ORIENTED_EDGE ( 'NONE', *, *, #2277, .F. ) ;
#1239 = ORIENTED_EDGE ( 'NONE', *, *, #496, .T. ) ;
#1240 = DIRECTION ( 'NONE',  ( -0.000000000000000000, 1.000000000000000000, -0.000000000000000000 ) ) ;
#1241 = ADVANCED_FACE ( 'NONE', ( #2922, #3843, #5325 ), #2072, .F. ) ;
#1242 = CARTESIAN_POINT ( 'NONE',  ( 38.50000000000000711, -1.000000000000006883, 3.100000000000000089 ) ) ;
#1243 = VERTEX_POINT ( 'NONE', #5683 ) ;
#1244 = CARTESIAN_POINT ( 'NONE',  ( 15.01759269049892609, 1.645787649672789899, 9.432571872823025672 ) ) ;
#1245 = EDGE_LOOP ( 'NONE', ( #4574, #2911, #5053, #2066 ) ) ;
#1246 = CARTESIAN_POINT ( 'NONE',  ( -32.30610892914108234, 29.37172277900338102, 6.864609674926892779 ) ) ;
#1247 = EDGE_CURVE ( 'NONE', #2507, #4259, #4676, .T. ) ;
#1248 = CARTESIAN_POINT ( 'NONE',  ( -30.12499999999997868, 8.999999999999971578, 5.886015930083752679 ) ) ;
#1249 = ORIENTED_EDGE ( 'NONE', *, *, #5454, .F. ) ;
#1250 = CARTESIAN_POINT ( 'NONE',  ( 32.45195362785663917, 24.62109170988447460, 6.946876737046123296 ) ) ;
#1251 = CARTESIAN_POINT ( 'NONE',  ( -12.07238588207502161, 21.24950012716725212, 8.906028517358492991 ) ) ;
#1252 = DIRECTION ( 'NONE',  ( 0.000000000000000000, -1.000000000000000000, 0.000000000000000000 ) ) ;
#1253 = ORIENTED_EDGE ( 'NONE', *, *, #20, .F. ) ;
#1254 = CYLINDRICAL_SURFACE ( 'NONE', #637, 1.550000000000000933 ) ;
#1255 = FACE_OUTER_BOUND ( 'NONE', #52, .T. ) ;
#1256 = CARTESIAN_POINT ( 'NONE',  ( 42.50000000000002842, -9.999999999999994671, 0.5999999999999998668 ) ) ;
#1257 = LINE ( 'NONE', #312, #305 ) ;
#1258 = EDGE_LOOP ( 'NONE', ( #1379, #1490, #5514, #5677 ) ) ;
#1259 = VERTEX_POINT ( 'NONE', #5261 ) ;
#1260 = CIRCLE ( 'NONE', #870, 1.549999999999994049 ) ;
#1261 = CARTESIAN_POINT ( 'NONE',  ( -12.36675110324615190, 16.11914415705345505, 9.151321706401478906 ) ) ;
#1262 = DIRECTION ( 'NONE',  ( 1.000000000000000000, 0.000000000000000000, -0.000000000000000000 ) ) ;
#1263 = AXIS2_PLACEMENT_3D ( 'NONE', #5882, #798, #5468 ) ;
#1264 = DIRECTION ( 'NONE',  ( 1.000000000000000000, 0.000000000000000000, 0.000000000000000000 ) ) ;
#1265 = ORIENTED_EDGE ( 'NONE', *, *, #5897, .F. ) ;
#1266 = AXIS2_PLACEMENT_3D ( 'NONE', #814, #2595, #2137 ) ;
#1267 = B_SPLINE_CURVE_WITH_KNOTS ( 'NONE', 3,
 ( #3672, #1806, #5522, #3702, #2249, #1860, #5011, #1381, #3219, #2702, #5136, #4177, #5585, #4646, #1417, #5936 ),
 .UNSPECIFIED., .F., .F.,
 ( 4, 2, 2, 2, 2, 2, 2, 4 ),
 ( 0.01919713570330264588, 0.01960252664961751115, 0.02000791759593237643, 0.02041330854224724170, 0.02081869948856210698, 0.02162948138119182365, 0.02203487232750667157, 0.02244026327382151950 ),
 .UNSPECIFIED. ) ;
#1268 = VERTEX_POINT ( 'NONE', #4394 ) ;
#1269 = FACE_OUTER_BOUND ( 'NONE', #5559, .T. ) ;
#1270 = DIRECTION ( 'NONE',  ( 1.000000000000000000, 0.000000000000000000, 0.000000000000000000 ) ) ;
#1271 = DIRECTION ( 'NONE',  ( 0.000000000000000000, 0.000000000000000000, 1.000000000000000000 ) ) ;
#1272 = ORIENTED_EDGE ( 'NONE', *, *, #1594, .T. ) ;
#1273 = CARTESIAN_POINT ( 'NONE',  ( -24.04999999999999716, 69.99999999999998579, 0.000000000000000000 ) ) ;
#1274 = VERTEX_POINT ( 'NONE', #3353 ) ;
#1275 = CARTESIAN_POINT ( 'NONE',  ( -32.45491014584497691, 29.37901137760421477, 6.948556269708171307 ) ) ;
#1276 = CARTESIAN_POINT ( 'NONE',  ( -31.57634384391678495, 11.19340294169876771, 6.486348051415355087 ) ) ;
#1277 = EDGE_CURVE ( 'NONE', #4564, #2758, #3385, .T. ) ;
#1278 = CIRCLE ( 'NONE', #4696, 1.499999999999994449 ) ;
#1279 = ADVANCED_FACE ( 'NONE', ( #1566 ), #165, .T. ) ;
#1280 = ORIENTED_EDGE ( 'NONE', *, *, #5132, .F. ) ;
#1281 = CYLINDRICAL_SURFACE ( 'NONE', #4900, 1.499999999999994449 ) ;
#1282 = CARTESIAN_POINT ( 'NONE',  ( -11.87764891710920701, 21.90076142240724266, 8.678917733333879170 ) ) ;
#1283 = FACE_BOUND ( 'NONE', #1842, .T. ) ;
#1284 = VERTEX_POINT ( 'NONE', #2868 ) ;
#1285 = AXIS2_PLACEMENT_3D ( 'NONE', #3215, #5096, #2760 ) ;
#1286 = CARTESIAN_POINT ( 'NONE',  ( -12.50000000000000000, -1.000000000000006883, -5.421010862427522959E-15 ) ) ;
#1287 = LINE ( 'NONE', #3136, #1220 ) ;
#1288 = APPROVAL_ROLE ( '' ) ;
#1289 = DIRECTION ( 'NONE',  ( -0.000000000000000000, -0.000000000000000000, -1.000000000000000000 ) ) ;
#1290 = CARTESIAN_POINT ( 'NONE',  ( 30.50000000000000711, 27.00000000000001066, 0.000000000000000000 ) ) ;
#1291 = VERTEX_POINT ( 'NONE', #592 ) ;
#1292 = CIRCLE ( 'NONE', #4316, 1.000000000000000000 ) ;
#1293 = CARTESIAN_POINT ( 'NONE',  ( -6.980486755139909756E-15, 18.00000000000001066, 0.000000000000000000 ) ) ;
#1294 = CARTESIAN_POINT ( 'NONE',  ( -52.50000000000004974, -26.69999999999998863, 0.5999999999999998668 ) ) ;
#1295 = CARTESIAN_POINT ( 'NONE',  ( 0.000000000000000000, 39.00000000000000000, 9.502147685123530252 ) ) ;
#1296 = ORIENTED_EDGE ( 'NONE', *, *, #1228, .F. ) ;
#1297 = VECTOR ( 'NONE', #5669, 1000.000000000000000 ) ;
#1298 = ORIENTED_EDGE ( 'NONE', *, *, #4938, .T. ) ;
#1299 = AXIS2_PLACEMENT_3D ( 'NONE', #2809, #1521, #4722 ) ;
#1300 = EDGE_CURVE ( 'NONE', #2942, #3532, #770, .T. ) ;
#1301 = CIRCLE ( 'NONE', #2847, 2.000000000000001776 ) ;
#1302 = CARTESIAN_POINT ( 'NONE',  ( -32.50000000000001421, 9.000000000000007105, 0.000000000000000000 ) ) ;
#1303 = AXIS2_PLACEMENT_3D ( 'NONE', #4403, #5826, #1717 ) ;
#1304 = B_SPLINE_CURVE_WITH_KNOTS ( 'NONE', 3,
 ( #3869, #1047, #3807, #653, #5293, #5769, #4836, #1593, #98, #130 ),
 .UNSPECIFIED., .F., .F.,
 ( 4, 2, 2, 2, 4 ),
 ( 0.000000000000000000, 0.0004212538385365139477, 0.0008425076770730278953, 0.001263761515609541789, 0.001685015354146052104 ),
 .UNSPECIFIED. ) ;
#1305 = CARTESIAN_POINT ( 'NONE',  ( 13.23956605749470583, 6.058768811763954432, 9.488947403939487657 ) ) ;
#1306 = CARTESIAN_POINT ( 'NONE',  ( -14.47775786501156858, 29.79096937883096885, 9.502147685123530252 ) ) ;
#1307 = ORIENTED_EDGE ( 'NONE', *, *, #574, .T. ) ;
#1308 = CARTESIAN_POINT ( 'NONE',  ( 30.12500000000001066, 27.00000000000001066, 5.886015930083765113 ) ) ;
#1309 = VERTEX_POINT ( 'NONE', #4796 ) ;
#1310 = DIRECTION ( 'NONE',  ( 0.000000000000000000, 0.000000000000000000, -1.000000000000000000 ) ) ;
#1311 = AXIS2_PLACEMENT_3D ( 'NONE', #5727, #176, #2359 ) ;
#1312 = VECTOR ( 'NONE', #5920, 1000.000000000000000 ) ;
#1313 = DIRECTION ( 'NONE',  ( 1.000000000000000000, 0.000000000000000000, 0.000000000000000000 ) ) ;
#1314 = AXIS2_PLACEMENT_3D ( 'NONE', #4123, #1356, #1927 ) ;
#1315 = EDGE_LOOP ( 'NONE', ( #4029, #4807 ) ) ;
#1316 = CARTESIAN_POINT ( 'NONE',  ( 56.49999999999997158, 75.00000000000000000, 0.000000000000000000 ) ) ;
#1317 = DIRECTION ( 'NONE',  ( -0.000000000000000000, -0.000000000000000000, -1.000000000000000000 ) ) ;
#1318 = ORIENTED_EDGE ( 'NONE', *, *, #869, .F. ) ;
#1319 = EDGE_CURVE ( 'NONE', #5357, #4953, #1742, .T. ) ;
#1320 = AXIS2_PLACEMENT_3D ( 'NONE', #669, #3892, #5680 ) ;
#1321 = CARTESIAN_POINT ( 'NONE',  ( 39.50000000000000711, -6.938893903907228378E-15, 0.000000000000000000 ) ) ;
#1322 = PERSON_AND_ORGANIZATION ( #5213, #1598 ) ;
#1323 = CARTESIAN_POINT ( 'NONE',  ( -31.16418610326811489, 25.03001440781610754, 6.296128690346321832 ) ) ;
#1324 = CARTESIAN_POINT ( 'NONE',  ( -33.68863957084329286, 6.938843170497703383, 7.743577281117554278 ) ) ;
#1325 = ORIENTED_EDGE ( 'NONE', *, *, #945, .F. ) ;
#1326 = ADVANCED_FACE ( 'NONE', ( #2470 ), #4348, .T. ) ;
#1327 = EDGE_CURVE ( 'NONE', #3395, #5589, #4184, .T. ) ;
#1328 = EDGE_CURVE ( 'NONE', #668, #476, #5745, .T. ) ;
#1329 = DIRECTION ( 'NONE',  ( -0.000000000000000000, 0.000000000000000000, -1.000000000000000000 ) ) ;
#1330 = CARTESIAN_POINT ( 'NONE',  ( -32.50000000000001421, 9.000000000000007105, 9.502147685123530252 ) ) ;
#1331 = CARTESIAN_POINT ( 'NONE',  ( 0.000000000000000000, -6.938893903907228378E-15, 9.502147685123530252 ) ) ;
#1332 = CARTESIAN_POINT ( 'NONE',  ( 37.50000000000000711, 40.00000000000000000, 7.502147685123529364 ) ) ;
#1333 = EDGE_LOOP ( 'NONE', ( #5744, #4209 ) ) ;
#1334 = ORIENTED_EDGE ( 'NONE', *, *, #117, .T. ) ;
#1335 = ADVANCED_FACE ( 'NONE', ( #1164 ), #345, .F. ) ;
#1336 = CARTESIAN_POINT ( 'NONE',  ( -7.488949480081545040, 71.00000000000000000, 3.100000000000000089 ) ) ;
#1337 = CYLINDRICAL_SURFACE ( 'NONE', #2353, 1.499999999999994449 ) ;
#1338 = ORIENTED_EDGE ( 'NONE', *, *, #2464, .F. ) ;
#1339 = CARTESIAN_POINT ( 'NONE',  ( 52.50000000000004974, -26.69999999999998863, 0.5999999999999998668 ) ) ;
#1340 = ORIENTED_EDGE ( 'NONE', *, *, #3125, .T. ) ;
#1341 = ADVANCED_FACE ( 'NONE', ( #3467 ), #291, .T. ) ;
#1342 = CARTESIAN_POINT ( 'NONE',  ( -52.96331815084612060, 58.62563132923541076, 3.100000000000000089 ) ) ;
#1343 = CARTESIAN_POINT ( 'NONE',  ( -34.04369341375100078, 10.81084614192923787, 8.008411741537145190 ) ) ;
#1344 = ORIENTED_EDGE ( 'NONE', *, *, #1131, .F. ) ;
#1345 = DIRECTION ( 'NONE',  ( 0.000000000000000000, 0.000000000000000000, 1.000000000000000000 ) ) ;
#1346 = EDGE_CURVE ( 'NONE', #5305, #4963, #3138, .T. ) ;
#1347 = FACE_OUTER_BOUND ( 'NONE', #937, .T. ) ;
#1348 = ORIENTED_EDGE ( 'NONE', *, *, #694, .F. ) ;
#1349 = FACE_BOUND ( 'NONE', #3127, .T. ) ;
#1350 = CARTESIAN_POINT ( 'NONE',  ( 25.50000000000000711, 40.00000000000000000, 4.099999999999999645 ) ) ;
#1351 = APPROVAL_ROLE ( '' ) ;
#1352 = CARTESIAN_POINT ( 'NONE',  ( 14.14213562373094746, 32.14213562373096522, 0.000000000000000000 ) ) ;
#1353 = EDGE_CURVE ( 'NONE', #1901, #227, #3461, .T. ) ;
#1354 = CARTESIAN_POINT ( 'NONE',  ( 16.14213562373082667, 3.857864376268921536, 9.502147685123530252 ) ) ;
#1355 = ORIENTED_EDGE ( 'NONE', *, *, #907, .T. ) ;
#1356 = DIRECTION ( 'NONE',  ( -0.000000000000000000, 0.000000000000000000, 1.000000000000000000 ) ) ;
#1357 = DIRECTION ( 'NONE',  ( 0.000000000000000000, -1.000000000000000000, 0.000000000000000000 ) ) ;
#1358 = DIRECTION ( 'NONE',  ( -0.000000000000000000, 1.000000000000000000, -0.000000000000000000 ) ) ;
#1359 = CARTESIAN_POINT ( 'NONE',  ( 12.28632890715093495, 15.65228833977459111, 9.097805651351018597 ) ) ;
#1360 = DIRECTION ( 'NONE',  ( 0.000000000000000000, 0.000000000000000000, -1.000000000000000000 ) ) ;
#1361 = EDGE_CURVE ( 'NONE', #4350, #167, #4603, .T. ) ;
#1362 = ORIENTED_EDGE ( 'NONE', *, *, #5617, .T. ) ;
#1363 = ORIENTED_EDGE ( 'NONE', *, *, #3206, .F. ) ;
#1364 = PRODUCT_RELATED_PRODUCT_CATEGORY ( 'detail', '', ( #828 ) ) ;
#1365 = AXIS2_PLACEMENT_3D ( 'NONE', #624, #2894, #1513 ) ;
#1366 = DIRECTION ( 'NONE',  ( 0.000000000000000000, 0.000000000000000000, 1.000000000000000000 ) ) ;
#1367 = AXIS2_PLACEMENT_3D ( 'NONE', #904, #2378, #5955 ) ;
#1368 = DIRECTION ( 'NONE',  ( 0.000000000000000000, 0.000000000000000000, -1.000000000000000000 ) ) ;
#1369 = DIRECTION ( 'NONE',  ( -1.000000000000000000, 0.000000000000000000, 0.000000000000000000 ) ) ;
#1370 = ORIENTED_EDGE ( 'NONE', *, *, #3700, .T. ) ;
#1371 = CARTESIAN_POINT ( 'NONE',  ( 52.50000000000004263, -48.69999999999999574, 0.5999999999999998668 ) ) ;
#1372 = EDGE_LOOP ( 'NONE', ( #847, #314 ) ) ;
#1373 = CYLINDRICAL_SURFACE ( 'NONE', #2628, 1.499999999999994449 ) ;
#1374 = EDGE_CURVE ( 'NONE', #4774, #5722, #5288, .T. ) ;
#1375 = FACE_BOUND ( 'NONE', #3939, .T. ) ;
#1376 = ORIENTED_EDGE ( 'NONE', *, *, #605, .F. ) ;
#1377 = CARTESIAN_POINT ( 'NONE',  ( -3.673940397442064700E-15, 45.00000000000000000, 3.100000000000000533 ) ) ;
#1378 = FACE_OUTER_BOUND ( 'NONE', #5863, .T. ) ;
#1379 = ORIENTED_EDGE ( 'NONE', *, *, #461, .F. ) ;
#1380 = DIRECTION ( 'NONE',  ( -1.000000000000000000, 0.000000000000000000, 0.000000000000000000 ) ) ;
#1381 = CARTESIAN_POINT ( 'NONE',  ( 12.39312762464476769, 33.75374680572696207, 9.171180327274523592 ) ) ;
#1382 = CARTESIAN_POINT ( 'NONE',  ( 49.69999999999999574, 46.00000000000000711, 3.100000000000000089 ) ) ;
#1383 = DIRECTION ( 'NONE',  ( 0.000000000000000000, 0.000000000000000000, -1.000000000000000000 ) ) ;
#1384 = EDGE_LOOP ( 'NONE', ( #3781, #3575, #4457, #4355 ) ) ;
#1385 = AXIS2_PLACEMENT_3D ( 'NONE', #3799, #1561, #616 ) ;
#1386 = DIRECTION ( 'NONE',  ( -0.000000000000000000, 1.000000000000000000, -0.000000000000000000 ) ) ;
#1387 = CYLINDRICAL_SURFACE ( 'NONE', #4605, 1.000000000000000888 ) ;
#1388 = CARTESIAN_POINT ( 'NONE',  ( 11.50000000000000533, -1.000000000000006883, 7.502147685123530252 ) ) ;
#1389 = DIRECTION ( 'NONE',  ( -1.000000000000000000, 0.000000000000000000, -0.000000000000000000 ) ) ;
#1390 = B_SPLINE_CURVE_WITH_KNOTS ( 'NONE', 3,
 ( #6028, #3742, #3165, #5164, #4675, #5587, #855, #2336 ),
 .UNSPECIFIED., .F., .F.,
 ( 4, 2, 2, 4 ),
 ( 0.01221565633432187756, 0.01306276580487068621, 0.01348632054014509314, 0.01390987527541949834 ),
 .UNSPECIFIED. ) ;
#1391 = DIRECTION ( 'NONE',  ( -1.000000000000000000, 0.000000000000000000, 0.000000000000000000 ) ) ;
#1392 = ORIENTED_EDGE ( 'NONE', *, *, #2761, .F. ) ;
#1393 = ORIENTED_EDGE ( 'NONE', *, *, #5896, .F. ) ;
#1394 = EDGE_CURVE ( 'NONE', #4740, #3591, #2098, .T. ) ;
#1395 = DIRECTION ( 'NONE',  ( 1.000000000000000000, 0.000000000000000000, 0.000000000000000000 ) ) ;
#1396 = ADVANCED_FACE ( 'NONE', ( #1739 ), #2583, .F. ) ;
#1397 = FACE_OUTER_BOUND ( 'NONE', #2564, .T. ) ;
#1398 = CARTESIAN_POINT ( 'NONE',  ( -11.50000000000000711, -6.938893903907228378E-15, 3.100000000000000089 ) ) ;
#1399 = ORIENTED_EDGE ( 'NONE', *, *, #1757, .T. ) ;
#1400 = CYLINDRICAL_SURFACE ( 'NONE', #4101, 2.000000000000001776 ) ;
#1401 = VECTOR ( 'NONE', #24, 1000.000000000000000 ) ;
#1402 = AXIS2_PLACEMENT_3D ( 'NONE', #3688, #4591, #3721 ) ;
#1403 = EDGE_CURVE ( 'NONE', #5264, #123, #5533, .T. ) ;
#1404 = EDGE_CURVE ( 'NONE', #4942, #3846, #1390, .T. ) ;
#1405 = DIRECTION ( 'NONE',  ( -1.000000000000000000, 0.000000000000000000, -0.000000000000000000 ) ) ;
#1406 = ORIENTED_EDGE ( 'NONE', *, *, #5505, .F. ) ;
#1407 = CIRCLE ( 'NONE', #1009, 2.000000000000001776 ) ;
#1408 = CARTESIAN_POINT ( 'NONE',  ( 16.51713562373094746, 32.14213562373096522, 4.000000000000000000 ) ) ;
#1409 = AXIS2_PLACEMENT_3D ( 'NONE', #156, #1556, #2858 ) ;
#1410 = ORIENTED_EDGE ( 'NONE', *, *, #573, .T. ) ;
#1411 = LINE ( 'NONE', #949, #5375 ) ;
#1412 = AXIS2_PLACEMENT_3D ( 'NONE', #594, #2377, #2545 ) ;
#1413 = DIRECTION ( 'NONE',  ( 1.000000000000000000, 0.000000000000000000, 0.000000000000000000 ) ) ;
#1414 = AXIS2_PLACEMENT_3D ( 'NONE', #1578, #5635, #4239 ) ;
#1415 = VECTOR ( 'NONE', #5802, 1000.000000000000000 ) ;
#1416 = CARTESIAN_POINT ( 'NONE',  ( -30.50000000000000711, 27.00000000000001066, 9.502147685123530252 ) ) ;
#1417 = CARTESIAN_POINT ( 'NONE',  ( 11.76713562373099364, 32.27896856374376000, 8.500737217142473767 ) ) ;
#1418 = CARTESIAN_POINT ( 'NONE',  ( 0.000000000000000000, 0.000000000000000000, 4.000000000000000000 ) ) ;
#1419 = DIRECTION ( 'NONE',  ( 0.000000000000000000, 0.000000000000000000, 1.000000000000000000 ) ) ;
#1420 = LOCAL_TIME ( 23, 9, 39.00000000000000000, #5909 ) ;
#1421 = ORIENTED_EDGE ( 'NONE', *, *, #5169, .F. ) ;
#1422 = ADVANCED_FACE ( 'NONE', ( #6000, #1862 ), #4246, .F. ) ;
#1423 = CIRCLE ( 'NONE', #3244, 12.50000000000000000 ) ;
#1424 = DIRECTION ( 'NONE',  ( -0.000000000000000000, -0.000000000000000000, 1.000000000000000000 ) ) ;
#1425 = DIRECTION ( 'NONE',  ( -1.000000000000000000, 0.000000000000000000, 0.000000000000000000 ) ) ;
#1426 = FACE_OUTER_BOUND ( 'NONE', #4170, .T. ) ;
#1427 = AXIS2_PLACEMENT_3D ( 'NONE', #1797, #4600, #4143 ) ;
#1428 = CARTESIAN_POINT ( 'NONE',  ( -7.000000000000024869, -9.999999999999987566, 3.100000000000000089 ) ) ;
#1429 = CARTESIAN_POINT ( 'NONE',  ( 52.79999999999999716, 46.00000000000000711, 3.100000000000000089 ) ) ;
#1430 = ORIENTED_EDGE ( 'NONE', *, *, #12, .T. ) ;
#1431 = VERTEX_POINT ( 'NONE', #492 ) ;
#1432 = CARTESIAN_POINT ( 'NONE',  ( 12.49999999999999467, 18.00000000000004263, 9.234198492692621940 ) ) ;
#1433 = FACE_OUTER_BOUND ( 'NONE', #3216, .T. ) ;
#1434 = ORIENTED_EDGE ( 'NONE', *, *, #3466, .F. ) ;
#1435 = ORIENTED_EDGE ( 'NONE', *, *, #884, .T. ) ;
#1436 = LINE ( 'NONE', #365, #2052 ) ;
#1437 = EDGE_CURVE ( 'NONE', #2119, #1596, #411, .T. ) ;
#1438 = DIRECTION ( 'NONE',  ( 0.000000000000000000, 0.000000000000000000, 1.000000000000000000 ) ) ;
#1439 = ORIENTED_EDGE ( 'NONE', *, *, #3021, .T. ) ;
#1440 = CARTESIAN_POINT ( 'NONE',  ( 8.461050519918462243, 71.00000000000000000, 0.000000000000000000 ) ) ;
#1441 = ORIENTED_EDGE ( 'NONE', *, *, #1403, .F. ) ;
#1442 = DIRECTION ( 'NONE',  ( 0.000000000000000000, 0.000000000000000000, -1.000000000000000000 ) ) ;
#1443 = ADVANCED_FACE ( 'NONE', ( #3673 ), #5620, .T. ) ;
#1444 = CARTESIAN_POINT ( 'NONE',  ( -11.76713562373084621, 32.14213562373108601, 4.000000000000000000 ) ) ;
#1445 = ADVANCED_FACE ( 'NONE', ( #3254 ), #4648, .F. ) ;
#1446 = CARTESIAN_POINT ( 'NONE',  ( -13.36788786452857103, 34.39157900694092262, 9.502147685123546239 ) ) ;
#1447 = FACE_BOUND ( 'NONE', #4521, .T. ) ;
#1448 = CARTESIAN_POINT ( 'NONE',  ( 54.49999999999997158, 75.00000000000000000, 0.000000000000000000 ) ) ;
#1449 = CARTESIAN_POINT ( 'NONE',  ( -34.50000000000000711, 27.00000000000001066, 0.000000000000000000 ) ) ;
#1450 = DIRECTION ( 'NONE',  ( -0.000000000000000000, 1.000000000000000000, -0.000000000000000000 ) ) ;
#1451 = VERTEX_POINT ( 'NONE', #1899 ) ;
#1452 = CARTESIAN_POINT ( 'NONE',  ( -16.03812261088170388, 33.57968258101553971, 8.780870345429283574 ) ) ;
#1453 = DIRECTION ( 'NONE',  ( -1.000000000000000000, 0.000000000000000000, 0.000000000000000000 ) ) ;
#1454 = CARTESIAN_POINT ( 'NONE',  ( 52.50000000000004263, -48.69999999999999574, 0.5999999999999998668 ) ) ;
#1455 = DIRECTION ( 'NONE',  ( 0.000000000000000000, -1.000000000000000000, 0.000000000000000000 ) ) ;
#1456 = FACE_OUTER_BOUND ( 'NONE', #4808, .T. ) ;
#1457 = VERTEX_POINT ( 'NONE', #1449 ) ;
#1458 = ORIENTED_EDGE ( 'NONE', *, *, #4031, .F. ) ;
#1459 = CIRCLE ( 'NONE', #4860, 1.550000000000002709 ) ;
#1460 = LINE ( 'NONE', #5084, #1985 ) ;
#1461 = DIRECTION ( 'NONE',  ( -0.000000000000000000, 1.000000000000000000, -0.000000000000000000 ) ) ;
#1462 = CARTESIAN_POINT ( 'NONE',  ( 36.52224213498844563, 39.00000000000000000, 7.502147685123529364 ) ) ;
#1463 = VERTEX_POINT ( 'NONE', #5973 ) ;
#1464 = ORIENTED_EDGE ( 'NONE', *, *, #4461, .T. ) ;
#1465 = LINE ( 'NONE', #5698, #1188 ) ;
#1466 = AXIS2_PLACEMENT_3D ( 'NONE', #284, #2588, #3989 ) ;
#1467 = FACE_OUTER_BOUND ( 'NONE', #1773, .T. ) ;
#1468 = ORIENTED_EDGE ( 'NONE', *, *, #5527, .F. ) ;
#1469 = CARTESIAN_POINT ( 'NONE',  ( -16.51713562373095812, 3.697435893244592986, 8.361836861103455476 ) ) ;
#1470 = EDGE_LOOP ( 'NONE', ( #5688, #4895 ) ) ;
#1471 = CIRCLE ( 'NONE', #487, 1.550000000000002709 ) ;
#1472 = DIRECTION ( 'NONE',  ( 1.000000000000000000, 0.000000000000000000, -8.673617379884027583E-16 ) ) ;
#1473 = EDGE_CURVE ( 'NONE', #1463, #167, #1808, .T. ) ;
#1474 = CARTESIAN_POINT ( 'NONE',  ( 32.01153880627235537, 11.34441210829040791, 6.702231102810138452 ) ) ;
#1475 = CARTESIAN_POINT ( 'NONE',  ( 12.50000000000000000, -6.938893903907228378E-15, -5.421010862427522959E-15 ) ) ;
#1476 = EDGE_CURVE ( 'NONE', #1700, #3109, #21, .T. ) ;
#1477 = DIRECTION ( 'NONE',  ( 0.000000000000000000, 0.000000000000000000, 1.000000000000000000 ) ) ;
#1478 = EDGE_LOOP ( 'NONE', ( #2475, #3303, #5822, #6002 ) ) ;
#1479 = CARTESIAN_POINT ( 'NONE',  ( -16.43624433899075399, 31.50725020838189394, 8.429943725465525617 ) ) ;
#1480 = LINE ( 'NONE', #3320, #5676 ) ;
#1481 = DIRECTION ( 'NONE',  ( -0.000000000000000000, -0.000000000000000000, -1.000000000000000000 ) ) ;
#1482 = CARTESIAN_POINT ( 'NONE',  ( -20.94999999999999929, 69.99999999999998579, 3.100000000000000089 ) ) ;
#1483 = DIRECTION ( 'NONE',  ( 0.6888901334367794060, 0.000000000000000000, 0.7248657696797774497 ) ) ;
#1484 = CARTESIAN_POINT ( 'NONE',  ( 30.26772949855928729, 27.82782201996003124, 5.936637820050999714 ) ) ;
#1485 = CIRCLE ( 'NONE', #4881, 1.499999999999994449 ) ;
#1486 = ORIENTED_EDGE ( 'NONE', *, *, #4552, .T. ) ;
#1487 = VECTOR ( 'NONE', #4168, 1000.000000000000000 ) ;
#1488 = FACE_OUTER_BOUND ( 'NONE', #1546, .T. ) ;
#1489 = CARTESIAN_POINT ( 'NONE',  ( 50.83541919068304082, 58.62563132923540365, 0.000000000000000000 ) ) ;
#1490 = ORIENTED_EDGE ( 'NONE', *, *, #536, .T. ) ;
#1491 = VERTEX_POINT ( 'NONE', #2286 ) ;
#1492 = DIRECTION ( 'NONE',  ( 0.000000000000000000, 0.000000000000000000, 1.000000000000000000 ) ) ;
#1493 = EDGE_CURVE ( 'NONE', #4928, #4564, #4153, .T. ) ;
#1494 = CIRCLE ( 'NONE', #5192, 2.375000000000000444 ) ;
#1495 = CIRCLE ( 'NONE', #2642, 2.000000000000000000 ) ;
#1496 = CARTESIAN_POINT ( 'NONE',  ( 24.04999999999999716, 70.00000000000000000, 0.000000000000000000 ) ) ;
#1497 = EDGE_LOOP ( 'NONE', ( #4708, #4137, #5360, #4604, #5225, #5331, #2178, #1969, #3773, #482, #4717, #5526 ) ) ;
#1498 = ORIENTED_EDGE ( 'NONE', *, *, #5208, .F. ) ;
#1499 = CARTESIAN_POINT ( 'NONE',  ( -14.75522340929067511, 6.156523091106908652, 9.487335851268525744 ) ) ;
#1500 = VERTEX_POINT ( 'NONE', #1382 ) ;
#1501 = AXIS2_PLACEMENT_3D ( 'NONE', #5776, #5852, #4894 ) ;
#1502 = CIRCLE ( 'NONE', #626, 1.499999999999994449 ) ;
#1503 = DIRECTION ( 'NONE',  ( 0.000000000000000000, 0.000000000000000000, -1.000000000000000000 ) ) ;
#1504 = VECTOR ( 'NONE', #4310, 1000.000000000000000 ) ;
#1505 = LINE ( 'NONE', #3835, #3029 ) ;
#1506 = DIRECTION ( 'NONE',  ( -0.000000000000000000, -0.000000000000000000, 1.000000000000000000 ) ) ;
#1507 = EDGE_CURVE ( 'NONE', #4292, #2619, #5097, .T. ) ;
#1508 = AXIS2_PLACEMENT_3D ( 'NONE', #1454, #72, #4743 ) ;
#1509 = AXIS2_PLACEMENT_3D ( 'NONE', #3451, #2483, #261 ) ;
#1510 = CARTESIAN_POINT ( 'NONE',  ( 15.85553813188510297, 5.502515355975795330, 8.951879224483091591 ) ) ;
#1511 = CARTESIAN_POINT ( 'NONE',  ( -39.03894948008154131, 71.00000000000000000, 0.000000000000000000 ) ) ;
#1512 = DIRECTION ( 'NONE',  ( 1.000000000000000000, -0.000000000000000000, -0.000000000000000000 ) ) ;
#1513 = DIRECTION ( 'NONE',  ( 3.469446951953614189E-15, 0.000000000000000000, -1.000000000000000000 ) ) ;
#1514 = CARTESIAN_POINT ( 'NONE',  ( -54.50000000000000711, -75.00000000000000000, 3.100000000000000089 ) ) ;
#1515 = AXIS2_PLACEMENT_3D ( 'NONE', #3072, #5370, #3951 ) ;
#1516 = ORIENTED_EDGE ( 'NONE', *, *, #2735, .F. ) ;
#1517 = EDGE_LOOP ( 'NONE', ( #3063, #5469, #5657, #3149 ) ) ;
#1518 = EDGE_CURVE ( 'NONE', #5606, #4898, #5284, .T. ) ;
#1519 = ADVANCED_FACE ( 'NONE', ( #2977 ), #4212, .T. ) ;
#1520 = CARTESIAN_POINT ( 'NONE',  ( -8.500000000000028422, -9.999999999999987566, 0.5999999999999998668 ) ) ;
#1521 = DIRECTION ( 'NONE',  ( -0.000000000000000000, -0.000000000000000000, 1.000000000000000000 ) ) ;
#1522 = ORIENTED_EDGE ( 'NONE', *, *, #2685, .T. ) ;
#1523 = ORIENTED_EDGE ( 'NONE', *, *, #6003, .T. ) ;
#1524 = LINE ( 'NONE', #3363, #5195 ) ;
#1525 = CARTESIAN_POINT ( 'NONE',  ( 34.87500000000000000, 27.00000000000001066, 4.000000000000000000 ) ) ;
#1526 = VERTEX_POINT ( 'NONE', #2036 ) ;
#1527 = CARTESIAN_POINT ( 'NONE',  ( -54.50000000000002842, 75.00000000000000000, 3.100000000000000089 ) ) ;
#1528 = ORIENTED_EDGE ( 'NONE', *, *, #346, .F. ) ;
#1529 = DIRECTION ( 'NONE',  ( -1.000000000000000000, 0.000000000000000000, 0.000000000000000000 ) ) ;
#1530 = CARTESIAN_POINT ( 'NONE',  ( 36.52224213498844563, 39.00000000000000000, 7.502147685123529364 ) ) ;
#1531 = DIRECTION ( 'NONE',  ( 0.000000000000000000, 0.000000000000000000, -1.000000000000000000 ) ) ;
#1532 = CARTESIAN_POINT ( 'NONE',  ( -15.37824768729497116, 1.825574911345542839, 9.292467493111264076 ) ) ;
#1533 = ORIENTED_EDGE ( 'NONE', *, *, #3206, .T. ) ;
#1534 = DIRECTION ( 'NONE',  ( 0.000000000000000000, 0.000000000000000000, -1.000000000000000000 ) ) ;
#1535 = CARTESIAN_POINT ( 'NONE',  ( -54.00000000000003553, -48.69999999999999574, 3.100000000000000089 ) ) ;
#1536 = CARTESIAN_POINT ( 'NONE',  ( 11.50000000000000533, -1.000000000000006883, 7.502147685123530252 ) ) ;
#1537 = DIRECTION ( 'NONE',  ( 0.000000000000000000, 0.000000000000000000, 1.000000000000000000 ) ) ;
#1538 = LINE ( 'NONE', #5237, #2120 ) ;
#1539 = ORIENTED_EDGE ( 'NONE', *, *, #3651, .T. ) ;
#1540 = VERTEX_POINT ( 'NONE', #3770 ) ;
#1541 = ADVANCED_FACE ( 'NONE', ( #1100 ), #2916, .T. ) ;
#1542 = DIRECTION ( 'NONE',  ( -0.000000000000000000, -0.000000000000000000, 1.000000000000000000 ) ) ;
#1543 = FACE_OUTER_BOUND ( 'NONE', #801, .T. ) ;
#1544 = EDGE_CURVE ( 'NONE', #726, #3222, #2059, .T. ) ;
#1545 = VERTEX_POINT ( 'NONE', #3888 ) ;
#1546 = EDGE_LOOP ( 'NONE', ( #4065, #1434 ) ) ;
#1547 = DIRECTION ( 'NONE',  ( 0.000000000000000000, 0.000000000000000000, -1.000000000000000000 ) ) ;
#1548 = CARTESIAN_POINT ( 'NONE',  ( -11.76713562373079647, 32.41794316399495557, 8.500737217144132885 ) ) ;
#1549 = CARTESIAN_POINT ( 'NONE',  ( 36.52224213498844563, -1.000000000000006883, 7.502147685123529364 ) ) ;
#1550 = AXIS2_PLACEMENT_3D ( 'NONE', #4893, #5242, #3414 ) ;
#1551 = DIRECTION ( 'NONE',  ( -1.000000000000000000, 0.000000000000000000, 0.000000000000000000 ) ) ;
#1552 = ORIENTED_EDGE ( 'NONE', *, *, #4484, .F. ) ;
#1553 = CYLINDRICAL_SURFACE ( 'NONE', #3994, 2.000000000000001776 ) ;
#1554 = CARTESIAN_POINT ( 'NONE',  ( 16.14213562373094746, 32.14213562373096522, 9.502147685123530252 ) ) ;
#1555 = AXIS2_PLACEMENT_3D ( 'NONE', #5795, #3377, #1621 ) ;
#1556 = DIRECTION ( 'NONE',  ( -0.000000000000000000, 1.000000000000000000, -0.000000000000000000 ) ) ;
#1557 = AXIS2_PLACEMENT_3D ( 'NONE', #2406, #3636, #4746 ) ;
#1558 = CYLINDRICAL_SURFACE ( 'NONE', #1846, 2.375000000000002220 ) ;
#1559 = DIRECTION ( 'NONE',  ( -1.000000000000000000, 0.000000000000000000, 0.000000000000000000 ) ) ;
#1560 = AXIS2_PLACEMENT_3D ( 'NONE', #4885, #5938, #5346 ) ;
#1561 = DIRECTION ( 'NONE',  ( 1.000000000000000000, 0.000000000000000000, -0.000000000000000000 ) ) ;
#1562 = EDGE_LOOP ( 'NONE', ( #972, #4817 ) ) ;
#1563 = DIRECTION ( 'NONE',  ( 0.000000000000000000, -0.000000000000000000, -1.000000000000000000 ) ) ;
#1564 = CARTESIAN_POINT ( 'NONE',  ( 32.50000000000000711, 27.00000000000001066, 9.502147685123530252 ) ) ;
#1565 = LINE ( 'NONE', #4884, #2659 ) ;
#1566 = FACE_OUTER_BOUND ( 'NONE', #1078, .T. ) ;
#1567 = CARTESIAN_POINT ( 'NONE',  ( 34.85718050887328445, 27.33526301132266667, 8.686287874074672288 ) ) ;
#1568 = VERTEX_POINT ( 'NONE', #2952 ) ;
#1569 = ORIENTED_EDGE ( 'NONE', *, *, #4107, .F. ) ;
#1570 = CARTESIAN_POINT ( 'NONE',  ( 16.50049258365888605, 31.81938690163574890, 8.375698911004464620 ) ) ;
#1571 = DIRECTION ( 'NONE',  ( -1.000000000000000000, 0.000000000000000000, 0.000000000000000000 ) ) ;
#1572 = CARTESIAN_POINT ( 'NONE',  ( 34.50000000000000711, 27.00000000000001066, 4.000000000000000000 ) ) ;
#1573 = VERTEX_POINT ( 'NONE', #158 ) ;
#1574 = EDGE_LOOP ( 'NONE', ( #1533, #3899, #5461, #5482, #964, #3761, #5106, #5803 ) ) ;
#1575 = EDGE_CURVE ( 'NONE', #1982, #1491, #66, .T. ) ;
#1576 = ADVANCED_FACE ( 'NONE', ( #2010 ), #3863, .F. ) ;
#1577 = CYLINDRICAL_SURFACE ( 'NONE', #336, 1.000000000000000888 ) ;
#1578 = CARTESIAN_POINT ( 'NONE',  ( 52.50000000000004974, -26.69999999999998863, 0.5999999999999998668 ) ) ;
#1579 = ORIENTED_EDGE ( 'NONE', *, *, #4071, .F. ) ;
#1580 = DIRECTION ( 'NONE',  ( -1.387778780781445922E-16, 1.000000000000000000, 0.000000000000000000 ) ) ;
#1581 = ORIENTED_EDGE ( 'NONE', *, *, #1136, .F. ) ;
#1582 = AXIS2_PLACEMENT_3D ( 'NONE', #1134, #2920, #1957 ) ;
#1583 = EDGE_CURVE ( 'NONE', #2134, #2615, #1494, .T. ) ;
#1584 = ADVANCED_FACE ( 'NONE', ( #5761 ), #3400, .F. ) ;
#1585 = FACE_OUTER_BOUND ( 'NONE', #5256, .T. ) ;
#1586 = DIRECTION ( 'NONE',  ( -1.000000000000000000, 0.000000000000000000, 0.000000000000000000 ) ) ;
#1587 = AXIS2_PLACEMENT_3D ( 'NONE', #969, #2325, #4661 ) ;
#1588 = ORIENTED_EDGE ( 'NONE', *, *, #4726, .T. ) ;
#1589 = CIRCLE ( 'NONE', #5867, 1.000000000000000888 ) ;
#1590 = CARTESIAN_POINT ( 'NONE',  ( -30.12500000000001421, 9.000000000000007105, 4.000000000000000000 ) ) ;
#1591 = CARTESIAN_POINT ( 'NONE',  ( 10.00000000000003375, -9.999999999999987566, 3.100000000000000089 ) ) ;
#1592 = DIRECTION ( 'NONE',  ( -0.000000000000000000, -0.000000000000000000, 1.000000000000000000 ) ) ;
#1593 = CARTESIAN_POINT ( 'NONE',  ( 15.68492402808473152, 30.33213152823945435, 9.101216181799378191 ) ) ;
#1594 = EDGE_CURVE ( 'NONE', #1791, #3828, #1505, .T. ) ;
#1595 = EDGE_LOOP ( 'NONE', ( #5853, #5156, #5629, #5717 ) ) ;
#1596 = VERTEX_POINT ( 'NONE', #1924 ) ;
#1597 = CARTESIAN_POINT ( 'NONE',  ( 30.21420101713738049, 8.333720039800976309, 5.917521961082592874 ) ) ;
#1598 = ORGANIZATION ( 'UNSPECIFIED', 'UNSPECIFIED', '' ) ;
#1599 = AXIS2_PLACEMENT_3D ( 'NONE', #2873, #1366, #1395 ) ;
#1600 = DIRECTION ( 'NONE',  ( 0.000000000000000000, 0.000000000000000000, -1.000000000000000000 ) ) ;
#1601 = CARTESIAN_POINT ( 'NONE',  ( 0.000000000000000000, 40.00000000000000000, 8.502147685123528476 ) ) ;
#1602 = ORIENTED_EDGE ( 'NONE', *, *, #1774, .T. ) ;
#1603 = ORIENTED_EDGE ( 'NONE', *, *, #5659, .F. ) ;
#1604 = PLANE ( 'NONE',  #3526 ) ;
#1605 = DIRECTION ( 'NONE',  ( -1.000000000000000000, 0.000000000000000000, 0.000000000000000000 ) ) ;
#1606 = ADVANCED_FACE ( 'NONE', ( #5229 ), #645, .F. ) ;
#1607 = ORIENTED_EDGE ( 'NONE', *, *, #419, .F. ) ;
#1608 = CARTESIAN_POINT ( 'NONE',  ( -11.50000000000000533, 13.10102051443364601, 7.502147685123530252 ) ) ;
#1609 = ORIENTED_EDGE ( 'NONE', *, *, #613, .T. ) ;
#1610 = CARTESIAN_POINT ( 'NONE',  ( -30.40422685182722518, 28.12958492385019582, 5.986881542421296665 ) ) ;
#1611 = DIRECTION ( 'NONE',  ( 0.000000000000000000, -1.000000000000000000, 0.000000000000000000 ) ) ;
#1612 = ADVANCED_FACE ( 'NONE', ( #1585 ), #3433, .T. ) ;
#1613 = CARTESIAN_POINT ( 'NONE',  ( 34.60480915090717247, 25.88832823019165374, 8.464690265832620852 ) ) ;
#1614 = PLANE ( 'NONE',  #5490 ) ;
#1615 = CARTESIAN_POINT ( 'NONE',  ( -15.14457267300651822, 1.700714992205151654, 9.391984965618304315 ) ) ;
#1616 = CC_DESIGN_PERSON_AND_ORGANIZATION_ASSIGNMENT ( #1192, #3043, ( #828 ) ) ;
#1617 = ORIENTED_EDGE ( 'NONE', *, *, #684, .T. ) ;
#1618 = DIRECTION ( 'NONE',  ( -0.000000000000000000, -0.000000000000000000, 1.000000000000000000 ) ) ;
#1619 = CYLINDRICAL_SURFACE ( 'NONE', #1885, 2.000000000000000000 ) ;
#1620 = FACE_OUTER_BOUND ( 'NONE', #76, .T. ) ;
#1621 = DIRECTION ( 'NONE',  ( -1.000000000000000000, 0.000000000000000000, 4.336808689942013792E-16 ) ) ;
#1622 = CARTESIAN_POINT ( 'NONE',  ( 34.78675870662513603, 27.66289958202382593, 8.623438539186418339 ) ) ;
#1623 = ORIENTED_EDGE ( 'NONE', *, *, #3838, .F. ) ;
#1624 = EDGE_CURVE ( 'NONE', #1274, #2619, #4738, .T. ) ;
#1625 = EDGE_LOOP ( 'NONE', ( #1993, #3357, #263, #1617 ) ) ;
#1626 = CARTESIAN_POINT ( 'NONE',  ( 16.38940668723007477, 31.35843644989945389, 8.469693346531489198 ) ) ;
#1627 = CARTESIAN_POINT ( 'NONE',  ( -6.980486755139909756E-15, 18.00000000000001066, 0.000000000000000000 ) ) ;
#1628 = CARTESIAN_POINT ( 'NONE',  ( 34.87500000000000000, 27.00000000000001066, 9.502147685123530252 ) ) ;
#1629 = ORIENTED_EDGE ( 'NONE', *, *, #1476, .F. ) ;
#1630 = ORIENTED_EDGE ( 'NONE', *, *, #2482, .T. ) ;
#1631 = LINE ( 'NONE', #1148, #3151 ) ;
#1632 = CARTESIAN_POINT ( 'NONE',  ( -38.50000000000000711, -6.938893903907228378E-15, 7.502147685123529364 ) ) ;
#1633 = EDGE_LOOP ( 'NONE', ( #2832, #1124 ) ) ;
#1634 = DIRECTION ( 'NONE',  ( 0.000000000000000000, 0.000000000000000000, 1.000000000000000000 ) ) ;
#1635 = EDGE_LOOP ( 'NONE', ( #3751, #1873, #3810, #3024 ) ) ;
#1636 = CARTESIAN_POINT ( 'NONE',  ( -33.16650421558094308, 29.28404736372247186, 7.384536059855376422 ) ) ;
#1637 = CIRCLE ( 'NONE', #3188, 2.000000000000000000 ) ;
#1638 = CARTESIAN_POINT ( 'NONE',  ( -32.30610892914108945, 11.37172277900337569, 6.864609674926898109 ) ) ;
#1639 = EDGE_LOOP ( 'NONE', ( #741, #1629 ) ) ;
#1640 = CARTESIAN_POINT ( 'NONE',  ( -35.83335200155167399, -1.000000000000006883, 8.227013454803310921 ) ) ;
#1641 = CARTESIAN_POINT ( 'NONE',  ( 16.19782840924450795, 2.659705530488507996, 8.636670997258351079 ) ) ;
#1642 = CARTESIAN_POINT ( 'NONE',  ( 14.75763015584443139, 34.44018316583871808, 9.487031913135552941 ) ) ;
#1643 = AXIS2_PLACEMENT_3D ( 'NONE', #5024, #838, #2197 ) ;
#1644 = ORIENTED_EDGE ( 'NONE', *, *, #5871, .T. ) ;
#1645 = ADVANCED_FACE ( 'NONE', ( #5254 ), #2397, .T. ) ;
#1646 = CIRCLE ( 'NONE', #1367, 1.000000000000000888 ) ;
#1647 = DIRECTION ( 'NONE',  ( 0.000000000000000000, 0.000000000000000000, -1.000000000000000000 ) ) ;
#1648 = EDGE_CURVE ( 'NONE', #5340, #2762, #5193, .T. ) ;
#1649 = CARTESIAN_POINT ( 'NONE',  ( 15.85553813188510297, 5.502515355975795330, 8.951879224483091591 ) ) ;
#1650 = CARTESIAN_POINT ( 'NONE',  ( -34.52705206658530557, 25.75306911995064141, 8.398347812592493966 ) ) ;
#1651 = CARTESIAN_POINT ( 'NONE',  ( -44.00000000000002842, -9.999999999999994671, 3.100000000000000089 ) ) ;
#1652 = ORIENTED_EDGE ( 'NONE', *, *, #1228, .T. ) ;
#1653 = ORIENTED_EDGE ( 'NONE', *, *, #4970, .F. ) ;
#1654 = EDGE_CURVE ( 'NONE', #5940, #2442, #1895, .T. ) ;
#1655 = DIRECTION ( 'NONE',  ( 0.000000000000000000, -0.000000000000000000, -1.000000000000000000 ) ) ;
#1656 = CARTESIAN_POINT ( 'NONE',  ( 15.85553813188512251, 33.78678660343790341, 8.951879224483088038 ) ) ;
#1657 = DIRECTION ( 'NONE',  ( -1.000000000000000000, 0.000000000000000000, 0.000000000000000000 ) ) ;
#1658 = ORIENTED_EDGE ( 'NONE', *, *, #1374, .F. ) ;
#1659 = VERTEX_POINT ( 'NONE', #5337 ) ;
#1660 = DIRECTION ( 'NONE',  ( 0.000000000000000000, 0.000000000000000000, 1.000000000000000000 ) ) ;
#1661 = DIRECTION ( 'NONE',  ( -0.000000000000000000, -1.000000000000000000, -0.000000000000000000 ) ) ;
#1662 = DIRECTION ( 'NONE',  ( 0.000000000000000000, -1.000000000000000000, 0.000000000000000000 ) ) ;
#1663 = ORIENTED_EDGE ( 'NONE', *, *, #3369, .T. ) ;
#1664 = DIRECTION ( 'NONE',  ( 9.251858538542971828E-16, 0.000000000000000000, -1.000000000000000000 ) ) ;
#1665 = EDGE_LOOP ( 'NONE', ( #2614, #5098, #4199, #1882 ) ) ;
#1666 = ADVANCED_FACE ( 'NONE', ( #3556 ), #522, .T. ) ;
#1667 = CARTESIAN_POINT ( 'NONE',  ( -34.85679069529656715, 27.33744102067175419, 8.685938591501130901 ) ) ;
#1668 = DIRECTION ( 'NONE',  ( 0.000000000000000000, 0.000000000000000000, -1.000000000000000000 ) ) ;
#1669 = VERTEX_POINT ( 'NONE', #4477 ) ;
#1670 = CARTESIAN_POINT ( 'NONE',  ( -49.69999999999998863, 28.49999999999998934, 0.000000000000000000 ) ) ;
#1671 = CARTESIAN_POINT ( 'NONE',  ( -11.73929111826947924, 22.29924731937642690, 8.459600042328403902 ) ) ;
#1672 = CYLINDRICAL_SURFACE ( 'NONE', #3409, 1.000000000000000000 ) ;
#1673 = VERTEX_POINT ( 'NONE', #5903 ) ;
#1674 = AXIS2_PLACEMENT_3D ( 'NONE', #1352, #3191, #434 ) ;
#1675 = DIRECTION ( 'NONE',  ( -0.000000000000000000, -0.000000000000000000, -1.000000000000000000 ) ) ;
#1676 = CARTESIAN_POINT ( 'NONE',  ( -15.85553813188510297, 33.78678660343797446, 8.951879224483091591 ) ) ;
#1677 =( LENGTH_UNIT ( ) NAMED_UNIT ( * ) SI_UNIT ( .MILLI., .METRE. ) );
#1678 = AXIS2_PLACEMENT_3D ( 'NONE', #2318, #4583, #893 ) ;
#1679 = ADVANCED_FACE ( 'NONE', ( #5432 ), #3456, .F. ) ;
#1680 = CARTESIAN_POINT ( 'NONE',  ( -32.88483000327043015, 6.652051552948621271, 7.204980766472343312 ) ) ;
#1681 = ORIENTED_EDGE ( 'NONE', *, *, #9, .T. ) ;
#1682 = EDGE_LOOP ( 'NONE', ( #4500, #883, #1197, #716, #3662, #226, #635, #4469, #3077, #2263, #4322 ) ) ;
#1683 = TOROIDAL_SURFACE ( 'NONE', #5103, 1.000000000000000000, 1.000000000000000000 ) ;
#1684 = CARTESIAN_POINT ( 'NONE',  ( -11.66620720605844141, 13.50829947019655108, 8.321552535372827464 ) ) ;
#1685 = DIRECTION ( 'NONE',  ( 1.000000000000000000, 0.000000000000000000, 0.000000000000000000 ) ) ;
#1686 = DIRECTION ( 'NONE',  ( -0.000000000000000000, 1.000000000000000000, -0.000000000000000000 ) ) ;
#1687 = ADVANCED_FACE ( 'NONE', ( #1731 ), #1281, .F. ) ;
#1688 = AXIS2_PLACEMENT_3D ( 'NONE', #4622, #5051, #443 ) ;
#1689 = EDGE_LOOP ( 'NONE', ( #4641, #1376 ) ) ;
#1690 = VERTEX_POINT ( 'NONE', #3488 ) ;
#1691 = EDGE_CURVE ( 'NONE', #451, #3373, #4952, .T. ) ;
#1692 = CARTESIAN_POINT ( 'NONE',  ( 11.50000000000000533, 22.89897948556633622, 9.502147685123524923 ) ) ;
#1693 = AXIS2_PLACEMENT_3D ( 'NONE', #5309, #663, #2055 ) ;
#1694 = CIRCLE ( 'NONE', #2660, 2.374999999999998668 ) ;
#1695 = LINE ( 'NONE', #3911, #2074 ) ;
#1696 = CARTESIAN_POINT ( 'NONE',  ( 12.88180734960808316, 5.875046598716017421, 9.407611851717478046 ) ) ;
#1697 = VERTEX_POINT ( 'NONE', #1640 ) ;
#1698 = DIRECTION ( 'NONE',  ( 1.000000000000000000, 0.000000000000000000, 0.000000000000000000 ) ) ;
#1699 = AXIS2_PLACEMENT_3D ( 'NONE', #4366, #3894, #5345 ) ;
#1700 = VERTEX_POINT ( 'NONE', #732 ) ;
#1701 = AXIS2_PLACEMENT_3D ( 'NONE', #3840, #4831, #1534 ) ;
#1702 = AXIS2_PLACEMENT_3D ( 'NONE', #3243, #3665, #1313 ) ;
#1703 = CARTESIAN_POINT ( 'NONE',  ( -31.43440922950237848, 11.12829423862477718, 6.419116771267921351 ) ) ;
#1704 = EDGE_LOOP ( 'NONE', ( #3018, #570, #192, #863 ) ) ;
#1705 = CARTESIAN_POINT ( 'NONE',  ( 33.56151998956091376, 24.87066708904468015, 7.652854224317081844 ) ) ;
#1706 = CARTESIAN_POINT ( 'NONE',  ( 16.51713562373083022, 3.857864376268921536, 8.361836861103565610 ) ) ;
#1707 = FACE_BOUND ( 'NONE', #3004, .T. ) ;
#1708 = ORIENTED_EDGE ( 'NONE', *, *, #5752, .F. ) ;
#1709 = DIRECTION ( 'NONE',  ( 0.000000000000000000, 0.000000000000000000, -1.000000000000000000 ) ) ;
#1710 = CARTESIAN_POINT ( 'NONE',  ( -15.48599900253137562, 34.10436448536353282, 9.233540191444012279 ) ) ;
#1711 = DIRECTION ( 'NONE',  ( 0.000000000000000000, 0.000000000000000000, 1.000000000000000000 ) ) ;
#1712 = DIRECTION ( 'NONE',  ( 0.000000000000000000, -1.000000000000000000, 0.000000000000000000 ) ) ;
#1713 = ORIENTED_EDGE ( 'NONE', *, *, #250, .F. ) ;
#1714 = ORIENTED_EDGE ( 'NONE', *, *, #392, .T. ) ;
#1715 = DIRECTION ( 'NONE',  ( -0.000000000000000000, -0.000000000000000000, -1.000000000000000000 ) ) ;
#1716 = CARTESIAN_POINT ( 'NONE',  ( -16.14213562373095812, 3.857864376269070306, 4.000000000000000000 ) ) ;
#1717 = DIRECTION ( 'NONE',  ( 0.000000000000000000, 0.000000000000000000, -1.000000000000000000 ) ) ;
#1718 = ORIENTED_EDGE ( 'NONE', *, *, #2639, .F. ) ;
#1719 = ORIENTED_EDGE ( 'NONE', *, *, #3548, .T. ) ;
#1720 = DIRECTION ( 'NONE',  ( 0.000000000000000000, 0.000000000000000000, -1.000000000000000000 ) ) ;
#1721 = EDGE_CURVE ( 'NONE', #5983, #2775, #2116, .T. ) ;
#1722 = DIRECTION ( 'NONE',  ( 0.000000000000000000, 0.000000000000000000, -1.000000000000000000 ) ) ;
#1723 = CC_DESIGN_PERSON_AND_ORGANIZATION_ASSIGNMENT ( #1322, #4081, ( #5016 ) ) ;
#1724 = CARTESIAN_POINT ( 'NONE',  ( 11.77905431968635241, 4.129813064468012662, 8.522022926902481643 ) ) ;
#1725 = EDGE_LOOP ( 'NONE', ( #1120, #2000, #3026, #3295 ) ) ;
#1726 = DIRECTION ( 'NONE',  ( -0.000000000000000000, -0.000000000000000000, 1.000000000000000000 ) ) ;
#1727 = ORIENTED_EDGE ( 'NONE', *, *, #2421, .F. ) ;
#1728 = CARTESIAN_POINT ( 'NONE',  ( 0.000000000000000000, 39.00000000000000000, 8.502147685123528476 ) ) ;
#1729 = CARTESIAN_POINT ( 'NONE',  ( -34.87500000000000711, 27.00000000000001066, 8.702434179097494393 ) ) ;
#1730 = VERTEX_POINT ( 'NONE', #4602 ) ;
#1731 = FACE_OUTER_BOUND ( 'NONE', #2986, .T. ) ;
#1732 = DIRECTION ( 'NONE',  ( 0.000000000000000000, 0.000000000000000000, -1.000000000000000000 ) ) ;
#1733 = ORIENTED_EDGE ( 'NONE', *, *, #1852, .F. ) ;
#1734 = CIRCLE ( 'NONE', #3772, 1.550000000000002709 ) ;
#1735 = PLANE ( 'NONE',  #4132 ) ;
#1736 = DIRECTION ( 'NONE',  ( 0.000000000000000000, 0.000000000000000000, -1.000000000000000000 ) ) ;
#1737 = APPROVAL_STATUS ( 'not_yet_approved' ) ;
#1738 = B_SPLINE_CURVE_WITH_KNOTS ( 'NONE', 3,
 ( #1656, #4553, #2226, #3112, #3172, #5824, #4986, #2563, #3623, #2103 ),
 .UNSPECIFIED., .F., .F.,
 ( 4, 2, 2, 2, 4 ),
 ( 0.0008847833626282453458, 0.001366165151106612380, 0.001847546939584979522, 0.002328928728063346665, 0.002810310516541713807 ),
 .UNSPECIFIED. ) ;
#1739 = FACE_OUTER_BOUND ( 'NONE', #3161, .T. ) ;
#1740 = CARTESIAN_POINT ( 'NONE',  ( -34.35136145747166125, 7.504594551950261483, 8.252584229307382557 ) ) ;
#1741 = ORIENTED_EDGE ( 'NONE', *, *, #5610, .T. ) ;
#1742 = CIRCLE ( 'NONE', #2033, 0.9999999999999997780 ) ;
#1743 = DIRECTION ( 'NONE',  ( -0.000000000000000000, -0.000000000000000000, 1.000000000000000000 ) ) ;
#1744 = CARTESIAN_POINT ( 'NONE',  ( 54.49999999999997158, 75.00000000000000000, 3.100000000000000089 ) ) ;
#1745 = DIRECTION ( 'NONE',  ( 0.000000000000000000, 0.000000000000000000, -1.000000000000000000 ) ) ;
#1746 = VERTEX_POINT ( 'NONE', #2215 ) ;
#1747 = AXIS2_PLACEMENT_3D ( 'NONE', #3563, #2612, #2222 ) ;
#1748 = AXIS2_PLACEMENT_3D ( 'NONE', #5253, #2109, #2569 ) ;
#1749 = ORIENTED_EDGE ( 'NONE', *, *, #5134, .F. ) ;
#1750 = DIRECTION ( 'NONE',  ( -1.000000000000000000, 0.000000000000000000, 0.000000000000000000 ) ) ;
#1751 = DIRECTION ( 'NONE',  ( 0.000000000000000000, 0.000000000000000000, 1.000000000000000000 ) ) ;
#1752 = LINE ( 'NONE', #5148, #3137 ) ;
#1753 = ORIENTED_EDGE ( 'NONE', *, *, #1493, .F. ) ;
#1754 = CARTESIAN_POINT ( 'NONE',  ( 25.50000000000000711, 39.00000000000000000, 19.09999999999999787 ) ) ;
#1755 = VERTEX_POINT ( 'NONE', #1408 ) ;
#1756 = CARTESIAN_POINT ( 'NONE',  ( 50.83541919068304082, 58.62563132923540365, 3.100000000000000089 ) ) ;
#1757 = EDGE_CURVE ( 'NONE', #4632, #5607, #1007, .T. ) ;
#1758 = ADVANCED_FACE ( 'NONE', ( #4571 ), #5095, .F. ) ;
#1759 = CYLINDRICAL_SURFACE ( 'NONE', #1427, 2.000000000000001776 ) ;
#1760 = VECTOR ( 'NONE', #5319, 1000.000000000000000 ) ;
#1761 = ORIENTED_EDGE ( 'NONE', *, *, #2566, .T. ) ;
#1762 = DIRECTION ( 'NONE',  ( 0.000000000000000000, -0.000000000000000000, -1.000000000000000000 ) ) ;
#1763 = CARTESIAN_POINT ( 'NONE',  ( 15.77345539728410451, 33.87230065175386784, 9.029888130900525667 ) ) ;
#1764 = ADVANCED_FACE ( 'NONE', ( #3246 ), #5613, .F. ) ;
#1765 = VERTEX_POINT ( 'NONE', #915 ) ;
#1766 = ADVANCED_FACE ( 'NONE', ( #425 ), #5155, .F. ) ;
#1767 = ADVANCED_FACE ( 'NONE', ( #1853 ), #1801, .T. ) ;
#1768 = CARTESIAN_POINT ( 'NONE',  ( 0.000000000000000000, 0.000000000000000000, 3.100000000000000089 ) ) ;
#1769 = FACE_OUTER_BOUND ( 'NONE', #4287, .T. ) ;
#1770 = SECURITY_CLASSIFICATION_LEVEL ( 'unclassified' ) ;
#1771 = CARTESIAN_POINT ( 'NONE',  ( -31.57838760627797825, 24.80584622983831622, 6.487353591694856370 ) ) ;
#1772 = DIRECTION ( 'NONE',  ( 0.000000000000000000, -0.000000000000000000, -1.000000000000000000 ) ) ;
#1773 = EDGE_LOOP ( 'NONE', ( #1719, #3818, #1406, #5362 ) ) ;
#1774 = EDGE_CURVE ( 'NONE', #2140, #4928, #4998, .T. ) ;
#1775 = VECTOR ( 'NONE', #3954, 1000.000000000000000 ) ;
#1776 = AXIS2_PLACEMENT_3D ( 'NONE', #1564, #1045, #5652 ) ;
#1777 = CARTESIAN_POINT ( 'NONE',  ( -13.50000000000000533, -1.000000000000006883, 8.502147685123528476 ) ) ;
#1778 = FACE_OUTER_BOUND ( 'NONE', #4234, .T. ) ;
#1779 = EDGE_CURVE ( 'NONE', #1291, #5813, #1099, .T. ) ;
#1780 = PLANE ( 'NONE',  #2705 ) ;
#1781 = DIRECTION ( 'NONE',  ( 0.000000000000000000, -0.000000000000000000, -1.000000000000000000 ) ) ;
#1782 = ORIENTED_EDGE ( 'NONE', *, *, #1394, .F. ) ;
#1783 = AXIS2_PLACEMENT_3D ( 'NONE', #60, #1975, #2361 ) ;
#1784 = VERTEX_POINT ( 'NONE', #5579 ) ;
#1785 = AXIS2_PLACEMENT_3D ( 'NONE', #1489, #3330, #5216 ) ;
#1786 = AXIS2_PLACEMENT_3D ( 'NONE', #3738, #5616, #4296 ) ;
#1787 = CARTESIAN_POINT ( 'NONE',  ( 36.52224213498844563, -6.938893903907228378E-15, 9.502147685123530252 ) ) ;
#1788 = VECTOR ( 'NONE', #320, 1000.000000000000000 ) ;
#1789 = CARTESIAN_POINT ( 'NONE',  ( 11.76713562373087463, 3.994697316281718091, 8.500737217142265933 ) ) ;
#1790 = CARTESIAN_POINT ( 'NONE',  ( 51.25000000000000711, 28.50000000000000355, 0.000000000000000000 ) ) ;
#1791 = VERTEX_POINT ( 'NONE', #483 ) ;
#1792 = CYLINDRICAL_SURFACE ( 'NONE', #5825, 1.550000000000002709 ) ;
#1793 = EDGE_LOOP ( 'NONE', ( #3469, #6011, #3607, #5476, #5123, #768, #2749, #5566, #417, #4828, #5750 ) ) ;
#1794 = DIRECTION ( 'NONE',  ( 0.000000000000000000, -0.000000000000000000, -1.000000000000000000 ) ) ;
#1795 = VECTOR ( 'NONE', #2661, 1000.000000000000000 ) ;
#1796 = EDGE_CURVE ( 'NONE', #2491, #518, #4145, .T. ) ;
#1797 = CARTESIAN_POINT ( 'NONE',  ( -32.50000000000000711, 27.00000000000001066, 9.502147685123530252 ) ) ;
#1798 = AXIS2_PLACEMENT_3D ( 'NONE', #591, #1592, #188 ) ;
#1799 = AXIS2_PLACEMENT_3D ( 'NONE', #5815, #1160, #4977 ) ;
#1800 = ORIENTED_EDGE ( 'NONE', *, *, #3391, .T. ) ;
#1801 = CYLINDRICAL_SURFACE ( 'NONE', #4607, 1.000000000000000888 ) ;
#1802 = FACE_BOUND ( 'NONE', #3714, .T. ) ;
#1803 = ORIENTED_EDGE ( 'NONE', *, *, #3549, .T. ) ;
#1804 = EDGE_CURVE ( 'NONE', #5167, #3597, #5038, .T. ) ;
#1805 = FACE_BOUND ( 'NONE', #2488, .T. ) ;
#1806 = CARTESIAN_POINT ( 'NONE',  ( 13.36875689753529173, 34.39182305948102680, 9.502147685123537357 ) ) ;
#1807 = CC_DESIGN_DATE_AND_TIME_ASSIGNMENT ( #491, #2731, ( #2960 ) ) ;
#1808 = LINE ( 'NONE', #5524, #4315 ) ;
#1809 = LINE ( 'NONE', #5194, #3403 ) ;
#1810 = ORIENTED_EDGE ( 'NONE', *, *, #49, .T. ) ;
#1811 = DIRECTION ( 'NONE',  ( 1.000000000000000000, 0.000000000000000000, 0.000000000000000000 ) ) ;
#1812 = LINE ( 'NONE', #2341, #4406 ) ;
#1813 = CYLINDRICAL_SURFACE ( 'NONE', #5399, 1.499999999999994449 ) ;
#1814 = EDGE_CURVE ( 'NONE', #2115, #2414, #2331, .T. ) ;
#1815 = DIRECTION ( 'NONE',  ( 1.000000000000000000, 0.000000000000000000, 8.673617379884027583E-16 ) ) ;
#1816 = CARTESIAN_POINT ( 'NONE',  ( -42.50000000000002842, -9.999999999999994671, 0.5999999999999998668 ) ) ;
#1817 = ORIENTED_EDGE ( 'NONE', *, *, #5010, .F. ) ;
#1818 = EDGE_LOOP ( 'NONE', ( #4994, #4799, #1849, #3871 ) ) ;
#1819 = CARTESIAN_POINT ( 'NONE',  ( -52.50000000000004974, -26.69999999999998863, 3.100000000000000089 ) ) ;
#1820 = ORIENTED_EDGE ( 'NONE', *, *, #1327, .F. ) ;
#1821 = DIRECTION ( 'NONE',  ( 0.000000000000000000, 0.000000000000000000, 1.000000000000000000 ) ) ;
#1822 = VERTEX_POINT ( 'NONE', #3214 ) ;
#1823 = CARTESIAN_POINT ( 'NONE',  ( 51.25000000000000000, 46.00000000000000711, 0.000000000000000000 ) ) ;
#1824 = DIRECTION ( 'NONE',  ( -0.000000000000000000, -0.000000000000000000, -1.000000000000000000 ) ) ;
#1825 = EDGE_LOOP ( 'NONE', ( #5996, #2461, #1994, #3666 ) ) ;
#1826 = DIRECTION ( 'NONE',  ( 1.000000000000000000, 0.000000000000000000, -0.000000000000000000 ) ) ;
#1827 = DIRECTION ( 'NONE',  ( -1.000000000000000000, 0.000000000000000000, -0.000000000000000000 ) ) ;
#1828 = VERTEX_POINT ( 'NONE', #3185 ) ;
#1829 = CIRCLE ( 'NONE', #1948, 2.000000000000001776 ) ;
#1830 = CARTESIAN_POINT ( 'NONE',  ( 51.00000000000004263, -48.69999999999999574, 0.5999999999999998668 ) ) ;
#1831 = CARTESIAN_POINT ( 'NONE',  ( 0.000000000000000000, 40.00000000000000000, 3.100000000000000089 ) ) ;
#1832 = DIRECTION ( 'NONE',  ( 1.000000000000000000, 0.000000000000000000, 0.000000000000000000 ) ) ;
#1833 = ORIENTED_EDGE ( 'NONE', *, *, #1648, .F. ) ;
#1834 = EDGE_CURVE ( 'NONE', #4861, #2115, #4709, .T. ) ;
#1835 = EDGE_CURVE ( 'NONE', #1673, #2420, #2350, .T. ) ;
#1836 = LINE ( 'NONE', #3709, #2562 ) ;
#1837 = DIRECTION ( 'NONE',  ( 1.000000000000000000, 0.000000000000000000, 0.000000000000000000 ) ) ;
#1838 = CARTESIAN_POINT ( 'NONE',  ( 14.47775786501156858, 39.00000000000000000, 9.502147685123530252 ) ) ;
#1839 = CARTESIAN_POINT ( 'NONE',  ( 11.50000000000000533, 13.10102051443367799, 7.623566619312522441 ) ) ;
#1840 = DIRECTION ( 'NONE',  ( -1.000000000000000000, 0.000000000000000000, 0.000000000000000000 ) ) ;
#1841 = ORIENTED_EDGE ( 'NONE', *, *, #581, .T. ) ;
#1842 = EDGE_LOOP ( 'NONE', ( #2872, #2815 ) ) ;
#1843 = AXIS2_PLACEMENT_3D ( 'NONE', #2041, #2959, #3895 ) ;
#1844 = ADVANCED_FACE ( 'NONE', ( #1891 ), #5964, .T. ) ;
#1845 = CIRCLE ( 'NONE', #4966, 2.000000000000000000 ) ;
#1846 = AXIS2_PLACEMENT_3D ( 'NONE', #1010, #1923, #1978 ) ;
#1847 = DIRECTION ( 'NONE',  ( 1.387778780781445676E-16, -1.000000000000000000, 0.000000000000000000 ) ) ;
#1848 = ORIENTED_EDGE ( 'NONE', *, *, #4671, .F. ) ;
#1849 = ORIENTED_EDGE ( 'NONE', *, *, #5897, .T. ) ;
#1850 = LINE ( 'NONE', #3691, #4204 ) ;
#1851 = DIRECTION ( 'NONE',  ( -0.000000000000000000, -0.000000000000000000, 1.000000000000000000 ) ) ;
#1852 = EDGE_CURVE ( 'NONE', #4585, #4965, #709, .T. ) ;
#1853 = FACE_OUTER_BOUND ( 'NONE', #2129, .T. ) ;
#1854 = EDGE_LOOP ( 'NONE', ( #3566, #1063 ) ) ;
#1855 = CARTESIAN_POINT ( 'NONE',  ( -34.50000000000001421, 9.000000000000007105, 4.000000000000000000 ) ) ;
#1856 = ORIENTED_EDGE ( 'NONE', *, *, #3986, .F. ) ;
#1857 = B_SPLINE_CURVE_WITH_KNOTS ( 'NONE', 3,
 ( #4690, #3659, #4628, #996, #446, #14, #3753, #5568, #939, #5540, #509, #3298, #2298, #4163, #6012, #1937, #3784, #2349, #473, #4196, #2839, #1875, #5604, #544, #193, #3381, #1169, #103, #1597, #4775, #5299, #5240 ),
 .UNSPECIFIED., .F., .F.,
 ( 4, 2, 2, 2, 2, 2, 2, 2, 2, 2, 2, 2, 2, 2, 2, 4 ),
 ( 0.008063348725370771825, 0.008567149474317262148, 0.009070950223263754206, 0.009574750972210249733, 0.01007855172115674526, 0.01058235247010324079, 0.01108615321904973632, 0.01158995396799623184, 0.01209375471694272564, 0.01259755546588922290, 0.01310135621483571669, 0.01410895771272872509, 0.01461275846167522582, 0.01511655921062172482, 0.01562035995956822555, 0.01612416070851472455 ),
 .UNSPECIFIED. ) ;
#1858 = VECTOR ( 'NONE', #5499, 1000.000000000000000 ) ;
#1859 = FACE_BOUND ( 'NONE', #4659, .T. ) ;
#1860 = CARTESIAN_POINT ( 'NONE',  ( 12.66961219219140489, 34.01005591664415562, 9.325170430953921397 ) ) ;
#1861 = APPROVAL_STATUS ( 'not_yet_approved' ) ;
#1862 = FACE_BOUND ( 'NONE', #627, .T. ) ;
#1863 = CARTESIAN_POINT ( 'NONE',  ( 14.47775786501156858, -1.000000000000006883, 7.502147685123529364 ) ) ;
#1864 = ORIENTED_EDGE ( 'NONE', *, *, #1507, .F. ) ;
#1865 = CIRCLE ( 'NONE', #693, 2.375000000000002220 ) ;
#1866 = CYLINDRICAL_SURFACE ( 'NONE', #5023, 2.375000000000002220 ) ;
#1867 = CYLINDRICAL_SURFACE ( 'NONE', #1193, 2.375000000000002220 ) ;
#1868 = EDGE_CURVE ( 'NONE', #5508, #1828, #124, .T. ) ;
#1869 = AXIS2_PLACEMENT_3D ( 'NONE', #19, #1794, #906 ) ;
#1870 = DIRECTION ( 'NONE',  ( -1.000000000000000000, 0.000000000000000000, 0.000000000000000000 ) ) ;
#1871 = CARTESIAN_POINT ( 'NONE',  ( 14.14213562373094746, 32.14213562373096522, 9.502147685123530252 ) ) ;
#1872 = ORIENTED_EDGE ( 'NONE', *, *, #1167, .T. ) ;
#1873 = ORIENTED_EDGE ( 'NONE', *, *, #5647, .F. ) ;
#1874 = VECTOR ( 'NONE', #706, 1000.000000000000000 ) ;
#1875 = CARTESIAN_POINT ( 'NONE',  ( 31.43401504927076928, 6.856176403952900067, 6.415782615701870917 ) ) ;
#1876 = ADVANCED_FACE ( 'NONE', ( #2485 ), #3886, .F. ) ;
#1877 = VECTOR ( 'NONE', #2698, 1000.000000000000000 ) ;
#1878 = DIRECTION ( 'NONE',  ( 0.000000000000000000, 0.000000000000000000, 1.000000000000000000 ) ) ;
#1879 = FACE_OUTER_BOUND ( 'NONE', #1497, .T. ) ;
#1880 = AXIS2_PLACEMENT_3D ( 'NONE', #1001, #3304, #145 ) ;
#1881 = EDGE_CURVE ( 'NONE', #556, #4666, #807, .T. ) ;
#1882 = ORIENTED_EDGE ( 'NONE', *, *, #4638, .T. ) ;
#1883 = ORIENTED_EDGE ( 'NONE', *, *, #4099, .T. ) ;
#1884 = CARTESIAN_POINT ( 'NONE',  ( 8.500000000000028422, -9.999999999999987566, 3.100000000000000089 ) ) ;
#1885 = AXIS2_PLACEMENT_3D ( 'NONE', #2070, #3463, #2150 ) ;
#1886 = CIRCLE ( 'NONE', #1501, 2.000000000000001776 ) ;
#1887 = DIRECTION ( 'NONE',  ( 0.000000000000000000, 0.000000000000000000, 1.000000000000000000 ) ) ;
#1888 = EDGE_CURVE ( 'NONE', #3961, #2101, #3366, .T. ) ;
#1889 = EDGE_LOOP ( 'NONE', ( #1663, #1727, #660, #5295 ) ) ;
#1890 = CIRCLE ( 'NONE', #3619, 2.000000000000000000 ) ;
#1891 = FACE_OUTER_BOUND ( 'NONE', #1333, .T. ) ;
#1892 = AXIS2_PLACEMENT_3D ( 'NONE', #3226, #499, #2342 ) ;
#1893 = DIRECTION ( 'NONE',  ( -1.000000000000000000, 0.000000000000000000, 0.000000000000000000 ) ) ;
#1894 = CIRCLE ( 'NONE', #5008, 0.9999999999999991118 ) ;
#1895 = B_SPLINE_CURVE_WITH_KNOTS ( 'NONE', 3,
 ( #1041, #4943, #3975, #5401, #3128, #2578, #4043, #5810, #1224, #3068 ),
 .UNSPECIFIED., .F., .F.,
 ( 4, 2, 2, 2, 4 ),
 ( 0.0008847833626281972072, 0.001366165151106580071, 0.001847546939584963042, 0.002328928728063345797, 0.002810310516541728552 ),
 .UNSPECIFIED. ) ;
#1896 = AXIS2_PLACEMENT_3D ( 'NONE', #5894, #4557, #3085 ) ;
#1897 = DIRECTION ( 'NONE',  ( 0.000000000000000000, -1.000000000000000000, 0.000000000000000000 ) ) ;
#1898 = LINE ( 'NONE', #4578, #2572 ) ;
#1899 = CARTESIAN_POINT ( 'NONE',  ( 51.00000000000004974, -26.69999999999998863, 3.100000000000000089 ) ) ;
#1900 = DIRECTION ( 'NONE',  ( -1.000000000000000000, 0.000000000000000000, 0.000000000000000000 ) ) ;
#1901 = VERTEX_POINT ( 'NONE', #1918 ) ;
#1902 = AXIS2_PLACEMENT_3D ( 'NONE', #5914, #1715, #4525 ) ;
#1903 = CARTESIAN_POINT ( 'NONE',  ( -56.50000000000000711, -73.00000000000000000, 3.100000000000000089 ) ) ;
#1904 = CARTESIAN_POINT ( 'NONE',  ( 34.50000000000000711, 27.00000000000001066, 0.000000000000000000 ) ) ;
#1905 = FACE_OUTER_BOUND ( 'NONE', #5902, .T. ) ;
#1906 = FACE_OUTER_BOUND ( 'NONE', #3356, .T. ) ;
#1907 = CARTESIAN_POINT ( 'NONE',  ( 44.00000000000002842, -9.999999999999994671, 0.5999999999999998668 ) ) ;
#1908 = ORIENTED_EDGE ( 'NONE', *, *, #860, .F. ) ;
#1909 = ORIENTED_EDGE ( 'NONE', *, *, #3125, .F. ) ;
#1910 = CARTESIAN_POINT ( 'NONE',  ( 0.000000000000000000, 0.000000000000000000, 4.000000000000000000 ) ) ;
#1911 = DIRECTION ( 'NONE',  ( 0.000000000000000000, 0.000000000000000000, -1.000000000000000000 ) ) ;
#1912 = ORIENTED_EDGE ( 'NONE', *, *, #3978, .F. ) ;
#1913 = VERTEX_POINT ( 'NONE', #1527 ) ;
#1914 = DIRECTION ( 'NONE',  ( 0.000000000000000000, 0.000000000000000000, -1.000000000000000000 ) ) ;
#1915 = EDGE_CURVE ( 'NONE', #3222, #726, #2261, .T. ) ;
#1916 = CARTESIAN_POINT ( 'NONE',  ( -36.52224213498844563, 40.00000000000000000, 7.502147685123529364 ) ) ;
#1917 = EDGE_LOOP ( 'NONE', ( #4139, #1946 ) ) ;
#1918 = CARTESIAN_POINT ( 'NONE',  ( -11.76713562373095812, 3.857864376269070750, 8.500737217142409818 ) ) ;
#1919 = ORIENTED_EDGE ( 'NONE', *, *, #3133, .T. ) ;
#1920 = DIRECTION ( 'NONE',  ( 0.000000000000000000, 0.000000000000000000, 1.000000000000000000 ) ) ;
#1921 = DIRECTION ( 'NONE',  ( 8.673617379884043361E-16, -0.000000000000000000, 1.000000000000000000 ) ) ;
#1922 = EDGE_CURVE ( 'NONE', #4922, #3940, #4005, .T. ) ;
#1923 = DIRECTION ( 'NONE',  ( 0.000000000000000000, 0.000000000000000000, -1.000000000000000000 ) ) ;
#1924 = CARTESIAN_POINT ( 'NONE',  ( 13.50000000000000533, 39.00000000000000000, 9.502147685123530252 ) ) ;
#1925 = DIRECTION ( 'NONE',  ( -0.000000000000000000, -1.000000000000000000, 0.000000000000000000 ) ) ;
#1926 = VERTEX_POINT ( 'NONE', #2419 ) ;
#1927 = DIRECTION ( 'NONE',  ( 1.000000000000000000, 0.000000000000000000, 0.000000000000000000 ) ) ;
#1928 = DIRECTION ( 'NONE',  ( 0.000000000000000000, 0.000000000000000000, -1.000000000000000000 ) ) ;
#1929 = DIRECTION ( 'NONE',  ( 1.000000000000000000, 0.000000000000000000, 0.000000000000000000 ) ) ;
#1930 = LINE ( 'NONE', #2258, #4179 ) ;
#1931 = CARTESIAN_POINT ( 'NONE',  ( -11.57716110780152619, 22.71443281885749599, 8.060111251877522420 ) ) ;
#1932 = DIRECTION ( 'NONE',  ( -0.000000000000000000, -0.000000000000000000, 1.000000000000000000 ) ) ;
#1933 = ORIENTED_EDGE ( 'NONE', *, *, #5271, .F. ) ;
#1934 = ORIENTED_EDGE ( 'NONE', *, *, #2240, .F. ) ;
#1935 = CIRCLE ( 'NONE', #2229, 1.000000000000000000 ) ;
#1936 = B_SPLINE_CURVE_WITH_KNOTS ( 'NONE', 3,
 ( #5174, #991, #2831, #74, #1931, #758, #1671, #1282, #2146, #1251, #4044, #2603, #5459, #826, #3557, #3489 ),
 .UNSPECIFIED., .F., .F.,
 ( 4, 2, 2, 2, 2, 2, 2, 4 ),
 ( 0.000000000000000000, 0.0003584570680695557568, 0.0007169141361391091283, 0.001433828272278209366, 0.002150742408417309712, 0.002867656544556409625, 0.004301484816834602078, 0.005735313089112794097 ),
 .UNSPECIFIED. ) ;
#1937 = CARTESIAN_POINT ( 'NONE',  ( 32.88276232601538140, 6.651678714209378285, 7.203687971881273633 ) ) ;
#1938 = CARTESIAN_POINT ( 'NONE',  ( -56.50000000000000711, -73.00000000000000000, 3.100000000000000089 ) ) ;
#1939 = ORIENTED_EDGE ( 'NONE', *, *, #5659, .T. ) ;
#1940 = VERTEX_POINT ( 'NONE', #5638 ) ;
#1941 = CARTESIAN_POINT ( 'NONE',  ( 12.14213562373094746, 32.14213562373096522, 0.000000000000000000 ) ) ;
#1942 = AXIS2_PLACEMENT_3D ( 'NONE', #4584, #5564, #1389 ) ;
#1943 = DIRECTION ( 'NONE',  ( 1.000000000000000000, 0.000000000000000000, 0.000000000000000000 ) ) ;
#1944 = ADVANCED_FACE ( 'NONE', ( #976 ), #3394, .F. ) ;
#1945 = VERTEX_POINT ( 'NONE', #554 ) ;
#1946 = ORIENTED_EDGE ( 'NONE', *, *, #4822, .F. ) ;
#1947 = CARTESIAN_POINT ( 'NONE',  ( -14.47775786501156858, 6.209030621169200792, 9.502147685123530252 ) ) ;
#1948 = AXIS2_PLACEMENT_3D ( 'NONE', #6027, #830, #5073 ) ;
#1949 = CARTESIAN_POINT ( 'NONE',  ( 34.78675870662512892, 9.662899582023820599, 8.623438539186413010 ) ) ;
#1950 = EDGE_LOOP ( 'NONE', ( #3470, #4341, #4095, #3487 ) ) ;
#1951 = DIRECTION ( 'NONE',  ( 0.000000000000000000, 0.000000000000000000, -1.000000000000000000 ) ) ;
#1952 = CARTESIAN_POINT ( 'NONE',  ( -14.47775786501156858, 1.506698131368939819, 9.502147685123530252 ) ) ;
#1953 = EDGE_CURVE ( 'NONE', #2442, #5081, #2171, .T. ) ;
#1954 = ADVANCED_FACE ( 'NONE', ( #2885 ), #3339, .T. ) ;
#1955 = ORIENTED_EDGE ( 'NONE', *, *, #5019, .T. ) ;
#1956 = CARTESIAN_POINT ( 'NONE',  ( 0.000000000000000000, 40.00000000000000000, 3.100000000000000089 ) ) ;
#1957 = DIRECTION ( 'NONE',  ( 0.6888901334367781848, 0.000000000000000000, -0.7248657696797788930 ) ) ;
#1958 = LINE ( 'NONE', #4858, #43 ) ;
#1959 = DIRECTION ( 'NONE',  ( 0.6888901334367766305, 0.000000000000000000, 0.7248657696797800032 ) ) ;
#1960 = DIRECTION ( 'NONE',  ( 0.000000000000000000, -1.000000000000000000, 0.000000000000000000 ) ) ;
#1961 = AXIS2_PLACEMENT_3D ( 'NONE', #2037, #3864, #3434 ) ;
#1962 = ORIENTED_EDGE ( 'NONE', *, *, #1404, .F. ) ;
#1963 = VERTEX_POINT ( 'NONE', #2852 ) ;
#1964 = EDGE_CURVE ( 'NONE', #3706, #1568, #5100, .T. ) ;
#1965 = AXIS2_PLACEMENT_3D ( 'NONE', #3737, #3186, #2699 ) ;
#1966 = DIRECTION ( 'NONE',  ( 0.000000000000000000, 0.000000000000000000, -1.000000000000000000 ) ) ;
#1967 = CARTESIAN_POINT ( 'NONE',  ( 0.000000000000000000, -6.938893903907228378E-15, 8.502147685123528476 ) ) ;
#1968 = DIRECTION ( 'NONE',  ( -1.000000000000000000, 0.000000000000000000, 0.000000000000000000 ) ) ;
#1969 = ORIENTED_EDGE ( 'NONE', *, *, #4185, .T. ) ;
#1970 = DIRECTION ( 'NONE',  ( 1.000000000000000000, 0.000000000000000000, 0.000000000000000000 ) ) ;
#1971 = AXIS2_PLACEMENT_3D ( 'NONE', #1012, #1531, #2489 ) ;
#1972 = CIRCLE ( 'NONE', #617, 2.375000000000000444 ) ;
#1973 = CYLINDRICAL_SURFACE ( 'NONE', #718, 1.550000000000002709 ) ;
#1974 = VERTEX_POINT ( 'NONE', #4266 ) ;
#1975 = DIRECTION ( 'NONE',  ( -0.000000000000000000, -0.000000000000000000, -1.000000000000000000 ) ) ;
#1976 = DIRECTION ( 'NONE',  ( -0.6888901334367781848, 0.000000000000000000, -0.7248657696797788930 ) ) ;
#1977 = VECTOR ( 'NONE', #3786, 1000.000000000000000 ) ;
#1978 = DIRECTION ( 'NONE',  ( -1.000000000000000000, 0.000000000000000000, 0.000000000000000000 ) ) ;
#1979 = VECTOR ( 'NONE', #1205, 1000.000000000000000 ) ;
#1980 = CARTESIAN_POINT ( 'NONE',  ( 24.04999999999999716, 70.00000000000000000, 0.000000000000000000 ) ) ;
#1981 = CARTESIAN_POINT ( 'NONE',  ( 40.01105051991846295, 70.99999999999998579, 0.000000000000000000 ) ) ;
#1982 = VERTEX_POINT ( 'NONE', #1035 ) ;
#1983 = VECTOR ( 'NONE', #1481, 1000.000000000000000 ) ;
#1984 = EDGE_CURVE ( 'NONE', #1051, #5536, #4318, .T. ) ;
#1985 = VECTOR ( 'NONE', #4133, 1000.000000000000000 ) ;
#1986 = ADVANCED_FACE ( 'NONE', ( #2995 ), #725, .T. ) ;
#1987 = DIRECTION ( 'NONE',  ( -1.000000000000000000, 0.000000000000000000, 0.000000000000000000 ) ) ;
#1988 = CARTESIAN_POINT ( 'NONE',  ( -11.98719553068695376, 2.852041394749336156, 8.813006073014726383 ) ) ;
#1989 = CYLINDRICAL_SURFACE ( 'NONE', #1798, 1.550000000000002709 ) ;
#1990 = DIRECTION ( 'NONE',  ( -1.000000000000000000, 0.000000000000000000, 0.000000000000000000 ) ) ;
#1991 = DIRECTION ( 'NONE',  ( 0.000000000000000000, 0.000000000000000000, -1.000000000000000000 ) ) ;
#1992 = CARTESIAN_POINT ( 'NONE',  ( -11.81557249737476489, 31.60363521482987537, 8.588984560377976862 ) ) ;
#1993 = ORIENTED_EDGE ( 'NONE', *, *, #3388, .F. ) ;
#1994 = ORIENTED_EDGE ( 'NONE', *, *, #2954, .T. ) ;
#1995 = VECTOR ( 'NONE', #4072, 1000.000000000000000 ) ;
#1996 = EDGE_CURVE ( 'NONE', #5245, #5574, #3411, .T. ) ;
#1997 = DIRECTION ( 'NONE',  ( -0.000000000000000000, -0.000000000000000000, 1.000000000000000000 ) ) ;
#1998 = DIRECTION ( 'NONE',  ( 0.000000000000000000, 0.000000000000000000, 1.000000000000000000 ) ) ;
#1999 = DIRECTION ( 'NONE',  ( 1.000000000000000000, 0.000000000000000000, 0.000000000000000000 ) ) ;
#2000 = ORIENTED_EDGE ( 'NONE', *, *, #3090, .T. ) ;
#2001 = ORIENTED_EDGE ( 'NONE', *, *, #4343, .F. ) ;
#2002 = DIRECTION ( 'NONE',  ( 1.000000000000000000, 0.000000000000000000, 0.000000000000000000 ) ) ;
#2003 = CARTESIAN_POINT ( 'NONE',  ( -11.76713562373084443, 32.14213562373108601, 8.500737217142214419 ) ) ;
#2004 = CARTESIAN_POINT ( 'NONE',  ( 36.91105051991845443, 70.99999999999998579, 0.000000000000000000 ) ) ;
#2005 = CARTESIAN_POINT ( 'NONE',  ( -16.38940668723007832, 3.074165202437553646, 8.469693346531485645 ) ) ;
#2006 = VERTEX_POINT ( 'NONE', #1608 ) ;
#2007 = EDGE_CURVE ( 'NONE', #4077, #668, #2176, .T. ) ;
#2008 = CARTESIAN_POINT ( 'NONE',  ( 35.83335200155166689, 40.00000000000000000, 8.227013454803309145 ) ) ;
#2009 = LINE ( 'NONE', #4245, #3300 ) ;
#2010 = FACE_OUTER_BOUND ( 'NONE', #5622, .T. ) ;
#2011 = CARTESIAN_POINT ( 'NONE',  ( -38.50000000000000711, 39.00000000000000000, 0.000000000000000000 ) ) ;
#2012 = EDGE_LOOP ( 'NONE', ( #1749, #3581, #5001, #3424 ) ) ;
#2013 = DIRECTION ( 'NONE',  ( 0.000000000000000000, 1.000000000000000000, 0.000000000000000000 ) ) ;
#2014 = CARTESIAN_POINT ( 'NONE',  ( 39.50000000000000711, -6.938893903907228378E-15, 3.100000000000000089 ) ) ;
#2015 = DIRECTION ( 'NONE',  ( 0.000000000000000000, 0.000000000000000000, 1.000000000000000000 ) ) ;
#2016 = DIRECTION ( 'NONE',  ( 1.000000000000000000, 0.000000000000000000, 0.000000000000000000 ) ) ;
#2017 = EDGE_CURVE ( 'NONE', #6019, #2075, #4037, .T. ) ;
#2018 = CARTESIAN_POINT ( 'NONE',  ( 33.17271572534573920, 29.29563070522424795, 7.385423450856482219 ) ) ;
#2019 = EDGE_LOOP ( 'NONE', ( #5658, #5551, #2168, #3514, #4550, #3201, #3167, #5580, #355, #783, #946 ) ) ;
#2020 = ORIENTED_EDGE ( 'NONE', *, *, #4148, .T. ) ;
#2021 = EDGE_CURVE ( 'NONE', #2306, #4903, #5899, .T. ) ;
#2022 = DIRECTION ( 'NONE',  ( 0.000000000000000000, 0.000000000000000000, -1.000000000000000000 ) ) ;
#2023 = DIRECTION ( 'NONE',  ( -0.000000000000000000, 1.000000000000000000, -0.000000000000000000 ) ) ;
#2024 = FACE_OUTER_BOUND ( 'NONE', #2557, .T. ) ;
#2025 = EDGE_LOOP ( 'NONE', ( #2155, #588, #1307, #808 ) ) ;
#2026 = ORIENTED_EDGE ( 'NONE', *, *, #4680, .F. ) ;
#2027 = EDGE_CURVE ( 'NONE', #1259, #4765, #5864, .T. ) ;
#2028 = EDGE_CURVE ( 'NONE', #3532, #2942, #3677, .T. ) ;
#2029 = FACE_OUTER_BOUND ( 'NONE', #2019, .T. ) ;
#2030 = LINE ( 'NONE', #3337, #4816 ) ;
#2031 = DIRECTION ( 'NONE',  ( 1.000000000000000000, 0.000000000000000000, -0.000000000000000000 ) ) ;
#2032 = CARTESIAN_POINT ( 'NONE',  ( -15.68492402808471020, 5.667868471760605154, 9.101216181799399507 ) ) ;
#2033 = AXIS2_PLACEMENT_3D ( 'NONE', #564, #3407, #1959 ) ;
#2034 = EDGE_CURVE ( 'NONE', #919, #2615, #2973, .T. ) ;
#2035 = AXIS2_PLACEMENT_3D ( 'NONE', #3025, #5335, #1151 ) ;
#2036 = CARTESIAN_POINT ( 'NONE',  ( 37.50000000000000711, 40.00000000000000000, 8.502147685123528476 ) ) ;
#2037 = CARTESIAN_POINT ( 'NONE',  ( -14.14213562373095812, 3.857864376269070306, 9.502147685123530252 ) ) ;
#2038 = ORIENTED_EDGE ( 'NONE', *, *, #3728, .T. ) ;
#2039 = CARTESIAN_POINT ( 'NONE',  ( 24.04999999999999716, 70.00000000000000000, 3.100000000000000089 ) ) ;
#2040 = DIRECTION ( 'NONE',  ( 0.000000000000000000, -0.000000000000000000, 1.000000000000000000 ) ) ;
#2041 = CARTESIAN_POINT ( 'NONE',  ( 25.50000000000000711, -1.000000000000006883, 19.09999999999999787 ) ) ;
#2042 = CARTESIAN_POINT ( 'NONE',  ( 34.35324671435639488, 28.49301389812135810, 8.254128719528027958 ) ) ;
#2043 = EDGE_LOOP ( 'NONE', ( #2330, #2499, #3650, #2776 ) ) ;
#2044 = ORIENTED_EDGE ( 'NONE', *, *, #674, .F. ) ;
#2045 = EDGE_CURVE ( 'NONE', #4689, #3592, #4679, .T. ) ;
#2046 = CARTESIAN_POINT ( 'NONE',  ( -14.14213562373084443, 32.14213562373108601, 9.502147685123530252 ) ) ;
#2047 = CIRCLE ( 'NONE', #402, 2.000000000000000000 ) ;
#2048 = CARTESIAN_POINT ( 'NONE',  ( -12.50000000000000178, -1.000000000000006883, 3.100000000000000089 ) ) ;
#2049 = CARTESIAN_POINT ( 'NONE',  ( -32.50000000000001421, 9.000000000000007105, 9.502147685123530252 ) ) ;
#2050 = ORIENTED_EDGE ( 'NONE', *, *, #907, .F. ) ;
#2051 = ORIENTED_EDGE ( 'NONE', *, *, #2309, .T. ) ;
#2052 = VECTOR ( 'NONE', #3239, 1000.000000000000000 ) ;
#2053 = EDGE_CURVE ( 'NONE', #232, #1457, #328, .T. ) ;
#2054 = DIRECTION ( 'NONE',  ( 1.000000000000000000, 0.000000000000000000, 0.000000000000000000 ) ) ;
#2055 = DIRECTION ( 'NONE',  ( 1.000000000000000000, 0.000000000000000000, 0.000000000000000000 ) ) ;
#2056 = EDGE_LOOP ( 'NONE', ( #1498, #5327, #576, #941 ) ) ;
#2057 = CARTESIAN_POINT ( 'NONE',  ( 11.85646417947903508, 31.48503395950311301, 8.643807139833352693 ) ) ;
#2058 = CARTESIAN_POINT ( 'NONE',  ( -30.21392584407400861, 27.66552232657047128, 5.917423409490274011 ) ) ;
#2059 = CIRCLE ( 'NONE', #5764, 1.550000000000002709 ) ;
#2060 = DIRECTION ( 'NONE',  ( 0.000000000000000000, 0.000000000000000000, 1.000000000000000000 ) ) ;
#2061 = ORIENTED_EDGE ( 'NONE', *, *, #3492, .T. ) ;
#2062 = AXIS2_PLACEMENT_3D ( 'NONE', #3642, #1345, #1826 ) ;
#2063 = CARTESIAN_POINT ( 'NONE',  ( 30.12500000000001066, 27.00000000000001066, 5.886015930083765113 ) ) ;
#2064 = CARTESIAN_POINT ( 'NONE',  ( -14.14213562373095812, 3.857864376269070306, 4.000000000000000000 ) ) ;
#2065 = AXIS2_PLACEMENT_3D ( 'NONE', #5178, #5695, #5631 ) ;
#2066 = ORIENTED_EDGE ( 'NONE', *, *, #4562, .F. ) ;
#2067 = CIRCLE ( 'NONE', #3524, 15.00000000000000000 ) ;
#2068 = CIRCLE ( 'NONE', #1412, 1.000000000000000000 ) ;
#2069 = DIRECTION ( 'NONE',  ( -0.6888901334367776297, 0.000000000000000000, 0.7248657696797792260 ) ) ;
#2070 = CARTESIAN_POINT ( 'NONE',  ( -13.50000000000000533, -1.000000000000006883, 7.502147685123529364 ) ) ;
#2071 = DIRECTION ( 'NONE',  ( 0.000000000000000000, -1.000000000000000000, 0.000000000000000000 ) ) ;
#2072 = CYLINDRICAL_SURFACE ( 'NONE', #1843, 13.99999999999999822 ) ;
#2073 = ORIENTED_EDGE ( 'NONE', *, *, #330, .F. ) ;
#2074 = VECTOR ( 'NONE', #3546, 1000.000000000000000 ) ;
#2075 = VERTEX_POINT ( 'NONE', #3088 ) ;
#2076 = EDGE_CURVE ( 'NONE', #4585, #2942, #4499, .T. ) ;
#2077 = VECTOR ( 'NONE', #3909, 1000.000000000000000 ) ;
#2078 = VECTOR ( 'NONE', #1075, 1000.000000000000000 ) ;
#2079 = VECTOR ( 'NONE', #2013, 1000.000000000000000 ) ;
#2080 = CARTESIAN_POINT ( 'NONE',  ( -51.00000000000004974, -26.69999999999998863, 0.5999999999999998668 ) ) ;
#2081 = DIRECTION ( 'NONE',  ( 0.000000000000000000, 0.000000000000000000, -1.000000000000000000 ) ) ;
#2082 = ORIENTED_EDGE ( 'NONE', *, *, #2288, .F. ) ;
#2083 = VERTEX_POINT ( 'NONE', #3062 ) ;
#2084 = VECTOR ( 'NONE', #2722, 1000.000000000000000 ) ;
#2085 = CARTESIAN_POINT ( 'NONE',  ( -13.24131387460763420, 34.34378604770336807, 9.489205062566277604 ) ) ;
#2086 = VERTEX_POINT ( 'NONE', #1123 ) ;
#2087 = CARTESIAN_POINT ( 'NONE',  ( 13.50000000000000533, 29.85559088532419736, 9.502147685123530252 ) ) ;
#2088 = ORIENTED_EDGE ( 'NONE', *, *, #2076, .F. ) ;
#2089 = EDGE_CURVE ( 'NONE', #4077, #3991, #1067, .T. ) ;
#2090 = EDGE_CURVE ( 'NONE', #5334, #3736, #4282, .T. ) ;
#2091 = CARTESIAN_POINT ( 'NONE',  ( 25.50000000000000711, -6.938893903907228378E-15, 4.099999999999999645 ) ) ;
#2092 = DIRECTION ( 'NONE',  ( 0.000000000000000000, -1.000000000000000000, 0.000000000000000000 ) ) ;
#2093 = CARTESIAN_POINT ( 'NONE',  ( 25.50000000000000711, -6.938893903907228378E-15, 19.09999999999999787 ) ) ;
#2094 = ORIENTED_EDGE ( 'NONE', *, *, #3435, .T. ) ;
#2095 = CARTESIAN_POINT ( 'NONE',  ( -30.50000000000001421, 9.000000000000007105, 4.000000000000000000 ) ) ;
#2096 = CARTESIAN_POINT ( 'NONE',  ( 39.50000000000000711, 39.00000000000000000, 7.502147685123529364 ) ) ;
#2097 = DATE_AND_TIME ( #4483, #822 ) ;
#2098 = LINE ( 'NONE', #5910, #1775 ) ;
#2099 = DIRECTION ( 'NONE',  ( -0.000000000000000000, -1.000000000000000000, 0.000000000000000000 ) ) ;
#2100 = EDGE_LOOP ( 'NONE', ( #5543, #5954 ) ) ;
#2101 = VERTEX_POINT ( 'NONE', #5989 ) ;
#2102 = CARTESIAN_POINT ( 'NONE',  ( -12.12878049225032306, 14.96728463900686279, 8.959757987391043343 ) ) ;
#2103 = CARTESIAN_POINT ( 'NONE',  ( 16.51713562373094746, 32.14213562373096522, 8.361836861103464358 ) ) ;
#2104 = DIRECTION ( 'NONE',  ( -0.000000000000000000, -0.000000000000000000, 1.000000000000000000 ) ) ;
#2105 = VERTEX_POINT ( 'NONE', #2236 ) ;
#2106 = ORIENTED_EDGE ( 'NONE', *, *, #4379, .F. ) ;
#2107 = CARTESIAN_POINT ( 'NONE',  ( -37.50000000000000711, 39.00000000000000000, 8.502147685123528476 ) ) ;
#2108 = CARTESIAN_POINT ( 'NONE',  ( -12.56512610036591404, 33.93676536066842431, 9.284741824949016120 ) ) ;
#2109 = DIRECTION ( 'NONE',  ( 0.000000000000000000, 0.000000000000000000, -1.000000000000000000 ) ) ;
#2110 = ORIENTED_EDGE ( 'NONE', *, *, #4262, .T. ) ;
#2111 = CARTESIAN_POINT ( 'NONE',  ( 11.82393502637031446, 31.60923398960742503, 8.594211380235877940 ) ) ;
#2112 = ORIENTED_EDGE ( 'NONE', *, *, #1059, .F. ) ;
#2113 = EDGE_CURVE ( 'NONE', #5061, #5480, #1646, .T. ) ;
#2114 = DIRECTION ( 'NONE',  ( -0.000000000000000000, -0.000000000000000000, 1.000000000000000000 ) ) ;
#2115 = VERTEX_POINT ( 'NONE', #3121 ) ;
#2116 = LINE ( 'NONE', #1670, #3907 ) ;
#2117 = CARTESIAN_POINT ( 'NONE',  ( -14.14213562373084443, 32.14213562373108601, 4.000000000000000000 ) ) ;
#2118 = VECTOR ( 'NONE', #189, 1000.000000000000000 ) ;
#2119 = VERTEX_POINT ( 'NONE', #4565 ) ;
#2120 = VECTOR ( 'NONE', #3408, 1000.000000000000000 ) ;
#2121 = ADVANCED_FACE ( 'NONE', ( #5481 ), #4995, .T. ) ;
#2122 = DIRECTION ( 'NONE',  ( -0.000000000000000000, -0.000000000000000000, -1.000000000000000000 ) ) ;
#2123 = LINE ( 'NONE', #3981, #4414 ) ;
#2124 = CARTESIAN_POINT ( 'NONE',  ( 11.50000000000000711, -6.938893903907228378E-15, 3.100000000000000089 ) ) ;
#2125 = ADVANCED_FACE ( 'NONE', ( #5204 ), #4593, .T. ) ;
#2126 = CARTESIAN_POINT ( 'NONE',  ( -34.04308077444876801, 25.18863104765426186, 8.007939302391385183 ) ) ;
#2127 = CARTESIAN_POINT ( 'NONE',  ( -33.56310657111303186, 6.871419603632670459, 7.653962965342786084 ) ) ;
#2128 = ORIENTED_EDGE ( 'NONE', *, *, #5386, .F. ) ;
#2129 = EDGE_LOOP ( 'NONE', ( #3238, #1014, #875, #3600 ) ) ;
#2130 = CARTESIAN_POINT ( 'NONE',  ( 8.461050519918462243, 71.00000000000000000, 0.000000000000000000 ) ) ;
#2131 = CARTESIAN_POINT ( 'NONE',  ( -24.04999999999999716, 69.99999999999998579, 3.100000000000000089 ) ) ;
#2132 = DIRECTION ( 'NONE',  ( 1.000000000000000000, 0.000000000000000000, 0.000000000000000000 ) ) ;
#2133 = EDGE_LOOP ( 'NONE', ( #1939, #4009, #4699, #1864 ) ) ;
#2134 = VERTEX_POINT ( 'NONE', #4254 ) ;
#2135 = DIRECTION ( 'NONE',  ( 0.000000000000000000, 0.000000000000000000, -1.000000000000000000 ) ) ;
#2136 = CARTESIAN_POINT ( 'NONE',  ( -51.24999999999999289, 28.49999999999998934, 3.100000000000000089 ) ) ;
#2137 = DIRECTION ( 'NONE',  ( 0.000000000000000000, 0.000000000000000000, 1.000000000000000000 ) ) ;
#2138 = VERTEX_POINT ( 'NONE', #75 ) ;
#2139 = DIRECTION ( 'NONE',  ( -1.000000000000000000, 0.000000000000000000, 0.000000000000000000 ) ) ;
#2140 = VERTEX_POINT ( 'NONE', #816 ) ;
#2141 = AXIS2_PLACEMENT_3D ( 'NONE', #1071, #2917, #2953 ) ;
#2142 = AXIS2_PLACEMENT_3D ( 'NONE', #2546, #1252, #1732 ) ;
#2143 = CARTESIAN_POINT ( 'NONE',  ( -31.03389877948267994, 10.87542478423974401, 6.239481781067878430 ) ) ;
#2144 = ORIENTED_EDGE ( 'NONE', *, *, #3651, .F. ) ;
#2145 = CARTESIAN_POINT ( 'NONE',  ( 34.85648333361564255, 26.66080583693100792, 8.685663044120223830 ) ) ;
#2146 = CARTESIAN_POINT ( 'NONE',  ( -11.94615373520949397, 21.68661944020868049, 8.764892808342004571 ) ) ;
#2147 = PLANE ( 'NONE',  #2928 ) ;
#2148 = ORIENTED_EDGE ( 'NONE', *, *, #5539, .F. ) ;
#2149 = FACE_OUTER_BOUND ( 'NONE', #1245, .T. ) ;
#2150 = DIRECTION ( 'NONE',  ( 0.000000000000000000, 0.000000000000000000, 1.000000000000000000 ) ) ;
#2151 = APPROVAL_STATUS ( 'not_yet_approved' ) ;
#2152 = CIRCLE ( 'NONE', #414, 1.000000000000000888 ) ;
#2153 = CARTESIAN_POINT ( 'NONE',  ( -11.93748276177719880, 4.749853231978192092, 8.752408256789035335 ) ) ;
#2154 = CARTESIAN_POINT ( 'NONE',  ( -34.85677121085034713, 8.662688444229251772, 8.685922040301623070 ) ) ;
#2155 = ORIENTED_EDGE ( 'NONE', *, *, #2536, .T. ) ;
#2156 = VERTEX_POINT ( 'NONE', #3576 ) ;
#2157 = EDGE_CURVE ( 'NONE', #556, #2548, #1845, .T. ) ;
#2158 = VECTOR ( 'NONE', #5833, 1000.000000000000000 ) ;
#2159 = CIRCLE ( 'NONE', #5390, 2.000000000000000000 ) ;
#2160 = APPROVAL ( #2151, 'UNSPECIFIED' ) ;
#2161 = B_SPLINE_CURVE_WITH_KNOTS ( 'NONE', 3,
 ( #1432, #997, #968, #50, #3264, #15, #2876, #3785, #5147, #474, #4630, #5541, #2808, #4721, #5086, #3204 ),
 .UNSPECIFIED., .F., .F.,
 ( 4, 2, 2, 2, 2, 2, 2, 4 ),
 ( 0.005735313089112766341, 0.007168769137032073371, 0.008602225184951378667, 0.009318953208911037386, 0.01003568123287069437, 0.01075240925683035309, 0.01111077326881017985, 0.01146913728079000661 ),
 .UNSPECIFIED. ) ;
#2162 = DIRECTION ( 'NONE',  ( -0.000000000000000000, -0.000000000000000000, 1.000000000000000000 ) ) ;
#2163 = CIRCLE ( 'NONE', #5590, 1.000000000000000888 ) ;
#2164 = CARTESIAN_POINT ( 'NONE',  ( 14.14213562373094746, 32.14213562373096522, 9.502147685123530252 ) ) ;
#2165 = CIRCLE ( 'NONE', #4730, 1.549999999999999378 ) ;
#2166 = DIRECTION ( 'NONE',  ( 0.000000000000000000, -0.000000000000000000, -1.000000000000000000 ) ) ;
#2167 = VECTOR ( 'NONE', #5889, 1000.000000000000000 ) ;
#2168 = ORIENTED_EDGE ( 'NONE', *, *, #2281, .T. ) ;
#2169 = ORIENTED_EDGE ( 'NONE', *, *, #1346, .T. ) ;
#2170 = DIRECTION ( 'NONE',  ( -0.000000000000000000, -0.000000000000000000, 1.000000000000000000 ) ) ;
#2171 = B_SPLINE_CURVE_WITH_KNOTS ( 'NONE', 3,
 ( #3762, #1469, #2941, #177, #2005, #2814, #3307, #5728, #5186, #5757 ),
 .UNSPECIFIED., .F., .F.,
 ( 4, 2, 2, 2, 4 ),
 ( 0.002810310516541728552, 0.003290487319686982541, 0.003770664122832236963, 0.004250840925977491386, 0.004731017729122745374 ),
 .UNSPECIFIED. ) ;
#2172 = CIRCLE ( 'NONE', #3340, 1.000000000000000888 ) ;
#2173 = AXIS2_PLACEMENT_3D ( 'NONE', #680, #2022, #2965 ) ;
#2174 = DIRECTION ( 'NONE',  ( 0.000000000000000000, 0.000000000000000000, -1.000000000000000000 ) ) ;
#2175 = ORIENTED_EDGE ( 'NONE', *, *, #1403, .T. ) ;
#2176 = LINE ( 'NONE', #3482, #3230 ) ;
#2177 = APPROVAL_PERSON_ORGANIZATION ( #5043, #911, #1288 ) ;
#2178 = ORIENTED_EDGE ( 'NONE', *, *, #3358, .T. ) ;
#2179 = CARTESIAN_POINT ( 'NONE',  ( -34.25484785720869496, 28.60706630337651646, 8.174311635390127506 ) ) ;
#2180 = CIRCLE ( 'NONE', #5877, 1.549999999999999378 ) ;
#2181 = CIRCLE ( 'NONE', #1204, 1.000000000000000000 ) ;
#2182 = CARTESIAN_POINT ( 'NONE',  ( -32.01227972429330038, 11.32911820663247582, 6.705722774006344977 ) ) ;
#2183 = ORIENTED_EDGE ( 'NONE', *, *, #357, .T. ) ;
#2184 = CARTESIAN_POINT ( 'NONE',  ( -52.50000000000004974, -26.69999999999998863, 0.5999999999999998668 ) ) ;
#2185 = B_SPLINE_CURVE_WITH_KNOTS ( 'NONE', 3,
 ( #3609, #1763, #790, #2633, #1156, #3003, #244, #1642, #5367, #1186 ),
 .UNSPECIFIED., .F., .F.,
 ( 4, 2, 2, 2, 4 ),
 ( 0.000000000000000000, 0.0004208766994268681888, 0.0008417533988537326912, 0.001262630098280597248, 0.001683506797707461913 ),
 .UNSPECIFIED. ) ;
#2186 = DIRECTION ( 'NONE',  ( -0.000000000000000000, 0.000000000000000000, -1.000000000000000000 ) ) ;
#2187 = EDGE_LOOP ( 'NONE', ( #17, #2559 ) ) ;
#2188 = DIRECTION ( 'NONE',  ( -0.000000000000000000, -0.000000000000000000, 1.000000000000000000 ) ) ;
#2189 = DIRECTION ( 'NONE',  ( -1.000000000000000000, 0.000000000000000000, -0.000000000000000000 ) ) ;
#2190 = DIRECTION ( 'NONE',  ( 1.000000000000000000, 0.000000000000000000, 0.000000000000000000 ) ) ;
#2191 = CARTESIAN_POINT ( 'NONE',  ( -12.56512610036598154, 5.652494113206373960, 9.284741824949053424 ) ) ;
#2192 = CARTESIAN_POINT ( 'NONE',  ( -34.78698526203254460, 8.338299133145985920, 8.623641282121758067 ) ) ;
#2193 = VERTEX_POINT ( 'NONE', #2664 ) ;
#2194 = EDGE_LOOP ( 'NONE', ( #47, #3011, #3658, #731 ) ) ;
#2195 = FACE_OUTER_BOUND ( 'NONE', #4519, .T. ) ;
#2196 = EDGE_CURVE ( 'NONE', #1940, #948, #846, .T. ) ;
#2197 = DIRECTION ( 'NONE',  ( 1.000000000000000000, 0.000000000000000000, 0.000000000000000000 ) ) ;
#2198 = CARTESIAN_POINT ( 'NONE',  ( 13.50000000000000533, -6.938893903907228378E-15, 7.502147685123529364 ) ) ;
#2199 = ORIENTED_EDGE ( 'NONE', *, *, #3720, .T. ) ;
#2200 = ADVANCED_FACE ( 'NONE', ( #2693 ), #416, .F. ) ;
#2201 = ORIENTED_EDGE ( 'NONE', *, *, #4558, .F. ) ;
#2202 = DIRECTION ( 'NONE',  ( 0.000000000000000000, -1.000000000000000000, 0.000000000000000000 ) ) ;
#2203 = DIRECTION ( 'NONE',  ( -0.000000000000000000, -0.000000000000000000, -1.000000000000000000 ) ) ;
#2204 = ADVANCED_FACE ( 'NONE', ( #2210 ), #1792, .F. ) ;
#2205 = LINE ( 'NONE', #4933, #5929 ) ;
#2206 = CARTESIAN_POINT ( 'NONE',  ( -15.01782410748162633, 29.93014662511080459, 9.432511253763353309 ) ) ;
#2207 = EDGE_CURVE ( 'NONE', #2523, #3012, #3195, .T. ) ;
#2208 = EDGE_CURVE ( 'NONE', #2296, #3628, #5743, .T. ) ;
#2209 = VERTEX_POINT ( 'NONE', #4633 ) ;
#2210 = FACE_OUTER_BOUND ( 'NONE', #2214, .T. ) ;
#2211 = ORIENTED_EDGE ( 'NONE', *, *, #5572, .F. ) ;
#2212 = DIRECTION ( 'NONE',  ( 0.000000000000000000, 0.000000000000000000, 1.000000000000000000 ) ) ;
#2213 = PLANE ( 'NONE',  #5127 ) ;
#2214 = EDGE_LOOP ( 'NONE', ( #3019, #994, #4498, #4377 ) ) ;
#2215 = CARTESIAN_POINT ( 'NONE',  ( -20.94999999999999929, 69.99999999999998579, 0.000000000000000000 ) ) ;
#2216 = FACE_BOUND ( 'NONE', #5924, .T. ) ;
#2217 = ORIENTED_EDGE ( 'NONE', *, *, #1964, .F. ) ;
#2218 = ADVANCED_FACE ( 'NONE', ( #3780 ), #584, .T. ) ;
#2219 = DIRECTION ( 'NONE',  ( -0.000000000000000000, -0.000000000000000000, -1.000000000000000000 ) ) ;
#2220 = CARTESIAN_POINT ( 'NONE',  ( -54.50000000000000711, -73.00000000000000000, 3.100000000000000089 ) ) ;
#2221 = PERSON_AND_ORGANIZATION_ROLE ( 'creator' ) ;
#2222 = DIRECTION ( 'NONE',  ( 0.000000000000000000, 0.000000000000000000, 1.000000000000000000 ) ) ;
#2223 = CARTESIAN_POINT ( 'NONE',  ( 11.50000000000000533, 13.10102051443367976, 9.502147685123524923 ) ) ;
#2224 = AXIS2_PLACEMENT_3D ( 'NONE', #2708, #442, #5143 ) ;
#2225 = CARTESIAN_POINT ( 'NONE',  ( 7.000000000000024869, -9.999999999999987566, 0.5999999999999998668 ) ) ;
#2226 = CARTESIAN_POINT ( 'NONE',  ( 16.03812261088175006, 33.57968258101549708, 8.780870345429240942 ) ) ;
#2227 = CARTESIAN_POINT ( 'NONE',  ( 30.12500000000000355, 9.000000000000007105, 5.886015930083763337 ) ) ;
#2228 = VERTEX_POINT ( 'NONE', #2870 ) ;
#2229 = AXIS2_PLACEMENT_3D ( 'NONE', #3153, #1662, #4992 ) ;
#2230 = ORIENTED_EDGE ( 'NONE', *, *, #5527, .T. ) ;
#2231 = EDGE_CURVE ( 'NONE', #3373, #451, #371, .T. ) ;
#2232 = LINE ( 'NONE', #5830, #2755 ) ;
#2233 = DIRECTION ( 'NONE',  ( -0.000000000000000000, 0.000000000000000000, -1.000000000000000000 ) ) ;
#2234 = PLANE ( 'NONE',  #2264 ) ;
#2235 = ORIENTED_EDGE ( 'NONE', *, *, #573, .F. ) ;
#2236 = CARTESIAN_POINT ( 'NONE',  ( -16.14213562373084798, 32.14213562373108601, 0.000000000000000000 ) ) ;
#2237 = ORIENTED_EDGE ( 'NONE', *, *, #536, .F. ) ;
#2238 = CARTESIAN_POINT ( 'NONE',  ( 32.50000000000000000, 9.000000000000007105, 9.502147685123530252 ) ) ;
#2239 = EDGE_CURVE ( 'NONE', #1690, #5357, #4773, .T. ) ;
#2240 = EDGE_CURVE ( 'NONE', #5264, #4371, #1538, .T. ) ;
#2241 = CARTESIAN_POINT ( 'NONE',  ( 13.50000000000000533, -1.000000000000006883, 7.502147685123529364 ) ) ;
#2242 = AXIS2_PLACEMENT_3D ( 'NONE', #4362, #4388, #1586 ) ;
#2243 = ORIENTED_EDGE ( 'NONE', *, *, #3020, .T. ) ;
#2244 = DIRECTION ( 'NONE',  ( -0.000000000000000000, -1.000000000000000000, 0.000000000000000000 ) ) ;
#2245 = DIRECTION ( 'NONE',  ( 0.000000000000000000, 0.000000000000000000, 1.000000000000000000 ) ) ;
#2246 = EDGE_LOOP ( 'NONE', ( #4936, #5015, #2408, #5751, #4778, #3306, #4172, #4450 ) ) ;
#2247 = AXIS2_PLACEMENT_3D ( 'NONE', #943, #2273, #2752 ) ;
#2248 = EDGE_CURVE ( 'NONE', #3657, #4370, #5950, .T. ) ;
#2249 = CARTESIAN_POINT ( 'NONE',  ( 12.88180734960812757, 34.15931784617801270, 9.407611851717492257 ) ) ;
#2250 = CARTESIAN_POINT ( 'NONE',  ( -30.68505862068433387, 25.45937019950888924, 6.095151713717939401 ) ) ;
#2251 = DIRECTION ( 'NONE',  ( 1.000000000000000000, 0.000000000000000000, 0.000000000000000000 ) ) ;
#2252 = CIRCLE ( 'NONE', #3805, 2.000000000000001776 ) ;
#2253 = ORIENTED_EDGE ( 'NONE', *, *, #4369, .F. ) ;
#2254 = AXIS2_PLACEMENT_3D ( 'NONE', #2732, #529, #5498 ) ;
#2255 = AXIS2_PLACEMENT_3D ( 'NONE', #550, #2443, #4780 ) ;
#2256 = CARTESIAN_POINT ( 'NONE',  ( -16.51713562373084443, 32.14213562373108601, 8.361836861103551399 ) ) ;
#2257 = CARTESIAN_POINT ( 'NONE',  ( -56.50000000000000711, -75.00000000000000000, 3.100000000000000089 ) ) ;
#2258 = CARTESIAN_POINT ( 'NONE',  ( 49.69999999999999574, 46.00000000000000711, 0.000000000000000000 ) ) ;
#2259 = DIRECTION ( 'NONE',  ( 0.000000000000000000, 0.000000000000000000, 1.000000000000000000 ) ) ;
#2260 = EDGE_LOOP ( 'NONE', ( #2436, #3491 ) ) ;
#2261 = CIRCLE ( 'NONE', #3034, 1.550000000000002709 ) ;
#2262 = B_SPLINE_CURVE_WITH_KNOTS ( 'NONE', 3,
 ( #1947, #2943, #1499, #609, #3342, #5226, #5315, #2032, #1037, #154 ),
 .UNSPECIFIED., .F., .F.,
 ( 4, 2, 2, 2, 4 ),
 ( 0.000000000000000000, 0.0004212538385364978473, 0.0008425076770729956945, 0.001263761515609493433, 0.001685015354145995075 ),
 .UNSPECIFIED. ) ;
#2263 = ORIENTED_EDGE ( 'NONE', *, *, #2907, .T. ) ;
#2264 = AXIS2_PLACEMENT_3D ( 'NONE', #3154, #5952, #448 ) ;
#2265 = AXIS2_PLACEMENT_3D ( 'NONE', #289, #4531, #3117 ) ;
#2266 = CARTESIAN_POINT ( 'NONE',  ( -54.00000000000004263, -26.69999999999998863, 0.5999999999999998668 ) ) ;
#2267 = VECTOR ( 'NONE', #4878, 1000.000000000000000 ) ;
#2268 = DIRECTION ( 'NONE',  ( -1.000000000000000000, 0.000000000000000000, 0.000000000000000000 ) ) ;
#2269 = CARTESIAN_POINT ( 'NONE',  ( 54.00000000000003553, -48.69999999999999574, 3.100000000000000089 ) ) ;
#2270 = VERTEX_POINT ( 'NONE', #3870 ) ;
#2271 = CARTESIAN_POINT ( 'NONE',  ( 31.57650651321722890, 29.19347763783655125, 6.486425113860128100 ) ) ;
#2272 = ORIENTED_EDGE ( 'NONE', *, *, #796, .F. ) ;
#2273 = DIRECTION ( 'NONE',  ( -0.000000000000000000, -0.000000000000000000, -1.000000000000000000 ) ) ;
#2274 = VECTOR ( 'NONE', #467, 1000.000000000000000 ) ;
#2275 = CIRCLE ( 'NONE', #1896, 2.000000000000001776 ) ;
#2276 = LINE ( 'NONE', #5931, #2084 ) ;
#2277 = EDGE_CURVE ( 'NONE', #1098, #2356, #484, .T. ) ;
#2278 = VERTEX_POINT ( 'NONE', #856 ) ;
#2279 = DIRECTION ( 'NONE',  ( 1.000000000000000000, 0.000000000000000000, 0.000000000000000000 ) ) ;
#2280 = DIRECTION ( 'NONE',  ( 4.336808689942018229E-16, 0.000000000000000000, -1.000000000000000000 ) ) ;
#2281 = EDGE_CURVE ( 'NONE', #5061, #4057, #3118, .T. ) ;
#2282 = EDGE_LOOP ( 'NONE', ( #4772, #5491, #4405, #3577 ) ) ;
#2283 = CIRCLE ( 'NONE', #2476, 0.9999999999999985567 ) ;
#2284 = DIRECTION ( 'NONE',  ( 1.000000000000000000, 0.000000000000000000, 0.000000000000000000 ) ) ;
#2285 = DIRECTION ( 'NONE',  ( 0.000000000000000000, 0.000000000000000000, -1.000000000000000000 ) ) ;
#2286 = CARTESIAN_POINT ( 'NONE',  ( -11.50000000000000533, 39.00000000000000000, 7.502147685123530252 ) ) ;
#2287 = CARTESIAN_POINT ( 'NONE',  ( -14.47775786501156858, -1.000000000000006883, 7.502147685123529364 ) ) ;
#2288 = EDGE_CURVE ( 'NONE', #4747, #2075, #5438, .T. ) ;
#2289 = ORIENTED_EDGE ( 'NONE', *, *, #3251, .T. ) ;
#2290 = FACE_OUTER_BOUND ( 'NONE', #3449, .T. ) ;
#2291 = DIRECTION ( 'NONE',  ( 1.000000000000000000, 0.000000000000000000, 0.000000000000000000 ) ) ;
#2292 = CARTESIAN_POINT ( 'NONE',  ( 52.50000000000004974, -26.69999999999998863, 0.5999999999999998668 ) ) ;
#2293 = CARTESIAN_POINT ( 'NONE',  ( -51.25000000000000000, 45.99999999999999289, 0.000000000000000000 ) ) ;
#2294 = DIRECTION ( 'NONE',  ( 0.000000000000000000, 0.000000000000000000, -1.000000000000000000 ) ) ;
#2295 = VERTEX_POINT ( 'NONE', #1290 ) ;
#2296 = VERTEX_POINT ( 'NONE', #1651 ) ;
#2297 = EDGE_CURVE ( 'NONE', #3534, #903, #2622, .T. ) ;
#2298 = CARTESIAN_POINT ( 'NONE',  ( 33.56151998956089244, 6.870667089044670384, 7.652854224317076515 ) ) ;
#2299 = CARTESIAN_POINT ( 'NONE',  ( -52.50000000000004263, -48.69999999999999574, 0.5999999999999998668 ) ) ;
#2300 = EDGE_LOOP ( 'NONE', ( #1782, #2586, #4814, #3885 ) ) ;
#2301 = ORIENTED_EDGE ( 'NONE', *, *, #3251, .F. ) ;
#2302 = DIRECTION ( 'NONE',  ( 1.000000000000000000, 0.000000000000000000, 0.000000000000000000 ) ) ;
#2303 = CARTESIAN_POINT ( 'NONE',  ( -34.87500000000000711, 9.170568959576769430, 8.702434179097499722 ) ) ;
#2304 = EDGE_LOOP ( 'NONE', ( #5884, #445 ) ) ;
#2305 = CARTESIAN_POINT ( 'NONE',  ( 8.500000000000028422, -9.999999999999987566, 0.5999999999999998668 ) ) ;
#2306 = VERTEX_POINT ( 'NONE', #3045 ) ;
#2307 = LINE ( 'NONE', #2816, #696 ) ;
#2308 = ORIENTED_EDGE ( 'NONE', *, *, #4563, .T. ) ;
#2309 = EDGE_CURVE ( 'NONE', #409, #4942, #1257, .T. ) ;
#2310 = DIRECTION ( 'NONE',  ( -0.000000000000000000, -0.000000000000000000, 1.000000000000000000 ) ) ;
#2311 = CARTESIAN_POINT ( 'NONE',  ( 15.85553813188512251, 30.49748464402403059, 8.951879224483088038 ) ) ;
#2312 = CARTESIAN_POINT ( 'NONE',  ( 38.50000000000000711, 39.00000000000000000, 0.000000000000000000 ) ) ;
#2313 = CYLINDRICAL_SURFACE ( 'NONE', #5369, 2.000000000000000000 ) ;
#2314 = EDGE_LOOP ( 'NONE', ( #1410, #1486 ) ) ;
#2315 = ADVANCED_FACE ( 'NONE', ( #5374 ), #8, .T. ) ;
#2316 = CARTESIAN_POINT ( 'NONE',  ( -16.43605395325150198, 32.77754524969420657, 8.430105721654022943 ) ) ;
#2317 = CIRCLE ( 'NONE', #3775, 1.500000000000003997 ) ;
#2318 = CARTESIAN_POINT ( 'NONE',  ( 52.50000000000004263, -48.69999999999999574, 0.5999999999999998668 ) ) ;
#2319 = DIRECTION ( 'NONE',  ( 0.000000000000000000, -1.000000000000000000, 0.000000000000000000 ) ) ;
#2320 = DIRECTION ( 'NONE',  ( -0.000000000000000000, -0.000000000000000000, 1.000000000000000000 ) ) ;
#2321 = CARTESIAN_POINT ( 'NONE',  ( -32.50000000000000711, 27.00000000000001066, 0.000000000000000000 ) ) ;
#2322 = ORIENTED_EDGE ( 'NONE', *, *, #4444, .F. ) ;
#2323 = EDGE_LOOP ( 'NONE', ( #234, #2663, #1962, #2805 ) ) ;
#2324 = AXIS2_PLACEMENT_3D ( 'NONE', #352, #3594, #1262 ) ;
#2325 = DIRECTION ( 'NONE',  ( 0.000000000000000000, 0.000000000000000000, -1.000000000000000000 ) ) ;
#2326 = ORIENTED_EDGE ( 'NONE', *, *, #3100, .T. ) ;
#2327 = ORIENTED_EDGE ( 'NONE', *, *, #1168, .T. ) ;
#2328 = DIRECTION ( 'NONE',  ( 1.000000000000000000, 0.000000000000000000, -0.000000000000000000 ) ) ;
#2329 = FACE_OUTER_BOUND ( 'NONE', #1478, .T. ) ;
#2330 = ORIENTED_EDGE ( 'NONE', *, *, #4407, .T. ) ;
#2331 = LINE ( 'NONE', #4541, #1877 ) ;
#2332 = EDGE_LOOP ( 'NONE', ( #3055, #3131, #1145, #2399 ) ) ;
#2333 = CARTESIAN_POINT ( 'NONE',  ( 14.14213562373094746, 32.14213562373096522, 4.000000000000000000 ) ) ;
#2334 = VECTOR ( 'NONE', #1013, 1000.000000000000000 ) ;
#2335 = CARTESIAN_POINT ( 'NONE',  ( -11.76713562373095812, 3.857864376269070750, 9.502147685123530252 ) ) ;
#2336 = CARTESIAN_POINT ( 'NONE',  ( 14.47775786501156858, 6.209030621169033815, 9.502147685123530252 ) ) ;
#2337 = DIRECTION ( 'NONE',  ( -0.000000000000000000, -0.000000000000000000, 1.000000000000000000 ) ) ;
#2338 = ORIENTED_EDGE ( 'NONE', *, *, #729, .T. ) ;
#2339 = AXIS2_PLACEMENT_3D ( 'NONE', #5575, #5483, #4635 ) ;
#2340 = DIRECTION ( 'NONE',  ( 1.000000000000000000, 0.000000000000000000, 0.000000000000000000 ) ) ;
#2341 = CARTESIAN_POINT ( 'NONE',  ( 13.50000000000000533, -1.000000000000006883, 9.502147685123530252 ) ) ;
#2342 = DIRECTION ( 'NONE',  ( -1.000000000000000000, 0.000000000000000000, 0.000000000000000000 ) ) ;
#2343 = DIRECTION ( 'NONE',  ( 1.000000000000000000, 0.000000000000000000, 0.000000000000000000 ) ) ;
#2344 = DIRECTION ( 'NONE',  ( -4.336808689942018229E-16, 0.000000000000000000, -1.000000000000000000 ) ) ;
#2345 = ADVANCED_FACE ( 'NONE', ( #1195 ), #3503, .T. ) ;
#2346 = VERTEX_POINT ( 'NONE', #251 ) ;
#2347 = ORIENTED_EDGE ( 'NONE', *, *, #4822, .T. ) ;
#2348 = TOROIDAL_SURFACE ( 'NONE', #5385, 1.000000000000000000, 1.000000000000000000 ) ;
#2349 = CARTESIAN_POINT ( 'NONE',  ( 32.45195362785663917, 6.621091709884472820, 6.946876737046125072 ) ) ;
#2350 = CIRCLE ( 'NONE', #27, 14.00000000000000000 ) ;
#2351 = DIRECTION ( 'NONE',  ( 1.000000000000000000, 0.000000000000000000, 0.000000000000000000 ) ) ;
#2352 = LINE ( 'NONE', #2412, #4610 ) ;
#2353 = AXIS2_PLACEMENT_3D ( 'NONE', #2299, #844, #3661 ) ;
#2354 = EDGE_CURVE ( 'NONE', #61, #5865, #739, .T. ) ;
#2355 = EDGE_LOOP ( 'NONE', ( #279, #5632, #4200, #4624 ) ) ;
#2356 = VERTEX_POINT ( 'NONE', #3617 ) ;
#2357 = CARTESIAN_POINT ( 'NONE',  ( 12.49999999999999467, 18.00000000000004263, 9.234198492692621940 ) ) ;
#2358 = VECTOR ( 'NONE', #862, 1000.000000000000000 ) ;
#2359 = DIRECTION ( 'NONE',  ( -1.000000000000000000, 0.000000000000000000, 0.000000000000000000 ) ) ;
#2360 = EDGE_LOOP ( 'NONE', ( #2918, #1458, #3256, #2833 ) ) ;
#2361 = DIRECTION ( 'NONE',  ( -1.000000000000000000, 0.000000000000000000, 0.000000000000000000 ) ) ;
#2362 = VECTOR ( 'NONE', #2829, 1000.000000000000000 ) ;
#2363 = ORIENTED_EDGE ( 'NONE', *, *, #468, .F. ) ;
#2364 = CIRCLE ( 'NONE', #628, 1.499999999999994449 ) ;
#2365 = CARTESIAN_POINT ( 'NONE',  ( -37.48894948008153705, 71.00000000000000000, 0.000000000000000000 ) ) ;
#2366 = EDGE_CURVE ( 'NONE', #4397, #3395, #347, .T. ) ;
#2367 = VECTOR ( 'NONE', #4401, 1000.000000000000000 ) ;
#2368 = LINE ( 'NONE', #2425, #4368 ) ;
#2369 = DIRECTION ( 'NONE',  ( -0.000000000000000000, -0.000000000000000000, 1.000000000000000000 ) ) ;
#2370 = CARTESIAN_POINT ( 'NONE',  ( -30.12500000000001421, 9.000000000000007105, 9.502147685123530252 ) ) ;
#2371 = ORIENTED_EDGE ( 'NONE', *, *, #4587, .F. ) ;
#2372 = AXIS2_PLACEMENT_3D ( 'NONE', #2519, #2981, #2069 ) ;
#2373 = CARTESIAN_POINT ( 'NONE',  ( -42.50000000000002842, -9.999999999999994671, 0.5999999999999998668 ) ) ;
#2374 = CARTESIAN_POINT ( 'NONE',  ( 14.14213562373082667, 3.857864376268921092, 4.000000000000000000 ) ) ;
#2375 = FACE_OUTER_BOUND ( 'NONE', #3384, .T. ) ;
#2376 = DIRECTION ( 'NONE',  ( -0.000000000000000000, -0.000000000000000000, 1.000000000000000000 ) ) ;
#2377 = DIRECTION ( 'NONE',  ( 1.000000000000000000, 0.000000000000000000, -0.000000000000000000 ) ) ;
#2378 = DIRECTION ( 'NONE',  ( 0.000000000000000000, -0.000000000000000000, 1.000000000000000000 ) ) ;
#2379 = VERTEX_POINT ( 'NONE', #2584 ) ;
#2380 = ORIENTED_EDGE ( 'NONE', *, *, #2028, .T. ) ;
#2381 = EDGE_CURVE ( 'NONE', #2228, #5934, #4674, .T. ) ;
#2382 = DIRECTION ( 'NONE',  ( 1.000000000000000000, 0.000000000000000000, 0.000000000000000000 ) ) ;
#2383 = CYLINDRICAL_SURFACE ( 'NONE', #4409, 2.000000000000000000 ) ;
#2384 = ORIENTED_EDGE ( 'NONE', *, *, #1984, .F. ) ;
#2385 = EDGE_LOOP ( 'NONE', ( #3791, #2106 ) ) ;
#2386 = DIRECTION ( 'NONE',  ( 0.000000000000000000, 1.000000000000000000, -0.000000000000000000 ) ) ;
#2387 = EDGE_CURVE ( 'NONE', #294, #2101, #3795, .T. ) ;
#2388 = EDGE_CURVE ( 'NONE', #1268, #4535, #1809, .T. ) ;
#2389 = ADVANCED_FACE ( 'NONE', ( #2822 ), #3649, .F. ) ;
#2390 = DIRECTION ( 'NONE',  ( 1.000000000000000000, 0.000000000000000000, 0.000000000000000000 ) ) ;
#2391 = VERTEX_POINT ( 'NONE', #5621 ) ;
#2392 = DIRECTION ( 'NONE',  ( -1.000000000000000000, 0.000000000000000000, 0.000000000000000000 ) ) ;
#2393 = ORIENTED_EDGE ( 'NONE', *, *, #4300, .F. ) ;
#2394 = CARTESIAN_POINT ( 'NONE',  ( 25.50000000000000711, 40.00000000000000000, 19.09999999999999787 ) ) ;
#2395 = CARTESIAN_POINT ( 'NONE',  ( -32.50000000000001421, 9.000000000000007105, 4.000000000000000000 ) ) ;
#2396 = CARTESIAN_POINT ( 'NONE',  ( 34.52805719638303117, 10.24523005603593084, 8.399201689749242306 ) ) ;
#2397 = CYLINDRICAL_SURFACE ( 'NONE', #4114, 1.000000000000000888 ) ;
#2398 = CARTESIAN_POINT ( 'NONE',  ( -15.85553813188512251, 2.213213396562124569, 8.951879224483088038 ) ) ;
#2399 = ORIENTED_EDGE ( 'NONE', *, *, #4195, .F. ) ;
#2400 = ADVANCED_FACE ( 'NONE', ( #955 ), #6029, .T. ) ;
#2401 = CARTESIAN_POINT ( 'NONE',  ( -12.50000000000000711, 18.00000000000001066, 0.000000000000000000 ) ) ;
#2402 = DIRECTION ( 'NONE',  ( 0.000000000000000000, -1.000000000000000000, 0.000000000000000000 ) ) ;
#2403 = CARTESIAN_POINT ( 'NONE',  ( 14.47775786501156858, -6.938893903907228378E-15, 9.502147685123530252 ) ) ;
#2404 = CARTESIAN_POINT ( 'NONE',  ( 8.500000000000028422, -9.999999999999987566, 0.5999999999999998668 ) ) ;
#2405 = CYLINDRICAL_SURFACE ( 'NONE', #3336, 2.375000000000000444 ) ;
#2406 = CARTESIAN_POINT ( 'NONE',  ( -37.50000000000000711, -1.000000000000006883, 7.502147685123529364 ) ) ;
#2407 = ORIENTED_EDGE ( 'NONE', *, *, #1814, .T. ) ;
#2408 = ORIENTED_EDGE ( 'NONE', *, *, #308, .F. ) ;
#2409 = CIRCLE ( 'NONE', #3092, 1.000000000000000000 ) ;
#2410 = DIRECTION ( 'NONE',  ( 0.000000000000000000, 0.000000000000000000, -1.000000000000000000 ) ) ;
#2411 = CARTESIAN_POINT ( 'NONE',  ( 54.49999999999997158, 73.00000000000000000, 0.000000000000000000 ) ) ;
#2412 = CARTESIAN_POINT ( 'NONE',  ( 54.00000000000004263, -26.69999999999998863, 0.5999999999999998668 ) ) ;
#2413 = TOROIDAL_SURFACE ( 'NONE', #2224, 15.00000000000000000, 1.000000000000000000 ) ;
#2414 = VERTEX_POINT ( 'NONE', #926 ) ;
#2415 = CARTESIAN_POINT ( 'NONE',  ( -25.50000000000000711, -6.938893903907228378E-15, 19.09999999999999787 ) ) ;
#2416 = EDGE_CURVE ( 'NONE', #2507, #3706, #4214, .T. ) ;
#2417 = CARTESIAN_POINT ( 'NONE',  ( -8.500000000000028422, -9.999999999999987566, 0.5999999999999998668 ) ) ;
#2418 = ORIENTED_EDGE ( 'NONE', *, *, #427, .F. ) ;
#2419 = CARTESIAN_POINT ( 'NONE',  ( 56.49999999999997158, 73.00000000000000000, 3.100000000000000089 ) ) ;
#2420 = VERTEX_POINT ( 'NONE', #2794 ) ;
#2421 = EDGE_CURVE ( 'NONE', #1730, #1051, #602, .T. ) ;
#2422 = ADVANCED_FACE ( 'NONE', ( #4247 ), #530, .F. ) ;
#2423 = LINE ( 'NONE', #2365, #1111 ) ;
#2424 = ADVANCED_FACE ( 'NONE', ( #463 ), #2313, .T. ) ;
#2425 = CARTESIAN_POINT ( 'NONE',  ( 37.50000000000000711, 40.00000000000000000, 9.502147685123530252 ) ) ;
#2426 = DIRECTION ( 'NONE',  ( 0.000000000000000000, 0.000000000000000000, -1.000000000000000000 ) ) ;
#2427 = CARTESIAN_POINT ( 'NONE',  ( -14.75763015584443139, 1.559816834161317889, 9.487031913135552941 ) ) ;
#2428 = ORIENTED_EDGE ( 'NONE', *, *, #4269, .F. ) ;
#2429 = EDGE_CURVE ( 'NONE', #5934, #4913, #4706, .T. ) ;
#2430 = CARTESIAN_POINT ( 'NONE',  ( 14.14213562373094746, 32.14213562373096522, 9.502147685123530252 ) ) ;
#2431 = FACE_OUTER_BOUND ( 'NONE', #5898, .T. ) ;
#2432 = DIRECTION ( 'NONE',  ( 1.000000000000000000, 0.000000000000000000, 0.000000000000000000 ) ) ;
#2433 = CARTESIAN_POINT ( 'NONE',  ( 16.51713562373083022, 3.857864376268921536, 8.361836861103565610 ) ) ;
#2434 = DIRECTION ( 'NONE',  ( -1.000000000000000000, 0.000000000000000000, 0.000000000000000000 ) ) ;
#2435 = CARTESIAN_POINT ( 'NONE',  ( -12.99987175464912958, 30.05558316185858914, 9.442497130294604801 ) ) ;
#2436 = ORIENTED_EDGE ( 'NONE', *, *, #1026, .T. ) ;
#2437 = AXIS2_PLACEMENT_3D ( 'NONE', #978, #1442, #5965 ) ;
#2438 = CARTESIAN_POINT ( 'NONE',  ( -13.50000000000000533, 39.00000000000000000, 7.502147685123529364 ) ) ;
#2439 = DIRECTION ( 'NONE',  ( -0.000000000000000000, -0.000000000000000000, 1.000000000000000000 ) ) ;
#2440 = DIRECTION ( 'NONE',  ( -0.000000000000000000, 0.000000000000000000, 1.000000000000000000 ) ) ;
#2441 = ORIENTED_EDGE ( 'NONE', *, *, #2281, .F. ) ;
#2442 = VERTEX_POINT ( 'NONE', #5974 ) ;
#2443 = DIRECTION ( 'NONE',  ( 1.000000000000000000, 0.000000000000000000, 0.000000000000000000 ) ) ;
#2444 = CARTESIAN_POINT ( 'NONE',  ( -11.98700408615922797, 33.14757251407920791, 8.812793241404772715 ) ) ;
#2445 = AXIS2_PLACEMENT_3D ( 'NONE', #439, #3351, #1928 ) ;
#2446 = DIRECTION ( 'NONE',  ( 0.000000000000000000, -1.000000000000000000, 0.000000000000000000 ) ) ;
#2447 = ORIENTED_EDGE ( 'NONE', *, *, #161, .F. ) ;
#2448 = CARTESIAN_POINT ( 'NONE',  ( -13.50000000000000533, -6.938893903907228378E-15, 8.502147685123528476 ) ) ;
#2449 = ORIENTED_EDGE ( 'NONE', *, *, #1437, .F. ) ;
#2450 = AXIS2_PLACEMENT_3D ( 'NONE', #577, #5703, #1664 ) ;
#2451 = LINE ( 'NONE', #28, #2454 ) ;
#2452 = CIRCLE ( 'NONE', #1303, 2.000000000000000000 ) ;
#2453 = EDGE_CURVE ( 'NONE', #4913, #3985, #1865, .T. ) ;
#2454 = VECTOR ( 'NONE', #5227, 1000.000000000000000 ) ;
#2455 = LINE ( 'NONE', #5228, #4577 ) ;
#2456 = AXIS2_PLACEMENT_3D ( 'NONE', #3701, #2310, #6026 ) ;
#2457 = VECTOR ( 'NONE', #1991, 1000.000000000000000 ) ;
#2458 = DIRECTION ( 'NONE',  ( -0.000000000000000000, -0.000000000000000000, 1.000000000000000000 ) ) ;
#2459 = EDGE_CURVE ( 'NONE', #2518, #3418, #3284, .T. ) ;
#2460 = CARTESIAN_POINT ( 'NONE',  ( 56.49999999999997158, 73.00000000000000000, 0.000000000000000000 ) ) ;
#2461 = ORIENTED_EDGE ( 'NONE', *, *, #3058, .T. ) ;
#2462 = VECTOR ( 'NONE', #1358, 1000.000000000000000 ) ;
#2463 = CIRCLE ( 'NONE', #2855, 1.000000000000000000 ) ;
#2464 = EDGE_CURVE ( 'NONE', #580, #2086, #985, .T. ) ;
#2465 = LINE ( 'NONE', #1956, #3927 ) ;
#2466 = CARTESIAN_POINT ( 'NONE',  ( -11.76713562373097233, 3.582404503630306269, 8.500737217144438418 ) ) ;
#2467 = CYLINDRICAL_SURFACE ( 'NONE', #4336, 2.375000000000000444 ) ;
#2468 = EDGE_CURVE ( 'NONE', #5983, #1431, #1180, .T. ) ;
#2469 = EDGE_CURVE ( 'NONE', #5589, #3395, #1485, .T. ) ;
#2470 = FACE_OUTER_BOUND ( 'NONE', #5917, .T. ) ;
#2471 = AXIS2_PLACEMENT_3D ( 'NONE', #1046, #4833, #2015 ) ;
#2472 = CARTESIAN_POINT ( 'NONE',  ( -11.76713562373084443, 32.14213562373108601, 8.500737217142214419 ) ) ;
#2473 = AXIS2_PLACEMENT_3D ( 'NONE', #4054, #1743, #3593 ) ;
#2474 = ORIENTED_EDGE ( 'NONE', *, *, #2905, .F. ) ;
#2475 = ORIENTED_EDGE ( 'NONE', *, *, #4902, .F. ) ;
#2476 = AXIS2_PLACEMENT_3D ( 'NONE', #5960, #4665, #5036 ) ;
#2477 = CARTESIAN_POINT ( 'NONE',  ( -14.47775786501156858, 39.00000000000000000, 9.502147685123530252 ) ) ;
#2478 = CARTESIAN_POINT ( 'NONE',  ( 51.25000000000000711, 28.50000000000000355, 0.000000000000000000 ) ) ;
#2479 = DIRECTION ( 'NONE',  ( 0.000000000000000000, 0.000000000000000000, -1.000000000000000000 ) ) ;
#2480 = ORIENTED_EDGE ( 'NONE', *, *, #5019, .F. ) ;
#2481 = ORIENTED_EDGE ( 'NONE', *, *, #5871, .F. ) ;
#2482 = EDGE_CURVE ( 'NONE', #5480, #4963, #3675, .T. ) ;
#2483 = DIRECTION ( 'NONE',  ( 0.000000000000000000, -1.000000000000000000, 0.000000000000000000 ) ) ;
#2484 = DIRECTION ( 'NONE',  ( 1.000000000000000000, 0.000000000000000000, 0.000000000000000000 ) ) ;
#2485 = FACE_OUTER_BOUND ( 'NONE', #4471, .T. ) ;
#2486 = DIRECTION ( 'NONE',  ( 0.000000000000000000, 0.000000000000000000, 1.000000000000000000 ) ) ;
#2487 = DIRECTION ( 'NONE',  ( -1.000000000000000000, 0.000000000000000000, 0.000000000000000000 ) ) ;
#2488 = EDGE_LOOP ( 'NONE', ( #3669, #504 ) ) ;
#2489 = DIRECTION ( 'NONE',  ( -1.000000000000000000, 0.000000000000000000, 0.000000000000000000 ) ) ;
#2490 = CARTESIAN_POINT ( 'NONE',  ( -15.77345539728410451, 2.127699348246168132, 9.029888130900525667 ) ) ;
#2491 = VERTEX_POINT ( 'NONE', #2460 ) ;
#2492 = EDGE_CURVE ( 'NONE', #1491, #25, #4297, .T. ) ;
#2493 = CYLINDRICAL_SURFACE ( 'NONE', #5404, 2.375000000000000444 ) ;
#2494 = DIRECTION ( 'NONE',  ( 0.000000000000000000, 0.000000000000000000, 1.000000000000000000 ) ) ;
#2495 = DIRECTION ( 'NONE',  ( 0.000000000000000000, 0.000000000000000000, -1.000000000000000000 ) ) ;
#2496 = CARTESIAN_POINT ( 'NONE',  ( -32.50000000000001421, 9.000000000000007105, 0.000000000000000000 ) ) ;
#2497 = CARTESIAN_POINT ( 'NONE',  ( 34.87500000000000000, 27.00000000000001066, 8.702434179097490841 ) ) ;
#2498 = ORIENTED_EDGE ( 'NONE', *, *, #2875, .T. ) ;
#2499 = ORIENTED_EDGE ( 'NONE', *, *, #3282, .T. ) ;
#2500 = ADVANCED_FACE ( 'NONE', ( #159 ), #92, .T. ) ;
#2501 = EDGE_CURVE ( 'NONE', #61, #4383, #5759, .T. ) ;
#2502 = EDGE_CURVE ( 'NONE', #5081, #580, #886, .T. ) ;
#2503 = LINE ( 'NONE', #3013, #631 ) ;
#2504 = DIRECTION ( 'NONE',  ( 1.000000000000000000, 0.000000000000000000, 0.000000000000000000 ) ) ;
#2505 = PLANE ( 'NONE',  #5860 ) ;
#2506 = ORIENTED_EDGE ( 'NONE', *, *, #5946, .F. ) ;
#2507 = VERTEX_POINT ( 'NONE', #4853 ) ;
#2508 = TOROIDAL_SURFACE ( 'NONE', #5153, 1.000000000000000000, 1.000000000000000000 ) ;
#2509 = CARTESIAN_POINT ( 'NONE',  ( -54.50000000000002842, 73.00000000000000000, 3.100000000000000089 ) ) ;
#2510 = AXIS2_PLACEMENT_3D ( 'NONE', #3754, #1461, #1368 ) ;
#2511 = VERTEX_POINT ( 'NONE', #2978 ) ;
#2512 = DIRECTION ( 'NONE',  ( 1.387778780781445676E-16, -1.000000000000000000, 0.000000000000000000 ) ) ;
#2513 = ORIENTED_EDGE ( 'NONE', *, *, #1814, .F. ) ;
#2514 = AXIS2_PLACEMENT_3D ( 'NONE', #1294, #319, #3568 ) ;
#2515 = DIRECTION ( 'NONE',  ( -0.000000000000000000, -0.000000000000000000, -1.000000000000000000 ) ) ;
#2516 = VECTOR ( 'NONE', #4093, 1000.000000000000000 ) ;
#2517 = CARTESIAN_POINT ( 'NONE',  ( -15.68369850026668466, 2.046897589829170361, 9.102057025845557092 ) ) ;
#2518 = VERTEX_POINT ( 'NONE', #3458 ) ;
#2519 = CARTESIAN_POINT ( 'NONE',  ( -15.16664799844834555, 39.00000000000000000, 8.227013454803307368 ) ) ;
#2520 = LINE ( 'NONE', #5793, #4506 ) ;
#2521 = DIRECTION ( 'NONE',  ( 0.000000000000000000, 0.000000000000000000, -1.000000000000000000 ) ) ;
#2522 = DIRECTION ( 'NONE',  ( 0.000000000000000000, 0.000000000000000000, 1.000000000000000000 ) ) ;
#2523 = VERTEX_POINT ( 'NONE', #5339 ) ;
#2524 = ORIENTED_EDGE ( 'NONE', *, *, #1319, .T. ) ;
#2525 = DIRECTION ( 'NONE',  ( -0.000000000000000000, -1.000000000000000000, -0.000000000000000000 ) ) ;
#2526 = ADVANCED_FACE ( 'NONE', ( #1129 ), #4272, .F. ) ;
#2527 = CIRCLE ( 'NONE', #110, 1.000000000000000000 ) ;
#2528 = CARTESIAN_POINT ( 'NONE',  ( -11.50000000000000178, -1.000000000000006883, -4.987329993433321974E-15 ) ) ;
#2529 = DIRECTION ( 'NONE',  ( -1.000000000000000000, 0.000000000000000000, 0.000000000000000000 ) ) ;
#2530 = ORIENTED_EDGE ( 'NONE', *, *, #2980, .F. ) ;
#2531 = EDGE_CURVE ( 'NONE', #3611, #1545, #1278, .T. ) ;
#2532 = ORIENTED_EDGE ( 'NONE', *, *, #2714, .F. ) ;
#2533 = AXIS2_PLACEMENT_3D ( 'NONE', #3643, #5520, #882 ) ;
#2534 = B_SPLINE_CURVE_WITH_KNOTS ( 'NONE', 3,
 ( #2957, #1074, #2892, #4768, #651, #590, #4365, #4250, #622, #1988, #4742, #5739, #2466, #187 ),
 .UNSPECIFIED., .F., .F.,
 ( 4, 2, 2, 2, 2, 2, 4 ),
 ( 0.000000000000000000, 0.0004061931298570585426, 0.0008123862597141170852, 0.001624772519428233086, 0.002030965649285290490, 0.002437158779142347895, 0.003249545038856462703 ),
 .UNSPECIFIED. ) ;
#2535 = CYLINDRICAL_SURFACE ( 'NONE', #5785, 2.000000000000001776 ) ;
#2536 = EDGE_CURVE ( 'NONE', #1057, #241, #2047, .T. ) ;
#2537 = DIRECTION ( 'NONE',  ( -0.000000000000000000, -0.000000000000000000, -1.000000000000000000 ) ) ;
#2538 = EDGE_LOOP ( 'NONE', ( #5639, #3416, #1435, #3637, #4874, #2719, #1955, #2082 ) ) ;
#2539 = CARTESIAN_POINT ( 'NONE',  ( -12.50000000000000711, 18.00000000000001066, 9.502147685123530252 ) ) ;
#2540 = CARTESIAN_POINT ( 'NONE',  ( -30.79366764846639271, 28.65984963663966667, 6.138748232187399623 ) ) ;
#2541 = CIRCLE ( 'NONE', #1678, 1.499999999999994449 ) ;
#2542 = CARTESIAN_POINT ( 'NONE',  ( -32.88745466221529057, 11.34754746785712065, 7.206602847207069118 ) ) ;
#2543 = VERTEX_POINT ( 'NONE', #3889 ) ;
#2544 = CARTESIAN_POINT ( 'NONE',  ( 31.43401504927077639, 24.85617640395290451, 6.415782615701873581 ) ) ;
#2545 = DIRECTION ( 'NONE',  ( 0.000000000000000000, 0.000000000000000000, -1.000000000000000000 ) ) ;
#2546 = CARTESIAN_POINT ( 'NONE',  ( 14.47775786501156858, -1.000000000000006883, 7.502147685123529364 ) ) ;
#2547 = AXIS2_PLACEMENT_3D ( 'NONE', #2877, #2440, #2132 ) ;
#2548 = VERTEX_POINT ( 'NONE', #182 ) ;
#2549 = EDGE_CURVE ( 'NONE', #2619, #5567, #3988, .T. ) ;
#2550 = VECTOR ( 'NONE', #2621, 1000.000000000000000 ) ;
#2551 = TOROIDAL_SURFACE ( 'NONE', #5592, 15.00000000000000000, 1.000000000000000000 ) ;
#2552 = CARTESIAN_POINT ( 'NONE',  ( 38.46105051991845869, 70.99999999999998579, 0.000000000000000000 ) ) ;
#2553 = CARTESIAN_POINT ( 'NONE',  ( -14.75522340929068221, 34.44079433856888528, 9.487335851268525744 ) ) ;
#2554 = CARTESIAN_POINT ( 'NONE',  ( -14.47775786501156858, 34.49330186863119962, 9.502147685123530252 ) ) ;
#2555 = CARTESIAN_POINT ( 'NONE',  ( -11.98700408615932211, 4.863301266617154006, 8.812793241404884625 ) ) ;
#2556 = CARTESIAN_POINT ( 'NONE',  ( -11.98719553068686494, 31.13631264221132611, 8.813006073014619801 ) ) ;
#2557 = EDGE_LOOP ( 'NONE', ( #3788, #2665, #1653, #3453 ) ) ;
#2558 = AXIS2_PLACEMENT_3D ( 'NONE', #4795, #128, #2983 ) ;
#2559 = ORIENTED_EDGE ( 'NONE', *, *, #4070, .T. ) ;
#2560 = CIRCLE ( 'NONE', #720, 2.000000000000001776 ) ;
#2561 = DIRECTION ( 'NONE',  ( -1.000000000000000000, 0.000000000000000000, 0.000000000000000000 ) ) ;
#2562 = VECTOR ( 'NONE', #5651, 1000.000000000000000 ) ;
#2563 = CARTESIAN_POINT ( 'NONE',  ( 16.50019665848160599, 32.46671974482763545, 8.375947516752715316 ) ) ;
#2564 = EDGE_LOOP ( 'NONE', ( #4432, #655, #4868, #1298 ) ) ;
#2565 = ORIENTED_EDGE ( 'NONE', *, *, #3767, .F. ) ;
#2566 = EDGE_CURVE ( 'NONE', #3828, #227, #4390, .T. ) ;
#2567 = CIRCLE ( 'NONE', #1409, 14.00000000000000000 ) ;
#2568 = DIRECTION ( 'NONE',  ( 0.000000000000000000, -1.000000000000000000, 0.000000000000000000 ) ) ;
#2569 = DIRECTION ( 'NONE',  ( -1.000000000000000000, 0.000000000000000000, 0.000000000000000000 ) ) ;
#2570 = EDGE_LOOP ( 'NONE', ( #1177, #4256 ) ) ;
#2571 = CARTESIAN_POINT ( 'NONE',  ( 15.37728868113851632, 1.825020490463340028, 9.292919847835779734 ) ) ;
#2572 = VECTOR ( 'NONE', #5102, 1000.000000000000000 ) ;
#2573 = ORIENTED_EDGE ( 'NONE', *, *, #3426, .F. ) ;
#2574 = EDGE_CURVE ( 'NONE', #567, #1077, #3347, .T. ) ;
#2575 = EDGE_CURVE ( 'NONE', #1259, #2278, #3924, .T. ) ;
#2576 = CARTESIAN_POINT ( 'NONE',  ( -31.86618655260341981, 11.29400036469537483, 6.630122744509871602 ) ) ;
#2577 = ORIENTED_EDGE ( 'NONE', *, *, #5516, .F. ) ;
#2578 = CARTESIAN_POINT ( 'NONE',  ( -16.38941892982041182, 4.641359883469143632, 8.469686795836706139 ) ) ;
#2579 = PLANE ( 'NONE',  #1181 ) ;
#2580 = ORIENTED_EDGE ( 'NONE', *, *, #55, .F. ) ;
#2581 = CARTESIAN_POINT ( 'NONE',  ( -6.980486755139909756E-15, 18.00000000000001066, 3.100000000000000533 ) ) ;
#2582 = CARTESIAN_POINT ( 'NONE',  ( -15.77435312315929394, 33.87136539814374459, 9.029034959839314922 ) ) ;
#2583 = CYLINDRICAL_SURFACE ( 'NONE', #2634, 1.499999999999994449 ) ;
#2584 = CARTESIAN_POINT ( 'NONE',  ( -36.52224213498844563, -6.938893903907228378E-15, 9.502147685123530252 ) ) ;
#2585 = ORIENTED_EDGE ( 'NONE', *, *, #5063, .F. ) ;
#2586 = ORIENTED_EDGE ( 'NONE', *, *, #3028, .F. ) ;
#2587 = CARTESIAN_POINT ( 'NONE',  ( 20.94999999999999929, 70.00000000000000000, 0.000000000000000000 ) ) ;
#2588 = DIRECTION ( 'NONE',  ( -0.000000000000000000, -0.000000000000000000, 1.000000000000000000 ) ) ;
#2589 = EDGE_CURVE ( 'NONE', #5536, #2420, #2527, .T. ) ;
#2590 = LINE ( 'NONE', #682, #5959 ) ;
#2591 = ORIENTED_EDGE ( 'NONE', *, *, #3942, .T. ) ;
#2592 = ORIENTED_EDGE ( 'NONE', *, *, #1881, .T. ) ;
#2593 = DIRECTION ( 'NONE',  ( -1.000000000000000000, 0.000000000000000000, 0.000000000000000000 ) ) ;
#2594 = CARTESIAN_POINT ( 'NONE',  ( 12.50000000000000355, -1.000000000000006883, 7.502147685123529364 ) ) ;
#2595 = DIRECTION ( 'NONE',  ( -1.000000000000000000, 0.000000000000000000, 0.000000000000000000 ) ) ;
#2596 = ORIENTED_EDGE ( 'NONE', *, *, #1996, .T. ) ;
#2597 = CARTESIAN_POINT ( 'NONE',  ( 13.36790271184400858, 29.89268807091538704, 9.502147685123530252 ) ) ;
#2598 = ORIENTED_EDGE ( 'NONE', *, *, #5241, .T. ) ;
#2599 = FACE_OUTER_BOUND ( 'NONE', #2996, .T. ) ;
#2600 = ADVANCED_FACE ( 'NONE', ( #2888 ), #4763, .T. ) ;
#2601 = VERTEX_POINT ( 'NONE', #1981 ) ;
#2602 = CARTESIAN_POINT ( 'NONE',  ( 13.50000000000000533, 39.00000000000000000, 7.502147685123529364 ) ) ;
#2603 = CARTESIAN_POINT ( 'NONE',  ( -12.28632890715094028, 20.34771166022544264, 9.097805651351029255 ) ) ;
#2604 = DIRECTION ( 'NONE',  ( 0.000000000000000000, -1.000000000000000000, 0.000000000000000000 ) ) ;
#2605 = EDGE_CURVE ( 'NONE', #232, #520, #5840, .T. ) ;
#2606 = ORIENTED_EDGE ( 'NONE', *, *, #468, .T. ) ;
#2607 = AXIS2_PLACEMENT_3D ( 'NONE', #1339, #100, #2750 ) ;
#2608 = CARTESIAN_POINT ( 'NONE',  ( 54.49999999999997158, 73.00000000000000000, 3.100000000000000089 ) ) ;
#2609 = AXIS2_PLACEMENT_3D ( 'NONE', #2791, #2675, #4673 ) ;
#2610 = DIRECTION ( 'NONE',  ( 0.000000000000000000, 0.000000000000000000, -1.000000000000000000 ) ) ;
#2611 = CALENDAR_DATE ( 2025, 28, 10 ) ;
#2612 = DIRECTION ( 'NONE',  ( -0.000000000000000000, 1.000000000000000000, -0.000000000000000000 ) ) ;
#2613 = DIRECTION ( 'NONE',  ( 0.000000000000000000, -1.000000000000000000, 0.000000000000000000 ) ) ;
#2614 = ORIENTED_EDGE ( 'NONE', *, *, #4399, .T. ) ;
#2615 = VERTEX_POINT ( 'NONE', #5005 ) ;
#2616 = DIRECTION ( 'NONE',  ( -0.000000000000000000, -0.000000000000000000, 1.000000000000000000 ) ) ;
#2617 = FACE_OUTER_BOUND ( 'NONE', #791, .T. ) ;
#2618 = CARTESIAN_POINT ( 'NONE',  ( -12.14213562373095634, 3.857864376269070750, 9.502147685123530252 ) ) ;
#2619 = VERTEX_POINT ( 'NONE', #5812 ) ;
#2620 = ORIENTED_EDGE ( 'NONE', *, *, #5562, .T. ) ;
#2621 = DIRECTION ( 'NONE',  ( -0.000000000000000000, -0.000000000000000000, -1.000000000000000000 ) ) ;
#2622 = CIRCLE ( 'NONE', #5941, 0.9999999999999991118 ) ;
#2623 = CYLINDRICAL_SURFACE ( 'NONE', #4419, 1.000000000000000000 ) ;
#2624 = DIRECTION ( 'NONE',  ( -1.000000000000000000, 0.000000000000000000, 0.000000000000000000 ) ) ;
#2625 = ORIENTED_EDGE ( 'NONE', *, *, #5562, .F. ) ;
#2626 = CARTESIAN_POINT ( 'NONE',  ( -34.50000000000000711, 27.00000000000001066, 9.502147685123530252 ) ) ;
#2627 = ORIENTED_EDGE ( 'NONE', *, *, #4385, .F. ) ;
#2628 = AXIS2_PLACEMENT_3D ( 'NONE', #452, #4140, #4595 ) ;
#2629 = AXIS2_PLACEMENT_3D ( 'NONE', #4664, #3269, #1310 ) ;
#2630 = CARTESIAN_POINT ( 'NONE',  ( -30.12500000000000000, 9.168979115074023412, 5.886015930083763337 ) ) ;
#2631 = ORIENTED_EDGE ( 'NONE', *, *, #1404, .T. ) ;
#2632 = CARTESIAN_POINT ( 'NONE',  ( 30.40570165121050650, 25.86761188779107457, 5.987430987952237160 ) ) ;
#2633 = CARTESIAN_POINT ( 'NONE',  ( 15.48662300103810097, 34.10386203079266920, 9.233099403571864983 ) ) ;
#2634 = AXIS2_PLACEMENT_3D ( 'NONE', #1256, #3075, #797 ) ;
#2635 = ORIENTED_EDGE ( 'NONE', *, *, #868, .F. ) ;
#2636 = AXIS2_PLACEMENT_3D ( 'NONE', #2904, #4725, #1970 ) ;
#2637 = EDGE_CURVE ( 'NONE', #80, #800, #2925, .T. ) ;
#2638 = DIRECTION ( 'NONE',  ( -0.000000000000000000, 0.000000000000000000, 1.000000000000000000 ) ) ;
#2639 = EDGE_CURVE ( 'NONE', #2762, #10, #4985, .T. ) ;
#2640 = DIRECTION ( 'NONE',  ( 0.000000000000000000, 0.000000000000000000, -1.000000000000000000 ) ) ;
#2641 = APPROVAL_DATE_TIME ( #4016, #2160 ) ;
#2642 = AXIS2_PLACEMENT_3D ( 'NONE', #5624, #1357, #931 ) ;
#2643 = CARTESIAN_POINT ( 'NONE',  ( -34.73495046477398063, 26.18089612282840406, 8.577500267758169983 ) ) ;
#2644 = DIRECTION ( 'NONE',  ( 0.000000000000000000, -1.000000000000000000, 0.000000000000000000 ) ) ;
#2645 = ORIENTED_EDGE ( 'NONE', *, *, #385, .T. ) ;
#2646 = ORIENTED_EDGE ( 'NONE', *, *, #1208, .T. ) ;
#2647 = VECTOR ( 'NONE', #259, 1000.000000000000000 ) ;
#2648 = VECTOR ( 'NONE', #5030, 1000.000000000000000 ) ;
#2649 = EDGE_CURVE ( 'NONE', #5357, #4774, #5667, .T. ) ;
#2650 = ADVANCED_FACE ( 'NONE', ( #4944 ), #5091, .T. ) ;
#2651 = CARTESIAN_POINT ( 'NONE',  ( -11.50000000000001066, 13.10102051443364957, 7.623151163483876225 ) ) ;
#2652 = DIRECTION ( 'NONE',  ( 0.000000000000000000, 0.000000000000000000, 1.000000000000000000 ) ) ;
#2653 = AXIS2_PLACEMENT_3D ( 'NONE', #2801, #5653, #1929 ) ;
#2654 = CARTESIAN_POINT ( 'NONE',  ( 12.50000000000000355, 40.00000000000000000, 7.502147685123529364 ) ) ;
#2655 = VECTOR ( 'NONE', #5236, 1000.000000000000000 ) ;
#2656 = VERTEX_POINT ( 'NONE', #2672 ) ;
#2657 = EDGE_LOOP ( 'NONE', ( #4281, #607, #1091, #340 ) ) ;
#2658 = CARTESIAN_POINT ( 'NONE',  ( 12.14213562373094746, 32.14213562373096522, 9.502147685123530252 ) ) ;
#2659 = VECTOR ( 'NONE', #704, 1000.000000000000000 ) ;
#2660 = AXIS2_PLACEMENT_3D ( 'NONE', #2046, #5774, #2929 ) ;
#2661 = DIRECTION ( 'NONE',  ( 0.000000000000000000, 1.000000000000000000, 0.000000000000000000 ) ) ;
#2662 = CARTESIAN_POINT ( 'NONE',  ( 34.87499999999998579, 9.168287970476860949, 8.702434179097480182 ) ) ;
#2663 = ORIENTED_EDGE ( 'NONE', *, *, #4931, .F. ) ;
#2664 = CARTESIAN_POINT ( 'NONE',  ( -16.14213562373095812, 3.857864376269070306, 0.000000000000000000 ) ) ;
#2665 = ORIENTED_EDGE ( 'NONE', *, *, #1215, .F. ) ;
#2666 = ADVANCED_FACE ( 'NONE', ( #302 ), #2147, .F. ) ;
#2667 = VECTOR ( 'NONE', #1386, 1000.000000000000000 ) ;
#2668 = CARTESIAN_POINT ( 'NONE',  ( -44.00000000000002842, -9.999999999999994671, 0.5999999999999998668 ) ) ;
#2669 = ORIENTED_EDGE ( 'NONE', *, *, #385, .F. ) ;
#2670 = DIRECTION ( 'NONE',  ( 1.000000000000000000, 0.000000000000000000, 0.000000000000000000 ) ) ;
#2671 = DIRECTION ( 'NONE',  ( 1.000000000000000000, 1.387778780781445922E-16, -0.000000000000000000 ) ) ;
#2672 = CARTESIAN_POINT ( 'NONE',  ( 35.14446186811489525, 39.00000000000000000, 8.951879224483086261 ) ) ;
#2673 = ORIENTED_EDGE ( 'NONE', *, *, #1721, .F. ) ;
#2674 = DIRECTION ( 'NONE',  ( -1.000000000000000000, 0.000000000000000000, 0.000000000000000000 ) ) ;
#2675 = DIRECTION ( 'NONE',  ( -0.000000000000000000, -0.000000000000000000, 1.000000000000000000 ) ) ;
#2676 = COORDINATED_UNIVERSAL_TIME_OFFSET ( 5, 30, .AHEAD. ) ;
#2677 = DIRECTION ( 'NONE',  ( -1.000000000000000000, 0.000000000000000000, 0.000000000000000000 ) ) ;
#2678 = ADVANCED_FACE ( 'NONE', ( #733, #5933, #1226, #4974, #3558, #4075, #3584, #5460, #700, #3490, #4007, #4045, #5875, #2216, #1707, #5433, #3976, #4879, #4912, #5838, #3949, #1283, #4423 ), #2579, .F. ) ;
#2679 = CARTESIAN_POINT ( 'NONE',  ( -34.87500000000002842, 8.829039189283623301, 8.702434179097501499 ) ) ;
#2680 = EDGE_LOOP ( 'NONE', ( #5175, #3507, #5500, #928 ) ) ;
#2681 = ORIENTED_EDGE ( 'NONE', *, *, #517, .F. ) ;
#2682 = CARTESIAN_POINT ( 'NONE',  ( -12.50000000000000533, 17.53012387189891896, 9.234198492693002081 ) ) ;
#2683 = LINE ( 'NONE', #4434, #480 ) ;
#2684 = CARTESIAN_POINT ( 'NONE',  ( -52.79999999999999716, 45.99999999999999289, 0.000000000000000000 ) ) ;
#2685 = EDGE_CURVE ( 'NONE', #3684, #3410, #2185, .T. ) ;
#2686 = VERTEX_POINT ( 'NONE', #4449 ) ;
#2687 = EDGE_LOOP ( 'NONE', ( #3512, #2711, #634, #5321 ) ) ;
#2688 = ADVANCED_FACE ( 'NONE', ( #270 ), #1672, .T. ) ;
#2689 = LINE ( 'NONE', #2266, #4720 ) ;
#2690 = CARTESIAN_POINT ( 'NONE',  ( 12.66961219219135870, 5.725784669182148789, 9.325170430953900080 ) ) ;
#2691 = DIRECTION ( 'NONE',  ( -1.000000000000000000, -0.000000000000000000, -0.000000000000000000 ) ) ;
#2692 = ORIENTED_EDGE ( 'NONE', *, *, #4940, .F. ) ;
#2693 = FACE_OUTER_BOUND ( 'NONE', #3825, .T. ) ;
#2694 = VERTEX_POINT ( 'NONE', #1855 ) ;
#2695 = DIRECTION ( 'NONE',  ( 0.000000000000000000, 0.000000000000000000, 1.000000000000000000 ) ) ;
#2696 = CARTESIAN_POINT ( 'NONE',  ( -34.78668728350073280, 9.662865062697195029, 8.623376191060424745 ) ) ;
#2697 = ORIENTED_EDGE ( 'NONE', *, *, #1247, .F. ) ;
#2698 = DIRECTION ( 'NONE',  ( -0.000000000000000000, -0.000000000000000000, -1.000000000000000000 ) ) ;
#2699 = DIRECTION ( 'NONE',  ( 1.000000000000000000, 0.000000000000000000, 8.673617379884027583E-16 ) ) ;
#2700 = ORIENTED_EDGE ( 'NONE', *, *, #1654, .T. ) ;
#2701 = EDGE_CURVE ( 'NONE', #567, #3099, #5760, .T. ) ;
#2702 = CARTESIAN_POINT ( 'NONE',  ( 12.09200304512568991, 33.36574108208279910, 8.934954189179123318 ) ) ;
#2703 = CARTESIAN_POINT ( 'NONE',  ( -30.14345369729908697, 26.66021830938209902, 5.892435404604286830 ) ) ;
#2704 = EDGE_LOOP ( 'NONE', ( #5130, #5628, #5332, #1334 ) ) ;
#2705 = AXIS2_PLACEMENT_3D ( 'NONE', #5415, #255, #3080 ) ;
#2706 = DIRECTION ( 'NONE',  ( -0.000000000000000000, -0.000000000000000000, 1.000000000000000000 ) ) ;
#2707 = PLANE ( 'NONE',  #3517 ) ;
#2708 = CARTESIAN_POINT ( 'NONE',  ( 25.50000000000000711, 39.00000000000000000, 19.09999999999999787 ) ) ;
#2709 = DIRECTION ( 'NONE',  ( -0.000000000000000000, 1.000000000000000000, -0.000000000000000000 ) ) ;
#2710 = EDGE_LOOP ( 'NONE', ( #1856, #4870, #4375, #456 ) ) ;
#2711 = ORIENTED_EDGE ( 'NONE', *, *, #2792, .T. ) ;
#2712 = EDGE_CURVE ( 'NONE', #2686, #4844, #3022, .T. ) ;
#2713 = DIRECTION ( 'NONE',  ( 1.000000000000000000, 0.000000000000000000, 0.000000000000000000 ) ) ;
#2714 = EDGE_CURVE ( 'NONE', #167, #4350, #3897, .T. ) ;
#2715 = CARTESIAN_POINT ( 'NONE',  ( 12.99752416748717998, 5.943164539390089374, 9.441920094154175658 ) ) ;
#2716 = CARTESIAN_POINT ( 'NONE',  ( -15.85553813188512251, 30.49748464402425441, 8.951879224483088038 ) ) ;
#2717 = EDGE_LOOP ( 'NONE', ( #1173, #4586, #4748, #3308 ) ) ;
#2718 = CARTESIAN_POINT ( 'NONE',  ( 31.43600449077134940, 29.12911777438337779, 6.419858887568160810 ) ) ;
#2719 = ORIENTED_EDGE ( 'NONE', *, *, #593, .T. ) ;
#2720 = DIRECTION ( 'NONE',  ( 1.000000000000000000, 0.000000000000000000, 0.000000000000000000 ) ) ;
#2721 = EDGE_CURVE ( 'NONE', #1083, #3628, #1411, .T. ) ;
#2722 = DIRECTION ( 'NONE',  ( 1.000000000000000000, 0.000000000000000000, 0.000000000000000000 ) ) ;
#2723 = AXIS2_PLACEMENT_3D ( 'NONE', #4549, #1712, #4518 ) ;
#2724 = EDGE_LOOP ( 'NONE', ( #1761, #1362, #5400, #1272 ) ) ;
#2725 = DIRECTION ( 'NONE',  ( 1.000000000000000000, 0.000000000000000000, 0.000000000000000000 ) ) ;
#2726 = B_SPLINE_CURVE_WITH_KNOTS ( 'NONE', 3,
 ( #3143, #5942, #1452, #5977, #6005, #892, #2316, #4219, #534, #2256 ),
 .UNSPECIFIED., .F., .F.,
 ( 4, 2, 2, 2, 4 ),
 ( 0.0008847833626282201923, 0.001366165151106556001, 0.001847546939584891485, 0.002328928728063227403, 0.002810310516541562886 ),
 .UNSPECIFIED. ) ;
#2727 = CARTESIAN_POINT ( 'NONE',  ( -11.50000000000000178, -6.938893903907228378E-15, -4.987329993433321974E-15 ) ) ;
#2728 = ORIENTED_EDGE ( 'NONE', *, *, #3549, .F. ) ;
#2729 = FACE_BOUND ( 'NONE', #2570, .T. ) ;
#2730 = DIRECTION ( 'NONE',  ( 0.000000000000000000, -1.000000000000000000, 0.000000000000000000 ) ) ;
#2731 = DATE_TIME_ROLE ( 'classification_date' ) ;
#2732 = CARTESIAN_POINT ( 'NONE',  ( 13.50000000000000533, 39.00000000000000000, 8.502147685123528476 ) ) ;
#2733 = CARTESIAN_POINT ( 'NONE',  ( 54.49999999999999289, -75.00000000000000000, 3.100000000000000089 ) ) ;
#2734 = VERTEX_POINT ( 'NONE', #5489 ) ;
#2735 = EDGE_CURVE ( 'NONE', #1112, #2548, #4596, .T. ) ;
#2736 = CIRCLE ( 'NONE', #5583, 2.000000000000000000 ) ;
#2737 = CARTESIAN_POINT ( 'NONE',  ( 51.25000000000000000, 46.00000000000000711, 0.000000000000000000 ) ) ;
#2738 = FACE_OUTER_BOUND ( 'NONE', #777, .T. ) ;
#2739 = LINE ( 'NONE', #4618, #2362 ) ;
#2740 = CARTESIAN_POINT ( 'NONE',  ( 11.51132714267903978, 13.12743773560264060, 7.741925206829233908 ) ) ;
#2741 = CARTESIAN_POINT ( 'NONE',  ( 8.500000000000028422, -9.999999999999987566, 3.100000000000000089 ) ) ;
#2742 = ORIENTED_EDGE ( 'NONE', *, *, #4643, .T. ) ;
#2743 = VERTEX_POINT ( 'NONE', #5615 ) ;
#2744 = CIRCLE ( 'NONE', #3429, 1.550000000000002709 ) ;
#2745 = VECTOR ( 'NONE', #1008, 1000.000000000000000 ) ;
#2746 = CIRCLE ( 'NONE', #4430, 2.374999999999998668 ) ;
#2747 = CARTESIAN_POINT ( 'NONE',  ( -44.00000000000002842, -9.999999999999994671, 0.5999999999999998668 ) ) ;
#2748 = FACE_OUTER_BOUND ( 'NONE', #5296, .T. ) ;
#2749 = ORIENTED_EDGE ( 'NONE', *, *, #5473, .T. ) ;
#2750 = DIRECTION ( 'NONE',  ( 1.000000000000000000, 0.000000000000000000, 0.000000000000000000 ) ) ;
#2751 = ORIENTED_EDGE ( 'NONE', *, *, #48, .T. ) ;
#2752 = DIRECTION ( 'NONE',  ( -1.000000000000000000, 0.000000000000000000, 0.000000000000000000 ) ) ;
#2753 = ADVANCED_FACE ( 'NONE', ( #1378 ), #5157, .F. ) ;
#2754 = AXIS2_PLACEMENT_3D ( 'NONE', #4277, #563, #3654 ) ;
#2755 = VECTOR ( 'NONE', #1661, 1000.000000000000000 ) ;
#2756 = CARTESIAN_POINT ( 'NONE',  ( -16.51713562373095812, 3.857864376269070306, 4.000000000000000000 ) ) ;
#2757 = AXIS2_PLACEMENT_3D ( 'NONE', #2373, #2706, #1811 ) ;
#2758 = VERTEX_POINT ( 'NONE', #4572 ) ;
#2759 = DIRECTION ( 'NONE',  ( 0.000000000000000000, 0.000000000000000000, -1.000000000000000000 ) ) ;
#2760 = DIRECTION ( 'NONE',  ( -1.000000000000000000, 0.000000000000000000, 0.000000000000000000 ) ) ;
#2761 = EDGE_CURVE ( 'NONE', #4774, #2926, #2307, .T. ) ;
#2762 = VERTEX_POINT ( 'NONE', #4173 ) ;
#2763 = ADVANCED_FACE ( 'NONE', ( #1347 ), #5069, .F. ) ;
#2764 = CIRCLE ( 'NONE', #1027, 2.000000000000001776 ) ;
#2765 = FACE_BOUND ( 'NONE', #3061, .T. ) ;
#2766 = CARTESIAN_POINT ( 'NONE',  ( -13.50000000000000533, 1.571319637862305330, 9.502147685123530252 ) ) ;
#2767 = DIRECTION ( 'NONE',  ( -0.000000000000000000, 1.000000000000000000, -0.000000000000000000 ) ) ;
#2768 = CARTESIAN_POINT ( 'NONE',  ( -30.12499999999997868, 8.999999999999971578, 5.886015930083752679 ) ) ;
#2769 = ORIENTED_EDGE ( 'NONE', *, *, #4070, .F. ) ;
#2770 = CARTESIAN_POINT ( 'NONE',  ( -16.26917549908870697, 31.07437488436000450, 8.573927176252260196 ) ) ;
#2771 = LINE ( 'NONE', #535, #5298 ) ;
#2772 = CARTESIAN_POINT ( 'NONE',  ( 52.38541919068303798, 58.62563132923540365, 0.000000000000000000 ) ) ;
#2773 = DIRECTION ( 'NONE',  ( 0.000000000000000000, 0.000000000000000000, -1.000000000000000000 ) ) ;
#2774 = FACE_OUTER_BOUND ( 'NONE', #2710, .T. ) ;
#2775 = VERTEX_POINT ( 'NONE', #4208 ) ;
#2776 = ORIENTED_EDGE ( 'NONE', *, *, #4344, .T. ) ;
#2777 = CARTESIAN_POINT ( 'NONE',  ( 25.50000000000000711, 39.00000000000000000, 4.099999999999999645 ) ) ;
#2778 = EDGE_LOOP ( 'NONE', ( #3174, #388 ) ) ;
#2779 = ORIENTED_EDGE ( 'NONE', *, *, #722, .F. ) ;
#2780 = CARTESIAN_POINT ( 'NONE',  ( -39.03894948008154131, 71.00000000000000000, 0.000000000000000000 ) ) ;
#2781 = UNCERTAINTY_MEASURE_WITH_UNIT (LENGTH_MEASURE( 1.000000000000000082E-05 ), #1677, 'distance_accuracy_value', 'NONE');
#2782 = CARTESIAN_POINT ( 'NONE',  ( -16.14213562373095812, 3.857864376269070306, 9.502147685123530252 ) ) ;
#2783 = ADVANCED_BREP_SHAPE_REPRESENTATION ( 'Base', ( #2997, #3437 ), #636 ) ;
#2784 = ORIENTED_EDGE ( 'NONE', *, *, #2574, .F. ) ;
#2785 = DIRECTION ( 'NONE',  ( -0.000000000000000000, -0.000000000000000000, -1.000000000000000000 ) ) ;
#2786 = VERTEX_POINT ( 'NONE', #4700 ) ;
#2787 = LINE ( 'NONE', #2727, #3217 ) ;
#2788 = CARTESIAN_POINT ( 'NONE',  ( 15.16664799844834732, 39.00000000000000000, 8.227013454803309145 ) ) ;
#2789 = EDGE_CURVE ( 'NONE', #1822, #2140, #521, .T. ) ;
#2790 = ADVANCED_FACE ( 'NONE', ( #62, #1802 ), #5581, .F. ) ;
#2791 = CARTESIAN_POINT ( 'NONE',  ( -22.50000000000000000, 69.99999999999998579, 0.000000000000000000 ) ) ;
#2792 = EDGE_CURVE ( 'NONE', #2548, #3534, #2787, .T. ) ;
#2793 = CARTESIAN_POINT ( 'NONE',  ( -30.12499999999997158, 26.99999999999997513, 5.886015930083748238 ) ) ;
#2794 = CARTESIAN_POINT ( 'NONE',  ( -25.50000000000000711, -6.938893903907228378E-15, 5.099999999999996980 ) ) ;
#2795 = CIRCLE ( 'NONE', #4967, 2.000000000000001776 ) ;
#2796 = ORIENTED_EDGE ( 'NONE', *, *, #238, .T. ) ;
#2797 = ADVANCED_FACE ( 'NONE', ( #4669, #486 ), #4146, .F. ) ;
#2798 = DIRECTION ( 'NONE',  ( 0.000000000000000000, 0.000000000000000000, -1.000000000000000000 ) ) ;
#2799 = CIRCLE ( 'NONE', #5351, 2.374999999999998668 ) ;
#2800 = FACE_OUTER_BOUND ( 'NONE', #4273, .T. ) ;
#2801 = CARTESIAN_POINT ( 'NONE',  ( 22.50000000000000000, 70.00000000000000000, 0.000000000000000000 ) ) ;
#2802 = ADVANCED_FACE ( 'NONE', ( #3668 ), #5553, .F. ) ;
#2803 = CARTESIAN_POINT ( 'NONE',  ( 12.47357666984743574, 17.06026165114232995, 9.219837700352396581 ) ) ;
#2804 = CARTESIAN_POINT ( 'NONE',  ( -14.14213562373095812, 3.857864376269070306, 9.502147685123530252 ) ) ;
#2805 = ORIENTED_EDGE ( 'NONE', *, *, #2309, .F. ) ;
#2806 = ORIENTED_EDGE ( 'NONE', *, *, #382, .T. ) ;
#2807 = AXIS2_PLACEMENT_3D ( 'NONE', #5980, #4159, #5596 ) ;
#2808 = CARTESIAN_POINT ( 'NONE',  ( 11.54982548322619351, 22.78058632096505320, 7.959268710896379773 ) ) ;
#2809 = CARTESIAN_POINT ( 'NONE',  ( -51.41331815084611634, 58.62563132923541076, 0.000000000000000000 ) ) ;
#2810 = ORIENTED_EDGE ( 'NONE', *, *, #304, .T. ) ;
#2811 = CYLINDRICAL_SURFACE ( 'NONE', #2247, 2.000000000000001776 ) ;
#2812 = CARTESIAN_POINT ( 'NONE',  ( -54.50000000000002842, 75.00000000000000000, 0.000000000000000000 ) ) ;
#2813 = ORIENTED_EDGE ( 'NONE', *, *, #1128, .F. ) ;
#2814 = CARTESIAN_POINT ( 'NONE',  ( -16.26917549908877092, 2.790103636897895978, 8.573927176252201576 ) ) ;
#2815 = ORIENTED_EDGE ( 'NONE', *, *, #4939, .T. ) ;
#2816 = CARTESIAN_POINT ( 'NONE',  ( 13.50000000000000533, -1.000000000000006883, 8.502147685123528476 ) ) ;
#2817 = PLANE ( 'NONE',  #3822 ) ;
#2818 = DIRECTION ( 'NONE',  ( 0.000000000000000000, -0.000000000000000000, -1.000000000000000000 ) ) ;
#2819 = FACE_BOUND ( 'NONE', #2385, .T. ) ;
#2820 = CARTESIAN_POINT ( 'NONE',  ( 32.89300941757940677, 11.36042162784067244, 7.206379289580421066 ) ) ;
#2821 = CARTESIAN_POINT ( 'NONE',  ( -31.43494775601595492, 24.87140757360676702, 6.419364374764584547 ) ) ;
#2822 = FACE_OUTER_BOUND ( 'NONE', #252, .T. ) ;
#2823 = ORIENTED_EDGE ( 'NONE', *, *, #1624, .T. ) ;
#2824 = EDGE_CURVE ( 'NONE', #3828, #5940, #2262, .T. ) ;
#2825 = CIRCLE ( 'NONE', #207, 1.550000000000002709 ) ;
#2826 = ADVANCED_FACE ( 'NONE', ( #3860 ), #205, .F. ) ;
#2827 = CARTESIAN_POINT ( 'NONE',  ( -40.58894948008154557, 71.00000000000000000, 3.100000000000000089 ) ) ;
#2828 = CARTESIAN_POINT ( 'NONE',  ( 14.14213562373082667, 3.857864376268921092, 9.502147685123530252 ) ) ;
#2829 = DIRECTION ( 'NONE',  ( -0.000000000000000000, 1.000000000000000000, -0.000000000000000000 ) ) ;
#2830 = DIRECTION ( 'NONE',  ( 1.000000000000000000, 0.000000000000000000, 0.000000000000000000 ) ) ;
#2831 = CARTESIAN_POINT ( 'NONE',  ( -11.51132714267903978, 22.87256226439740914, 7.741925206829237460 ) ) ;
#2832 = ORIENTED_EDGE ( 'NONE', *, *, #2028, .F. ) ;
#2833 = ORIENTED_EDGE ( 'NONE', *, *, #5857, .F. ) ;
#2834 = EDGE_CURVE ( 'NONE', #2156, #3570, #606, .T. ) ;
#2835 = AXIS2_PLACEMENT_3D ( 'NONE', #5733, #2515, #1559 ) ;
#2836 = VECTOR ( 'NONE', #5681, 1000.000000000000000 ) ;
#2837 = ADVANCED_FACE ( 'NONE', ( #4295 ), #1553, .T. ) ;
#2838 = EDGE_CURVE ( 'NONE', #3991, #4077, #4100, .T. ) ;
#2839 = CARTESIAN_POINT ( 'NONE',  ( 31.86299975479829527, 6.707016066530268716, 6.628524127645814445 ) ) ;
#2840 = AXIS2_PLACEMENT_3D ( 'NONE', #3608, #5488, #4667 ) ;
#2841 = DIRECTION ( 'NONE',  ( 0.000000000000000000, 0.000000000000000000, 1.000000000000000000 ) ) ;
#2842 = FACE_OUTER_BOUND ( 'NONE', #5801, .T. ) ;
#2843 = AXIS2_PLACEMENT_3D ( 'NONE', #4232, #51, #1999 ) ;
#2844 = VERTEX_POINT ( 'NONE', #3396 ) ;
#2845 = EDGE_LOOP ( 'NONE', ( #3056, #5614 ) ) ;
#2846 = CARTESIAN_POINT ( 'NONE',  ( -10.00000000000003375, -9.999999999999987566, 0.5999999999999998668 ) ) ;
#2847 = AXIS2_PLACEMENT_3D ( 'NONE', #3309, #5188, #4734 ) ;
#2848 = CIRCLE ( 'NONE', #5869, 2.000000000000001776 ) ;
#2849 = CARTESIAN_POINT ( 'NONE',  ( 15.85553813188512251, 2.213213396562111246, 8.951879224483088038 ) ) ;
#2850 = EDGE_CURVE ( 'NONE', #123, #5264, #5548, .T. ) ;
#2851 = VERTEX_POINT ( 'NONE', #817 ) ;
#2852 = CARTESIAN_POINT ( 'NONE',  ( -15.85553813188512251, 30.49748464402425441, 8.951879224483088038 ) ) ;
#2853 = CIRCLE ( 'NONE', #5591, 1.000000000000000000 ) ;
#2854 = ORIENTED_EDGE ( 'NONE', *, *, #5211, .T. ) ;
#2855 = AXIS2_PLACEMENT_3D ( 'NONE', #3389, #4408, #5333 ) ;
#2856 = CARTESIAN_POINT ( 'NONE',  ( -52.50000000000004974, -26.69999999999998863, 0.5999999999999998668 ) ) ;
#2857 = AXIS2_PLACEMENT_3D ( 'NONE', #2737, #1424, #3746 ) ;
#2858 = DIRECTION ( 'NONE',  ( 0.000000000000000000, 0.000000000000000000, -1.000000000000000000 ) ) ;
#2859 = CARTESIAN_POINT ( 'NONE',  ( 30.47362163787170886, 10.28265322158049067, 6.012430263373182093 ) ) ;
#2860 = DIRECTION ( 'NONE',  ( 4.336808689942018229E-16, 0.000000000000000000, 1.000000000000000000 ) ) ;
#2861 = CARTESIAN_POINT ( 'NONE',  ( 52.50000000000004263, -48.69999999999999574, 0.5999999999999998668 ) ) ;
#2862 = ORIENTED_EDGE ( 'NONE', *, *, #3058, .F. ) ;
#2863 = AXIS2_PLACEMENT_3D ( 'NONE', #4169, #3160, #5992 ) ;
#2864 = LINE ( 'NONE', #4364, #3538 ) ;
#2865 = CARTESIAN_POINT ( 'NONE',  ( -52.79999999999999005, 28.49999999999998934, 0.000000000000000000 ) ) ;
#2866 = ADVANCED_FACE ( 'NONE', ( #4039 ), #5900, .T. ) ;
#2867 = CYLINDRICAL_SURFACE ( 'NONE', #2754, 2.000000000000001776 ) ;
#2868 = CARTESIAN_POINT ( 'NONE',  ( -15.16664799844834732, 40.00000000000000000, 8.227013454803309145 ) ) ;
#2869 = CARTESIAN_POINT ( 'NONE',  ( -35.14446186811489525, -1.000000000000006883, 8.951879224483086261 ) ) ;
#2870 = CARTESIAN_POINT ( 'NONE',  ( -34.87500000000001421, 9.000000000000007105, 8.702434179097499722 ) ) ;
#2871 = ORIENTED_EDGE ( 'NONE', *, *, #330, .T. ) ;
#2872 = ORIENTED_EDGE ( 'NONE', *, *, #3028, .T. ) ;
#2873 = CARTESIAN_POINT ( 'NONE',  ( -51.24999999999999289, 28.49999999999998934, 0.000000000000000000 ) ) ;
#2874 = EDGE_CURVE ( 'NONE', #4371, #751, #3509, .T. ) ;
#2875 = EDGE_CURVE ( 'NONE', #4259, #1568, #4567, .T. ) ;
#2876 = CARTESIAN_POINT ( 'NONE',  ( 12.07063856344368880, 21.25587558771830743, 8.904221799113273050 ) ) ;
#2877 = CARTESIAN_POINT ( 'NONE',  ( -54.50000000000000711, -73.00000000000000000, 3.100000000000000089 ) ) ;
#2878 = ADVANCED_FACE ( 'NONE', ( #5090 ), #2811, .F. ) ;
#2879 = ORIENTED_EDGE ( 'NONE', *, *, #5241, .F. ) ;
#2880 = ORIENTED_EDGE ( 'NONE', *, *, #5752, .T. ) ;
#2881 = DIRECTION ( 'NONE',  ( -0.000000000000000000, 1.000000000000000000, -0.000000000000000000 ) ) ;
#2882 = DIRECTION ( 'NONE',  ( -0.000000000000000000, 0.000000000000000000, 1.000000000000000000 ) ) ;
#2883 = EDGE_CURVE ( 'NONE', #2844, #5305, #3317, .T. ) ;
#2884 = ORIENTED_EDGE ( 'NONE', *, *, #5493, .F. ) ;
#2885 = FACE_OUTER_BOUND ( 'NONE', #2360, .T. ) ;
#2886 = DIRECTION ( 'NONE',  ( 0.000000000000000000, -1.000000000000000000, 0.000000000000000000 ) ) ;
#2887 = DIRECTION ( 'NONE',  ( 0.000000000000000000, -1.000000000000000000, 0.000000000000000000 ) ) ;
#2888 = FACE_OUTER_BOUND ( 'NONE', #4678, .T. ) ;
#2889 = VERTEX_POINT ( 'NONE', #3603 ) ;
#2890 = CIRCLE ( 'NONE', #4458, 15.00000000000000000 ) ;
#2891 = DIRECTION ( 'NONE',  ( -4.336808689942018229E-16, 0.000000000000000000, -1.000000000000000000 ) ) ;
#2892 = CARTESIAN_POINT ( 'NONE',  ( -13.24104390712750146, 1.656387226484333564, 9.489111694142730258 ) ) ;
#2893 = CARTESIAN_POINT ( 'NONE',  ( 14.14213562373094746, 32.14213562373096522, 4.000000000000000000 ) ) ;
#2894 = DIRECTION ( 'NONE',  ( -0.000000000000000000, 1.000000000000000000, -0.000000000000000000 ) ) ;
#2895 = CARTESIAN_POINT ( 'NONE',  ( -7.488949480081545040, 71.00000000000000000, 0.000000000000000000 ) ) ;
#2896 = EDGE_LOOP ( 'NONE', ( #471, #5275, #2879, #5249 ) ) ;
#2897 = ORIENTED_EDGE ( 'NONE', *, *, #4343, .T. ) ;
#2898 = CIRCLE ( 'NONE', #4568, 2.000000000000000000 ) ;
#2899 = LINE ( 'NONE', #222, #140 ) ;
#2900 = FACE_OUTER_BOUND ( 'NONE', #5146, .T. ) ;
#2901 = LINE ( 'NONE', #633, #524 ) ;
#2902 = VERTEX_POINT ( 'NONE', #5035 ) ;
#2903 = ORIENTED_EDGE ( 'NONE', *, *, #202, .T. ) ;
#2904 = CARTESIAN_POINT ( 'NONE',  ( -22.50000000000000000, 69.99999999999998579, 3.100000000000000089 ) ) ;
#2905 = EDGE_CURVE ( 'NONE', #2193, #5836, #3699, .T. ) ;
#2906 = AXIS2_PLACEMENT_3D ( 'NONE', #1754, #1023, #3601 ) ;
#2907 = EDGE_CURVE ( 'NONE', #5567, #2543, #4305, .T. ) ;
#2908 = DIRECTION ( 'NONE',  ( -0.000000000000000000, -0.000000000000000000, 1.000000000000000000 ) ) ;
#2909 = ORIENTED_EDGE ( 'NONE', *, *, #2240, .T. ) ;
#2910 = CARTESIAN_POINT ( 'NONE',  ( 32.50000000000000000, 9.000000000000007105, 0.000000000000000000 ) ) ;
#2911 = ORIENTED_EDGE ( 'NONE', *, *, #461, .T. ) ;
#2912 = DIRECTION ( 'NONE',  ( -1.000000000000000000, 0.000000000000000000, 0.000000000000000000 ) ) ;
#2913 = ORIENTED_EDGE ( 'NONE', *, *, #5671, .F. ) ;
#2914 = ADVANCED_FACE ( 'NONE', ( #3724 ), #1373, .F. ) ;
#2915 = CARTESIAN_POINT ( 'NONE',  ( -14.47775786501156858, -1.000000000000006883, 7.502147685123529364 ) ) ;
#2916 = PLANE ( 'NONE',  #4108 ) ;
#2917 = DIRECTION ( 'NONE',  ( -0.000000000000000000, -0.000000000000000000, 1.000000000000000000 ) ) ;
#2918 = ORIENTED_EDGE ( 'NONE', *, *, #1437, .T. ) ;
#2919 = DIRECTION ( 'NONE',  ( -0.000000000000000000, -0.000000000000000000, 1.000000000000000000 ) ) ;
#2920 = DIRECTION ( 'NONE',  ( 0.7248657696797792260, -6.240778075393685486E-17, 0.6888901334367777407 ) ) ;
#2921 = FACE_OUTER_BOUND ( 'NONE', #3326, .T. ) ;
#2922 = FACE_BOUND ( 'NONE', #2314, .T. ) ;
#2923 = ADVANCED_FACE ( 'NONE', ( #5151 ), #418, .F. ) ;
#2924 = CARTESIAN_POINT ( 'NONE',  ( -12.10133901985121518, 30.92123599789973909, 8.934165330995069709 ) ) ;
#2925 = CIRCLE ( 'NONE', #3124, 14.00000000000000000 ) ;
#2926 = VERTEX_POINT ( 'NONE', #479 ) ;
#2927 = ORIENTED_EDGE ( 'NONE', *, *, #3542, .T. ) ;
#2928 = AXIS2_PLACEMENT_3D ( 'NONE', #4543, #5904, #2186 ) ;
#2929 = DIRECTION ( 'NONE',  ( -1.000000000000000000, 0.000000000000000000, 0.000000000000000000 ) ) ;
#2930 = FACE_OUTER_BOUND ( 'NONE', #4752, .T. ) ;
#2931 = LINE ( 'NONE', #4805, #221 ) ;
#2932 = ORIENTED_EDGE ( 'NONE', *, *, #3728, .F. ) ;
#2933 = AXIS2_PLACEMENT_3D ( 'NONE', #4485, #1289, #4017 ) ;
#2934 = ORIENTED_EDGE ( 'NONE', *, *, #3946, .T. ) ;
#2935 = CARTESIAN_POINT ( 'NONE',  ( 38.50000000000000711, 39.00000000000000000, 7.502147685123529364 ) ) ;
#2936 = CIRCLE ( 'NONE', #4890, 1.549999999999999378 ) ;
#2937 = FACE_OUTER_BOUND ( 'NONE', #5758, .T. ) ;
#2938 = AXIS2_PLACEMENT_3D ( 'NONE', #3789, #5219, #4754 ) ;
#2939 = CARTESIAN_POINT ( 'NONE',  ( 52.38541919068303798, 58.62563132923540365, 0.000000000000000000 ) ) ;
#2940 = EDGE_CURVE ( 'NONE', #408, #596, #848, .T. ) ;
#2941 = CARTESIAN_POINT ( 'NONE',  ( -16.50049258365889315, 3.535115654173860644, 8.375698911004459291 ) ) ;
#2942 = VERTEX_POINT ( 'NONE', #6016 ) ;
#2943 = CARTESIAN_POINT ( 'NONE',  ( -14.61921925506154629, 6.188837413272383792, 9.502147685123528476 ) ) ;
#2944 = AXIS2_PLACEMENT_3D ( 'NONE', #3520, #5788, #300 ) ;
#2945 = FACE_OUTER_BOUND ( 'NONE', #2724, .T. ) ;
#2946 = AXIS2_PLACEMENT_3D ( 'NONE', #5058, #872, #413 ) ;
#2947 = AXIS2_PLACEMENT_3D ( 'NONE', #4990, #4032, #323 ) ;
#2948 = DIRECTION ( 'NONE',  ( 0.000000000000000000, 1.000000000000000000, 0.000000000000000000 ) ) ;
#2949 = EDGE_CURVE ( 'NONE', #4057, #4431, #1850, .T. ) ;
#2950 = AXIS2_PLACEMENT_3D ( 'NONE', #2967, #4842, #224 ) ;
#2951 = EDGE_CURVE ( 'NONE', #3752, #3483, #1436, .T. ) ;
#2952 = CARTESIAN_POINT ( 'NONE',  ( 12.14213562373082667, 3.857864376268921092, 0.000000000000000000 ) ) ;
#2953 = DIRECTION ( 'NONE',  ( -1.000000000000000000, 0.000000000000000000, 0.000000000000000000 ) ) ;
#2954 = EDGE_CURVE ( 'NONE', #3690, #2209, #2825, .T. ) ;
#2955 = ORIENTED_EDGE ( 'NONE', *, *, #3683, .F. ) ;
#2956 = CIRCLE ( 'NONE', #4623, 1.500000000000003997 ) ;
#2957 = CARTESIAN_POINT ( 'NONE',  ( -13.50000000000000533, 1.571319637862305330, 9.502147685123530252 ) ) ;
#2958 = FACE_OUTER_BOUND ( 'NONE', #1625, .T. ) ;
#2959 = DIRECTION ( 'NONE',  ( -0.000000000000000000, 1.000000000000000000, -0.000000000000000000 ) ) ;
#2960 = SECURITY_CLASSIFICATION ( '', '', #1770 ) ;
#2961 = AXIS2_PLACEMENT_3D ( 'NONE', #2130, #2162, #4085 ) ;
#2962 = ORIENTED_EDGE ( 'NONE', *, *, #2034, .T. ) ;
#2963 = ORIENTED_EDGE ( 'NONE', *, *, #346, .T. ) ;
#2964 = AXIS2_PLACEMENT_3D ( 'NONE', #5841, #1647, #829 ) ;
#2965 = DIRECTION ( 'NONE',  ( -1.000000000000000000, 0.000000000000000000, 0.000000000000000000 ) ) ;
#2966 = DIRECTION ( 'NONE',  ( 0.000000000000000000, 0.000000000000000000, 1.000000000000000000 ) ) ;
#2967 = CARTESIAN_POINT ( 'NONE',  ( 35.83335200155166689, 39.00000000000000000, 8.227013454803309145 ) ) ;
#2968 = ORIENTED_EDGE ( 'NONE', *, *, #228, .F. ) ;
#2969 = CARTESIAN_POINT ( 'NONE',  ( -39.50000000000000711, -6.938893903907228378E-15, 7.502147685123529364 ) ) ;
#2970 = FACE_OUTER_BOUND ( 'NONE', #1725, .T. ) ;
#2971 = VERTEX_POINT ( 'NONE', #3638 ) ;
#2972 = CARTESIAN_POINT ( 'NONE',  ( 11.76713562373092792, 32.14213562373167576, 8.500737217143310431 ) ) ;
#2973 = B_SPLINE_CURVE_WITH_KNOTS ( 'NONE', 3,
 ( #2972, #4470, #3454, #2111, #2057, #233, #784, #3551, #4849, #3513, #1178, #5393, #2597, #2087 ),
 .UNSPECIFIED., .F., .F.,
 ( 4, 2, 2, 2, 2, 2, 4 ),
 ( 0.02244026327382151950, 0.02284573195772070936, 0.02325120064161989575, 0.02406213800941827546, 0.02487307537721665518, 0.02527854406111584851, 0.02568401274501503836 ),
 .UNSPECIFIED. ) ;
#2974 = VERTEX_POINT ( 'NONE', #3158 ) ;
#2975 = CARTESIAN_POINT ( 'NONE',  ( -56.50000000000000711, -75.00000000000000000, 3.100000000000000089 ) ) ;
#2976 = DIRECTION ( 'NONE',  ( -1.000000000000000000, 0.000000000000000000, -0.000000000000000000 ) ) ;
#2977 = FACE_OUTER_BOUND ( 'NONE', #5512, .T. ) ;
#2978 = CARTESIAN_POINT ( 'NONE',  ( -37.48894948008153705, 71.00000000000000000, 0.000000000000000000 ) ) ;
#2979 = EDGE_LOOP ( 'NONE', ( #2061, #2038, #942, #4294 ) ) ;
#2980 = EDGE_CURVE ( 'NONE', #3012, #2523, #3604, .T. ) ;
#2981 = DIRECTION ( 'NONE',  ( -0.7248657696797792260, -6.240778075393679323E-17, -0.6888901334367776297 ) ) ;
#2982 = DIRECTION ( 'NONE',  ( -0.000000000000000000, -0.000000000000000000, 1.000000000000000000 ) ) ;
#2983 = DIRECTION ( 'NONE',  ( 0.000000000000000000, 0.000000000000000000, -1.000000000000000000 ) ) ;
#2984 = DIRECTION ( 'NONE',  ( -0.000000000000000000, -0.000000000000000000, 1.000000000000000000 ) ) ;
#2985 = ORIENTED_EDGE ( 'NONE', *, *, #2459, .T. ) ;
#2986 = EDGE_LOOP ( 'NONE', ( #5145, #2580, #173, #1803 ) ) ;
#2987 = CARTESIAN_POINT ( 'NONE',  ( -16.14213562373084798, 32.14213562373108601, 9.502147685123530252 ) ) ;
#2988 = CARTESIAN_POINT ( 'NONE',  ( 54.49999999999997158, 75.00000000000000000, 3.100000000000000089 ) ) ;
#2989 = FACE_OUTER_BOUND ( 'NONE', #2043, .T. ) ;
#2990 = VERTEX_POINT ( 'NONE', #391 ) ;
#2991 = ORIENTED_EDGE ( 'NONE', *, *, #317, .F. ) ;
#2992 = DIRECTION ( 'NONE',  ( -0.000000000000000000, -0.000000000000000000, 1.000000000000000000 ) ) ;
#2993 = LINE ( 'NONE', #690, #4127 ) ;
#2994 = ORIENTED_EDGE ( 'NONE', *, *, #3821, .F. ) ;
#2995 = FACE_OUTER_BOUND ( 'NONE', #3859, .T. ) ;
#2996 = EDGE_LOOP ( 'NONE', ( #4644, #2646, #5365, #1072 ) ) ;
#2997 = MANIFOLD_SOLID_BREP ( 'Cut-Extrude10', #4010 ) ;
#2998 = CIRCLE ( 'NONE', #3192, 2.000000000000001776 ) ;
#2999 = CARTESIAN_POINT ( 'NONE',  ( -30.26737136075980672, 9.826798976799167917, 5.936509315334261849 ) ) ;
#3000 = CARTESIAN_POINT ( 'NONE',  ( 33.68705156882525387, 24.93789869849740271, 7.742426025010917812 ) ) ;
#3001 = AXIS2_PLACEMENT_3D ( 'NONE', #5057, #5391, #2624 ) ;
#3002 = DIRECTION ( 'NONE',  ( 1.000000000000000000, -0.000000000000000000, -0.000000000000000000 ) ) ;
#3003 = CARTESIAN_POINT ( 'NONE',  ( 15.14457267300652177, 34.29928500779487877, 9.391984965618304315 ) ) ;
#3004 = EDGE_LOOP ( 'NONE', ( #107, #2243 ) ) ;
#3005 = CARTESIAN_POINT ( 'NONE',  ( 0.000000000000000000, -1.000000000000006883, 9.502147685123530252 ) ) ;
#3006 = DIRECTION ( 'NONE',  ( -0.000000000000000000, -0.000000000000000000, 1.000000000000000000 ) ) ;
#3007 = DIRECTION ( 'NONE',  ( 0.000000000000000000, 0.000000000000000000, 1.000000000000000000 ) ) ;
#3008 = DIRECTION ( 'NONE',  ( 0.000000000000000000, 0.000000000000000000, -1.000000000000000000 ) ) ;
#3009 = ADVANCED_FACE ( 'NONE', ( #5991 ), #1400, .F. ) ;
#3010 = CARTESIAN_POINT ( 'NONE',  ( 34.73579269575092354, 27.81687554306619603, 8.578239133023355834 ) ) ;
#3011 = ORIENTED_EDGE ( 'NONE', *, *, #5967, .T. ) ;
#3012 = VERTEX_POINT ( 'NONE', #1342 ) ;
#3013 = CARTESIAN_POINT ( 'NONE',  ( 13.50000000000000533, -1.000000000000006883, 9.502147685123530252 ) ) ;
#3014 = AXIS2_PLACEMENT_3D ( 'NONE', #5014, #2613, #4920 ) ;
#3015 = CARTESIAN_POINT ( 'NONE',  ( 54.00000000000004263, -26.69999999999998863, 0.5999999999999998668 ) ) ;
#3016 = DIRECTION ( 'NONE',  ( 0.000000000000000000, 0.000000000000000000, -1.000000000000000000 ) ) ;
#3017 = EDGE_CURVE ( 'NONE', #3459, #691, #5184, .T. ) ;
#3018 = ORIENTED_EDGE ( 'NONE', *, *, #4735, .T. ) ;
#3019 = ORIENTED_EDGE ( 'NONE', *, *, #3472, .F. ) ;
#3020 = EDGE_CURVE ( 'NONE', #245, #1309, #4400, .T. ) ;
#3021 = EDGE_CURVE ( 'NONE', #5305, #4292, #3664, .T. ) ;
#3022 = CIRCLE ( 'NONE', #4792, 1.550000000000002709 ) ;
#3023 = CARTESIAN_POINT ( 'NONE',  ( 15.85553813188512251, 2.213213396562111246, 8.951879224483088038 ) ) ;
#3024 = ORIENTED_EDGE ( 'NONE', *, *, #9, .F. ) ;
#3025 = CARTESIAN_POINT ( 'NONE',  ( -14.14213562373095812, 3.857864376269070306, 4.000000000000000000 ) ) ;
#3026 = ORIENTED_EDGE ( 'NONE', *, *, #1804, .F. ) ;
#3027 = CARTESIAN_POINT ( 'NONE',  ( -30.48922519350168869, 28.27457072329885435, 6.018769104604578146 ) ) ;
#3028 = EDGE_CURVE ( 'NONE', #5606, #4740, #2936, .T. ) ;
#3029 = VECTOR ( 'NONE', #5708, 1000.000000000000000 ) ;
#3030 = VECTOR ( 'NONE', #2982, 1000.000000000000000 ) ;
#3031 = EDGE_CURVE ( 'NONE', #1457, #2391, #2252, .T. ) ;
#3032 = CARTESIAN_POINT ( 'NONE',  ( -33.92896121782843721, 10.90241385964394638, 7.920795088737499157 ) ) ;
#3033 = ORIENTED_EDGE ( 'NONE', *, *, #2712, .F. ) ;
#3034 = AXIS2_PLACEMENT_3D ( 'NONE', #4331, #4359, #3858 ) ;
#3035 = CARTESIAN_POINT ( 'NONE',  ( 32.74076997542444900, 24.63281962546352943, 7.116706861158255570 ) ) ;
#3036 = DIRECTION ( 'NONE',  ( 0.000000000000000000, 0.000000000000000000, -1.000000000000000000 ) ) ;
#3037 = AXIS2_PLACEMENT_3D ( 'NONE', #5749, #1911, #1968 ) ;
#3038 = ORIENTED_EDGE ( 'NONE', *, *, #5210, .T. ) ;
#3039 = CIRCLE ( 'NONE', #1786, 2.000000000000000000 ) ;
#3040 = CIRCLE ( 'NONE', #4718, 1.499999999999994449 ) ;
#3041 = FACE_OUTER_BOUND ( 'NONE', #4038, .T. ) ;
#3042 = LINE ( 'NONE', #3929, #4716 ) ;
#3043 = PERSON_AND_ORGANIZATION_ROLE ( 'design_owner' ) ;
#3044 = DIRECTION ( 'NONE',  ( 1.000000000000000000, 0.000000000000000000, 0.000000000000000000 ) ) ;
#3045 = CARTESIAN_POINT ( 'NONE',  ( -12.50000000000000888, 17.99999999999997513, 9.234198492692629046 ) ) ;
#3046 = EDGE_LOOP ( 'NONE', ( #2897, #610, #2742, #2051, #5269, #2110, #5763, #2598, #464, #4130, #4479, #2854 ) ) ;
#3047 = AXIS2_PLACEMENT_3D ( 'NONE', #84, #3760, #4697 ) ;
#3048 = ORIENTED_EDGE ( 'NONE', *, *, #2492, .T. ) ;
#3049 = AXIS2_PLACEMENT_3D ( 'NONE', #662, #603, #639 ) ;
#3050 = CARTESIAN_POINT ( 'NONE',  ( -11.54982548322619351, 13.21941367903493791, 7.959268710896388654 ) ) ;
#3051 = AXIS2_PLACEMENT_3D ( 'NONE', #4393, #3007, #2432 ) ;
#3052 = AXIS2_PLACEMENT_3D ( 'NONE', #2430, #3374, #4047 ) ;
#3053 = CYLINDRICAL_SURFACE ( 'NONE', #2514, 1.499999999999994449 ) ;
#3054 = DIRECTION ( 'NONE',  ( -0.000000000000000000, -0.000000000000000000, 1.000000000000000000 ) ) ;
#3055 = ORIENTED_EDGE ( 'NONE', *, *, #5386, .T. ) ;
#3056 = ORIENTED_EDGE ( 'NONE', *, *, #1159, .F. ) ;
#3057 = CARTESIAN_POINT ( 'NONE',  ( -13.50000000000000533, 6.144409114675835504, 9.502147685123530252 ) ) ;
#3058 = EDGE_CURVE ( 'NONE', #4632, #3690, #1465, .T. ) ;
#3059 = EDGE_CURVE ( 'NONE', #948, #1102, #4599, .T. ) ;
#3060 = DIRECTION ( 'NONE',  ( -0.000000000000000000, -0.000000000000000000, -1.000000000000000000 ) ) ;
#3061 = EDGE_LOOP ( 'NONE', ( #1581, #428 ) ) ;
#3062 = CARTESIAN_POINT ( 'NONE',  ( -36.52224213498844563, -1.000000000000006883, 8.502147685123528476 ) ) ;
#3063 = ORIENTED_EDGE ( 'NONE', *, *, #2017, .F. ) ;
#3064 = DIRECTION ( 'NONE',  ( 0.000000000000000000, 0.000000000000000000, 1.000000000000000000 ) ) ;
#3065 = EDGE_CURVE ( 'NONE', #5167, #3852, #3419, .T. ) ;
#3066 = FACE_OUTER_BOUND ( 'NONE', #3793, .T. ) ;
#3067 = ORIENTED_EDGE ( 'NONE', *, *, #3460, .T. ) ;
#3068 = CARTESIAN_POINT ( 'NONE',  ( -16.51713562373095812, 3.857864376269070306, 8.361836861103457252 ) ) ;
#3069 = PLANE ( 'NONE',  #3823 ) ;
#3070 = CARTESIAN_POINT ( 'NONE',  ( 25.50000000000000711, -6.938893903907228378E-15, 19.09999999999999787 ) ) ;
#3071 = VERTEX_POINT ( 'NONE', #2357 ) ;
#3072 = CARTESIAN_POINT ( 'NONE',  ( -12.50000000000000000, -6.938893903907228378E-15, -5.421010862427523748E-15 ) ) ;
#3073 = PLANE ( 'NONE',  #5206 ) ;
#3074 = COORDINATED_UNIVERSAL_TIME_OFFSET ( 5, 30, .AHEAD. ) ;
#3075 = DIRECTION ( 'NONE',  ( -0.000000000000000000, -0.000000000000000000, 1.000000000000000000 ) ) ;
#3076 = CARTESIAN_POINT ( 'NONE',  ( -31.57838760627798536, 6.805846229838313555, 6.487353591694867028 ) ) ;
#3077 = ORIENTED_EDGE ( 'NONE', *, *, #4785, .T. ) ;
#3078 = ORIENTED_EDGE ( 'NONE', *, *, #5891, .T. ) ;
#3079 = DIRECTION ( 'NONE',  ( 0.000000000000000000, 0.000000000000000000, -1.000000000000000000 ) ) ;
#3080 = DIRECTION ( 'NONE',  ( 0.000000000000000000, -0.000000000000000000, -1.000000000000000000 ) ) ;
#3081 = LINE ( 'NONE', #1628, #334 ) ;
#3082 = ORIENTED_EDGE ( 'NONE', *, *, #4802, .F. ) ;
#3083 = EDGE_LOOP ( 'NONE', ( #2692, #3586, #472, #3082 ) ) ;
#3084 = CARTESIAN_POINT ( 'NONE',  ( -37.50000000000000711, 39.00000000000000000, 7.502147685123529364 ) ) ;
#3085 = DIRECTION ( 'NONE',  ( 1.000000000000000000, 0.000000000000000000, 0.000000000000000000 ) ) ;
#3086 = CYLINDRICAL_SURFACE ( 'NONE', #3001, 2.000000000000001776 ) ;
#3087 = ORIENTED_EDGE ( 'NONE', *, *, #678, .F. ) ;
#3088 = CARTESIAN_POINT ( 'NONE',  ( 11.50000000000000711, 13.10102051443368154, 3.100000000000000533 ) ) ;
#3089 = ORIENTED_EDGE ( 'NONE', *, *, #4407, .F. ) ;
#3090 = EDGE_CURVE ( 'NONE', #5217, #3597, #2736, .T. ) ;
#3091 = EDGE_CURVE ( 'NONE', #2414, #1784, #4218, .T. ) ;
#3092 = AXIS2_PLACEMENT_3D ( 'NONE', #223, #3937, #4841 ) ;
#3093 = CARTESIAN_POINT ( 'NONE',  ( -39.50000000000000711, -6.938893903907228378E-15, 3.100000000000000089 ) ) ;
#3094 = ORIENTED_EDGE ( 'NONE', *, *, #581, .F. ) ;
#3095 = CARTESIAN_POINT ( 'NONE',  ( 31.86299975479831659, 24.70701606653027582, 6.628524127645817998 ) ) ;
#3096 = CARTESIAN_POINT ( 'NONE',  ( 16.38940668722997884, 3.074165202437488809, 8.469693346531576239 ) ) ;
#3097 = DIRECTION ( 'NONE',  ( 0.000000000000000000, 0.000000000000000000, -1.000000000000000000 ) ) ;
#3098 = EDGE_CURVE ( 'NONE', #5913, #2138, #5768, .T. ) ;
#3099 = VERTEX_POINT ( 'NONE', #2846 ) ;
#3100 = EDGE_CURVE ( 'NONE', #556, #390, #1524, .T. ) ;
#3101 = EDGE_CURVE ( 'NONE', #4162, #5813, #3612, .T. ) ;
#3102 = AXIS2_PLACEMENT_3D ( 'NONE', #190, #5348, #5770 ) ;
#3103 = DIRECTION ( 'NONE',  ( -1.000000000000000000, 0.000000000000000000, 0.000000000000000000 ) ) ;
#3104 = CARTESIAN_POINT ( 'NONE',  ( 32.50000000000000711, 27.00000000000001066, 9.502147685123530252 ) ) ;
#3105 = CARTESIAN_POINT ( 'NONE',  ( -11.50000000000000533, -1.000000000000006883, 7.502147685123530252 ) ) ;
#3106 = DIRECTION ( 'NONE',  ( 0.000000000000000000, -1.000000000000000000, 0.000000000000000000 ) ) ;
#3107 = CARTESIAN_POINT ( 'NONE',  ( -54.00000000000003553, -48.69999999999999574, 0.5999999999999998668 ) ) ;
#3108 = ORIENTED_EDGE ( 'NONE', *, *, #2416, .F. ) ;
#3109 = VERTEX_POINT ( 'NONE', #1941 ) ;
#3110 = CARTESIAN_POINT ( 'NONE',  ( -12.07063856344369945, 14.74412441228168547, 8.904221799113285485 ) ) ;
#3111 = EDGE_CURVE ( 'NONE', #2420, #2974, #515, .T. ) ;
#3112 = CARTESIAN_POINT ( 'NONE',  ( 16.19773122559070089, 33.34039879660159045, 8.636761677033307549 ) ) ;
#3113 = DIRECTION ( 'NONE',  ( -1.000000000000000000, 0.000000000000000000, 0.000000000000000000 ) ) ;
#3114 = ORIENTED_EDGE ( 'NONE', *, *, #5678, .T. ) ;
#3115 = ORIENTED_EDGE ( 'NONE', *, *, #3718, .T. ) ;
#3116 = B_SPLINE_CURVE_WITH_KNOTS ( 'NONE', 3,
 ( #3996, #4135, #1305, #2715, #1696, #2690, #386, #4035, #3547, #5951, #3119, #5922, #4560, #1724, #1789, #5510 ),
 .UNSPECIFIED., .F., .F.,
 ( 4, 2, 2, 2, 2, 2, 2, 4 ),
 ( 0.01919713570330308303, 0.01960252664961796565, 0.02000791759593284827, 0.02041330854224773089, 0.02081869948856261698, 0.02162948138119238223, 0.02203487232750726485, 0.02244026327382214747 ),
 .UNSPECIFIED. ) ;
#3117 = DIRECTION ( 'NONE',  ( 1.000000000000000000, 0.000000000000000000, 4.336808689942013792E-16 ) ) ;
#3118 = CIRCLE ( 'NONE', #5665, 1.000000000000000000 ) ;
#3119 = CARTESIAN_POINT ( 'NONE',  ( 11.97855250913245229, 4.869011242840523224, 8.807477313635976301 ) ) ;
#3120 = VERTEX_POINT ( 'NONE', #3854 ) ;
#3121 = CARTESIAN_POINT ( 'NONE',  ( 1.549999999999997380, 45.00000000000000000, 3.100000000000000533 ) ) ;
#3122 = EDGE_LOOP ( 'NONE', ( #2418, #977 ) ) ;
#3123 = CARTESIAN_POINT ( 'NONE',  ( -30.26737136075979961, 27.82679897679917502, 5.936509315334260961 ) ) ;
#3124 = AXIS2_PLACEMENT_3D ( 'NONE', #3070, #2604, #339 ) ;
#3125 = EDGE_CURVE ( 'NONE', #4020, #2119, #1002, .T. ) ;
#3126 = CARTESIAN_POINT ( 'NONE',  ( 30.50000000000000711, 27.00000000000001066, 9.502147685123530252 ) ) ;
#3127 = EDGE_LOOP ( 'NONE', ( #5179, #2530 ) ) ;
#3128 = CARTESIAN_POINT ( 'NONE',  ( -16.26998224527079984, 4.923892623002019242, 8.573223736475307888 ) ) ;
#3129 = CARTESIAN_POINT ( 'NONE',  ( 0.000000000000000000, 0.000000000000000000, 0.000000000000000000 ) ) ;
#3130 = VECTOR ( 'NONE', #119, 1000.000000000000000 ) ;
#3131 = ORIENTED_EDGE ( 'NONE', *, *, #980, .T. ) ;
#3132 = AXIS2_PLACEMENT_3D ( 'NONE', #4276, #3776, #5323 ) ;
#3133 = EDGE_CURVE ( 'NONE', #3386, #596, #2152, .T. ) ;
#3134 = AXIS2_PLACEMENT_3D ( 'NONE', #2448, #2031, #519 ) ;
#3135 = DIRECTION ( 'NONE',  ( -1.000000000000000000, 0.000000000000000000, 0.000000000000000000 ) ) ;
#3136 = CARTESIAN_POINT ( 'NONE',  ( -39.50000000000000711, 40.00000000000000000, 7.502147685123529364 ) ) ;
#3137 = VECTOR ( 'NONE', #3205, 1000.000000000000000 ) ;
#3138 = LINE ( 'NONE', #5013, #1874 ) ;
#3139 = DIRECTION ( 'NONE',  ( 1.000000000000000000, 0.000000000000000000, 0.000000000000000000 ) ) ;
#3140 = ORIENTED_EDGE ( 'NONE', *, *, #3369, .F. ) ;
#3141 = VERTEX_POINT ( 'NONE', #3387 ) ;
#3142 = AXIS2_PLACEMENT_3D ( 'NONE', #1871, #470, #1391 ) ;
#3143 = CARTESIAN_POINT ( 'NONE',  ( -15.85553813188510297, 33.78678660343797446, 8.951879224483091591 ) ) ;
#3144 = DIRECTION ( 'NONE',  ( -0.000000000000000000, -0.000000000000000000, -1.000000000000000000 ) ) ;
#3145 = TOROIDAL_SURFACE ( 'NONE', #630, 1.000000000000000000, 1.000000000000000000 ) ;
#3146 = CARTESIAN_POINT ( 'NONE',  ( 40.01105051991846295, 70.99999999999998579, 3.100000000000000089 ) ) ;
#3147 = TOROIDAL_SURFACE ( 'NONE', #4129, 1.000000000000000000, 1.000000000000000000 ) ;
#3148 = VERTEX_POINT ( 'NONE', #3334 ) ;
#3149 = ORIENTED_EDGE ( 'NONE', *, *, #2288, .T. ) ;
#3150 = CIRCLE ( 'NONE', #4727, 2.000000000000000000 ) ;
#3151 = VECTOR ( 'NONE', #4356, 1000.000000000000000 ) ;
#3152 = CARTESIAN_POINT ( 'NONE',  ( 54.49999999999999289, -72.99999999999997158, 3.100000000000000089 ) ) ;
#3153 = CARTESIAN_POINT ( 'NONE',  ( 13.50000000000000533, -1.000000000000006883, 7.502147685123529364 ) ) ;
#3154 = CARTESIAN_POINT ( 'NONE',  ( -14.14213562373084443, 32.14213562373108601, 4.000000000000000000 ) ) ;
#3155 = ORIENTED_EDGE ( 'NONE', *, *, #168, .T. ) ;
#3156 = CARTESIAN_POINT ( 'NONE',  ( 30.12500000000000711, 27.17044121781033184, 5.886015930083763337 ) ) ;
#3157 = ORIENTED_EDGE ( 'NONE', *, *, #687, .T. ) ;
#3158 = CARTESIAN_POINT ( 'NONE',  ( -15.85553813188512251, -6.938893903907228378E-15, 8.951879224483088038 ) ) ;
#3159 = AXIS2_PLACEMENT_3D ( 'NONE', #307, #2219, #3103 ) ;
#3160 = DIRECTION ( 'NONE',  ( -0.000000000000000000, 0.000000000000000000, 1.000000000000000000 ) ) ;
#3161 = EDGE_LOOP ( 'NONE', ( #153, #3476, #4131, #4958 ) ) ;
#3162 = DIRECTION ( 'NONE',  ( -1.000000000000000000, 0.000000000000000000, 0.000000000000000000 ) ) ;
#3163 = EDGE_LOOP ( 'NONE', ( #5521, #5518, #3757, #449 ) ) ;
#3164 = PERSON_AND_ORGANIZATION ( #5213, #1598 ) ;
#3165 = CARTESIAN_POINT ( 'NONE',  ( 15.49350565006233893, 5.828636516185698113, 9.243453257092802744 ) ) ;
#3166 = CARTESIAN_POINT ( 'NONE',  ( -34.60573757603184930, 7.890133340225697012, 8.465487604111769926 ) ) ;
#3167 = ORIENTED_EDGE ( 'NONE', *, *, #3329, .T. ) ;
#3168 = ADVANCED_FACE ( 'NONE', ( #4261 ), #82, .T. ) ;
#3169 = ADVANCED_FACE ( 'NONE', ( #572 ), #4289, .T. ) ;
#3170 = CARTESIAN_POINT ( 'NONE',  ( -12.28618925684593144, 15.65090053319465468, 9.097812564300596705 ) ) ;
#3171 = FACE_OUTER_BOUND ( 'NONE', #5918, .T. ) ;
#3172 = CARTESIAN_POINT ( 'NONE',  ( 16.26998224527081049, 33.20816387046387774, 8.573223736475306112 ) ) ;
#3173 = CARTESIAN_POINT ( 'NONE',  ( -37.50000000000000711, 40.00000000000000000, 8.502147685123528476 ) ) ;
#3174 = ORIENTED_EDGE ( 'NONE', *, *, #2701, .T. ) ;
#3175 = ORIENTED_EDGE ( 'NONE', *, *, #1583, .F. ) ;
#3176 = ADVANCED_FACE ( 'NONE', ( #3679 ), #2348, .T. ) ;
#3177 = DIRECTION ( 'NONE',  ( -1.000000000000000000, 0.000000000000000000, 0.000000000000000000 ) ) ;
#3178 = DIRECTION ( 'NONE',  ( 1.000000000000000000, 0.000000000000000000, 0.000000000000000000 ) ) ;
#3179 = ORIENTED_EDGE ( 'NONE', *, *, #316, .T. ) ;
#3180 = DIRECTION ( 'NONE',  ( 1.000000000000000000, 0.000000000000000000, 0.000000000000000000 ) ) ;
#3181 = EDGE_LOOP ( 'NONE', ( #4330, #1165 ) ) ;
#3182 = DIRECTION ( 'NONE',  ( -0.000000000000000000, -0.000000000000000000, -1.000000000000000000 ) ) ;
#3183 = CARTESIAN_POINT ( 'NONE',  ( -38.50000000000000711, 40.00000000000000000, 0.000000000000000000 ) ) ;
#3184 = EDGE_LOOP ( 'NONE', ( #3444, #1588 ) ) ;
#3185 = CARTESIAN_POINT ( 'NONE',  ( 30.12500000000001066, 27.00000000000001066, 4.000000000000000000 ) ) ;
#3186 = DIRECTION ( 'NONE',  ( -8.673617379884043361E-16, 0.000000000000000000, 1.000000000000000000 ) ) ;
#3187 = VERTEX_POINT ( 'NONE', #3622 ) ;
#3188 = AXIS2_PLACEMENT_3D ( 'NONE', #141, #4776, #713 ) ;
#3189 = FACE_BOUND ( 'NONE', #3184, .T. ) ;
#3190 = CYLINDRICAL_SURFACE ( 'NONE', #2609, 1.549999999999999378 ) ;
#3191 = DIRECTION ( 'NONE',  ( 0.000000000000000000, 0.000000000000000000, -1.000000000000000000 ) ) ;
#3192 = AXIS2_PLACEMENT_3D ( 'NONE', #3227, #5113, #934 ) ;
#3193 = DIRECTION ( 'NONE',  ( -0.000000000000000000, -0.000000000000000000, -1.000000000000000000 ) ) ;
#3194 = ORIENTED_EDGE ( 'NONE', *, *, #1779, .F. ) ;
#3195 = CIRCLE ( 'NONE', #6021, 1.550000000000002709 ) ;
#3196 = CYLINDRICAL_SURFACE ( 'NONE', #2757, 1.499999999999994449 ) ;
#3197 = EDGE_CURVE ( 'NONE', #5716, #1755, #3812, .T. ) ;
#3198 = CARTESIAN_POINT ( 'NONE',  ( -51.00000000000004263, -48.69999999999999574, 0.5999999999999998668 ) ) ;
#3199 = DIRECTION ( 'NONE',  ( -0.000000000000000000, 0.000000000000000000, 1.000000000000000000 ) ) ;
#3200 = CARTESIAN_POINT ( 'NONE',  ( 34.50000000000000000, 9.000000000000007105, 0.000000000000000000 ) ) ;
#3201 = ORIENTED_EDGE ( 'NONE', *, *, #3683, .T. ) ;
#3202 = VERTEX_POINT ( 'NONE', #5530 ) ;
#3203 = EDGE_CURVE ( 'NONE', #1526, #4923, #1292, .T. ) ;
#3204 = CARTESIAN_POINT ( 'NONE',  ( 11.50000000000000533, 22.89897948556633622, 7.502147685123529364 ) ) ;
#3205 = DIRECTION ( 'NONE',  ( 0.000000000000000000, 0.000000000000000000, -1.000000000000000000 ) ) ;
#3206 = EDGE_CURVE ( 'NONE', #4658, #3418, #5503, .T. ) ;
#3207 = VERTEX_POINT ( 'NONE', #1904 ) ;
#3208 = CARTESIAN_POINT ( 'NONE',  ( 32.01153880627236248, 29.34441210829042035, 6.702231102810140229 ) ) ;
#3209 = VERTEX_POINT ( 'NONE', #3290 ) ;
#3210 = CARTESIAN_POINT ( 'NONE',  ( 12.14213562373082667, 3.857864376268921092, 9.502147685123530252 ) ) ;
#3211 = LINE ( 'NONE', #3183, #239 ) ;
#3212 = VECTOR ( 'NONE', #2099, 1000.000000000000000 ) ;
#3213 = ORIENTED_EDGE ( 'NONE', *, *, #5010, .T. ) ;
#3214 = CARTESIAN_POINT ( 'NONE',  ( 11.50000000000000533, 39.00000000000000000, 7.502147685123530252 ) ) ;
#3215 = CARTESIAN_POINT ( 'NONE',  ( 32.50000000000000000, 9.000000000000007105, 9.502147685123530252 ) ) ;
#3216 = EDGE_LOOP ( 'NONE', ( #1718, #4910 ) ) ;
#3217 = VECTOR ( 'NONE', #2280, 1000.000000000000000 ) ;
#3218 = FACE_OUTER_BOUND ( 'NONE', #2332, .T. ) ;
#3219 = CARTESIAN_POINT ( 'NONE',  ( 12.31090897349870694, 33.65941647524494584, 9.113020121551670627 ) ) ;
#3220 = CARTESIAN_POINT ( 'NONE',  ( -37.50000000000000711, -6.938893903907228378E-15, 7.502147685123529364 ) ) ;
#3221 = DIRECTION ( 'NONE',  ( -0.000000000000000000, 0.000000000000000000, 1.000000000000000000 ) ) ;
#3222 = VERTEX_POINT ( 'NONE', #3 ) ;
#3223 = AXIS2_PLACEMENT_3D ( 'NONE', #2415, #5664, #601 ) ;
#3224 = DIRECTION ( 'NONE',  ( -0.000000000000000000, -0.000000000000000000, 1.000000000000000000 ) ) ;
#3225 = DIRECTION ( 'NONE',  ( 0.000000000000000000, 0.000000000000000000, -1.000000000000000000 ) ) ;
#3226 = CARTESIAN_POINT ( 'NONE',  ( -14.14213562373084443, 32.14213562373108601, 9.502147685123530252 ) ) ;
#3227 = CARTESIAN_POINT ( 'NONE',  ( -14.14213562373084443, 32.14213562373108601, 0.000000000000000000 ) ) ;
#3228 = DIRECTION ( 'NONE',  ( 1.000000000000000000, 0.000000000000000000, 0.000000000000000000 ) ) ;
#3229 = ORIENTED_EDGE ( 'NONE', *, *, #2824, .F. ) ;
#3230 = VECTOR ( 'NONE', #4441, 1000.000000000000000 ) ;
#3231 = ORIENTED_EDGE ( 'NONE', *, *, #3355, .F. ) ;
#3232 = B_SPLINE_CURVE_WITH_KNOTS ( 'NONE', 3,
 ( #4711, #3774, #858, #1479, #930, #2770, #4653, #5711, #213, #4856 ),
 .UNSPECIFIED., .F., .F.,
 ( 4, 2, 2, 2, 4 ),
 ( 0.002810310516541562886, 0.003290487319686769170, 0.003770664122831975020, 0.004250840925977180870, 0.004731017729122387154 ),
 .UNSPECIFIED. ) ;
#3233 = CIRCLE ( 'NONE', #4011, 1.499999999999994449 ) ;
#3234 = CIRCLE ( 'NONE', #5397, 1.499999999999994449 ) ;
#3235 = LINE ( 'NONE', #2747, #5446 ) ;
#3236 = DIRECTION ( 'NONE',  ( 0.000000000000000000, 0.000000000000000000, 1.000000000000000000 ) ) ;
#3237 = ORIENTED_EDGE ( 'NONE', *, *, #517, .T. ) ;
#3238 = ORIENTED_EDGE ( 'NONE', *, *, #5648, .T. ) ;
#3239 = DIRECTION ( 'NONE',  ( 0.000000000000000000, 0.000000000000000000, 1.000000000000000000 ) ) ;
#3240 = ADVANCED_FACE ( 'NONE', ( #3747 ), #1867, .F. ) ;
#3241 = CIRCLE ( 'NONE', #3049, 2.000000000000001776 ) ;
#3242 = ADVANCED_FACE ( 'NONE', ( #2800 ), #1387, .T. ) ;
#3243 = CARTESIAN_POINT ( 'NONE',  ( 50.83541919068304082, 58.62563132923540365, 0.000000000000000000 ) ) ;
#3244 = AXIS2_PLACEMENT_3D ( 'NONE', #2581, #372, #5342 ) ;
#3245 = ORIENTED_EDGE ( 'NONE', *, *, #4524, .T. ) ;
#3246 = FACE_OUTER_BOUND ( 'NONE', #4791, .T. ) ;
#3247 = EDGE_LOOP ( 'NONE', ( #2020, #2211, #321, #5411 ) ) ;
#3248 = DIRECTION ( 'NONE',  ( -1.000000000000000000, 0.000000000000000000, 0.000000000000000000 ) ) ;
#3249 = DIRECTION ( 'NONE',  ( 0.7248657696797792260, 0.000000000000000000, -0.6888901334367776297 ) ) ;
#3250 = AXIS2_PLACEMENT_3D ( 'NONE', #5901, #4446, #3973 ) ;
#3251 = EDGE_CURVE ( 'NONE', #1545, #3611, #2541, .T. ) ;
#3252 = DIRECTION ( 'NONE',  ( -0.000000000000000000, -0.000000000000000000, -1.000000000000000000 ) ) ;
#3253 = CARTESIAN_POINT ( 'NONE',  ( -1.550000000000004707, 45.00000000000000000, 10.00000000000000000 ) ) ;
#3254 = FACE_OUTER_BOUND ( 'NONE', #3497, .T. ) ;
#3255 = DIRECTION ( 'NONE',  ( 1.000000000000000000, 0.000000000000000000, -0.000000000000000000 ) ) ;
#3256 = ORIENTED_EDGE ( 'NONE', *, *, #3101, .F. ) ;
#3257 = CARTESIAN_POINT ( 'NONE',  ( 11.82393502637020788, 3.324962742145359140, 8.594211380235709186 ) ) ;
#3258 = DIRECTION ( 'NONE',  ( -1.000000000000000000, 0.000000000000000000, 0.000000000000000000 ) ) ;
#3259 = CARTESIAN_POINT ( 'NONE',  ( 11.76713562373094746, 32.14213562373096522, 4.000000000000000000 ) ) ;
#3260 = CARTESIAN_POINT ( 'NONE',  ( 11.94615373520948864, 14.31338055979136570, 8.764892808341995689 ) ) ;
#3261 = CARTESIAN_POINT ( 'NONE',  ( -42.50000000000002842, -9.999999999999994671, 0.5999999999999998668 ) ) ;
#3262 = ORIENTED_EDGE ( 'NONE', *, *, #3460, .F. ) ;
#3263 = ORIENTED_EDGE ( 'NONE', *, *, #3548, .F. ) ;
#3264 = CARTESIAN_POINT ( 'NONE',  ( 12.28618925684592078, 20.34909946680535242, 9.097812564300589599 ) ) ;
#3265 = VECTOR ( 'NONE', #460, 1000.000000000000000 ) ;
#3266 = DIRECTION ( 'NONE',  ( 0.000000000000000000, 0.000000000000000000, 1.000000000000000000 ) ) ;
#3267 = ORIENTED_EDGE ( 'NONE', *, *, #4834, .F. ) ;
#3268 = ORIENTED_EDGE ( 'NONE', *, *, #618, .F. ) ;
#3269 = DIRECTION ( 'NONE',  ( 0.000000000000000000, -1.000000000000000000, 0.000000000000000000 ) ) ;
#3270 = DIRECTION ( 'NONE',  ( 1.000000000000000000, 0.000000000000000000, 0.000000000000000000 ) ) ;
#3271 = EDGE_CURVE ( 'NONE', #61, #1268, #5855, .T. ) ;
#3272 = ORIENTED_EDGE ( 'NONE', *, *, #5505, .T. ) ;
#3273 = DIRECTION ( 'NONE',  ( 0.000000000000000000, 0.000000000000000000, -1.000000000000000000 ) ) ;
#3274 = ORIENTED_EDGE ( 'NONE', *, *, #2208, .F. ) ;
#3275 = DIRECTION ( 'NONE',  ( 1.000000000000000000, 0.000000000000000000, 0.000000000000000000 ) ) ;
#3276 = EDGE_CURVE ( 'NONE', #2615, #1765, #1812, .T. ) ;
#3277 = EDGE_LOOP ( 'NONE', ( #676, #257, #2308, #4420, #2962, #3175, #2327 ) ) ;
#3278 = CARTESIAN_POINT ( 'NONE',  ( -34.87500000000001421, 9.000000000000007105, 9.502147685123530252 ) ) ;
#3279 = FACE_BOUND ( 'NONE', #5452, .T. ) ;
#3280 = DIRECTION ( 'NONE',  ( -0.000000000000000000, 1.000000000000000000, -0.000000000000000000 ) ) ;
#3281 = COORDINATED_UNIVERSAL_TIME_OFFSET ( 5, 30, .AHEAD. ) ;
#3282 = EDGE_CURVE ( 'NONE', #5245, #3618, #1972, .T. ) ;
#3283 = CARTESIAN_POINT ( 'NONE',  ( -32.45277698249022080, 24.62103647465788114, 6.947337459814553640 ) ) ;
#3284 = LINE ( 'NONE', #2733, #2334 ) ;
#3285 = EDGE_CURVE ( 'NONE', #5167, #4923, #1495, .T. ) ;
#3286 = EDGE_CURVE ( 'NONE', #1974, #5054, #2771, .T. ) ;
#3287 = CIRCLE ( 'NONE', #4382, 2.000000000000000000 ) ;
#3288 = ORIENTED_EDGE ( 'NONE', *, *, #2387, .F. ) ;
#3289 = CARTESIAN_POINT ( 'NONE',  ( 11.76713562373077870, 3.721005197235103701, 8.500737217142106061 ) ) ;
#3290 = CARTESIAN_POINT ( 'NONE',  ( 25.50000000000000711, 39.00000000000000000, 5.099999999999996980 ) ) ;
#3291 = CARTESIAN_POINT ( 'NONE',  ( 15.85553813188512251, -1.000000000000006883, 8.951879224483088038 ) ) ;
#3292 = DIRECTION ( 'NONE',  ( -8.673617379884043361E-16, 0.000000000000000000, 1.000000000000000000 ) ) ;
#3293 = CARTESIAN_POINT ( 'NONE',  ( 54.00000000000003553, -48.69999999999999574, 0.5999999999999998668 ) ) ;
#3294 = ORIENTED_EDGE ( 'NONE', *, *, #4194, .F. ) ;
#3295 = ORIENTED_EDGE ( 'NONE', *, *, #3285, .T. ) ;
#3296 = AXIS2_PLACEMENT_3D ( 'NONE', #3473, #1600, #3382 ) ;
#3297 = ADVANCED_FACE ( 'NONE', ( #1778 ), #122, .T. ) ;
#3298 = CARTESIAN_POINT ( 'NONE',  ( 33.68705156882522544, 6.937898698497387606, 7.742426025010908930 ) ) ;
#3299 = CARTESIAN_POINT ( 'NONE',  ( -22.50000000000000000, 69.99999999999998579, 0.000000000000000000 ) ) ;
#3300 = VECTOR ( 'NONE', #526, 1000.000000000000000 ) ;
#3301 = DIRECTION ( 'NONE',  ( 0.000000000000000000, 0.000000000000000000, -1.000000000000000000 ) ) ;
#3302 = ORIENTED_EDGE ( 'NONE', *, *, #2850, .T. ) ;
#3303 = ORIENTED_EDGE ( 'NONE', *, *, #2089, .F. ) ;
#3304 = DIRECTION ( 'NONE',  ( 0.000000000000000000, 0.000000000000000000, -1.000000000000000000 ) ) ;
#3305 = DIRECTION ( 'NONE',  ( 0.000000000000000000, 0.000000000000000000, -1.000000000000000000 ) ) ;
#3306 = ORIENTED_EDGE ( 'NONE', *, *, #4714, .T. ) ;
#3307 = CARTESIAN_POINT ( 'NONE',  ( -16.19782840924456835, 2.659705530488537750, 8.636670997258297788 ) ) ;
#3308 = ORIENTED_EDGE ( 'NONE', *, *, #3847, .F. ) ;
#3309 = CARTESIAN_POINT ( 'NONE',  ( -32.50000000000000711, 27.00000000000001066, 4.000000000000000000 ) ) ;
#3310 = ADVANCED_FACE ( 'NONE', ( #3171 ), #2707, .T. ) ;
#3311 = VECTOR ( 'NONE', #646, 1000.000000000000000 ) ;
#3312 = DIRECTION ( 'NONE',  ( 0.000000000000000000, 0.000000000000000000, -1.000000000000000000 ) ) ;
#3313 = CARTESIAN_POINT ( 'NONE',  ( 34.25606889376548025, 10.60585166922208700, 8.175275690035061160 ) ) ;
#3314 = DIRECTION ( 'NONE',  ( 1.000000000000000000, 0.000000000000000000, 0.000000000000000000 ) ) ;
#3315 = CARTESIAN_POINT ( 'NONE',  ( -30.12500000000000711, 8.830632686164669565, 5.886015930083766889 ) ) ;
#3316 = EDGE_LOOP ( 'NONE', ( #4988, #5962, #1623, #4601 ) ) ;
#3317 = CIRCLE ( 'NONE', #1869, 1.000000000000000888 ) ;
#3318 = ADVANCED_FACE ( 'NONE', ( #2738 ), #3422, .T. ) ;
#3319 = CARTESIAN_POINT ( 'NONE',  ( 37.50000000000000711, 39.00000000000000000, 9.502147685123530252 ) ) ;
#3320 = CARTESIAN_POINT ( 'NONE',  ( -15.85553813188512251, -1.000000000000006883, 8.951879224483088038 ) ) ;
#3321 = CYLINDRICAL_SURFACE ( 'NONE', #1892, 2.000000000000001776 ) ;
#3322 = CARTESIAN_POINT ( 'NONE',  ( -13.50000000000000533, -1.000000000000006883, 7.502147685123529364 ) ) ;
#3323 = DIRECTION ( 'NONE',  ( 1.000000000000000000, 0.000000000000000000, 0.000000000000000000 ) ) ;
#3324 = DIRECTION ( 'NONE',  ( 0.000000000000000000, 0.000000000000000000, 1.000000000000000000 ) ) ;
#3325 = ORIENTED_EDGE ( 'NONE', *, *, #5946, .T. ) ;
#3326 = EDGE_LOOP ( 'NONE', ( #503, #2991, #2631, #5600, #600, #1216, #4872 ) ) ;
#3327 = AXIS2_PLACEMENT_3D ( 'NONE', #5467, #2677, #5437 ) ;
#3328 = CIRCLE ( 'NONE', #1582, 1.000000000000000222 ) ;
#3329 = EDGE_CURVE ( 'NONE', #3782, #1284, #5099, .T. ) ;
#3330 = DIRECTION ( 'NONE',  ( -0.000000000000000000, -0.000000000000000000, 1.000000000000000000 ) ) ;
#3331 = CIRCLE ( 'NONE', #2843, 1.550000000000002709 ) ;
#3332 = ORIENTED_EDGE ( 'NONE', *, *, #2366, .T. ) ;
#3333 = ORIENTED_EDGE ( 'NONE', *, *, #4845, .T. ) ;
#3334 = CARTESIAN_POINT ( 'NONE',  ( -52.79999999999999005, 28.49999999999998934, 3.100000000000000089 ) ) ;
#3335 = AXIS2_PLACEMENT_3D ( 'NONE', #5829, #1660, #3508 ) ;
#3336 = AXIS2_PLACEMENT_3D ( 'NONE', #2804, #501, #2434 ) ;
#3337 = CARTESIAN_POINT ( 'NONE',  ( 52.80000000000000426, 28.50000000000000355, 0.000000000000000000 ) ) ;
#3338 = ORIENTED_EDGE ( 'NONE', *, *, #3101, .T. ) ;
#3339 = CYLINDRICAL_SURFACE ( 'NONE', #909, 1.000000000000000888 ) ;
#3340 = AXIS2_PLACEMENT_3D ( 'NONE', #3479, #1605, #5423 ) ;
#3341 = ORIENTED_EDGE ( 'NONE', *, *, #3847, .T. ) ;
#3342 = CARTESIAN_POINT ( 'NONE',  ( -15.14435337649610602, 6.015088730693770813, 9.392034203403339276 ) ) ;
#3343 = CIRCLE ( 'NONE', #3829, 1.499999999999994449 ) ;
#3344 = DIRECTION ( 'NONE',  ( -1.000000000000000000, 0.000000000000000000, 0.000000000000000000 ) ) ;
#3345 = DIRECTION ( 'NONE',  ( 1.000000000000000000, 0.000000000000000000, 0.000000000000000000 ) ) ;
#3346 = DIRECTION ( 'NONE',  ( 1.000000000000000000, 0.000000000000000000, -4.336808689942013792E-16 ) ) ;
#3347 = LINE ( 'NONE', #5285, #1760 ) ;
#3348 = ORIENTED_EDGE ( 'NONE', *, *, #1353, .F. ) ;
#3349 = AXIS2_PLACEMENT_3D ( 'NONE', #525, #4176, #3740 ) ;
#3350 = CARTESIAN_POINT ( 'NONE',  ( -39.50000000000000711, 39.00000000000000000, 3.100000000000000089 ) ) ;
#3351 = DIRECTION ( 'NONE',  ( 0.000000000000000000, -1.000000000000000000, 0.000000000000000000 ) ) ;
#3352 = CARTESIAN_POINT ( 'NONE',  ( 34.87500000000000000, 9.000000000000007105, 8.702434179097483735 ) ) ;
#3353 = CARTESIAN_POINT ( 'NONE',  ( -37.50000000000000711, 39.00000000000000000, 9.502147685123530252 ) ) ;
#3354 = DIRECTION ( 'NONE',  ( 1.000000000000000000, 0.000000000000000000, -0.000000000000000000 ) ) ;
#3355 = EDGE_CURVE ( 'NONE', #4570, #3977, #809, .T. ) ;
#3356 = EDGE_LOOP ( 'NONE', ( #3552, #2481 ) ) ;
#3357 = ORIENTED_EDGE ( 'NONE', *, *, #2468, .F. ) ;
#3358 = EDGE_CURVE ( 'NONE', #3602, #198, #4215, .T. ) ;
#3359 = CYLINDRICAL_SURFACE ( 'NONE', #971, 1.000000000000000000 ) ;
#3360 = CARTESIAN_POINT ( 'NONE',  ( 13.50000000000000533, 1.571319637862119700, 9.502147685123530252 ) ) ;
#3361 = EDGE_LOOP ( 'NONE', ( #685, #553 ) ) ;
#3362 = ORIENTED_EDGE ( 'NONE', *, *, #3767, .T. ) ;
#3363 = CARTESIAN_POINT ( 'NONE',  ( -13.50000000000000533, -1.000000000000006883, 9.502147685123530252 ) ) ;
#3364 = EDGE_CURVE ( 'NONE', #3977, #4570, #4002, .T. ) ;
#3365 = CARTESIAN_POINT ( 'NONE',  ( 30.12500000000001066, 27.00000000000001066, 9.502147685123530252 ) ) ;
#3366 = LINE ( 'NONE', #3792, #1297 ) ;
#3367 = ORIENTED_EDGE ( 'NONE', *, *, #5282, .T. ) ;
#3368 = DIRECTION ( 'NONE',  ( 0.000000000000000000, 1.000000000000000000, -0.000000000000000000 ) ) ;
#3369 = EDGE_CURVE ( 'NONE', #2974, #1051, #3328, .T. ) ;
#3370 = CYLINDRICAL_SURFACE ( 'NONE', #1748, 2.374999999999998668 ) ;
#3371 = DIRECTION ( 'NONE',  ( -0.000000000000000000, -1.000000000000000000, 0.000000000000000000 ) ) ;
#3372 = CARTESIAN_POINT ( 'NONE',  ( -14.61892900269044837, 1.526849906571859261, 9.502147685123524923 ) ) ;
#3373 = VERTEX_POINT ( 'NONE', #3803 ) ;
#3374 = DIRECTION ( 'NONE',  ( 0.000000000000000000, 0.000000000000000000, -1.000000000000000000 ) ) ;
#3375 = DIRECTION ( 'NONE',  ( -0.000000000000000000, -0.000000000000000000, 1.000000000000000000 ) ) ;
#3376 = DIRECTION ( 'NONE',  ( -1.000000000000000000, 0.000000000000000000, 0.000000000000000000 ) ) ;
#3377 = DIRECTION ( 'NONE',  ( -4.336808689942018229E-16, 0.000000000000000000, -1.000000000000000000 ) ) ;
#3378 = ORIENTED_EDGE ( 'NONE', *, *, #1022, .T. ) ;
#3379 = ORIENTED_EDGE ( 'NONE', *, *, #4522, .F. ) ;
#3380 = ADVANCED_FACE ( 'NONE', ( #2431 ), #5712, .F. ) ;
#3381 = CARTESIAN_POINT ( 'NONE',  ( 30.48928523886387509, 7.725273504230803390, 6.018789284992934974 ) ) ;
#3382 = DIRECTION ( 'NONE',  ( -1.000000000000000000, 0.000000000000000000, 0.000000000000000000 ) ) ;
#3383 = CARTESIAN_POINT ( 'NONE',  ( 15.85553813188512251, 33.78678660343790341, 8.951879224483088038 ) ) ;
#3384 = EDGE_LOOP ( 'NONE', ( #2769, #4193, #5686, #5047 ) ) ;
#3385 = CIRCLE ( 'NONE', #5258, 1.000000000000000888 ) ;
#3386 = VERTEX_POINT ( 'NONE', #2014 ) ;
#3387 = CARTESIAN_POINT ( 'NONE',  ( 37.50000000000000711, -1.000000000000006883, 8.502147685123528476 ) ) ;
#3388 = EDGE_CURVE ( 'NONE', #1431, #3148, #127, .T. ) ;
#3389 = CARTESIAN_POINT ( 'NONE',  ( 37.50000000000000711, -1.000000000000006883, 7.502147685123529364 ) ) ;
#3390 = AXIS2_PLACEMENT_3D ( 'NONE', #2915, #3280, #585 ) ;
#3391 = EDGE_CURVE ( 'NONE', #2511, #2743, #5953, .T. ) ;
#3392 = CARTESIAN_POINT ( 'NONE',  ( -39.50000000000000711, 39.00000000000000000, 7.502147685123529364 ) ) ;
#3393 = EDGE_LOOP ( 'NONE', ( #3338, #3194, #1223, #1468 ) ) ;
#3394 = PLANE ( 'NONE',  #3814 ) ;
#3395 = VERTEX_POINT ( 'NONE', #1535 ) ;
#3396 = CARTESIAN_POINT ( 'NONE',  ( -38.50000000000000711, -1.000000000000006883, 3.100000000000000089 ) ) ;
#3397 = LINE ( 'NONE', #4360, #2647 ) ;
#3398 = CARTESIAN_POINT ( 'NONE',  ( 30.14313600292648943, 9.337587873513275127, 5.892324149844688108 ) ) ;
#3399 = ORIENTED_EDGE ( 'NONE', *, *, #201, .F. ) ;
#3400 = CYLINDRICAL_SURFACE ( 'NONE', #4896, 1.550000000000002709 ) ;
#3401 = CARTESIAN_POINT ( 'NONE',  ( -15.02090110951653124, 1.647066500876316120, 9.431678538397340716 ) ) ;
#3402 = ORIENTED_EDGE ( 'NONE', *, *, #2980, .T. ) ;
#3403 = VECTOR ( 'NONE', #3255, 1000.000000000000000 ) ;
#3404 = CARTESIAN_POINT ( 'NONE',  ( 15.85553813188512251, -6.938893903907228378E-15, 8.951879224483088038 ) ) ;
#3405 = DIRECTION ( 'NONE',  ( -1.000000000000000000, 0.000000000000000000, 0.000000000000000000 ) ) ;
#3406 = DIRECTION ( 'NONE',  ( 0.000000000000000000, 0.000000000000000000, 1.000000000000000000 ) ) ;
#3407 = DIRECTION ( 'NONE',  ( -0.7248657696797792260, 0.000000000000000000, 0.6888901334367776297 ) ) ;
#3408 = DIRECTION ( 'NONE',  ( 0.000000000000000000, 0.000000000000000000, -1.000000000000000000 ) ) ;
#3409 = AXIS2_PLACEMENT_3D ( 'NONE', #3521, #5402, #396 ) ;
#3410 = VERTEX_POINT ( 'NONE', #1107 ) ;
#3411 = B_SPLINE_CURVE_WITH_KNOTS ( 'NONE', 3,
 ( #4873, #1217, #5804, #1244, #5312, #2571, #5361, #3969, #5782, #3913 ),
 .UNSPECIFIED., .F., .F.,
 ( 4, 2, 2, 2, 4 ),
 ( 0.000000000000000000, 0.0004212538385365244102, 0.0008425076770730488204, 0.001263761515609573231, 0.001685015354146097207 ),
 .UNSPECIFIED. ) ;
#3412 = ORIENTED_EDGE ( 'NONE', *, *, #2297, .F. ) ;
#3413 = LINE ( 'NONE', #2477, #2367 ) ;
#3414 = DIRECTION ( 'NONE',  ( 1.000000000000000000, 0.000000000000000000, 0.000000000000000000 ) ) ;
#3415 = CARTESIAN_POINT ( 'NONE',  ( -25.50000000000000711, 39.00000000000000000, 5.099999999999996980 ) ) ;
#3416 = ORIENTED_EDGE ( 'NONE', *, *, #5671, .T. ) ;
#3417 = VECTOR ( 'NONE', #5557, 1000.000000000000000 ) ;
#3418 = VERTEX_POINT ( 'NONE', #4794 ) ;
#3419 = CIRCLE ( 'NONE', #799, 1.000000000000000888 ) ;
#3420 = AXIS2_PLACEMENT_3D ( 'NONE', #5552, #3273, #368 ) ;
#3421 = CARTESIAN_POINT ( 'NONE',  ( -12.10131361565171915, 33.36301269209160125, 8.934147967154709491 ) ) ;
#3422 = TOROIDAL_SURFACE ( 'NONE', #902, 1.000000000000000000, 1.000000000000000000 ) ;
#3423 = DIRECTION ( 'NONE',  ( 0.000000000000000000, -1.000000000000000000, 0.000000000000000000 ) ) ;
#3424 = ORIENTED_EDGE ( 'NONE', *, *, #819, .F. ) ;
#3425 = DIRECTION ( 'NONE',  ( 0.000000000000000000, 0.000000000000000000, -1.000000000000000000 ) ) ;
#3426 = EDGE_CURVE ( 'NONE', #4259, #2507, #4110, .T. ) ;
#3427 = EDGE_CURVE ( 'NONE', #1573, #4383, #1480, .T. ) ;
#3428 = VECTOR ( 'NONE', #309, 1000.000000000000000 ) ;
#3429 = AXIS2_PLACEMENT_3D ( 'NONE', #1790, #3266, #5923 ) ;
#3430 = EDGE_CURVE ( 'NONE', #2743, #4844, #5233, .T. ) ;
#3431 = AXIS2_PLACEMENT_3D ( 'NONE', #150, #4729, #1943 ) ;
#3432 = AXIS2_PLACEMENT_3D ( 'NONE', #3902, #1144, #256 ) ;
#3433 = PLANE ( 'NONE',  #1189 ) ;
#3434 = DIRECTION ( 'NONE',  ( -1.000000000000000000, 0.000000000000000000, 0.000000000000000000 ) ) ;
#3435 = EDGE_CURVE ( 'NONE', #390, #1901, #2534, .T. ) ;
#3436 = EDGE_LOOP ( 'NONE', ( #852, #5207, #5117, #2784 ) ) ;
#3437 = AXIS2_PLACEMENT_3D ( 'NONE', #4454, #3495, #2190 ) ;
#3438 = CARTESIAN_POINT ( 'NONE',  ( 10.01105051991845585, 71.00000000000000000, 0.000000000000000000 ) ) ;
#3439 = CARTESIAN_POINT ( 'NONE',  ( 32.50000000000000000, 9.000000000000007105, 4.000000000000000000 ) ) ;
#3440 = CARTESIAN_POINT ( 'NONE',  ( 54.49999999999999289, -72.99999999999997158, 3.100000000000000089 ) ) ;
#3441 = CARTESIAN_POINT ( 'NONE',  ( 8.461050519918462243, 71.00000000000000000, 0.000000000000000000 ) ) ;
#3442 = CARTESIAN_POINT ( 'NONE',  ( -12.16598503937085418, 30.81915495526406090, 8.995201128183945016 ) ) ;
#3443 = VECTOR ( 'NONE', #2919, 1000.000000000000000 ) ;
#3444 = ORIENTED_EDGE ( 'NONE', *, *, #129, .T. ) ;
#3445 = ORIENTED_EDGE ( 'NONE', *, *, #5133, .F. ) ;
#3446 = CARTESIAN_POINT ( 'NONE',  ( 30.50000000000000000, 9.000000000000007105, 4.000000000000000000 ) ) ;
#3447 = DIRECTION ( 'NONE',  ( 0.000000000000000000, 0.000000000000000000, 1.000000000000000000 ) ) ;
#3448 = DIRECTION ( 'NONE',  ( 1.000000000000000000, -0.000000000000000000, -0.000000000000000000 ) ) ;
#3449 = EDGE_LOOP ( 'NONE', ( #2779, #1579, #5251, #5990 ) ) ;
#3450 = ORIENTED_EDGE ( 'NONE', *, *, #4031, .T. ) ;
#3451 = CARTESIAN_POINT ( 'NONE',  ( -36.52224213498844563, -1.000000000000006883, 7.502147685123529364 ) ) ;
#3452 = DIRECTION ( 'NONE',  ( 0.000000000000000000, 0.000000000000000000, 1.000000000000000000 ) ) ;
#3453 = ORIENTED_EDGE ( 'NONE', *, *, #2501, .F. ) ;
#3454 = CARTESIAN_POINT ( 'NONE',  ( 11.77916845258790701, 31.86932743222094899, 8.522214200328301459 ) ) ;
#3455 = ADVANCED_FACE ( 'NONE', ( #562 ), #4710, .T. ) ;
#3456 = CYLINDRICAL_SURFACE ( 'NONE', #2944, 1.549999999999999378 ) ;
#3457 = LINE ( 'NONE', #2869, #5966 ) ;
#3458 = CARTESIAN_POINT ( 'NONE',  ( 54.49999999999999289, -75.00000000000000000, 0.000000000000000000 ) ) ;
#3459 = VERTEX_POINT ( 'NONE', #1591 ) ;
#3460 = EDGE_CURVE ( 'NONE', #2379, #1673, #2159, .T. ) ;
#3461 = B_SPLINE_CURVE_WITH_KNOTS ( 'NONE', 3,
 ( #832, #4919, #311, #2153, #2555, #4979, #249, #765, #2191, #5881, #276, #3982, #4050, #738 ),
 .UNSPECIFIED., .F., .F.,
 ( 4, 2, 2, 2, 2, 2, 4 ),
 ( 0.003249545038856462703, 0.004062956639936375104, 0.004469662440476330004, 0.004876368241016284036, 0.005689779842096190365, 0.006096485642636146132, 0.006503191443176103634 ),
 .UNSPECIFIED. ) ;
#3462 = DIRECTION ( 'NONE',  ( -0.000000000000000000, 1.000000000000000000, -0.000000000000000000 ) ) ;
#3463 = DIRECTION ( 'NONE',  ( 0.000000000000000000, 1.000000000000000000, -0.000000000000000000 ) ) ;
#3464 = CYLINDRICAL_SURFACE ( 'NONE', #1699, 2.000000000000000000 ) ;
#3465 = EDGE_CURVE ( 'NONE', #3209, #415, #34, .T. ) ;
#3466 = EDGE_CURVE ( 'NONE', #751, #4371, #4227, .T. ) ;
#3467 = FACE_OUTER_BOUND ( 'NONE', #877, .T. ) ;
#3468 = CARTESIAN_POINT ( 'NONE',  ( 34.87500000000001421, 27.16828797047687516, 8.702434179097492617 ) ) ;
#3469 = ORIENTED_EDGE ( 'NONE', *, *, #674, .T. ) ;
#3470 = ORIENTED_EDGE ( 'NONE', *, *, #5211, .F. ) ;
#3471 = CARTESIAN_POINT ( 'NONE',  ( 8.500000000000028422, -9.999999999999987566, 0.5999999999999998668 ) ) ;
#3472 = EDGE_CURVE ( 'NONE', #3120, #3222, #940, .T. ) ;
#3473 = CARTESIAN_POINT ( 'NONE',  ( -3.673940397442064700E-15, 45.00000000000000000, 0.000000000000000000 ) ) ;
#3474 = CARTESIAN_POINT ( 'NONE',  ( -11.76713562373095812, 3.857864376269070750, 4.000000000000000000 ) ) ;
#3475 = EDGE_LOOP ( 'NONE', ( #5948, #686, #376, #1392 ) ) ;
#3476 = ORIENTED_EDGE ( 'NONE', *, *, #2277, .T. ) ;
#3477 = EDGE_CURVE ( 'NONE', #1963, #1791, #5250, .T. ) ;
#3478 = CARTESIAN_POINT ( 'NONE',  ( -12.99831509260645745, 34.22790143168963795, 9.442154846557139436 ) ) ;
#3479 = CARTESIAN_POINT ( 'NONE',  ( -36.52224213498844563, 39.00000000000000000, 8.502147685123528476 ) ) ;
#3480 = CIRCLE ( 'NONE', #282, 1.550000000000002709 ) ;
#3481 = ORIENTED_EDGE ( 'NONE', *, *, #1327, .T. ) ;
#3482 = CARTESIAN_POINT ( 'NONE',  ( -7.488949480081545040, 71.00000000000000000, 0.000000000000000000 ) ) ;
#3483 = VERTEX_POINT ( 'NONE', #901 ) ;
#3484 = AXIS2_PLACEMENT_3D ( 'NONE', #665, #1634, #4384 ) ;
#3485 = AXIS2_PLACEMENT_3D ( 'NONE', #1109, #5714, #1138 ) ;
#3486 = DIRECTION ( 'NONE',  ( -1.000000000000000000, -0.000000000000000000, -0.000000000000000000 ) ) ;
#3487 = ORIENTED_EDGE ( 'NONE', *, *, #56, .T. ) ;
#3488 = CARTESIAN_POINT ( 'NONE',  ( 25.50000000000000711, -1.000000000000006883, 4.099999999999999645 ) ) ;
#3489 = CARTESIAN_POINT ( 'NONE',  ( -12.50000000000000888, 17.99999999999997513, 9.234198492692629046 ) ) ;
#3490 = FACE_BOUND ( 'NONE', #1315, .T. ) ;
#3491 = ORIENTED_EDGE ( 'NONE', *, *, #2834, .T. ) ;
#3492 = EDGE_CURVE ( 'NONE', #2278, #1669, #16, .T. ) ;
#3493 = DIRECTION ( 'NONE',  ( 1.000000000000000000, 0.000000000000000000, 0.000000000000000000 ) ) ;
#3494 = FACE_OUTER_BOUND ( 'NONE', #2704, .T. ) ;
#3495 = DIRECTION ( 'NONE',  ( 0.000000000000000000, 0.000000000000000000, 1.000000000000000000 ) ) ;
#3496 = CARTESIAN_POINT ( 'NONE',  ( -34.25431641883844236, 25.39235275617151188, 8.173885243278594004 ) ) ;
#3497 = EDGE_LOOP ( 'NONE', ( #102, #5027, #5037, #4753 ) ) ;
#3498 = EDGE_LOOP ( 'NONE', ( #2565, #619, #5276, #4715 ) ) ;
#3499 = ADVANCED_FACE ( 'NONE', ( #1879, #5605, #3599 ), #5087, .F. ) ;
#3500 = EDGE_CURVE ( 'NONE', #3852, #4564, #1752, .T. ) ;
#3501 = ADVANCED_FACE ( 'NONE', ( #1433, #5987 ), #2234, .F. ) ;
#3502 = DIRECTION ( 'NONE',  ( -1.000000000000000000, 0.000000000000000000, 0.000000000000000000 ) ) ;
#3503 = TOROIDAL_SURFACE ( 'NONE', #3014, 15.00000000000000000, 1.000000000000000000 ) ;
#3504 = DIRECTION ( 'NONE',  ( -0.000000000000000000, 0.000000000000000000, 1.000000000000000000 ) ) ;
#3505 = DIRECTION ( 'NONE',  ( 0.000000000000000000, 0.000000000000000000, -1.000000000000000000 ) ) ;
#3506 = VERTEX_POINT ( 'NONE', #4631 ) ;
#3507 = ORIENTED_EDGE ( 'NONE', *, *, #4682, .T. ) ;
#3508 = DIRECTION ( 'NONE',  ( 1.000000000000000000, 0.000000000000000000, 0.000000000000000000 ) ) ;
#3509 = CIRCLE ( 'NONE', #895, 2.375000000000002220 ) ;
#3510 = ADVANCED_FACE ( 'NONE', ( #2748 ), #1337, .F. ) ;
#3511 = CARTESIAN_POINT ( 'NONE',  ( -51.24999999999999289, 28.49999999999998934, 3.100000000000000089 ) ) ;
#3512 = ORIENTED_EDGE ( 'NONE', *, *, #6004, .T. ) ;
#3513 = CARTESIAN_POINT ( 'NONE',  ( 12.88336349094381816, 30.12400888560967971, 9.408095959719533496 ) ) ;
#3514 = ORIENTED_EDGE ( 'NONE', *, *, #2949, .T. ) ;
#3515 = CARTESIAN_POINT ( 'NONE',  ( -34.87500000000000000, 27.17056895957677298, 8.702434179097494393 ) ) ;
#3516 = AXIS2_PLACEMENT_3D ( 'NONE', #1194, #1711, #3044 ) ;
#3517 = AXIS2_PLACEMENT_3D ( 'NONE', #5077, #4124, #5978 ) ;
#3518 = FACE_OUTER_BOUND ( 'NONE', #2194, .T. ) ;
#3519 = EDGE_LOOP ( 'NONE', ( #2669, #5185, #4166, #1036 ) ) ;
#3520 = CARTESIAN_POINT ( 'NONE',  ( -22.50000000000000000, 69.99999999999998579, 0.000000000000000000 ) ) ;
#3521 = CARTESIAN_POINT ( 'NONE',  ( 0.000000000000000000, -6.938893903907228378E-15, 8.502147685123528476 ) ) ;
#3522 = AXIS2_PLACEMENT_3D ( 'NONE', #172, #4751, #4286 ) ;
#3523 = EDGE_LOOP ( 'NONE', ( #272, #1082 ) ) ;
#3524 = AXIS2_PLACEMENT_3D ( 'NONE', #2394, #4268, #155 ) ;
#3525 = AXIS2_PLACEMENT_3D ( 'NONE', #240, #5336, #3945 ) ;
#3526 = AXIS2_PLACEMENT_3D ( 'NONE', #3941, #2568, #2818 ) ;
#3527 = DIRECTION ( 'NONE',  ( -1.000000000000000000, 0.000000000000000000, 0.000000000000000000 ) ) ;
#3528 = CARTESIAN_POINT ( 'NONE',  ( -12.14213562373095634, 3.857864376269070750, 4.000000000000000000 ) ) ;
#3529 = PERSON_AND_ORGANIZATION ( #5213, #1598 ) ;
#3530 = CARTESIAN_POINT ( 'NONE',  ( -33.68863957084328575, 24.93884317049770161, 7.743577281117547173 ) ) ;
#3531 = CARTESIAN_POINT ( 'NONE',  ( -32.74285781860319133, 6.632993969539950463, 7.117958220596483976 ) ) ;
#3532 = VERTEX_POINT ( 'NONE', #4561 ) ;
#3533 = CIRCLE ( 'NONE', #4512, 1.000000000000000000 ) ;
#3534 = VERTEX_POINT ( 'NONE', #1398 ) ;
#3535 = CIRCLE ( 'NONE', #1509, 1.000000000000000000 ) ;
#3536 = CARTESIAN_POINT ( 'NONE',  ( -11.51141296434441053, 13.12764473488407191, 7.742276566560319040 ) ) ;
#3537 = ADVANCED_FACE ( 'NONE', ( #387 ), #4165, .T. ) ;
#3538 = VECTOR ( 'NONE', #4793, 1000.000000000000000 ) ;
#3539 = DIRECTION ( 'NONE',  ( 1.000000000000000000, 0.000000000000000000, 0.000000000000000000 ) ) ;
#3540 = CYLINDRICAL_SURFACE ( 'NONE', #620, 2.375000000000002220 ) ;
#3541 = ORIENTED_EDGE ( 'NONE', *, *, #2566, .F. ) ;
#3542 = EDGE_CURVE ( 'NONE', #986, #3120, #2744, .T. ) ;
#3543 = ORIENTED_EDGE ( 'NONE', *, *, #5063, .T. ) ;
#3544 = LINE ( 'NONE', #1554, #2550 ) ;
#3545 = AXIS2_PLACEMENT_3D ( 'NONE', #2608, #4576, #489 ) ;
#3546 = DIRECTION ( 'NONE',  ( -1.000000000000000000, -0.000000000000000000, -0.000000000000000000 ) ) ;
#3547 = CARTESIAN_POINT ( 'NONE',  ( 12.31090897349862345, 5.375145227782932800, 9.113020121551606678 ) ) ;
#3548 = EDGE_CURVE ( 'NONE', #835, #4663, #3717, .T. ) ;
#3549 = EDGE_CURVE ( 'NONE', #4888, #2270, #125, .T. ) ;
#3550 = ORIENTED_EDGE ( 'NONE', *, *, #4575, .F. ) ;
#3551 = CARTESIAN_POINT ( 'NONE',  ( 12.38533321852822411, 30.52539374237841230, 9.173351047804588987 ) ) ;
#3552 = ORIENTED_EDGE ( 'NONE', *, *, #5107, .F. ) ;
#3553 = CARTESIAN_POINT ( 'NONE',  ( -33.56521336805261058, 29.12747379772219247, 7.655460541541566855 ) ) ;
#3554 = CARTESIAN_POINT ( 'NONE',  ( -32.45491014584498402, 11.37901137760420944, 6.948556269708176636 ) ) ;
#3555 = ORIENTED_EDGE ( 'NONE', *, *, #86, .F. ) ;
#3556 = FACE_OUTER_BOUND ( 'NONE', #3596, .T. ) ;
#3557 = CARTESIAN_POINT ( 'NONE',  ( -12.50000000000000888, 18.46999814045068788, 9.234198492693002081 ) ) ;
#3558 = FACE_BOUND ( 'NONE', #5821, .T. ) ;
#3559 = ORIENTED_EDGE ( 'NONE', *, *, #4681, .T. ) ;
#3560 = EDGE_CURVE ( 'NONE', #2656, #3209, #1199, .T. ) ;
#3561 = CARTESIAN_POINT ( 'NONE',  ( 12.14213562373094746, 32.14213562373096522, 4.000000000000000000 ) ) ;
#3562 = CARTESIAN_POINT ( 'NONE',  ( -56.50000000000000711, -75.00000000000000000, 0.000000000000000000 ) ) ;
#3563 = CARTESIAN_POINT ( 'NONE',  ( 14.47775786501156858, -1.000000000000006883, 7.502147685123529364 ) ) ;
#3564 = CARTESIAN_POINT ( 'NONE',  ( -32.01049235009201510, 6.671278202053931849, 6.704789404454904123 ) ) ;
#3565 = ORIENTED_EDGE ( 'NONE', *, *, #5493, .T. ) ;
#3566 = ORIENTED_EDGE ( 'NONE', *, *, #3017, .T. ) ;
#3567 = FACE_OUTER_BOUND ( 'NONE', #661, .T. ) ;
#3568 = DIRECTION ( 'NONE',  ( 1.000000000000000000, 0.000000000000000000, 0.000000000000000000 ) ) ;
#3569 = CARTESIAN_POINT ( 'NONE',  ( 14.47775786501156858, 6.209030621169033815, 9.502147685123530252 ) ) ;
#3570 = VERTEX_POINT ( 'NONE', #2269 ) ;
#3571 = ORIENTED_EDGE ( 'NONE', *, *, #1915, .T. ) ;
#3572 = PLANE ( 'NONE',  #5963 ) ;
#3573 = ADVANCED_FACE ( 'NONE', ( #4136 ), #1081, .F. ) ;
#3574 = DIRECTION ( 'NONE',  ( -0.000000000000000000, -0.000000000000000000, 1.000000000000000000 ) ) ;
#3575 = ORIENTED_EDGE ( 'NONE', *, *, #2196, .T. ) ;
#3576 = CARTESIAN_POINT ( 'NONE',  ( 51.00000000000004263, -48.69999999999999574, 3.100000000000000089 ) ) ;
#3577 = ORIENTED_EDGE ( 'NONE', *, *, #3946, .F. ) ;
#3578 = ADVANCED_FACE ( 'NONE', ( #1543 ), #5721, .F. ) ;
#3579 = EDGE_CURVE ( 'NONE', #5905, #4442, #4008, .T. ) ;
#3580 = LINE ( 'NONE', #5000, #5979 ) ;
#3581 = ORIENTED_EDGE ( 'NONE', *, *, #4638, .F. ) ;
#3582 = CARTESIAN_POINT ( 'NONE',  ( 34.25269738818472831, 25.39063051267416427, 8.172592396563086226 ) ) ;
#3583 = DIRECTION ( 'NONE',  ( -1.387778780781445922E-16, 1.000000000000000000, 0.000000000000000000 ) ) ;
#3584 = FACE_BOUND ( 'NONE', #4436, .T. ) ;
#3585 = AXIS2_PLACEMENT_3D ( 'NONE', #2404, #4309, #5741 ) ;
#3586 = ORIENTED_EDGE ( 'NONE', *, *, #4897, .F. ) ;
#3587 = CARTESIAN_POINT ( 'NONE',  ( -14.14213562373084443, 32.14213562373108601, 4.000000000000000000 ) ) ;
#3588 = CARTESIAN_POINT ( 'NONE',  ( 16.51713562373083022, 3.857864376268921536, 8.361836861103565610 ) ) ;
#3589 = CARTESIAN_POINT ( 'NONE',  ( -34.87500000000000711, 27.00000000000001066, 8.702434179097494393 ) ) ;
#3590 = CARTESIAN_POINT ( 'NONE',  ( -34.04308077444875380, 7.188631047654248540, 8.007939302391383407 ) ) ;
#3591 = VERTEX_POINT ( 'NONE', #142 ) ;
#3592 = VERTEX_POINT ( 'NONE', #1572 ) ;
#3593 = DIRECTION ( 'NONE',  ( 1.000000000000000000, 0.000000000000000000, 0.000000000000000000 ) ) ;
#3594 = DIRECTION ( 'NONE',  ( 0.000000000000000000, 0.000000000000000000, 1.000000000000000000 ) ) ;
#3595 = DIRECTION ( 'NONE',  ( -0.000000000000000000, -0.000000000000000000, -1.000000000000000000 ) ) ;
#3596 = EDGE_LOOP ( 'NONE', ( #1196, #4592, #2449, #1909 ) ) ;
#3597 = VERTEX_POINT ( 'NONE', #5302 ) ;
#3598 = CARTESIAN_POINT ( 'NONE',  ( -14.14213562373095812, 3.857864376269070306, 4.000000000000000000 ) ) ;
#3599 = FACE_BOUND ( 'NONE', #4398, .T. ) ;
#3600 = ORIENTED_EDGE ( 'NONE', *, *, #237, .F. ) ;
#3601 = DIRECTION ( 'NONE',  ( 0.000000000000000000, 0.000000000000000000, -1.000000000000000000 ) ) ;
#3602 = VERTEX_POINT ( 'NONE', #3415 ) ;
#3603 = CARTESIAN_POINT ( 'NONE',  ( -52.79999999999999716, 45.99999999999999289, 0.000000000000000000 ) ) ;
#3604 = CIRCLE ( 'NONE', #995, 1.550000000000002709 ) ;
#3605 = LINE ( 'NONE', #2782, #1995 ) ;
#3606 = EDGE_CURVE ( 'NONE', #2926, #18, #4510, .T. ) ;
#3607 = ORIENTED_EDGE ( 'NONE', *, *, #2940, .T. ) ;
#3608 = CARTESIAN_POINT ( 'NONE',  ( 14.47775786501156858, 39.00000000000000000, 7.502147685123529364 ) ) ;
#3609 = CARTESIAN_POINT ( 'NONE',  ( 15.85553813188512251, 33.78678660343790341, 8.951879224483088038 ) ) ;
#3610 = AXIS2_PLACEMENT_3D ( 'NONE', #4082, #3106, #3008 ) ;
#3611 = VERTEX_POINT ( 'NONE', #3816 ) ;
#3612 = CIRCLE ( 'NONE', #2255, 1.000000000000000000 ) ;
#3613 = DIRECTION ( 'NONE',  ( -0.000000000000000000, 0.000000000000000000, 1.000000000000000000 ) ) ;
#3614 = COORDINATED_UNIVERSAL_TIME_OFFSET ( 5, 30, .AHEAD. ) ;
#3615 = AXIS2_PLACEMENT_3D ( 'NONE', #1462, #546, #3301 ) ;
#3616 = DIRECTION ( 'NONE',  ( -0.000000000000000000, 0.000000000000000000, 1.000000000000000000 ) ) ;
#3617 = CARTESIAN_POINT ( 'NONE',  ( 44.00000000000002842, -9.999999999999994671, 0.5999999999999998668 ) ) ;
#3618 = VERTEX_POINT ( 'NONE', #3360 ) ;
#3619 = AXIS2_PLACEMENT_3D ( 'NONE', #5730, #2170, #2487 ) ;
#3620 = AXIS2_PLACEMENT_3D ( 'NONE', #3261, #4279, #3354 ) ;
#3621 = CARTESIAN_POINT ( 'NONE',  ( -11.87726514655897958, 14.09799944041393793, 8.678504274052247780 ) ) ;
#3622 = CARTESIAN_POINT ( 'NONE',  ( 38.50000000000000711, -1.000000000000006883, 7.502147685123529364 ) ) ;
#3623 = CARTESIAN_POINT ( 'NONE',  ( 16.51713562373094391, 32.30296669590133973, 8.361836861103464358 ) ) ;
#3624 = CIRCLE ( 'NONE', #3047, 2.000000000000001776 ) ;
#3625 = CARTESIAN_POINT ( 'NONE',  ( -52.50000000000004263, -48.69999999999999574, 0.5999999999999998668 ) ) ;
#3626 = AXIS2_PLACEMENT_3D ( 'NONE', #1293, #3079, #2561 ) ;
#3627 = ORIENTED_EDGE ( 'NONE', *, *, #4474, .T. ) ;
#3628 = VERTEX_POINT ( 'NONE', #5243 ) ;
#3629 = CIRCLE ( 'NONE', #5313, 1.550000000000002709 ) ;
#3630 = AXIS2_PLACEMENT_3D ( 'NONE', #5232, #5289, #5322 ) ;
#3631 = LINE ( 'NONE', #866, #1795 ) ;
#3632 = AXIS2_PLACEMENT_3D ( 'NONE', #3104, #1736, #1162 ) ;
#3633 = DIRECTION ( 'NONE',  ( -1.000000000000000000, 0.000000000000000000, 0.000000000000000000 ) ) ;
#3634 = CARTESIAN_POINT ( 'NONE',  ( 52.50000000000004974, -26.69999999999998863, 0.5999999999999998668 ) ) ;
#3635 = ORIENTED_EDGE ( 'NONE', *, *, #2076, .T. ) ;
#3636 = DIRECTION ( 'NONE',  ( 0.000000000000000000, -1.000000000000000000, 0.000000000000000000 ) ) ;
#3637 = ORIENTED_EDGE ( 'NONE', *, *, #2021, .F. ) ;
#3638 = CARTESIAN_POINT ( 'NONE',  ( -11.50000000000000533, 13.10102051443364601, 3.099999999999999645 ) ) ;
#3639 = TOROIDAL_SURFACE ( 'NONE', #4141, 1.000000000000000000, 1.000000000000000000 ) ;
#3640 = CARTESIAN_POINT ( 'NONE',  ( -8.500000000000028422, -9.999999999999987566, 3.100000000000000089 ) ) ;
#3641 = ORIENTED_EDGE ( 'NONE', *, *, #1394, .T. ) ;
#3642 = CARTESIAN_POINT ( 'NONE',  ( -52.50000000000004263, -48.69999999999999574, 0.5999999999999998668 ) ) ;
#3643 = CARTESIAN_POINT ( 'NONE',  ( -14.14213562373095812, 3.857864376269070306, 4.000000000000000000 ) ) ;
#3644 = ORIENTED_EDGE ( 'NONE', *, *, #5967, .F. ) ;
#3645 = EDGE_CURVE ( 'NONE', #1913, #993, #2931, .T. ) ;
#3646 = FACE_BOUND ( 'NONE', #3756, .T. ) ;
#3647 = FACE_OUTER_BOUND ( 'NONE', #1384, .T. ) ;
#3648 = CARTESIAN_POINT ( 'NONE',  ( -33.16297903994874474, 24.71495846120541984, 7.382237885308387426 ) ) ;
#3649 = CYLINDRICAL_SURFACE ( 'NONE', #3693, 1.549999999999994049 ) ;
#3650 = ORIENTED_EDGE ( 'NONE', *, *, #4484, .T. ) ;
#3651 = EDGE_CURVE ( 'NONE', #2379, #485, #2901, .T. ) ;
#3652 = DIRECTION ( 'NONE',  ( -1.000000000000000000, -0.000000000000000000, -0.000000000000000000 ) ) ;
#3653 = DIRECTION ( 'NONE',  ( -1.000000000000000000, 0.000000000000000000, 0.000000000000000000 ) ) ;
#3654 = DIRECTION ( 'NONE',  ( -1.000000000000000000, 0.000000000000000000, 0.000000000000000000 ) ) ;
#3655 = CARTESIAN_POINT ( 'NONE',  ( 11.50000000000000533, 13.10102051443367976, 7.502147685123529364 ) ) ;
#3656 = DIRECTION ( 'NONE',  ( 0.000000000000000000, 0.000000000000000000, 1.000000000000000000 ) ) ;
#3657 = VERTEX_POINT ( 'NONE', #998 ) ;
#3658 = ORIENTED_EDGE ( 'NONE', *, *, #2387, .T. ) ;
#3659 = CARTESIAN_POINT ( 'NONE',  ( 34.87500000000000000, 8.831764973184089484, 8.702434179097483735 ) ) ;
#3660 = DIRECTION ( 'NONE',  ( 4.336808689942018229E-16, 0.000000000000000000, -1.000000000000000000 ) ) ;
#3661 = DIRECTION ( 'NONE',  ( 1.000000000000000000, 0.000000000000000000, 0.000000000000000000 ) ) ;
#3662 = ORIENTED_EDGE ( 'NONE', *, *, #2421, .T. ) ;
#3663 = ORIENTED_EDGE ( 'NONE', *, *, #506, .F. ) ;
#3664 = LINE ( 'NONE', #5547, #5189 ) ;
#3665 = DIRECTION ( 'NONE',  ( 0.000000000000000000, 0.000000000000000000, 1.000000000000000000 ) ) ;
#3666 = ORIENTED_EDGE ( 'NONE', *, *, #5817, .F. ) ;
#3667 = DIRECTION ( 'NONE',  ( 0.000000000000000000, -1.000000000000000000, 0.000000000000000000 ) ) ;
#3668 = FACE_OUTER_BOUND ( 'NONE', #1089, .T. ) ;
#3669 = ORIENTED_EDGE ( 'NONE', *, *, #687, .F. ) ;
#3670 = AXIS2_PLACEMENT_3D ( 'NONE', #1627, #3876, #1571 ) ;
#3671 = DIRECTION ( 'NONE',  ( 0.000000000000000000, 0.000000000000000000, -1.000000000000000000 ) ) ;
#3672 = CARTESIAN_POINT ( 'NONE',  ( 13.50000000000000533, 34.42868036213773308, 9.502147685123530252 ) ) ;
#3673 = FACE_OUTER_BOUND ( 'NONE', #4333, .T. ) ;
#3674 = AXIS2_PLACEMENT_3D ( 'NONE', #962, #538, #2343 ) ;
#3675 = LINE ( 'NONE', #5558, #3311 ) ;
#3676 = EDGE_LOOP ( 'NONE', ( #4283, #3213, #3245, #3450 ) ) ;
#3677 = CIRCLE ( 'NONE', #774, 1.549999999999994049 ) ;
#3678 = CYLINDRICAL_SURFACE ( 'NONE', #2857, 1.550000000000002709 ) ;
#3679 = FACE_OUTER_BOUND ( 'NONE', #2282, .T. ) ;
#3680 = DIRECTION ( 'NONE',  ( -0.000000000000000000, -0.000000000000000000, 1.000000000000000000 ) ) ;
#3681 = CARTESIAN_POINT ( 'NONE',  ( 12.49999999999999112, 17.53000185954932633, 9.234198492692993199 ) ) ;
#3682 = CARTESIAN_POINT ( 'NONE',  ( 34.50000000000000000, 9.000000000000007105, 4.000000000000000000 ) ) ;
#3683 = EDGE_CURVE ( 'NONE', #4698, #3782, #3817, .T. ) ;
#3684 = VERTEX_POINT ( 'NONE', #3383 ) ;
#3685 = EDGE_LOOP ( 'NONE', ( #2862, #717, #4556, #2903 ) ) ;
#3686 = ADVANCED_FACE ( 'NONE', ( #2024 ), #5484, .T. ) ;
#3687 = CARTESIAN_POINT ( 'NONE',  ( -14.14213562373084443, 32.14213562373108601, 4.000000000000000000 ) ) ;
#3688 = CARTESIAN_POINT ( 'NONE',  ( -25.50000000000000711, -1.000000000000006883, 19.09999999999999787 ) ) ;
#3689 = ORIENTED_EDGE ( 'NONE', *, *, #5381, .T. ) ;
#3690 = VERTEX_POINT ( 'NONE', #79 ) ;
#3691 = CARTESIAN_POINT ( 'NONE',  ( -36.52224213498844563, 40.00000000000000000, 8.502147685123528476 ) ) ;
#3692 = CARTESIAN_POINT ( 'NONE',  ( -34.52729576462408545, 10.24651932370767327, 8.398554787988663506 ) ) ;
#3693 = AXIS2_PLACEMENT_3D ( 'NONE', #6001, #2337, #5105 ) ;
#3694 = ORIENTED_EDGE ( 'NONE', *, *, #3917, .F. ) ;
#3695 = CARTESIAN_POINT ( 'NONE',  ( -25.50000000000000711, -6.938893903907228378E-15, 19.09999999999999787 ) ) ;
#3696 = EDGE_LOOP ( 'NONE', ( #4625, #1265 ) ) ;
#3697 = DIRECTION ( 'NONE',  ( -4.336808689942018229E-16, 0.000000000000000000, -1.000000000000000000 ) ) ;
#3698 = ORIENTED_EDGE ( 'NONE', *, *, #382, .F. ) ;
#3699 = CIRCLE ( 'NONE', #2339, 2.000000000000000000 ) ;
#3700 = EDGE_CURVE ( 'NONE', #835, #4004, #2352, .T. ) ;
#3701 = CARTESIAN_POINT ( 'NONE',  ( 42.50000000000002842, -9.999999999999994671, 0.5999999999999998668 ) ) ;
#3702 = CARTESIAN_POINT ( 'NONE',  ( 12.99752416748722261, 34.22743578685208377, 9.441920094154186316 ) ) ;
#3703 = AXIS2_PLACEMENT_3D ( 'NONE', #1418, #4705, #4579 ) ;
#3704 = CARTESIAN_POINT ( 'NONE',  ( -30.40662094214000888, 25.86576272413409328, 5.987772022886386658 ) ) ;
#3705 = DIRECTION ( 'NONE',  ( 0.000000000000000000, 0.000000000000000000, -1.000000000000000000 ) ) ;
#3706 = VERTEX_POINT ( 'NONE', #3877 ) ;
#3707 = AXIS2_PLACEMENT_3D ( 'NONE', #2305, #3735, #5932 ) ;
#3708 = AXIS2_PLACEMENT_3D ( 'NONE', #3710, #1425, #960 ) ;
#3709 = CARTESIAN_POINT ( 'NONE',  ( 11.50000000000000533, -6.938893903907228378E-15, 7.502147685123530252 ) ) ;
#3710 = CARTESIAN_POINT ( 'NONE',  ( -14.47775786501156858, 39.00000000000000000, 8.502147685123528476 ) ) ;
#3711 = CYLINDRICAL_SURFACE ( 'NONE', #1508, 1.499999999999994449 ) ;
#3712 = CARTESIAN_POINT ( 'NONE',  ( -12.50000000000000355, -1.000000000000006883, 7.502147685123529364 ) ) ;
#3713 = CARTESIAN_POINT ( 'NONE',  ( -10.00000000000003375, -9.999999999999987566, 3.100000000000000089 ) ) ;
#3714 = EDGE_LOOP ( 'NONE', ( #1187, #4260 ) ) ;
#3715 = VECTOR ( 'NONE', #1951, 1000.000000000000000 ) ;
#3716 = EDGE_LOOP ( 'NONE', ( #2301, #3956 ) ) ;
#3717 = CIRCLE ( 'NONE', #4999, 1.499999999999994449 ) ;
#3718 = EDGE_CURVE ( 'NONE', #2743, #2511, #3331, .T. ) ;
#3719 = AXIS2_PLACEMENT_3D ( 'NONE', #745, #4926, #4956 ) ;
#3720 = EDGE_CURVE ( 'NONE', #2138, #2656, #4806, .T. ) ;
#3721 = DIRECTION ( 'NONE',  ( 0.000000000000000000, 0.000000000000000000, 1.000000000000000000 ) ) ;
#3722 = ORIENTED_EDGE ( 'NONE', *, *, #4385, .T. ) ;
#3723 = EDGE_LOOP ( 'NONE', ( #2681, #4733, #1741, #4207 ) ) ;
#3724 = FACE_OUTER_BOUND ( 'NONE', #3519, .T. ) ;
#3725 = AXIS2_PLACEMENT_3D ( 'NONE', #1135, #1108, #3930 ) ;
#3726 = AXIS2_PLACEMENT_3D ( 'NONE', #4284, #1966, #4317 ) ;
#3727 = ADVANCED_FACE ( 'NONE', ( #2842 ), #2383, .F. ) ;
#3728 = EDGE_CURVE ( 'NONE', #1669, #4765, #4258, .T. ) ;
#3729 = ADVANCED_FACE ( 'NONE', ( #4320 ), #5661, .F. ) ;
#3730 = EDGE_CURVE ( 'NONE', #4765, #4658, #5198, .T. ) ;
#3731 = CARTESIAN_POINT ( 'NONE',  ( 22.50000000000000000, 70.00000000000000000, 3.100000000000000089 ) ) ;
#3732 = CC_DESIGN_APPROVAL ( #911, ( #5016 ) ) ;
#3733 = CIRCLE ( 'NONE', #929, 0.9999999999999991118 ) ;
#3734 = ORIENTED_EDGE ( 'NONE', *, *, #1922, .F. ) ;
#3735 = DIRECTION ( 'NONE',  ( -0.000000000000000000, -0.000000000000000000, 1.000000000000000000 ) ) ;
#3736 = VERTEX_POINT ( 'NONE', #3474 ) ;
#3737 = CARTESIAN_POINT ( 'NONE',  ( -12.50000000000000355, -6.938893903907228378E-15, 7.502147685123529364 ) ) ;
#3738 = CARTESIAN_POINT ( 'NONE',  ( -36.52224213498844563, 39.00000000000000000, 7.502147685123529364 ) ) ;
#3739 = VECTOR ( 'NONE', #1709, 1000.000000000000000 ) ;
#3740 = DIRECTION ( 'NONE',  ( 0.000000000000000000, 0.000000000000000000, 1.000000000000000000 ) ) ;
#3741 = DIRECTION ( 'NONE',  ( -0.000000000000000000, 1.000000000000000000, -0.000000000000000000 ) ) ;
#3742 = CARTESIAN_POINT ( 'NONE',  ( 15.69322784225805556, 5.671610720753879065, 9.106133931708049190 ) ) ;
#3743 = CARTESIAN_POINT ( 'NONE',  ( 0.000000000000000000, -1.000000000000006883, 9.502147685123530252 ) ) ;
#3744 = ORIENTED_EDGE ( 'NONE', *, *, #860, .T. ) ;
#3745 = EDGE_CURVE ( 'NONE', #3099, #4104, #2590, .T. ) ;
#3746 = DIRECTION ( 'NONE',  ( 1.000000000000000000, 0.000000000000000000, 0.000000000000000000 ) ) ;
#3747 = FACE_OUTER_BOUND ( 'NONE', #349, .T. ) ;
#3748 = CARTESIAN_POINT ( 'NONE',  ( -37.50000000000000711, -6.938893903907228378E-15, 7.502147685123529364 ) ) ;
#3749 = FACE_BOUND ( 'NONE', #4934, .T. ) ;
#3750 = DIRECTION ( 'NONE',  ( -0.000000000000000000, -0.000000000000000000, -1.000000000000000000 ) ) ;
#3751 = ORIENTED_EDGE ( 'NONE', *, *, #4112, .T. ) ;
#3752 = VERTEX_POINT ( 'NONE', #3960 ) ;
#3753 = CARTESIAN_POINT ( 'NONE',  ( 34.52656483762196871, 7.752195310928289729, 8.397930329867918431 ) ) ;
#3754 = CARTESIAN_POINT ( 'NONE',  ( -13.50000000000000533, 40.00000000000000000, 7.502147685123529364 ) ) ;
#3755 = DIRECTION ( 'NONE',  ( 0.000000000000000000, -1.000000000000000000, 0.000000000000000000 ) ) ;
#3756 = EDGE_LOOP ( 'NONE', ( #3033, #840 ) ) ;
#3757 = ORIENTED_EDGE ( 'NONE', *, *, #638, .F. ) ;
#3758 = DIRECTION ( 'NONE',  ( 0.000000000000000000, 0.000000000000000000, -1.000000000000000000 ) ) ;
#3759 = EDGE_CURVE ( 'NONE', #3999, #2105, #1886, .T. ) ;
#3760 = DIRECTION ( 'NONE',  ( -0.000000000000000000, 0.000000000000000000, 1.000000000000000000 ) ) ;
#3761 = ORIENTED_EDGE ( 'NONE', *, *, #5516, .T. ) ;
#3762 = CARTESIAN_POINT ( 'NONE',  ( -16.51713562373095812, 3.857864376269070306, 8.361836861103457252 ) ) ;
#3763 = ORIENTED_EDGE ( 'NONE', *, *, #2207, .T. ) ;
#3764 = DIRECTION ( 'NONE',  ( 0.000000000000000000, -0.000000000000000000, 1.000000000000000000 ) ) ;
#3765 = ADVANCED_FACE ( 'NONE', ( #2989 ), #2505, .F. ) ;
#3766 = LINE ( 'NONE', #4670, #4905 ) ;
#3767 = EDGE_CURVE ( 'NONE', #4963, #2786, #910, .T. ) ;
#3768 = CARTESIAN_POINT ( 'NONE',  ( 37.50000000000000711, -6.938893903907228378E-15, 9.502147685123530252 ) ) ;
#3769 = CARTESIAN_POINT ( 'NONE',  ( 33.17271572534573920, 11.29563070522424617, 7.385423450856480443 ) ) ;
#3770 = CARTESIAN_POINT ( 'NONE',  ( 15.16664799844834732, 40.00000000000000000, 8.227013454803309145 ) ) ;
#3771 = CARTESIAN_POINT ( 'NONE',  ( -51.24999999999999289, 28.49999999999998934, 0.000000000000000000 ) ) ;
#3772 = AXIS2_PLACEMENT_3D ( 'NONE', #3511, #1751, #2351 ) ;
#3773 = ORIENTED_EDGE ( 'NONE', *, *, #1835, .T. ) ;
#3774 = CARTESIAN_POINT ( 'NONE',  ( -16.51713562373083732, 31.98170714070662513, 8.361836861103547847 ) ) ;
#3775 = AXIS2_PLACEMENT_3D ( 'NONE', #5775, #1998, #2504 ) ;
#3776 = DIRECTION ( 'NONE',  ( -0.000000000000000000, 1.000000000000000000, -0.000000000000000000 ) ) ;
#3777 = DIRECTION ( 'NONE',  ( 0.000000000000000000, 0.000000000000000000, -1.000000000000000000 ) ) ;
#3778 = DIRECTION ( 'NONE',  ( 1.000000000000000000, 0.000000000000000000, 0.000000000000000000 ) ) ;
#3779 = CARTESIAN_POINT ( 'NONE',  ( 11.50000000000000178, -1.000000000000006883, -4.987329993433321974E-15 ) ) ;
#3780 = FACE_OUTER_BOUND ( 'NONE', #1950, .T. ) ;
#3781 = ORIENTED_EDGE ( 'NONE', *, *, #4863, .F. ) ;
#3782 = VERTEX_POINT ( 'NONE', #4867 ) ;
#3783 = AXIS2_PLACEMENT_3D ( 'NONE', #4686, #3199, #2830 ) ;
#3784 = CARTESIAN_POINT ( 'NONE',  ( 32.74076997542446321, 6.632819625463529434, 7.116706861158261788 ) ) ;
#3785 = CARTESIAN_POINT ( 'NONE',  ( 11.94510118347226069, 21.68993209810202316, 8.763565779093600128 ) ) ;
#3786 = DIRECTION ( 'NONE',  ( 0.000000000000000000, -0.000000000000000000, 1.000000000000000000 ) ) ;
#3787 = ORIENTED_EDGE ( 'NONE', *, *, #3606, .T. ) ;
#3788 = ORIENTED_EDGE ( 'NONE', *, *, #3271, .T. ) ;
#3789 = CARTESIAN_POINT ( 'NONE',  ( -36.52224213498844563, -1.000000000000006883, 7.502147685123529364 ) ) ;
#3790 = DIRECTION ( 'NONE',  ( 1.000000000000000000, 0.000000000000000000, 0.000000000000000000 ) ) ;
#3791 = ORIENTED_EDGE ( 'NONE', *, *, #684, .F. ) ;
#3792 = CARTESIAN_POINT ( 'NONE',  ( 30.12500000000000355, 9.000000000000007105, 9.502147685123530252 ) ) ;
#3793 = EDGE_LOOP ( 'NONE', ( #4537, #2968, #303, #2441 ) ) ;
#3794 = EDGE_CURVE ( 'NONE', #5536, #1697, #5679, .T. ) ;
#3795 = CIRCLE ( 'NONE', #206, 2.374999999999998668 ) ;
#3796 = CARTESIAN_POINT ( 'NONE',  ( 34.85718050887326314, 9.335263011322663118, 8.686287874074663407 ) ) ;
#3797 = DIRECTION ( 'NONE',  ( 1.000000000000000000, 0.000000000000000000, 0.000000000000000000 ) ) ;
#3798 = ADVANCED_FACE ( 'NONE', ( #1171 ), #1683, .T. ) ;
#3799 = CARTESIAN_POINT ( 'NONE',  ( -37.50000000000000711, -6.938893903907228378E-15, 8.502147685123528476 ) ) ;
#3800 = ORIENTED_EDGE ( 'NONE', *, *, #3100, .F. ) ;
#3801 = AXIS2_PLACEMENT_3D ( 'NONE', #2093, #759, #3097 ) ;
#3802 = CARTESIAN_POINT ( 'NONE',  ( 12.50000000000000178, 40.00000000000000000, 3.100000000000000089 ) ) ;
#3803 = CARTESIAN_POINT ( 'NONE',  ( 30.12500000000001066, 27.00000000000001066, 5.886015930083765113 ) ) ;
#3804 = CARTESIAN_POINT ( 'NONE',  ( -49.69999999999998863, 28.49999999999998934, 0.000000000000000000 ) ) ;
#3805 = AXIS2_PLACEMENT_3D ( 'NONE', #54, #1547, #5634 ) ;
#3806 = ADVANCED_FACE ( 'NONE', ( #4463 ), #3540, .F. ) ;
#3807 = CARTESIAN_POINT ( 'NONE',  ( 14.75522340929068754, 29.84347690889313043, 9.487335851268522191 ) ) ;
#3808 = CARTESIAN_POINT ( 'NONE',  ( -35.83335200155167399, -6.938893903907228378E-15, 8.227013454803309145 ) ) ;
#3809 = CARTESIAN_POINT ( 'NONE',  ( -13.36729741797814874, 29.89285805698552423, 9.502147685123528476 ) ) ;
#3810 = ORIENTED_EDGE ( 'NONE', *, *, #1881, .F. ) ;
#3811 = ORIENTED_EDGE ( 'NONE', *, *, #2354, .F. ) ;
#3812 = CIRCLE ( 'NONE', #4800, 2.375000000000000444 ) ;
#3813 = DIRECTION ( 'NONE',  ( -0.000000000000000000, -0.000000000000000000, -1.000000000000000000 ) ) ;
#3814 = AXIS2_PLACEMENT_3D ( 'NONE', #152, #1090, #1580 ) ;
#3815 = CARTESIAN_POINT ( 'NONE',  ( 51.25000000000000000, 46.00000000000000711, 0.000000000000000000 ) ) ;
#3816 = CARTESIAN_POINT ( 'NONE',  ( 51.00000000000004263, -48.69999999999999574, 0.5999999999999998668 ) ) ;
#3817 = CIRCLE ( 'NONE', #813, 15.00000000000000000 ) ;
#3818 = ORIENTED_EDGE ( 'NONE', *, *, #271, .T. ) ;
#3819 = ORIENTED_EDGE ( 'NONE', *, *, #1583, .T. ) ;
#3820 = DIRECTION ( 'NONE',  ( -0.000000000000000000, -0.000000000000000000, 1.000000000000000000 ) ) ;
#3821 = EDGE_CURVE ( 'NONE', #5722, #4953, #2452, .T. ) ;
#3822 = AXIS2_PLACEMENT_3D ( 'NONE', #951, #5706, #1529 ) ;
#3823 = AXIS2_PLACEMENT_3D ( 'NONE', #5874, #2671, #3583 ) ;
#3824 = LINE ( 'NONE', #3365, #5114 ) ;
#3825 = EDGE_LOOP ( 'NONE', ( #5231, #4862, #1370, #4476 ) ) ;
#3826 = DIRECTION ( 'NONE',  ( 0.000000000000000000, 0.000000000000000000, -1.000000000000000000 ) ) ;
#3827 = AXIS2_PLACEMENT_3D ( 'NONE', #2417, #4329, #3790 ) ;
#3828 = VERTEX_POINT ( 'NONE', #286 ) ;
#3829 = AXIS2_PLACEMENT_3D ( 'NONE', #359, #2203, #1750 ) ;
#3830 = CARTESIAN_POINT ( 'NONE',  ( -14.47775786501156858, 39.00000000000000000, 9.502147685123530252 ) ) ;
#3831 = AXIS2_PLACEMENT_3D ( 'NONE', #3440, #2040, #672 ) ;
#3832 = VECTOR ( 'NONE', #2891, 1000.000000000000000 ) ;
#3833 = FACE_OUTER_BOUND ( 'NONE', #136, .T. ) ;
#3834 = CIRCLE ( 'NONE', #4930, 2.375000000000000444 ) ;
#3835 = CARTESIAN_POINT ( 'NONE',  ( -14.47775786501156858, -1.000000000000006883, 9.502147685123530252 ) ) ;
#3836 = DIRECTION ( 'NONE',  ( -1.000000000000000000, 0.000000000000000000, 0.000000000000000000 ) ) ;
#3837 = ORIENTED_EDGE ( 'NONE', *, *, #957, .T. ) ;
#3838 = EDGE_CURVE ( 'NONE', #37, #2656, #5780, .T. ) ;
#3839 = TOROIDAL_SURFACE ( 'NONE', #5504, 1.000000000000000000, 1.000000000000000000 ) ;
#3840 = CARTESIAN_POINT ( 'NONE',  ( -14.47775786501156858, -6.938893903907228378E-15, 7.502147685123529364 ) ) ;
#3841 = DIRECTION ( 'NONE',  ( 0.000000000000000000, 0.000000000000000000, -1.000000000000000000 ) ) ;
#3842 = LINE ( 'NONE', #5260, #5214 ) ;
#3843 = FACE_BOUND ( 'NONE', #3523, .T. ) ;
#3844 = CARTESIAN_POINT ( 'NONE',  ( -12.88401815947076479, 30.12356274092708119, 9.408338777722295987 ) ) ;
#3845 = ORIENTED_EDGE ( 'NONE', *, *, #3838, .T. ) ;
#3846 = VERTEX_POINT ( 'NONE', #3569 ) ;
#3847 = EDGE_CURVE ( 'NONE', #5913, #1526, #4435, .T. ) ;
#3848 = EDGE_CURVE ( 'NONE', #2601, #3934, #5330, .T. ) ;
#3849 = CARTESIAN_POINT ( 'NONE',  ( 49.28541919068303656, 58.62563132923540365, 0.000000000000000000 ) ) ;
#3850 = DIRECTION ( 'NONE',  ( -0.000000000000000000, -0.000000000000000000, 1.000000000000000000 ) ) ;
#3851 = CARTESIAN_POINT ( 'NONE',  ( -14.47775786501156858, 39.00000000000000000, 7.502147685123529364 ) ) ;
#3852 = VERTEX_POINT ( 'NONE', #3990 ) ;
#3853 = ORIENTED_EDGE ( 'NONE', *, *, #3282, .F. ) ;
#3854 = CARTESIAN_POINT ( 'NONE',  ( 49.70000000000000284, 28.50000000000000355, 0.000000000000000000 ) ) ;
#3855 = CYLINDRICAL_SURFACE ( 'NONE', #431, 1.549999999999999378 ) ;
#3856 = CARTESIAN_POINT ( 'NONE',  ( -52.50000000000004974, -26.69999999999998863, 3.100000000000000089 ) ) ;
#3857 = ORIENTED_EDGE ( 'NONE', *, *, #195, .T. ) ;
#3858 = DIRECTION ( 'NONE',  ( 1.000000000000000000, 0.000000000000000000, 0.000000000000000000 ) ) ;
#3859 = EDGE_LOOP ( 'NONE', ( #3179, #531, #1681, #2326 ) ) ;
#3860 = FACE_OUTER_BOUND ( 'NONE', #101, .T. ) ;
#3861 = CARTESIAN_POINT ( 'NONE',  ( 32.50000000000000711, 27.00000000000001066, 0.000000000000000000 ) ) ;
#3862 = DIRECTION ( 'NONE',  ( 0.000000000000000000, 0.000000000000000000, 1.000000000000000000 ) ) ;
#3863 = CYLINDRICAL_SURFACE ( 'NONE', #2835, 12.50000000000000000 ) ;
#3864 = DIRECTION ( 'NONE',  ( 0.000000000000000000, 0.000000000000000000, -1.000000000000000000 ) ) ;
#3865 = ORIENTED_EDGE ( 'NONE', *, *, #5539, .T. ) ;
#3866 = CARTESIAN_POINT ( 'NONE',  ( 12.50000000000000178, -6.938893903907228378E-15, 3.100000000000000089 ) ) ;
#3867 = DIRECTION ( 'NONE',  ( -1.000000000000000000, 0.000000000000000000, 0.000000000000000000 ) ) ;
#3868 = DIRECTION ( 'NONE',  ( -0.000000000000000000, -0.000000000000000000, 1.000000000000000000 ) ) ;
#3869 = CARTESIAN_POINT ( 'NONE',  ( 14.47775786501156858, 29.79096937883083385, 9.502147685123530252 ) ) ;
#3870 = CARTESIAN_POINT ( 'NONE',  ( -54.00000000000004263, -26.69999999999998863, 3.100000000000000089 ) ) ;
#3871 = ORIENTED_EDGE ( 'NONE', *, *, #2007, .F. ) ;
#3872 = EDGE_LOOP ( 'NONE', ( #2813, #5546, #1602, #5412, #5026, #1708, #1919, #367, #4889, #4971, #2480, #191, #4174, #3627, #864, #2169, #3362, #5956, #5403, #2506 ) ) ;
#3873 = CYLINDRICAL_SURFACE ( 'NONE', #5018, 2.374999999999998668 ) ;
#3874 = EDGE_CURVE ( 'NONE', #4923, #2138, #3938, .T. ) ;
#3875 = EDGE_CURVE ( 'NONE', #451, #5508, #3081, .T. ) ;
#3876 = DIRECTION ( 'NONE',  ( 0.000000000000000000, 0.000000000000000000, -1.000000000000000000 ) ) ;
#3877 = CARTESIAN_POINT ( 'NONE',  ( 16.14213562373082667, 3.857864376268921536, 0.000000000000000000 ) ) ;
#3878 = EDGE_CURVE ( 'NONE', #2379, #2083, #39, .T. ) ;
#3879 = ORIENTED_EDGE ( 'NONE', *, *, #694, .T. ) ;
#3880 = AXIS2_PLACEMENT_3D ( 'NONE', #5474, #3144, #773 ) ;
#3881 = ORIENTED_EDGE ( 'NONE', *, *, #1026, .F. ) ;
#3882 = LINE ( 'NONE', #3278, #1415 ) ;
#3883 = CIRCLE ( 'NONE', #1266, 1.000000000000000888 ) ;
#3884 = CARTESIAN_POINT ( 'NONE',  ( -13.50000000000000533, -1.000000000000006883, 9.502147685123530252 ) ) ;
#3885 = ORIENTED_EDGE ( 'NONE', *, *, #1136, .T. ) ;
#3886 = CYLINDRICAL_SURFACE ( 'NONE', #1783, 2.000000000000001776 ) ;
#3887 = ORIENTED_EDGE ( 'NONE', *, *, #648, .F. ) ;
#3888 = CARTESIAN_POINT ( 'NONE',  ( 54.00000000000003553, -48.69999999999999574, 0.5999999999999998668 ) ) ;
#3889 = CARTESIAN_POINT ( 'NONE',  ( -38.50000000000000711, -1.000000000000006883, 7.502147685123529364 ) ) ;
#3890 = EDGE_LOOP ( 'NONE', ( #2175, #2796, #3997, #1934 ) ) ;
#3891 = AXIS2_PLACEMENT_3D ( 'NONE', #2011, #4827, #3836 ) ;
#3892 = DIRECTION ( 'NONE',  ( 0.000000000000000000, 0.000000000000000000, 1.000000000000000000 ) ) ;
#3893 = DIRECTION ( 'NONE',  ( 0.000000000000000000, 0.000000000000000000, -1.000000000000000000 ) ) ;
#3894 = DIRECTION ( 'NONE',  ( -0.000000000000000000, 1.000000000000000000, -0.000000000000000000 ) ) ;
#3895 = DIRECTION ( 'NONE',  ( 0.000000000000000000, 0.000000000000000000, 1.000000000000000000 ) ) ;
#3896 = CARTESIAN_POINT ( 'NONE',  ( 34.25606889376548736, 28.60585166922208344, 8.175275690035068266 ) ) ;
#3897 = CIRCLE ( 'NONE', #5846, 1.550000000000002709 ) ;
#3898 = ORIENTED_EDGE ( 'NONE', *, *, #2157, .T. ) ;
#3899 = ORIENTED_EDGE ( 'NONE', *, *, #4416, .T. ) ;
#3900 = CARTESIAN_POINT ( 'NONE',  ( -14.14213562373084443, 32.14213562373108601, 9.502147685123530252 ) ) ;
#3901 = DIRECTION ( 'NONE',  ( -0.000000000000000000, -0.000000000000000000, 1.000000000000000000 ) ) ;
#3902 = CARTESIAN_POINT ( 'NONE',  ( -36.52224213498844563, -6.938893903907228378E-15, 8.502147685123528476 ) ) ;
#3903 = ORIENTED_EDGE ( 'NONE', *, *, #1507, .T. ) ;
#3904 = ORIENTED_EDGE ( 'NONE', *, *, #4563, .F. ) ;
#3905 = AXIS2_PLACEMENT_3D ( 'NONE', #96, #1018, #3867 ) ;
#3906 = EDGE_CURVE ( 'NONE', #2851, #1755, #5799, .T. ) ;
#3907 = VECTOR ( 'NONE', #5067, 1000.000000000000000 ) ;
#3908 = EDGE_CURVE ( 'NONE', #1463, #2889, #4327, .T. ) ;
#3909 = DIRECTION ( 'NONE',  ( 0.000000000000000000, -1.000000000000000000, 0.000000000000000000 ) ) ;
#3910 = AXIS2_PLACEMENT_3D ( 'NONE', #3851, #3755, #569 ) ;
#3911 = CARTESIAN_POINT ( 'NONE',  ( 0.000000000000000000, -1.000000000000006883, 8.502147685123528476 ) ) ;
#3912 = ORIENTED_EDGE ( 'NONE', *, *, #583, .F. ) ;
#3913 = CARTESIAN_POINT ( 'NONE',  ( 15.85553813188512251, 2.213213396562111246, 8.951879224483088038 ) ) ;
#3914 = DIRECTION ( 'NONE',  ( 0.000000000000000000, 0.000000000000000000, -1.000000000000000000 ) ) ;
#3915 = CIRCLE ( 'NONE', #811, 1.499999999999994449 ) ;
#3916 = TOROIDAL_SURFACE ( 'NONE', #5307, 1.000000000000000000, 1.000000000000000000 ) ;
#3917 = EDGE_CURVE ( 'NONE', #241, #5836, #776, .T. ) ;
#3918 = EDGE_CURVE ( 'NONE', #691, #3459, #1113, .T. ) ;
#3919 = CYLINDRICAL_SURFACE ( 'NONE', #728, 1.500000000000004885 ) ;
#3920 = AXIS2_PLACEMENT_3D ( 'NONE', #5234, #2071, #5794 ) ;
#3921 = VECTOR ( 'NONE', #1235, 1000.000000000000000 ) ;
#3922 = CARTESIAN_POINT ( 'NONE',  ( 34.87500000000000000, 26.83176497318410014, 8.702434179097489064 ) ) ;
#3923 = CARTESIAN_POINT ( 'NONE',  ( 25.50000000000000711, -6.938893903907228378E-15, 19.09999999999999787 ) ) ;
#3924 = LINE ( 'NONE', #5790, #5182 ) ;
#3925 = EDGE_LOOP ( 'NONE', ( #4779, #3274 ) ) ;
#3926 = APPROVAL_PERSON_ORGANIZATION ( #4647, #4975, #1351 ) ;
#3927 = VECTOR ( 'NONE', #1987, 1000.000000000000000 ) ;
#3928 = CARTESIAN_POINT ( 'NONE',  ( -20.94999999999999929, 69.99999999999998579, 0.000000000000000000 ) ) ;
#3929 = CARTESIAN_POINT ( 'NONE',  ( -37.50000000000000711, 39.00000000000000000, 9.502147685123530252 ) ) ;
#3930 = DIRECTION ( 'NONE',  ( -1.000000000000000000, 0.000000000000000000, 0.000000000000000000 ) ) ;
#3931 = FACE_OUTER_BOUND ( 'NONE', #555, .T. ) ;
#3932 = EDGE_CURVE ( 'NONE', #1005, #970, #4230, .T. ) ;
#3933 = CIRCLE ( 'NONE', #5976, 2.000000000000001776 ) ;
#3934 = VERTEX_POINT ( 'NONE', #3146 ) ;
#3935 = ORIENTED_EDGE ( 'NONE', *, *, #427, .T. ) ;
#3936 = CARTESIAN_POINT ( 'NONE',  ( 56.49999999999997158, 73.00000000000000000, 3.100000000000000089 ) ) ;
#3937 = DIRECTION ( 'NONE',  ( -0.000000000000000000, 1.000000000000000000, -0.000000000000000000 ) ) ;
#3938 = LINE ( 'NONE', #4027, #2167 ) ;
#3939 = EDGE_LOOP ( 'NONE', ( #281, #4358 ) ) ;
#3940 = VERTEX_POINT ( 'NONE', #3200 ) ;
#3941 = CARTESIAN_POINT ( 'NONE',  ( 0.000000000000000000, 40.00000000000000000, 0.000000000000000000 ) ) ;
#3942 = EDGE_CURVE ( 'NONE', #1491, #3483, #805, .T. ) ;
#3943 = ORIENTED_EDGE ( 'NONE', *, *, #2453, .T. ) ;
#3944 = CARTESIAN_POINT ( 'NONE',  ( 6.911050519918468638, 71.00000000000000000, 0.000000000000000000 ) ) ;
#3945 = DIRECTION ( 'NONE',  ( -1.000000000000000000, 0.000000000000000000, 0.000000000000000000 ) ) ;
#3946 = EDGE_CURVE ( 'NONE', #1526, #3852, #820, .T. ) ;
#3947 = ORIENTED_EDGE ( 'NONE', *, *, #2874, .T. ) ;
#3948 = CARTESIAN_POINT ( 'NONE',  ( 30.68507228232672190, 25.45924081398553795, 6.095152196499655339 ) ) ;
#3949 = FACE_BOUND ( 'NONE', #5304, .T. ) ;
#3950 = ORIENTED_EDGE ( 'NONE', *, *, #1208, .F. ) ;
#3951 = DIRECTION ( 'NONE',  ( -1.000000000000000000, 0.000000000000000000, -4.336808689942013792E-16 ) ) ;
#3952 = CARTESIAN_POINT ( 'NONE',  ( -15.01759269049890655, 34.35421235032723075, 9.432571872823034553 ) ) ;
#3953 = DIRECTION ( 'NONE',  ( 0.000000000000000000, -1.000000000000000000, 0.000000000000000000 ) ) ;
#3954 = DIRECTION ( 'NONE',  ( -0.000000000000000000, -0.000000000000000000, 1.000000000000000000 ) ) ;
#3955 = CARTESIAN_POINT ( 'NONE',  ( -34.87500000000001421, 9.000000000000007105, 8.702434179097499722 ) ) ;
#3956 = ORIENTED_EDGE ( 'NONE', *, *, #2531, .F. ) ;
#3957 = ORIENTED_EDGE ( 'NONE', *, *, #3720, .F. ) ;
#3958 = DIRECTION ( 'NONE',  ( -1.000000000000000000, 0.000000000000000000, 0.000000000000000000 ) ) ;
#3959 = DIRECTION ( 'NONE',  ( -0.000000000000000000, -0.000000000000000000, 1.000000000000000000 ) ) ;
#3960 = CARTESIAN_POINT ( 'NONE',  ( -11.50000000000000533, 22.89897948556637175, 3.099999999999999645 ) ) ;
#3961 = VERTEX_POINT ( 'NONE', #2227 ) ;
#3962 = ORIENTED_EDGE ( 'NONE', *, *, #796, .T. ) ;
#3963 = AXIS2_PLACEMENT_3D ( 'NONE', #2528, #4319, #1117 ) ;
#3964 = DIRECTION ( 'NONE',  ( 0.000000000000000000, 0.000000000000000000, 1.000000000000000000 ) ) ;
#3965 = CARTESIAN_POINT ( 'NONE',  ( -13.50000000000000533, 34.42868036213787519, 9.502147685123530252 ) ) ;
#3966 = AXIS2_PLACEMENT_3D ( 'NONE', #2478, #3959, #5050 ) ;
#3967 = CYLINDRICAL_SURFACE ( 'NONE', #3390, 2.000000000000000000 ) ;
#3968 = EDGE_LOOP ( 'NONE', ( #2513, #2347, #1714, #4265 ) ) ;
#3969 = CARTESIAN_POINT ( 'NONE',  ( 15.68492402808474218, 2.047860280777525688, 9.101216181799374638 ) ) ;
#3970 = ORIENTED_EDGE ( 'NONE', *, *, #5133, .T. ) ;
#3971 = CARTESIAN_POINT ( 'NONE',  ( -34.78668728350072570, 27.66286506269720391, 8.623376191060417639 ) ) ;
#3972 = VECTOR ( 'NONE', #5426, 1000.000000000000000 ) ;
#3973 = DIRECTION ( 'NONE',  ( -1.000000000000000000, 0.000000000000000000, 0.000000000000000000 ) ) ;
#3974 = ORIENTED_EDGE ( 'NONE', *, *, #228, .T. ) ;
#3975 = CARTESIAN_POINT ( 'NONE',  ( -16.03812261088173585, 5.295411333553643907, 8.780870345429256929 ) ) ;
#3976 = FACE_BOUND ( 'NONE', #5377, .T. ) ;
#3977 = VERTEX_POINT ( 'NONE', #3682 ) ;
#3978 = EDGE_CURVE ( 'NONE', #1005, #3012, #4160, .T. ) ;
#3979 = CARTESIAN_POINT ( 'NONE',  ( -15.85553813188512251, 2.213213396562124569, 8.951879224483088038 ) ) ;
#3980 = EDGE_CURVE ( 'NONE', #4073, #1982, #1894, .T. ) ;
#3981 = CARTESIAN_POINT ( 'NONE',  ( 51.00000000000004974, -26.69999999999998863, 0.5999999999999998668 ) ) ;
#3982 = CARTESIAN_POINT ( 'NONE',  ( -13.24131387460765730, 6.059514800241307952, 9.489205062566281157 ) ) ;
#3983 = CARTESIAN_POINT ( 'NONE',  ( -33.30018350714718878, 6.759295548218685390, 7.473195252748955575 ) ) ;
#3984 = ORIENTED_EDGE ( 'NONE', *, *, #4651, .F. ) ;
#3985 = VERTEX_POINT ( 'NONE', #4056 ) ;
#3986 = EDGE_CURVE ( 'NONE', #2889, #4350, #6, .T. ) ;
#3987 = CARTESIAN_POINT ( 'NONE',  ( 51.00000000000004974, -26.69999999999998863, 0.5999999999999998668 ) ) ;
#3988 = CIRCLE ( 'NONE', #1385, 1.000000000000000000 ) ;
#3989 = DIRECTION ( 'NONE',  ( 1.000000000000000000, 0.000000000000000000, 0.000000000000000000 ) ) ;
#3990 = CARTESIAN_POINT ( 'NONE',  ( 38.50000000000000711, 40.00000000000000000, 7.502147685123529364 ) ) ;
#3991 = VERTEX_POINT ( 'NONE', #4987 ) ;
#3992 = ORIENTED_EDGE ( 'NONE', *, *, #4107, .T. ) ;
#3993 = DIRECTION ( 'NONE',  ( 1.000000000000000000, 0.000000000000000000, 0.000000000000000000 ) ) ;
#3994 = AXIS2_PLACEMENT_3D ( 'NONE', #115, #1064, #2912 ) ;
#3995 = CARTESIAN_POINT ( 'NONE',  ( 37.50000000000000711, -1.000000000000006883, 7.502147685123529364 ) ) ;
#3996 = CARTESIAN_POINT ( 'NONE',  ( 13.50000000000000533, 6.144409114675722705, 9.502147685123530252 ) ) ;
#3997 = ORIENTED_EDGE ( 'NONE', *, *, #3466, .T. ) ;
#3998 = DIRECTION ( 'NONE',  ( -0.000000000000000000, 0.000000000000000000, 1.000000000000000000 ) ) ;
#3999 = VERTEX_POINT ( 'NONE', #5475 ) ;
#4000 = ADVANCED_FACE ( 'NONE', ( #2774 ), #5535, .F. ) ;
#4001 = CARTESIAN_POINT ( 'NONE',  ( -31.16433411370959661, 28.97005499835238140, 6.296198556201868080 ) ) ;
#4002 = CIRCLE ( 'NONE', #3905, 2.000000000000001776 ) ;
#4003 = CARTESIAN_POINT ( 'NONE',  ( -31.16433411370962148, 10.97005499835239384, 6.296198556201873409 ) ) ;
#4004 = VERTEX_POINT ( 'NONE', #5507 ) ;
#4005 = CIRCLE ( 'NONE', #420, 2.000000000000001776 ) ;
#4006 = CARTESIAN_POINT ( 'NONE',  ( 34.78657799452513899, 26.33695591638130296, 8.623279914284626813 ) ) ;
#4007 = FACE_BOUND ( 'NONE', #1470, .T. ) ;
#4008 = CIRCLE ( 'NONE', #2065, 1.000000000000000888 ) ;
#4009 = ORIENTED_EDGE ( 'NONE', *, *, #2907, .F. ) ;
#4010 = CLOSED_SHELL ( 'NONE', ( #290, #5244, #3240, #547, #4559, #4158, #3573, #4892, #2345, #5818, #2218, #4182, #1335, #4203, #5126, #2526, #5034, #1876, #5784, #3009, #2753, #1758, #2422, #4749, #1006, #5528, #4826, #920, #1584, #5045, #3729, #4755, #429, #4372, #1766, #5197, #5550, #5725, #5538, #5746, #950, #3510, #1093, #4125, #104, #5085, #94, #683, #874, #1326, #495, #5984, #1944, #2826, #4233, #1541, #5161, #2678, #1445, #1844, #1687, #1612, #4757, #4134, #754, #956, #2914, #2121, #2200, #5715, #1396, #3310, #5281, #3537, #5754, #1679, #5640, #4835, #3578, #2923, #2204, #755, #5887, #4000, #2389, #5343, #3499, #2400, #1764, #873, #1986, #1039, #4291, #1241, #3765, #280, #1183, #69, #4650, #2666, #5020, #935, #5636, #5429, #2424, #262, #2600, #3168, #2125, #649, #2802, #2878, #5462, #5705, #5223, #3727, #1052, #1576, #5906, #354, #2837, #4263, #3169, #3318, #5849, #1519, #2650, #4060, #772, #1645, #3798, #1279, #1666, #1954, #2315, #1132, #507, #2866, #1443, #3176, #169, #4597, #4378, #3686, #3297, #3455, #2500, #1767, #5294, #3242, #5690, #2688, #458, #1341, #5007, #5083, #4451, #5139, #2797, #4028, #1147, #5930, #2790, #1606, #3501, #2763, #4784, #710, #5212, #3806, #552, #1422, #3380, #5341 ) ) ;
#4011 = AXIS2_PLACEMENT_3D ( 'NONE', #6018, #1824, #5611 ) ;
#4012 = CIRCLE ( 'NONE', #1206, 1.000000000000000888 ) ;
#4013 = FACE_OUTER_BOUND ( 'NONE', #5834, .T. ) ;
#4014 = CARTESIAN_POINT ( 'NONE',  ( -15.37728868113848613, 34.17497950953668351, 9.292919847835792169 ) ) ;
#4015 = B_SPLINE_CURVE_WITH_KNOTS ( 'NONE', 3,
 ( #1649, #5371, #4978, #794, #4048, #4515, #344, #5908, #4917, #3588 ),
 .UNSPECIFIED., .F., .F.,
 ( 4, 2, 2, 2, 4 ),
 ( 0.0008847833626282261554, 0.001366165151106555134, 0.001847546939584883896, 0.002328928728063212657, 0.002810310516541541636 ),
 .UNSPECIFIED. ) ;
#4016 = DATE_AND_TIME ( #2611, #1420 ) ;
#4017 = DIRECTION ( 'NONE',  ( -1.000000000000000000, 0.000000000000000000, 0.000000000000000000 ) ) ;
#4018 = EDGE_CURVE ( 'NONE', #5777, #4397, #2364, .T. ) ;
#4019 = CARTESIAN_POINT ( 'NONE',  ( -30.79725155253979807, 7.336572539564894413, 6.140218694440942038 ) ) ;
#4020 = VERTEX_POINT ( 'NONE', #2654 ) ;
#4021 = ORIENTED_EDGE ( 'NONE', *, *, #3388, .T. ) ;
#4022 = VECTOR ( 'NONE', #2616, 1000.000000000000000 ) ;
#4023 = CYLINDRICAL_SURFACE ( 'NONE', #2473, 1.550000000000002709 ) ;
#4024 = APPROVAL_PERSON_ORGANIZATION ( #5843, #2160, #795 ) ;
#4025 = CIRCLE ( 'NONE', #3052, 2.375000000000000444 ) ;
#4026 = DIRECTION ( 'NONE',  ( -0.000000000000000000, -0.000000000000000000, -1.000000000000000000 ) ) ;
#4027 = CARTESIAN_POINT ( 'NONE',  ( 0.000000000000000000, 39.00000000000000000, 9.502147685123530252 ) ) ;
#4028 = ADVANCED_FACE ( 'NONE', ( #897 ), #4191, .F. ) ;
#4029 = ORIENTED_EDGE ( 'NONE', *, *, #908, .F. ) ;
#4030 = ORIENTED_EDGE ( 'NONE', *, *, #238, .F. ) ;
#4031 = EDGE_CURVE ( 'NONE', #5813, #1596, #4528, .T. ) ;
#4032 = DIRECTION ( 'NONE',  ( -0.000000000000000000, 0.000000000000000000, -1.000000000000000000 ) ) ;
#4033 = AXIS2_PLACEMENT_3D ( 'NONE', #4941, #267, #730 ) ;
#4034 = DIRECTION ( 'NONE',  ( -0.000000000000000000, 0.000000000000000000, 1.000000000000000000 ) ) ;
#4035 = CARTESIAN_POINT ( 'NONE',  ( 12.39312762464468776, 5.469475558264951687, 9.171180327274473854 ) ) ;
#4036 = EDGE_LOOP ( 'NONE', ( #5839, #3819, #296, #999 ) ) ;
#4037 = LINE ( 'NONE', #4935, #4803 ) ;
#4038 = EDGE_LOOP ( 'NONE', ( #5445, #4634, #3402, #2050 ) ) ;
#4039 = FACE_OUTER_BOUND ( 'NONE', #2717, .T. ) ;
#4040 = EDGE_CURVE ( 'NONE', #2391, #1457, #2848, .T. ) ;
#4041 = CARTESIAN_POINT ( 'NONE',  ( -32.74519124304273276, 11.36677195438284294, 7.119367140298352048 ) ) ;
#4042 = EDGE_LOOP ( 'NONE', ( #401, #5832, #1239, #4487 ) ) ;
#4043 = CARTESIAN_POINT ( 'NONE',  ( -16.43605395325159790, 4.493274002232250375, 8.430105721653941231 ) ) ;
#4044 = CARTESIAN_POINT ( 'NONE',  ( -12.13028983048137910, 21.02654516604050272, 8.961145463812016487 ) ) ;
#4045 = FACE_BOUND ( 'NONE', #3181, .T. ) ;
#4046 = ORIENTED_EDGE ( 'NONE', *, *, #5814, .F. ) ;
#4047 = DIRECTION ( 'NONE',  ( -1.000000000000000000, 0.000000000000000000, 0.000000000000000000 ) ) ;
#4048 = CARTESIAN_POINT ( 'NONE',  ( 16.26998224527072168, 4.923892623001762558, 8.573223736475375389 ) ) ;
#4049 = MECHANICAL_CONTEXT ( 'NONE', #5414, 'mechanical' ) ;
#4050 = CARTESIAN_POINT ( 'NONE',  ( -13.36788786452858702, 6.107307759478885600, 9.502147685123548015 ) ) ;
#4051 = DIRECTION ( 'NONE',  ( -0.000000000000000000, 1.000000000000000000, -0.000000000000000000 ) ) ;
#4052 = ORIENTED_EDGE ( 'NONE', *, *, #4863, .T. ) ;
#4053 = ORIENTED_EDGE ( 'NONE', *, *, #2792, .F. ) ;
#4054 = CARTESIAN_POINT ( 'NONE',  ( 38.46105051991845869, 70.99999999999998579, 0.000000000000000000 ) ) ;
#4055 = DIRECTION ( 'NONE',  ( -0.000000000000000000, 1.000000000000000000, -0.000000000000000000 ) ) ;
#4056 = CARTESIAN_POINT ( 'NONE',  ( -34.87500000000001421, 9.000000000000007105, 4.000000000000000000 ) ) ;
#4057 = VERTEX_POINT ( 'NONE', #3173 ) ;
#4058 = ORIENTED_EDGE ( 'NONE', *, *, #1575, .T. ) ;
#4059 = CYLINDRICAL_SURFACE ( 'NONE', #2265, 1.000000000000000888 ) ;
#4060 = ADVANCED_FACE ( 'NONE', ( #353 ), #3916, .T. ) ;
#4061 = EDGE_CURVE ( 'NONE', #5905, #18, #5209, .T. ) ;
#4062 = LINE ( 'NONE', #4589, #1312 ) ;
#4063 = CARTESIAN_POINT ( 'NONE',  ( -51.41331815084611634, 58.62563132923541076, 0.000000000000000000 ) ) ;
#4064 = DIRECTION ( 'NONE',  ( 0.000000000000000000, 0.000000000000000000, 1.000000000000000000 ) ) ;
#4065 = ORIENTED_EDGE ( 'NONE', *, *, #2874, .F. ) ;
#4066 = DIRECTION ( 'NONE',  ( 1.000000000000000000, 0.000000000000000000, 0.000000000000000000 ) ) ;
#4067 = VECTOR ( 'NONE', #750, 1000.000000000000000 ) ;
#4068 = ORIENTED_EDGE ( 'NONE', *, *, #1518, .F. ) ;
#4069 = DIRECTION ( 'NONE',  ( 1.000000000000000000, 0.000000000000000000, 0.000000000000000000 ) ) ;
#4070 = EDGE_CURVE ( 'NONE', #5427, #1083, #3234, .T. ) ;
#4071 = EDGE_CURVE ( 'NONE', #1083, #5427, #3040, .T. ) ;
#4072 = DIRECTION ( 'NONE',  ( -0.000000000000000000, -0.000000000000000000, -1.000000000000000000 ) ) ;
#4073 = VERTEX_POINT ( 'NONE', #4422 ) ;
#4074 = CARTESIAN_POINT ( 'NONE',  ( 50.83541919068304082, 58.62563132923540365, 0.000000000000000000 ) ) ;
#4075 = FACE_BOUND ( 'NONE', #143, .T. ) ;
#4076 = CIRCLE ( 'NONE', #1643, 1.000000000000000888 ) ;
#4077 = VERTEX_POINT ( 'NONE', #2895 ) ;
#4078 = LINE ( 'NONE', #343, #1024 ) ;
#4079 = VECTOR ( 'NONE', #2285, 1000.000000000000000 ) ;
#4080 = DIRECTION ( 'NONE',  ( -0.000000000000000000, -0.000000000000000000, -1.000000000000000000 ) ) ;
#4081 = PERSON_AND_ORGANIZATION_ROLE ( 'design_supplier' ) ;
#4082 = CARTESIAN_POINT ( 'NONE',  ( -25.50000000000000711, -6.938893903907228378E-15, 19.09999999999999787 ) ) ;
#4083 = CARTESIAN_POINT ( 'NONE',  ( -33.92824023255934662, 7.097012521513256011, 7.920245012819017383 ) ) ;
#4084 = VERTEX_POINT ( 'NONE', #5144 ) ;
#4085 = DIRECTION ( 'NONE',  ( 1.000000000000000000, 0.000000000000000000, 0.000000000000000000 ) ) ;
#4086 = DIRECTION ( 'NONE',  ( 0.000000000000000000, -1.000000000000000000, 0.000000000000000000 ) ) ;
#4087 = CARTESIAN_POINT ( 'NONE',  ( 52.80000000000000426, 28.50000000000000355, 0.000000000000000000 ) ) ;
#4088 = DIRECTION ( 'NONE',  ( 0.000000000000000000, 0.000000000000000000, -1.000000000000000000 ) ) ;
#4089 = EDGE_LOOP ( 'NONE', ( #5094, #5847, #1523, #4046, #1348, #4983, #68, #53, #1552, #4927, #3887, #4255, #4848 ) ) ;
#4090 = ORIENTED_EDGE ( 'NONE', *, *, #2824, .T. ) ;
#4091 = VECTOR ( 'NONE', #833, 1000.000000000000000 ) ;
#4092 = CARTESIAN_POINT ( 'NONE',  ( -15.85553813188512251, 39.00000000000000000, 8.951879224483088038 ) ) ;
#4093 = DIRECTION ( 'NONE',  ( -0.000000000000000000, -0.000000000000000000, -1.000000000000000000 ) ) ;
#4094 = CARTESIAN_POINT ( 'NONE',  ( -56.50000000000002842, 75.00000000000000000, 0.000000000000000000 ) ) ;
#4095 = ORIENTED_EDGE ( 'NONE', *, *, #12, .F. ) ;
#4096 = CARTESIAN_POINT ( 'NONE',  ( 30.67532006827917002, 28.55384705222537534, 6.089105098860381204 ) ) ;
#4097 = EDGE_LOOP ( 'NONE', ( #1539, #4167, #2823, #3378 ) ) ;
#4098 = CARTESIAN_POINT ( 'NONE',  ( 0.000000000000000000, -1.000000000000006883, 3.100000000000000089 ) ) ;
#4099 = EDGE_CURVE ( 'NONE', #4658, #1659, #5655, .T. ) ;
#4100 = CIRCLE ( 'NONE', #313, 1.549999999999994937 ) ;
#4101 = AXIS2_PLACEMENT_3D ( 'NONE', #2238, #5957, #5125 ) ;
#4102 = CARTESIAN_POINT ( 'NONE',  ( -34.35181295647828392, 10.49483354118730105, 8.252954050470535208 ) ) ;
#4103 = B_SPLINE_CURVE_WITH_KNOTS ( 'NONE', 3,
 ( #1248, #2630, #335, #756, #2999, #298, #4876, #208, #5808, #2143, #4003, #1703, #1276, #2576, #2182, #1638, #3554, #4041, #2542, #5456, #4417, #5364, #1182, #3032, #1343, #5577, #4102, #3692, #821, #5549, #2696, #5486, #2303, #912 ),
 .UNSPECIFIED., .F., .F.,
 ( 4, 2, 2, 2, 2, 2, 2, 2, 2, 2, 2, 2, 2, 2, 2, 2, 4 ),
 ( 0.008065654637608695235, 0.008568602621008208214, 0.009071550604407721194, 0.009574498587807234173, 0.01007744657120674542, 0.01058039455460625840, 0.01108334253800576270, 0.01158629052140526701, 0.01208923850480477132, 0.01259218648820427562, 0.01309513447160378166, 0.01359808245500328597, 0.01410103043840279027, 0.01460397842180229458, 0.01510692640520179889, 0.01560987438860130319, 0.01611282237200080750 ),
 .UNSPECIFIED. ) ;
#4104 = VERTEX_POINT ( 'NONE', #3713 ) ;
#4105 = DIRECTION ( 'NONE',  ( 1.000000000000000000, 0.000000000000000000, 0.000000000000000000 ) ) ;
#4106 = DIRECTION ( 'NONE',  ( 1.000000000000000000, 0.000000000000000000, 0.000000000000000000 ) ) ;
#4107 = EDGE_CURVE ( 'NONE', #1673, #1697, #4012, .T. ) ;
#4108 = AXIS2_PLACEMENT_3D ( 'NONE', #4271, #615, #1070 ) ;
#4109 = ORIENTED_EDGE ( 'NONE', *, *, #2468, .T. ) ;
#4110 = CIRCLE ( 'NONE', #4899, 2.000000000000000000 ) ;
#4111 = EDGE_CURVE ( 'NONE', #1545, #3570, #1048, .T. ) ;
#4112 = EDGE_CURVE ( 'NONE', #2086, #1730, #2068, .T. ) ;
#4113 = B_SPLINE_CURVE_WITH_KNOTS ( 'NONE', 3,
 ( #5266, #1079, #1570, #5797, #1626, #4801, #629, #1114, #5352, #170 ),
 .UNSPECIFIED., .F., .F.,
 ( 4, 2, 2, 2, 4 ),
 ( 0.002810310516541713807, 0.003290487319686964326, 0.003770664122832214846, 0.004250840925977465365, 0.004731017729122715884 ),
 .UNSPECIFIED. ) ;
#4114 = AXIS2_PLACEMENT_3D ( 'NONE', #1475, #2860, #3346 ) ;
#4115 = LINE ( 'NONE', #1830, #3265 ) ;
#4116 = DATE_AND_TIME ( #527, #4237 ) ;
#4117 = VECTOR ( 'NONE', #1847, 1000.000000000000000 ) ;
#4118 = CARTESIAN_POINT ( 'NONE',  ( -30.12500000000000711, 26.83063268616466956, 5.886015930083763337 ) ) ;
#4119 = CARTESIAN_POINT ( 'NONE',  ( -30.68505862068434809, 7.459370199508893684, 6.095151713717945618 ) ) ;
#4120 = ORIENTED_EDGE ( 'NONE', *, *, #3645, .T. ) ;
#4121 = CIRCLE ( 'NONE', #4810, 2.375000000000000444 ) ;
#4122 = VECTOR ( 'NONE', #3448, 1000.000000000000000 ) ;
#4123 = CARTESIAN_POINT ( 'NONE',  ( -3.673940397442064700E-15, 45.00000000000000000, 3.100000000000000533 ) ) ;
#4124 = DIRECTION ( 'NONE',  ( 0.000000000000000000, 0.000000000000000000, 1.000000000000000000 ) ) ;
#4125 = ADVANCED_FACE ( 'NONE', ( #5338 ), #1614, .F. ) ;
#4126 = LINE ( 'NONE', #5079, #1161 ) ;
#4127 = VECTOR ( 'NONE', #2537, 1000.000000000000000 ) ;
#4128 = DIRECTION ( 'NONE',  ( 1.000000000000000000, 0.000000000000000000, 0.000000000000000000 ) ) ;
#4129 = AXIS2_PLACEMENT_3D ( 'NONE', #2438, #657, #2410 ) ;
#4130 = ORIENTED_EDGE ( 'NONE', *, *, #4855, .T. ) ;
#4131 = ORIENTED_EDGE ( 'NONE', *, *, #4195, .T. ) ;
#4132 = AXIS2_PLACEMENT_3D ( 'NONE', #3005, #5878, #3493 ) ;
#4133 = DIRECTION ( 'NONE',  ( 0.000000000000000000, 1.000000000000000000, 0.000000000000000000 ) ) ;
#4134 = ADVANCED_FACE ( 'NONE', ( #1155 ), #540, .T. ) ;
#4135 = CARTESIAN_POINT ( 'NONE',  ( 13.36875689753527574, 6.107551812019019088, 9.502147685123535581 ) ) ;
#4136 = FACE_OUTER_BOUND ( 'NONE', #4798, .T. ) ;
#4137 = ORIENTED_EDGE ( 'NONE', *, *, #5021, .T. ) ;
#4138 = DIRECTION ( 'NONE',  ( 0.000000000000000000, 0.000000000000000000, 1.000000000000000000 ) ) ;
#4139 = ORIENTED_EDGE ( 'NONE', *, *, #1834, .F. ) ;
#4140 = DIRECTION ( 'NONE',  ( -0.000000000000000000, -0.000000000000000000, 1.000000000000000000 ) ) ;
#4141 = AXIS2_PLACEMENT_3D ( 'NONE', #5971, #1897, #5618 ) ;
#4142 = DESIGN_CONTEXT ( 'detailed design', #306, 'design' ) ;
#4143 = DIRECTION ( 'NONE',  ( -1.000000000000000000, 0.000000000000000000, 0.000000000000000000 ) ) ;
#4144 = VERTEX_POINT ( 'NONE', #1429 ) ;
#4145 = LINE ( 'NONE', #1316, #1401 ) ;
#4146 = PLANE ( 'NONE',  #405 ) ;
#4147 = ORIENTED_EDGE ( 'NONE', *, *, #212, .F. ) ;
#4148 = EDGE_CURVE ( 'NONE', #198, #4698, #1011, .T. ) ;
#4149 = EDGE_CURVE ( 'NONE', #2543, #2844, #5203, .T. ) ;
#4150 = CARTESIAN_POINT ( 'NONE',  ( 39.50000000000000711, 39.00000000000000000, 7.502147685123529364 ) ) ;
#4151 = CARTESIAN_POINT ( 'NONE',  ( -10.58894948008153314, 71.00000000000000000, 3.100000000000000089 ) ) ;
#4152 = PRODUCT_DEFINITION ( 'UNKNOWN', '', #5016, #4142 ) ;
#4153 = LINE ( 'NONE', #1831, #3417 ) ;
#4154 = CARTESIAN_POINT ( 'NONE',  ( -30.40662094214001598, 7.865762724134095052, 5.987772022886392875 ) ) ;
#4155 = CARTESIAN_POINT ( 'NONE',  ( 0.000000000000000000, -1.000000000000006883, 8.502147685123528476 ) ) ;
#4156 = DIRECTION ( 'NONE',  ( 0.000000000000000000, 0.000000000000000000, -1.000000000000000000 ) ) ;
#4157 = DIRECTION ( 'NONE',  ( 0.000000000000000000, 0.000000000000000000, -1.000000000000000000 ) ) ;
#4158 = ADVANCED_FACE ( 'NONE', ( #1456 ), #2405, .F. ) ;
#4159 = DIRECTION ( 'NONE',  ( 1.000000000000000000, 0.000000000000000000, 4.336808689942018229E-16 ) ) ;
#4160 = LINE ( 'NONE', #5115, #4513 ) ;
#4161 = ORIENTED_EDGE ( 'NONE', *, *, #5071, .T. ) ;
#4162 = VERTEX_POINT ( 'NONE', #131 ) ;
#4163 = CARTESIAN_POINT ( 'NONE',  ( 33.29961740535357251, 6.759130673383540788, 7.472824105487559265 ) ) ;
#4164 = DIRECTION ( 'NONE',  ( -1.000000000000000000, 0.000000000000000000, 0.000000000000000000 ) ) ;
#4165 = PLANE ( 'NONE',  #421 ) ;
#4166 = ORIENTED_EDGE ( 'NONE', *, *, #4111, .T. ) ;
#4167 = ORIENTED_EDGE ( 'NONE', *, *, #237, .T. ) ;
#4168 = DIRECTION ( 'NONE',  ( -0.000000000000000000, -0.000000000000000000, -1.000000000000000000 ) ) ;
#4169 = CARTESIAN_POINT ( 'NONE',  ( 38.46105051991845869, 70.99999999999998579, 3.100000000000000089 ) ) ;
#4170 = EDGE_LOOP ( 'NONE', ( #3935, #1652, #5477, #5376 ) ) ;
#4171 = CARTESIAN_POINT ( 'NONE',  ( 12.50000000000000178, 39.00000000000000000, 3.100000000000000089 ) ) ;
#4172 = ORIENTED_EDGE ( 'NONE', *, *, #5454, .T. ) ;
#4173 = CARTESIAN_POINT ( 'NONE',  ( -16.51713562373084443, 32.14213562373108601, 4.000000000000000000 ) ) ;
#4174 = ORIENTED_EDGE ( 'NONE', *, *, #2297, .T. ) ;
#4175 = VECTOR ( 'NONE', #1080, 1000.000000000000000 ) ;
#4176 = DIRECTION ( 'NONE',  ( -1.000000000000000000, -0.000000000000000000, -0.000000000000000000 ) ) ;
#4177 = CARTESIAN_POINT ( 'NONE',  ( 11.85595497248916530, 32.79766918486714644, 8.643106897432094371 ) ) ;
#4178 = CARTESIAN_POINT ( 'NONE',  ( -30.79725155253979096, 25.33657253956489441, 6.140218694440935820 ) ) ;
#4179 = VECTOR ( 'NONE', #861, 1000.000000000000000 ) ;
#4180 = CARTESIAN_POINT ( 'NONE',  ( -30.21460513249326141, 8.332368085224851839, 5.917666245115053236 ) ) ;
#4181 = ORIENTED_EDGE ( 'NONE', *, *, #3021, .F. ) ;
#4182 = ADVANCED_FACE ( 'NONE', ( #99 ), #2551, .T. ) ;
#4183 = AXIS2_PLACEMENT_3D ( 'NONE', #5925, #1821, #5656 ) ;
#4184 = CIRCLE ( 'NONE', #1560, 1.499999999999994449 ) ;
#4185 = EDGE_CURVE ( 'NONE', #198, #1673, #3457, .T. ) ;
#4186 = VECTOR ( 'NONE', #433, 1000.000000000000000 ) ;
#4187 = CARTESIAN_POINT ( 'NONE',  ( 14.47775786501156858, -1.000000000000006883, 8.502147685123528476 ) ) ;
#4188 = DIRECTION ( 'NONE',  ( 1.000000000000000000, 0.000000000000000000, 0.000000000000000000 ) ) ;
#4189 = FACE_OUTER_BOUND ( 'NONE', #4989, .T. ) ;
#4190 = CARTESIAN_POINT ( 'NONE',  ( 11.55005783353966287, 13.21997074819646834, 7.960447304172468819 ) ) ;
#4191 = CYLINDRICAL_SURFACE ( 'NONE', #3142, 2.375000000000000444 ) ;
#4192 = EDGE_LOOP ( 'NONE', ( #2371, #3950 ) ) ;
#4193 = ORIENTED_EDGE ( 'NONE', *, *, #722, .T. ) ;
#4194 = EDGE_CURVE ( 'NONE', #4404, #5217, #5684, .T. ) ;
#4195 = EDGE_CURVE ( 'NONE', #2356, #4530, #44, .T. ) ;
#4196 = CARTESIAN_POINT ( 'NONE',  ( 32.00850491790965435, 6.671624202243934931, 6.703728668156495374 ) ) ;
#4197 = DIRECTION ( 'NONE',  ( 1.000000000000000000, 0.000000000000000000, 0.000000000000000000 ) ) ;
#4198 = CARTESIAN_POINT ( 'NONE',  ( -15.49350565006236202, 30.17136348381431077, 9.243453257092784980 ) ) ;
#4199 = ORIENTED_EDGE ( 'NONE', *, *, #1796, .F. ) ;
#4200 = ORIENTED_EDGE ( 'NONE', *, *, #30, .T. ) ;
#4201 = DIRECTION ( 'NONE',  ( -0.000000000000000000, -0.000000000000000000, 1.000000000000000000 ) ) ;
#4202 = FACE_OUTER_BOUND ( 'NONE', #4089, .T. ) ;
#4203 = ADVANCED_FACE ( 'NONE', ( #699 ), #243, .F. ) ;
#4204 = VECTOR ( 'NONE', #2328, 1000.000000000000000 ) ;
#4205 = ORIENTED_EDGE ( 'NONE', *, *, #316, .F. ) ;
#4206 = DIRECTION ( 'NONE',  ( -0.000000000000000000, 0.000000000000000000, 1.000000000000000000 ) ) ;
#4207 = ORIENTED_EDGE ( 'NONE', *, *, #761, .F. ) ;
#4208 = CARTESIAN_POINT ( 'NONE',  ( -49.69999999999998863, 28.49999999999998934, 3.100000000000000089 ) ) ;
#4209 = ORIENTED_EDGE ( 'NONE', *, *, #5961, .T. ) ;
#4210 = FACE_BOUND ( 'NONE', #1633, .T. ) ;
#4211 = LINE ( 'NONE', #4609, #4186 ) ;
#4212 = TOROIDAL_SURFACE ( 'NONE', #4991, 1.000000000000000000, 1.000000000000000000 ) ;
#4213 = DIRECTION ( 'NONE',  ( 1.000000000000000000, 0.000000000000000000, 0.000000000000000000 ) ) ;
#4214 = LINE ( 'NONE', #1354, #992 ) ;
#4215 = CIRCLE ( 'NONE', #3132, 14.00000000000000000 ) ;
#4216 = ORIENTED_EDGE ( 'NONE', *, *, #1353, .T. ) ;
#4217 = AXIS2_PLACEMENT_3D ( 'NONE', #6020, #4640, #2759 ) ;
#4218 = CIRCLE ( 'NONE', #1880, 1.550000000000000933 ) ;
#4219 = CARTESIAN_POINT ( 'NONE',  ( -16.50019665848150296, 32.46671974482774203, 8.375947516752800581 ) ) ;
#4220 = DIRECTION ( 'NONE',  ( -0.000000000000000000, -1.000000000000000000, -0.000000000000000000 ) ) ;
#4221 = EDGE_CURVE ( 'NONE', #3483, #2306, #1936, .T. ) ;
#4222 = CARTESIAN_POINT ( 'NONE',  ( 36.91105051991845443, 70.99999999999998579, 0.000000000000000000 ) ) ;
#4223 = CARTESIAN_POINT ( 'NONE',  ( -41.00000000000003553, -9.999999999999994671, 0.5999999999999998668 ) ) ;
#4224 = ORIENTED_EDGE ( 'NONE', *, *, #1964, .T. ) ;
#4225 = CIRCLE ( 'NONE', #914, 14.00000000000000000 ) ;
#4226 = ORIENTED_EDGE ( 'NONE', *, *, #2637, .F. ) ;
#4227 = CIRCLE ( 'NONE', #1587, 2.375000000000002220 ) ;
#4228 = CARTESIAN_POINT ( 'NONE',  ( 44.00000000000002842, -9.999999999999994671, 3.100000000000000089 ) ) ;
#4229 = TOROIDAL_SURFACE ( 'NONE', #3920, 15.00000000000000000, 1.000000000000000000 ) ;
#4230 = CIRCLE ( 'NONE', #1688, 1.550000000000002709 ) ;
#4231 = CARTESIAN_POINT ( 'NONE',  ( 51.25000000000000000, 46.00000000000000711, 3.100000000000000089 ) ) ;
#4232 = CARTESIAN_POINT ( 'NONE',  ( -39.03894948008154131, 71.00000000000000000, 0.000000000000000000 ) ) ;
#4233 = ADVANCED_FACE ( 'NONE', ( #1225 ), #3069, .T. ) ;
#4234 = EDGE_LOOP ( 'NONE', ( #5070, #4147, #1207, #5425 ) ) ;
#4235 = ORIENTED_EDGE ( 'NONE', *, *, #4221, .F. ) ;
#4236 = CARTESIAN_POINT ( 'NONE',  ( 36.52224213498844563, 39.00000000000000000, 8.502147685123528476 ) ) ;
#4237 = LOCAL_TIME ( 23, 9, 39.00000000000000000, #3281 ) ;
#4238 = AXIS2_PLACEMENT_3D ( 'NONE', #5421, #842, #4467 ) ;
#4239 = DIRECTION ( 'NONE',  ( 1.000000000000000000, 0.000000000000000000, 0.000000000000000000 ) ) ;
#4240 = AXIS2_PLACEMENT_3D ( 'NONE', #2552, #2638, #4426 ) ;
#4241 = ORIENTED_EDGE ( 'NONE', *, *, #4830, .T. ) ;
#4242 = VERTEX_POINT ( 'NONE', #4508 ) ;
#4243 = CARTESIAN_POINT ( 'NONE',  ( -39.03894948008154131, 71.00000000000000000, 3.100000000000000089 ) ) ;
#4244 = DIRECTION ( 'NONE',  ( -0.000000000000000000, -0.000000000000000000, 1.000000000000000000 ) ) ;
#4245 = CARTESIAN_POINT ( 'NONE',  ( 10.01105051991845585, 71.00000000000000000, 0.000000000000000000 ) ) ;
#4246 = PLANE ( 'NONE',  #3703 ) ;
#4247 = FACE_OUTER_BOUND ( 'NONE', #1818, .T. ) ;
#4248 = EDGE_LOOP ( 'NONE', ( #3094, #898 ) ) ;
#4249 = CARTESIAN_POINT ( 'NONE',  ( 12.99900376372778865, 1.771756486417583654, 9.442300794426465416 ) ) ;
#4250 = CARTESIAN_POINT ( 'NONE',  ( -12.16598503937094300, 2.534883707802087827, 8.995201128184019623 ) ) ;
#4251 = CYLINDRICAL_SURFACE ( 'NONE', #2653, 1.549999999999999378 ) ;
#4252 = PLANE ( 'NONE',  #2807 ) ;
#4253 = CARTESIAN_POINT ( 'NONE',  ( 37.50000000000000711, -6.938893903907228378E-15, 9.502147685123530252 ) ) ;
#4254 = CARTESIAN_POINT ( 'NONE',  ( 14.47775786501156858, 29.79096937883083385, 9.502147685123530252 ) ) ;
#4255 = ORIENTED_EDGE ( 'NONE', *, *, #3276, .F. ) ;
#4256 = ORIENTED_EDGE ( 'NONE', *, *, #5463, .F. ) ;
#4257 = DIRECTION ( 'NONE',  ( 0.000000000000000000, 0.000000000000000000, -1.000000000000000000 ) ) ;
#4258 = LINE ( 'NONE', #1938, #1977 ) ;
#4259 = VERTEX_POINT ( 'NONE', #5811 ) ;
#4260 = ORIENTED_EDGE ( 'NONE', *, *, #168, .F. ) ;
#4261 = FACE_OUTER_BOUND ( 'NONE', #5154, .T. ) ;
#4262 = EDGE_CURVE ( 'NONE', #1172, #5574, #775, .T. ) ;
#4263 = ADVANCED_FACE ( 'NONE', ( #4702 ), #2535, .T. ) ;
#4264 = FACE_OUTER_BOUND ( 'NONE', #4976, .T. ) ;
#4265 = ORIENTED_EDGE ( 'NONE', *, *, #908, .T. ) ;
#4266 = CARTESIAN_POINT ( 'NONE',  ( 11.76713562373080890, 3.857864376269631190, 8.500737217143102598 ) ) ;
#4267 = EDGE_LOOP ( 'NONE', ( #824, #4161, #4437, #85 ) ) ;
#4268 = DIRECTION ( 'NONE',  ( 0.000000000000000000, -1.000000000000000000, 0.000000000000000000 ) ) ;
#4269 = EDGE_CURVE ( 'NONE', #4370, #1243, #5222, .T. ) ;
#4270 = CARTESIAN_POINT ( 'NONE',  ( 34.73579269575093065, 9.816875543066203136, 8.578239133023354057 ) ) ;
#4271 = CARTESIAN_POINT ( 'NONE',  ( -56.50000000000002842, 75.00000000000000000, 3.100000000000000089 ) ) ;
#4272 = CYLINDRICAL_SURFACE ( 'NONE', #2242, 2.000000000000000000 ) ;
#4273 = EDGE_LOOP ( 'NONE', ( #647, #5927, #1603, #4181 ) ) ;
#4274 = DIRECTION ( 'NONE',  ( 0.000000000000000000, 0.000000000000000000, 1.000000000000000000 ) ) ;
#4275 = CIRCLE ( 'NONE', #1365, 1.000000000000000000 ) ;
#4276 = CARTESIAN_POINT ( 'NONE',  ( -25.50000000000000711, 39.00000000000000000, 19.09999999999999787 ) ) ;
#4277 = CARTESIAN_POINT ( 'NONE',  ( -32.50000000000001421, 9.000000000000007105, 9.502147685123530252 ) ) ;
#4278 = CARTESIAN_POINT ( 'NONE',  ( 38.50000000000000711, 39.00000000000000000, 3.100000000000000089 ) ) ;
#4279 = DIRECTION ( 'NONE',  ( 0.000000000000000000, 0.000000000000000000, 1.000000000000000000 ) ) ;
#4280 = CARTESIAN_POINT ( 'NONE',  ( -13.50000000000000533, -6.938893903907228378E-15, 7.502147685123529364 ) ) ;
#4281 = ORIENTED_EDGE ( 'NONE', *, *, #2196, .F. ) ;
#4282 = CIRCLE ( 'NONE', #2035, 2.375000000000000444 ) ;
#4283 = ORIENTED_EDGE ( 'NONE', *, *, #4598, .T. ) ;
#4284 = CARTESIAN_POINT ( 'NONE',  ( 14.14213562373094746, 32.14213562373096522, 4.000000000000000000 ) ) ;
#4285 = CARTESIAN_POINT ( 'NONE',  ( -49.86331815084611918, 58.62563132923541076, 0.000000000000000000 ) ) ;
#4286 = DIRECTION ( 'NONE',  ( 0.000000000000000000, 0.000000000000000000, 1.000000000000000000 ) ) ;
#4287 = EDGE_LOOP ( 'NONE', ( #815, #2393, #1569, #3262 ) ) ;
#4288 = EDGE_LOOP ( 'NONE', ( #5993, #81, #2592, #77 ) ) ;
#4289 = CYLINDRICAL_SURFACE ( 'NONE', #4707, 1.000000000000000888 ) ;
#4290 = DIRECTION ( 'NONE',  ( -0.000000000000000000, -0.000000000000000000, 1.000000000000000000 ) ) ;
#4291 = ADVANCED_FACE ( 'NONE', ( #2029 ), #1604, .F. ) ;
#4292 = VERTEX_POINT ( 'NONE', #2969 ) ;
#4293 = DIRECTION ( 'NONE',  ( 0.000000000000000000, 0.000000000000000000, 1.000000000000000000 ) ) ;
#4294 = ORIENTED_EDGE ( 'NONE', *, *, #2575, .T. ) ;
#4295 = FACE_OUTER_BOUND ( 'NONE', #2012, .T. ) ;
#4296 = DIRECTION ( 'NONE',  ( 0.000000000000000000, 0.000000000000000000, -1.000000000000000000 ) ) ;
#4297 = CIRCLE ( 'NONE', #4490, 2.000000000000000000 ) ;
#4298 = FACE_OUTER_BOUND ( 'NONE', #3890, .T. ) ;
#4299 = EDGE_CURVE ( 'NONE', #2228, #3985, #3882, .T. ) ;
#4300 = EDGE_CURVE ( 'NONE', #1697, #2083, #3535, .T. ) ;
#4301 = DIRECTION ( 'NONE',  ( -0.000000000000000000, -0.000000000000000000, 1.000000000000000000 ) ) ;
#4302 = DIRECTION ( 'NONE',  ( -1.000000000000000000, -0.000000000000000000, -0.000000000000000000 ) ) ;
#4303 = EDGE_CURVE ( 'NONE', #4349, #2140, #981, .T. ) ;
#4304 = ORIENTED_EDGE ( 'NONE', *, *, #1103, .F. ) ;
#4305 = CIRCLE ( 'NONE', #2629, 1.000000000000000000 ) ;
#4306 = DIRECTION ( 'NONE',  ( 1.000000000000000000, 0.000000000000000000, 0.000000000000000000 ) ) ;
#4307 = DIRECTION ( 'NONE',  ( 0.000000000000000000, -1.000000000000000000, 0.000000000000000000 ) ) ;
#4308 = FACE_OUTER_BOUND ( 'NONE', #5457, .T. ) ;
#4309 = DIRECTION ( 'NONE',  ( -0.000000000000000000, -0.000000000000000000, -1.000000000000000000 ) ) ;
#4310 = DIRECTION ( 'NONE',  ( -0.000000000000000000, -0.000000000000000000, 1.000000000000000000 ) ) ;
#4311 = CARTESIAN_POINT ( 'NONE',  ( -12.56507439670985171, 30.34742477390075521, 9.284816065325301793 ) ) ;
#4312 = VERTEX_POINT ( 'NONE', #721 ) ;
#4313 = EDGE_CURVE ( 'NONE', #1659, #1669, #3241, .T. ) ;
#4314 = ORIENTED_EDGE ( 'NONE', *, *, #1473, .F. ) ;
#4315 = VECTOR ( 'NONE', #984, 1000.000000000000000 ) ;
#4316 = AXIS2_PLACEMENT_3D ( 'NONE', #5594, #4188, #4684 ) ;
#4317 = DIRECTION ( 'NONE',  ( -1.000000000000000000, 0.000000000000000000, 0.000000000000000000 ) ) ;
#4318 = CIRCLE ( 'NONE', #2450, 15.00000000000000000 ) ;
#4319 = DIRECTION ( 'NONE',  ( 1.000000000000000000, 0.000000000000000000, 4.336808689942018229E-16 ) ) ;
#4320 = FACE_OUTER_BOUND ( 'NONE', #1825, .T. ) ;
#4321 = AXIS2_PLACEMENT_3D ( 'NONE', #197, #1686, #5354 ) ;
#4322 = ORIENTED_EDGE ( 'NONE', *, *, #4149, .T. ) ;
#4323 = EDGE_LOOP ( 'NONE', ( #1296, #1872, #3114, #3722 ) ) ;
#4324 = CARTESIAN_POINT ( 'NONE',  ( 13.50000000000000533, 40.00000000000000000, 7.502147685123529364 ) ) ;
#4325 = AXIS2_PLACEMENT_3D ( 'NONE', #3084, #779, #736 ) ;
#4326 = CIRCLE ( 'NONE', #1702, 1.550000000000002709 ) ;
#4327 = CIRCLE ( 'NONE', #3719, 1.550000000000002709 ) ;
#4328 = LINE ( 'NONE', #175, #2077 ) ;
#4329 = DIRECTION ( 'NONE',  ( -0.000000000000000000, -0.000000000000000000, 1.000000000000000000 ) ) ;
#4330 = ORIENTED_EDGE ( 'NONE', *, *, #1201, .T. ) ;
#4331 = CARTESIAN_POINT ( 'NONE',  ( 51.25000000000000711, 28.50000000000000355, 3.100000000000000089 ) ) ;
#4332 = AXIS2_PLACEMENT_3D ( 'NONE', #3995, #3423, #1176 ) ;
#4333 = EDGE_LOOP ( 'NONE', ( #5912, #5150, #4662, #1713 ) ) ;
#4334 = CIRCLE ( 'NONE', #4238, 1.550000000000002709 ) ;
#4335 = LINE ( 'NONE', #4760, #332 ) ;
#4336 = AXIS2_PLACEMENT_3D ( 'NONE', #4347, #2521, #164 ) ;
#4337 = CIRCLE ( 'NONE', #2372, 1.000000000000000888 ) ;
#4338 = CARTESIAN_POINT ( 'NONE',  ( -14.14213562373084443, 32.14213562373108601, 4.000000000000000000 ) ) ;
#4339 = CARTESIAN_POINT ( 'NONE',  ( 51.25000000000000711, 28.50000000000000355, 3.100000000000000089 ) ) ;
#4340 = CARTESIAN_POINT ( 'NONE',  ( -13.50000000000000533, 39.00000000000000000, 7.502147685123529364 ) ) ;
#4341 = ORIENTED_EDGE ( 'NONE', *, *, #3465, .T. ) ;
#4342 = AXIS2_PLACEMENT_3D ( 'NONE', #1768, #3613, #2284 ) ;
#4343 = EDGE_CURVE ( 'NONE', #1291, #3684, #4328, .T. ) ;
#4344 = EDGE_CURVE ( 'NONE', #18, #5722, #1631, .T. ) ;
#4345 = CARTESIAN_POINT ( 'NONE',  ( 14.14213562373094746, 32.14213562373096522, 9.502147685123530252 ) ) ;
#4346 = DIRECTION ( 'NONE',  ( -0.000000000000000000, 1.000000000000000000, -0.000000000000000000 ) ) ;
#4347 = CARTESIAN_POINT ( 'NONE',  ( 14.14213562373082667, 3.857864376268921092, 9.502147685123530252 ) ) ;
#4348 = CYLINDRICAL_SURFACE ( 'NONE', #1747, 2.000000000000000000 ) ;
#4349 = VERTEX_POINT ( 'NONE', #5753 ) ;
#4350 = VERTEX_POINT ( 'NONE', #149 ) ;
#4351 = DIRECTION ( 'NONE',  ( 0.000000000000000000, -0.000000000000000000, 1.000000000000000000 ) ) ;
#4352 = CARTESIAN_POINT ( 'NONE',  ( 36.52224213498844563, -6.938893903907228378E-15, 8.502147685123528476 ) ) ;
#4353 = DIRECTION ( 'NONE',  ( -0.000000000000000000, -0.000000000000000000, 1.000000000000000000 ) ) ;
#4354 = EDGE_LOOP ( 'NONE', ( #3543, #2620 ) ) ;
#4355 = ORIENTED_EDGE ( 'NONE', *, *, #4982, .F. ) ;
#4356 = DIRECTION ( 'NONE',  ( 1.000000000000000000, -0.000000000000000000, -0.000000000000000000 ) ) ;
#4357 = LINE ( 'NONE', #3884, #5779 ) ;
#4358 = ORIENTED_EDGE ( 'NONE', *, *, #5071, .F. ) ;
#4359 = DIRECTION ( 'NONE',  ( 0.000000000000000000, 0.000000000000000000, 1.000000000000000000 ) ) ;
#4360 = CARTESIAN_POINT ( 'NONE',  ( 36.52224213498844563, -1.000000000000006883, 9.502147685123530252 ) ) ;
#4361 = DIRECTION ( 'NONE',  ( 0.000000000000000000, 0.000000000000000000, -1.000000000000000000 ) ) ;
#4362 = CARTESIAN_POINT ( 'NONE',  ( -14.14213562373095812, 3.857864376269070306, 9.502147685123530252 ) ) ;
#4363 = ORIENTED_EDGE ( 'NONE', *, *, #4558, .T. ) ;
#4364 = CARTESIAN_POINT ( 'NONE',  ( 35.14446186811489525, -1.000000000000006883, 8.951879224483086261 ) ) ;
#4365 = CARTESIAN_POINT ( 'NONE',  ( -12.38445809288310961, 2.242163097453044429, 9.172711736434878915 ) ) ;
#4366 = CARTESIAN_POINT ( 'NONE',  ( -14.47775786501156858, -1.000000000000006883, 7.502147685123529364 ) ) ;
#4367 = CARTESIAN_POINT ( 'NONE',  ( -30.50000000000001421, 9.000000000000007105, 9.502147685123530252 ) ) ;
#4368 = VECTOR ( 'NONE', #2948, 1000.000000000000000 ) ;
#4369 = EDGE_CURVE ( 'NONE', #3187, #3141, #2463, .T. ) ;
#4370 = VERTEX_POINT ( 'NONE', #2003 ) ;
#4371 = VERTEX_POINT ( 'NONE', #4438 ) ;
#4372 = ADVANCED_FACE ( 'NONE', ( #230 ), #3855, .F. ) ;
#4373 = DIRECTION ( 'NONE',  ( -1.000000000000000000, 0.000000000000000000, 0.000000000000000000 ) ) ;
#4374 = CARTESIAN_POINT ( 'NONE',  ( 40.01105051991846295, 70.99999999999998579, 0.000000000000000000 ) ) ;
#4375 = ORIENTED_EDGE ( 'NONE', *, *, #1473, .T. ) ;
#4376 = AXIS2_PLACEMENT_3D ( 'NONE', #1020, #1537, #2016 ) ;
#4377 = ORIENTED_EDGE ( 'NONE', *, *, #1544, .T. ) ;
#4378 = ADVANCED_FACE ( 'NONE', ( #2937 ), #1577, .T. ) ;
#4379 = EDGE_CURVE ( 'NONE', #3148, #2775, #5970, .T. ) ;
#4380 = AXIS2_PLACEMENT_3D ( 'NONE', #4517, #4429, #5408 ) ;
#4381 = CARTESIAN_POINT ( 'NONE',  ( -12.38417717647302041, 33.75748660368621046, 9.172497668779113766 ) ) ;
#4382 = AXIS2_PLACEMENT_3D ( 'NONE', #5029, #5862, #3177 ) ;
#4383 = VERTEX_POINT ( 'NONE', #4092 ) ;
#4384 = DIRECTION ( 'NONE',  ( 1.000000000000000000, 0.000000000000000000, 0.000000000000000000 ) ) ;
#4385 = EDGE_CURVE ( 'NONE', #2346, #457, #5116, .T. ) ;
#4386 = CARTESIAN_POINT ( 'NONE',  ( 14.47775786501156858, 1.506698131368809479, 9.502147685123530252 ) ) ;
#4387 = CARTESIAN_POINT ( 'NONE',  ( 33.29961740535355830, 24.75913067338353812, 7.472824105487561042 ) ) ;
#4388 = DIRECTION ( 'NONE',  ( -0.000000000000000000, -0.000000000000000000, -1.000000000000000000 ) ) ;
#4389 = ORIENTED_EDGE ( 'NONE', *, *, #1128, .T. ) ;
#4390 = CIRCLE ( 'NONE', #1961, 2.375000000000000444 ) ;
#4391 = CARTESIAN_POINT ( 'NONE',  ( 14.47775786501156858, -1.000000000000006883, 9.502147685123530252 ) ) ;
#4392 = DIRECTION ( 'NONE',  ( 0.000000000000000000, 1.000000000000000000, -0.000000000000000000 ) ) ;
#4393 = CARTESIAN_POINT ( 'NONE',  ( -9.038949480081539534, 71.00000000000000000, 3.100000000000000089 ) ) ;
#4394 = CARTESIAN_POINT ( 'NONE',  ( -14.47775786501156858, 40.00000000000000000, 8.502147685123528476 ) ) ;
#4395 = CARTESIAN_POINT ( 'NONE',  ( 34.52805719638305959, 28.24523005603594328, 8.399201689749249411 ) ) ;
#4396 = AXIS2_PLACEMENT_3D ( 'NONE', #2780, #4201, #2302 ) ;
#4397 = VERTEX_POINT ( 'NONE', #5056 ) ;
#4398 = EDGE_LOOP ( 'NONE', ( #1441, #423 ) ) ;
#4399 = EDGE_CURVE ( 'NONE', #1926, #5800, #5859, .T. ) ;
#4400 = CIRCLE ( 'NONE', #5292, 1.550000000000002709 ) ;
#4401 = DIRECTION ( 'NONE',  ( -1.000000000000000000, 0.000000000000000000, -0.000000000000000000 ) ) ;
#4402 = CARTESIAN_POINT ( 'NONE',  ( 11.76713562373092792, 32.14213562373167576, 8.500737217143310431 ) ) ;
#4403 = CARTESIAN_POINT ( 'NONE',  ( 14.47775786501156858, -6.938893903907228378E-15, 7.502147685123529364 ) ) ;
#4404 = VERTEX_POINT ( 'NONE', #1787 ) ;
#4405 = ORIENTED_EDGE ( 'NONE', *, *, #3065, .T. ) ;
#4406 = VECTOR ( 'NONE', #4220, 1000.000000000000000 ) ;
#4407 = EDGE_CURVE ( 'NONE', #5722, #5245, #3631, .T. ) ;
#4408 = DIRECTION ( 'NONE',  ( 0.000000000000000000, -1.000000000000000000, 0.000000000000000000 ) ) ;
#4409 = AXIS2_PLACEMENT_3D ( 'NONE', #4777, #106, #599 ) ;
#4410 = CC_DESIGN_DATE_AND_TIME_ASSIGNMENT ( #2097, #831, ( #4152 ) ) ;
#4411 = ORIENTED_EDGE ( 'NONE', *, *, #3098, .F. ) ;
#4412 = CARTESIAN_POINT ( 'NONE',  ( 0.000000000000000000, -1.000000000000006883, 9.502147685123530252 ) ) ;
#4413 = CARTESIAN_POINT ( 'NONE',  ( -31.43440922950237137, 29.12829423862477540, 6.419116771267911581 ) ) ;
#4414 = VECTOR ( 'NONE', #3006, 1000.000000000000000 ) ;
#4415 = AXIS2_PLACEMENT_3D ( 'NONE', #963, #4687, #1483 ) ;
#4416 = EDGE_CURVE ( 'NONE', #3418, #5800, #4819, .T. ) ;
#4417 = CARTESIAN_POINT ( 'NONE',  ( -33.30389648546722725, 11.23932461249500214, 7.475700032580935961 ) ) ;
#4418 = VECTOR ( 'NONE', #5112, 1000.000000000000000 ) ;
#4419 = AXIS2_PLACEMENT_3D ( 'NONE', #4532, #4496, #1722 ) ;
#4420 = ORIENTED_EDGE ( 'NONE', *, *, #5210, .F. ) ;
#4421 = CARTESIAN_POINT ( 'NONE',  ( 30.79630615640540725, 25.33758463786515946, 6.139836927703664848 ) ) ;
#4422 = CARTESIAN_POINT ( 'NONE',  ( -12.50000000000000178, 40.00000000000000000, 3.100000000000000089 ) ) ;
#4423 = FACE_OUTER_BOUND ( 'NONE', #2246, .T. ) ;
#4424 = EDGE_LOOP ( 'NONE', ( #1184, #144, #4224, #5697 ) ) ;
#4425 = CC_DESIGN_SECURITY_CLASSIFICATION ( #2960, ( #5016 ) ) ;
#4426 = DIRECTION ( 'NONE',  ( 1.000000000000000000, 0.000000000000000000, 0.000000000000000000 ) ) ;
#4427 = CARTESIAN_POINT ( 'NONE',  ( -34.50000000000000711, 27.00000000000001066, 4.000000000000000000 ) ) ;
#4428 = DATE_AND_TIME ( #4547, #5602 ) ;
#4429 = DIRECTION ( 'NONE',  ( 0.000000000000000000, 0.000000000000000000, 1.000000000000000000 ) ) ;
#4430 = AXIS2_PLACEMENT_3D ( 'NONE', #4968, #5870, #697 ) ;
#4431 = VERTEX_POINT ( 'NONE', #749 ) ;
#4432 = ORIENTED_EDGE ( 'NONE', *, *, #3745, .F. ) ;
#4433 = CARTESIAN_POINT ( 'NONE',  ( -14.14213562373084443, 32.14213562373108601, 9.502147685123530252 ) ) ;
#4434 = CARTESIAN_POINT ( 'NONE',  ( 41.00000000000003553, -9.999999999999994671, 0.5999999999999998668 ) ) ;
#4435 = LINE ( 'NONE', #1601, #4122 ) ;
#4436 = EDGE_LOOP ( 'NONE', ( #2627, #1030 ) ) ;
#4437 = ORIENTED_EDGE ( 'NONE', *, *, #5280, .T. ) ;
#4438 = CARTESIAN_POINT ( 'NONE',  ( -34.87500000000000711, 27.00000000000001066, 4.000000000000000000 ) ) ;
#4439 = CARTESIAN_POINT ( 'NONE',  ( -36.52224213498844563, 39.00000000000000000, 9.502147685123530252 ) ) ;
#4440 = ORIENTED_EDGE ( 'NONE', *, *, #1575, .F. ) ;
#4441 = DIRECTION ( 'NONE',  ( -0.000000000000000000, -0.000000000000000000, 1.000000000000000000 ) ) ;
#4442 = VERTEX_POINT ( 'NONE', #2594 ) ;
#4443 = CARTESIAN_POINT ( 'NONE',  ( -34.04369341375100078, 28.81084614192923965, 8.008411741537139861 ) ) ;
#4444 = EDGE_CURVE ( 'NONE', #518, #2518, #2275, .T. ) ;
#4445 = EDGE_CURVE ( 'NONE', #4844, #2686, #4334, .T. ) ;
#4446 = DIRECTION ( 'NONE',  ( -0.000000000000000000, -0.000000000000000000, -1.000000000000000000 ) ) ;
#4447 = ORIENTED_EDGE ( 'NONE', *, *, #3848, .T. ) ;
#4448 = DIRECTION ( 'NONE',  ( -0.000000000000000000, -0.000000000000000000, 1.000000000000000000 ) ) ;
#4449 = CARTESIAN_POINT ( 'NONE',  ( -37.48894948008153705, 71.00000000000000000, 3.100000000000000089 ) ) ;
#4450 = ORIENTED_EDGE ( 'NONE', *, *, #688, .T. ) ;
#4451 = ADVANCED_FACE ( 'NONE', ( #780 ), #2623, .T. ) ;
#4452 = CARTESIAN_POINT ( 'NONE',  ( 11.76713562373082667, 3.857864376268921092, 4.000000000000000000 ) ) ;
#4453 = LINE ( 'NONE', #3562, #437 ) ;
#4454 = CARTESIAN_POINT ( 'NONE',  ( 0.000000000000000000, 0.000000000000000000, 0.000000000000000000 ) ) ;
#4455 = CARTESIAN_POINT ( 'NONE',  ( -34.87500000000001421, 26.82903918928361620, 8.702434179097496170 ) ) ;
#4456 = CARTESIAN_POINT ( 'NONE',  ( -34.52705206658530557, 7.753069119950628973, 8.398347812592499295 ) ) ;
#4457 = ORIENTED_EDGE ( 'NONE', *, *, #3059, .T. ) ;
#4458 = AXIS2_PLACEMENT_3D ( 'NONE', #5495, #3741, #953 ) ;
#4459 = ORIENTED_EDGE ( 'NONE', *, *, #268, .T. ) ;
#4460 = CARTESIAN_POINT ( 'NONE',  ( 11.50000000000000533, 13.10102051443367976, 7.502147685123529364 ) ) ;
#4461 = EDGE_CURVE ( 'NONE', #1451, #4004, #3343, .T. ) ;
#4462 = CYLINDRICAL_SURFACE ( 'NONE', #4961, 2.000000000000000000 ) ;
#4463 = FACE_OUTER_BOUND ( 'NONE', #5723, .T. ) ;
#4464 = EDGE_LOOP ( 'NONE', ( #1130, #2932, #454, #4880 ) ) ;
#4465 = ORIENTED_EDGE ( 'NONE', *, *, #5731, .F. ) ;
#4466 = PLANE ( 'NONE',  #2947 ) ;
#4467 = DIRECTION ( 'NONE',  ( 1.000000000000000000, 0.000000000000000000, 0.000000000000000000 ) ) ;
#4468 = CARTESIAN_POINT ( 'NONE',  ( 34.87500000000000000, 9.000000000000007105, 8.702434179097483735 ) ) ;
#4469 = ORIENTED_EDGE ( 'NONE', *, *, #4300, .T. ) ;
#4470 = CARTESIAN_POINT ( 'NONE',  ( 11.76713562373090127, 32.00527644469716648, 8.500737217142312119 ) ) ;
#4471 = EDGE_LOOP ( 'NONE', ( #806, #1043, #5988, #204 ) ) ;
#4472 = CARTESIAN_POINT ( 'NONE',  ( -30.14283192872272465, 27.33587750342570999, 5.892216911619245323 ) ) ;
#4473 = AXIS2_PLACEMENT_3D ( 'NONE', #1371, #3324, #450 ) ;
#4474 = EDGE_CURVE ( 'NONE', #903, #2844, #4062, .T. ) ;
#4475 = CARTESIAN_POINT ( 'NONE',  ( -37.50000000000000711, 39.00000000000000000, 7.502147685123529364 ) ) ;
#4476 = ORIENTED_EDGE ( 'NONE', *, *, #4461, .F. ) ;
#4477 = CARTESIAN_POINT ( 'NONE',  ( -56.50000000000000711, -73.00000000000000000, 0.000000000000000000 ) ) ;
#4478 = DIRECTION ( 'NONE',  ( -1.000000000000000000, 0.000000000000000000, 0.000000000000000000 ) ) ;
#4479 = ORIENTED_EDGE ( 'NONE', *, *, #3560, .T. ) ;
#4480 = EDGE_CURVE ( 'NONE', #1945, #2270, #2689, .T. ) ;
#4481 = CYLINDRICAL_SURFACE ( 'NONE', #3159, 2.000000000000001776 ) ;
#4482 = FACE_OUTER_BOUND ( 'NONE', #701, .T. ) ;
#4483 = CALENDAR_DATE ( 2025, 28, 10 ) ;
#4484 = EDGE_CURVE ( 'NONE', #3618, #18, #2232, .T. ) ;
#4485 = CARTESIAN_POINT ( 'NONE',  ( -6.980486755139909756E-15, 18.00000000000001066, 9.502147685123530252 ) ) ;
#4486 = CARTESIAN_POINT ( 'NONE',  ( -31.03633044508755745, 7.122764099672029836, 6.240534587254414234 ) ) ;
#4487 = ORIENTED_EDGE ( 'NONE', *, *, #3874, .T. ) ;
#4488 = ORIENTED_EDGE ( 'NONE', *, *, #5316, .T. ) ;
#4489 = CARTESIAN_POINT ( 'NONE',  ( -54.50000000000002842, 73.00000000000000000, 0.000000000000000000 ) ) ;
#4490 = AXIS2_PLACEMENT_3D ( 'NONE', #4340, #587, #5230 ) ;
#4491 = CYLINDRICAL_SURFACE ( 'NONE', #4767, 2.000000000000000000 ) ;
#4492 = DIRECTION ( 'NONE',  ( 0.000000000000000000, -1.000000000000000000, 0.000000000000000000 ) ) ;
#4493 = ORIENTED_EDGE ( 'NONE', *, *, #2469, .F. ) ;
#4494 = ORIENTED_EDGE ( 'NONE', *, *, #4262, .F. ) ;
#4495 = LINE ( 'NONE', #1692, #424 ) ;
#4496 = DIRECTION ( 'NONE',  ( 1.000000000000000000, 0.000000000000000000, 0.000000000000000000 ) ) ;
#4497 = CARTESIAN_POINT ( 'NONE',  ( 16.14213562373094746, 32.14213562373096522, 4.000000000000000000 ) ) ;
#4498 = ORIENTED_EDGE ( 'NONE', *, *, #5569, .T. ) ;
#4499 = LINE ( 'NONE', #3944, #867 ) ;
#4500 = ORIENTED_EDGE ( 'NONE', *, *, #4474, .F. ) ;
#4501 = CARTESIAN_POINT ( 'NONE',  ( -34.35181295647828392, 28.49483354118730460, 8.252954050470531655 ) ) ;
#4502 = VECTOR ( 'NONE', #2244, 1000.000000000000000 ) ;
#4503 = AXIS2_PLACEMENT_3D ( 'NONE', #4324, #2881, #3758 ) ;
#4504 = B_SPLINE_CURVE_WITH_KNOTS ( 'NONE', 3,
 ( #5732, #1069, #3398, #5283, #1097, #2859, #4824, #4737, #723, #5831, #5163, #1474, #983, #2820, #3769, #5643, #557, #3313, #5191, #2396, #89, #4270, #1949, #3796, #2662, #4468 ),
 .UNSPECIFIED., .F., .F.,
 ( 4, 2, 2, 2, 2, 2, 2, 2, 2, 2, 2, 2, 4 ),
 ( 0.000000000000000000, 0.0005039592953356818042, 0.001007918590671363608, 0.002015837181342722446, 0.002519796476678403275, 0.003023755772014084103, 0.004031674362685428413, 0.005039592953356771855, 0.006047511544028115298, 0.006551470839363780080, 0.007055430134699443995, 0.007559389430035107910, 0.008063348725370771825 ),
 .UNSPECIFIED. ) ;
#4505 = DIRECTION ( 'NONE',  ( 0.000000000000000000, 0.000000000000000000, -1.000000000000000000 ) ) ;
#4506 = VECTOR ( 'NONE', #214, 1000.000000000000000 ) ;
#4507 = DIRECTION ( 'NONE',  ( 0.000000000000000000, 0.000000000000000000, -1.000000000000000000 ) ) ;
#4508 = CARTESIAN_POINT ( 'NONE',  ( -12.14213562373084088, 32.14213562373108601, 4.000000000000000000 ) ) ;
#4509 = DIRECTION ( 'NONE',  ( 1.000000000000000000, 0.000000000000000000, 0.000000000000000000 ) ) ;
#4510 = CIRCLE ( 'NONE', #3522, 1.000000000000000888 ) ;
#4511 = AXIS2_PLACEMENT_3D ( 'NONE', #2788, #3249, #1976 ) ;
#4512 = AXIS2_PLACEMENT_3D ( 'NONE', #1549, #2446, #3305 ) ;
#4513 = VECTOR ( 'NONE', #5565, 1000.000000000000000 ) ;
#4514 = CYLINDRICAL_SURFACE ( 'NONE', #1515, 1.000000000000000888 ) ;
#4515 = CARTESIAN_POINT ( 'NONE',  ( 16.38941892982030524, 4.641359883468909153, 8.469686795836793181 ) ) ;
#4516 = DIRECTION ( 'NONE',  ( 1.000000000000000000, 0.000000000000000000, 0.000000000000000000 ) ) ;
#4517 = CARTESIAN_POINT ( 'NONE',  ( -9.038949480081539534, 71.00000000000000000, 3.100000000000000089 ) ) ;
#4518 = DIRECTION ( 'NONE',  ( 0.000000000000000000, 0.000000000000000000, -1.000000000000000000 ) ) ;
#4519 = EDGE_LOOP ( 'NONE', ( #1733, #3635, #5805, #543 ) ) ;
#4520 = CIRCLE ( 'NONE', #146, 1.499999999999994449 ) ;
#4521 = EDGE_LOOP ( 'NONE', ( #2532, #299 ) ) ;
#4522 = EDGE_CURVE ( 'NONE', #1431, #5983, #5599, .T. ) ;
#4523 = AXIS2_PLACEMENT_3D ( 'NONE', #1302, #410, #4932 ) ;
#4524 = EDGE_CURVE ( 'NONE', #3410, #5813, #1460, .T. ) ;
#4525 = DIRECTION ( 'NONE',  ( -1.000000000000000000, 0.000000000000000000, 0.000000000000000000 ) ) ;
#4526 = CIRCLE ( 'NONE', #1314, 1.550000000000000933 ) ;
#4527 = PLANE ( 'NONE',  #2324 ) ;
#4528 = LINE ( 'NONE', #1295, #528 ) ;
#4529 = EDGE_LOOP ( 'NONE', ( #253, #757, #494, #3992 ) ) ;
#4530 = VERTEX_POINT ( 'NONE', #4228 ) ;
#4531 = DIRECTION ( 'NONE',  ( -4.336808689942018229E-16, 0.000000000000000000, 1.000000000000000000 ) ) ;
#4532 = CARTESIAN_POINT ( 'NONE',  ( 0.000000000000000000, -6.938893903907228378E-15, 8.502147685123528476 ) ) ;
#4533 = DIRECTION ( 'NONE',  ( 1.000000000000000000, 0.000000000000000000, 0.000000000000000000 ) ) ;
#4534 = DIRECTION ( 'NONE',  ( -1.000000000000000000, 0.000000000000000000, 0.000000000000000000 ) ) ;
#4535 = VERTEX_POINT ( 'NONE', #5985 ) ;
#4536 = CARTESIAN_POINT ( 'NONE',  ( 51.25000000000000711, 28.50000000000000355, 0.000000000000000000 ) ) ;
#4537 = ORIENTED_EDGE ( 'NONE', *, *, #2113, .T. ) ;
#4538 = CARTESIAN_POINT ( 'NONE',  ( -32.50000000000000711, 27.00000000000001066, 4.000000000000000000 ) ) ;
#4539 = FACE_OUTER_BOUND ( 'NONE', #2056, .T. ) ;
#4540 = ORIENTED_EDGE ( 'NONE', *, *, #4621, .F. ) ;
#4541 = CARTESIAN_POINT ( 'NONE',  ( 1.549999999999997380, 45.00000000000000000, 10.00000000000000000 ) ) ;
#4542 = CARTESIAN_POINT ( 'NONE',  ( 16.26917549908869987, 2.790103636897859563, 8.573927176252267301 ) ) ;
#4543 = CARTESIAN_POINT ( 'NONE',  ( 0.000000000000000000, 40.00000000000000000, 0.000000000000000000 ) ) ;
#4544 = ORIENTED_EDGE ( 'NONE', *, *, #1346, .F. ) ;
#4545 = DIRECTION ( 'NONE',  ( -1.000000000000000000, 0.000000000000000000, 0.000000000000000000 ) ) ;
#4546 = DIRECTION ( 'NONE',  ( -0.000000000000000000, 0.000000000000000000, -1.000000000000000000 ) ) ;
#4547 = CALENDAR_DATE ( 2025, 28, 10 ) ;
#4548 = CARTESIAN_POINT ( 'NONE',  ( -34.85677121085033292, 26.66268844422925000, 8.685922040301617741 ) ) ;
#4549 = CARTESIAN_POINT ( 'NONE',  ( 14.47775786501156858, 39.00000000000000000, 7.502147685123529364 ) ) ;
#4550 = ORIENTED_EDGE ( 'NONE', *, *, #5572, .T. ) ;
#4551 = DIRECTION ( 'NONE',  ( 1.000000000000000000, 0.000000000000000000, 0.000000000000000000 ) ) ;
#4552 = EDGE_CURVE ( 'NONE', #5876, #3961, #1857, .T. ) ;
#4553 = CARTESIAN_POINT ( 'NONE',  ( 15.94913458922339622, 33.68927752294818845, 8.862928030093739196 ) ) ;
#4554 = DIRECTION ( 'NONE',  ( -0.000000000000000000, 1.000000000000000000, -0.000000000000000000 ) ) ;
#4555 = EDGE_LOOP ( 'NONE', ( #5791, #3974, #2073, #3903 ) ) ;
#4556 = ORIENTED_EDGE ( 'NONE', *, *, #5817, .T. ) ;
#4557 = DIRECTION ( 'NONE',  ( 0.000000000000000000, -0.000000000000000000, -1.000000000000000000 ) ) ;
#4558 = EDGE_CURVE ( 'NONE', #1568, #3706, #5494, .T. ) ;
#4559 = ADVANCED_FACE ( 'NONE', ( #4865 ), #3873, .F. ) ;
#4560 = CARTESIAN_POINT ( 'NONE',  ( 11.82384677979009702, 4.390448805817616318, 8.594077136033186903 ) ) ;
#4561 = CARTESIAN_POINT ( 'NONE',  ( 10.01105051991845585, 71.00000000000000000, 3.100000000000000089 ) ) ;
#4562 = EDGE_CURVE ( 'NONE', #59, #2105, #1053, .T. ) ;
#4563 = EDGE_CURVE ( 'NONE', #1755, #5716, #541, .T. ) ;
#4564 = VERTEX_POINT ( 'NONE', #597 ) ;
#4565 = CARTESIAN_POINT ( 'NONE',  ( 13.50000000000000533, 40.00000000000000000, 8.502147685123528476 ) ) ;
#4566 = AXIS2_PLACEMENT_3D ( 'NONE', #2411, #5630, #5986 ) ;
#4567 = LINE ( 'NONE', #3210, #1487 ) ;
#4568 = AXIS2_PLACEMENT_3D ( 'NONE', #5267, #2439, #4373 ) ;
#4569 = FACE_OUTER_BOUND ( 'NONE', #2304, .T. ) ;
#4570 = VERTEX_POINT ( 'NONE', #3446 ) ;
#4571 = FACE_OUTER_BOUND ( 'NONE', #625, .T. ) ;
#4572 = CARTESIAN_POINT ( 'NONE',  ( 39.50000000000000711, 39.00000000000000000, 3.100000000000000089 ) ) ;
#4573 = CIRCLE ( 'NONE', #3296, 1.550000000000000933 ) ;
#4574 = ORIENTED_EDGE ( 'NONE', *, *, #5052, .T. ) ;
#4575 = EDGE_CURVE ( 'NONE', #3657, #1791, #1694, .T. ) ;
#4576 = DIRECTION ( 'NONE',  ( -0.000000000000000000, 0.000000000000000000, 1.000000000000000000 ) ) ;
#4577 = VECTOR ( 'NONE', #5707, 1000.000000000000000 ) ;
#4578 = CARTESIAN_POINT ( 'NONE',  ( 30.50000000000000000, 9.000000000000007105, 9.502147685123530252 ) ) ;
#4579 = DIRECTION ( 'NONE',  ( -1.000000000000000000, 0.000000000000000000, -0.000000000000000000 ) ) ;
#4580 = CARTESIAN_POINT ( 'NONE',  ( -30.49042300853491483, 7.723617334853031480, 6.019228232056354599 ) ) ;
#4581 = ORIENTED_EDGE ( 'NONE', *, *, #2605, .F. ) ;
#4582 = DIRECTION ( 'NONE',  ( -1.000000000000000000, 0.000000000000000000, 0.000000000000000000 ) ) ;
#4583 = DIRECTION ( 'NONE',  ( -0.000000000000000000, -0.000000000000000000, -1.000000000000000000 ) ) ;
#4584 = CARTESIAN_POINT ( 'NONE',  ( 14.14213562373082667, 3.857864376268921092, 4.000000000000000000 ) ) ;
#4585 = VERTEX_POINT ( 'NONE', #1142 ) ;
#4586 = ORIENTED_EDGE ( 'NONE', *, *, #3874, .F. ) ;
#4587 = EDGE_CURVE ( 'NONE', #4084, #3202, #2956, .T. ) ;
#4588 = AXIS2_PLACEMENT_3D ( 'NONE', #3771, #1477, #4612 ) ;
#4589 = CARTESIAN_POINT ( 'NONE',  ( 0.000000000000000000, -1.000000000000006883, 3.100000000000000089 ) ) ;
#4590 = CARTESIAN_POINT ( 'NONE',  ( -14.47775786501156858, 1.506698131368939819, 9.502147685123530252 ) ) ;
#4591 = DIRECTION ( 'NONE',  ( -0.000000000000000000, 1.000000000000000000, -0.000000000000000000 ) ) ;
#4592 = ORIENTED_EDGE ( 'NONE', *, *, #6003, .F. ) ;
#4593 = CYLINDRICAL_SURFACE ( 'NONE', #1557, 2.000000000000000000 ) ;
#4594 = ORIENTED_EDGE ( 'NONE', *, *, #3875, .T. ) ;
#4595 = DIRECTION ( 'NONE',  ( 1.000000000000000000, 0.000000000000000000, 0.000000000000000000 ) ) ;
#4596 = CIRCLE ( 'NONE', #1965, 1.000000000000000888 ) ;
#4597 = ADVANCED_FACE ( 'NONE', ( #5747 ), #3147, .T. ) ;
#4598 = EDGE_CURVE ( 'NONE', #1596, #4688, #2503, .T. ) ;
#4599 = CIRCLE ( 'NONE', #2636, 1.549999999999999378 ) ;
#4600 = DIRECTION ( 'NONE',  ( -0.000000000000000000, -0.000000000000000000, -1.000000000000000000 ) ) ;
#4601 = ORIENTED_EDGE ( 'NONE', *, *, #147, .F. ) ;
#4602 = CARTESIAN_POINT ( 'NONE',  ( -14.47775786501156858, -1.000000000000006883, 8.502147685123528476 ) ) ;
#4603 = CIRCLE ( 'NONE', #3516, 1.550000000000002709 ) ;
#4604 = ORIENTED_EDGE ( 'NONE', *, *, #4756, .F. ) ;
#4605 = AXIS2_PLACEMENT_3D ( 'NONE', #466, #5141, #2291 ) ;
#4606 = EDGE_CURVE ( 'NONE', #25, #61, #3413, .T. ) ;
#4607 = AXIS2_PLACEMENT_3D ( 'NONE', #455, #3162, #5519 ) ;
#4608 = FACE_BOUND ( 'NONE', #3361, .T. ) ;
#4609 = CARTESIAN_POINT ( 'NONE',  ( -12.14213562373084088, 32.14213562373108601, 9.502147685123530252 ) ) ;
#4610 = VECTOR ( 'NONE', #4353, 1000.000000000000000 ) ;
#4611 = CARTESIAN_POINT ( 'NONE',  ( -30.49042300853491483, 25.72361733485303503, 6.019228232056351935 ) ) ;
#4612 = DIRECTION ( 'NONE',  ( 1.000000000000000000, 0.000000000000000000, 0.000000000000000000 ) ) ;
#4613 = EDGE_LOOP ( 'NONE', ( #4030, #3302, #2909, #3947 ) ) ;
#4614 = AXIS2_PLACEMENT_3D ( 'NONE', #644, #2202, #1720 ) ;
#4615 = AXIS2_PLACEMENT_3D ( 'NONE', #702, #1675, #4545 ) ;
#4616 = AXIS2_PLACEMENT_3D ( 'NONE', #5598, #3750, #5627 ) ;
#4617 = CARTESIAN_POINT ( 'NONE',  ( 11.85646417947891962, 3.200762712041043123, 8.643807139833187492 ) ) ;
#4618 = CARTESIAN_POINT ( 'NONE',  ( 39.50000000000000711, -1.000000000000006883, 3.100000000000000089 ) ) ;
#4619 = CARTESIAN_POINT ( 'NONE',  ( 12.13028983048136666, 14.97345483395953636, 8.961145463812005829 ) ) ;
#4620 = AXIS2_PLACEMENT_3D ( 'NONE', #1632, #3452, #1149 ) ;
#4621 = EDGE_CURVE ( 'NONE', #5573, #1913, #2899, .T. ) ;
#4622 = CARTESIAN_POINT ( 'NONE',  ( -51.41331815084611634, 58.62563132923541076, 0.000000000000000000 ) ) ;
#4623 = AXIS2_PLACEMENT_3D ( 'NONE', #3471, #3813, #5328 ) ;
#4624 = ORIENTED_EDGE ( 'NONE', *, *, #2712, .T. ) ;
#4625 = ORIENTED_EDGE ( 'NONE', *, *, #1328, .F. ) ;
#4626 = LOCAL_TIME ( 23, 9, 39.00000000000000000, #3614 ) ;
#4627 = AXIS2_PLACEMENT_3D ( 'NONE', #5792, #5199, #1017 ) ;
#4628 = CARTESIAN_POINT ( 'NONE',  ( 34.85648333361563544, 8.660805836931002588, 8.685663044120218501 ) ) ;
#4629 = VECTOR ( 'NONE', #5999, 1000.000000000000000 ) ;
#4630 = CARTESIAN_POINT ( 'NONE',  ( 11.66620720605843609, 22.49170052980344536, 8.321552535372818582 ) ) ;
#4631 = CARTESIAN_POINT ( 'NONE',  ( 41.00000000000003553, -9.999999999999994671, 3.100000000000000089 ) ) ;
#4632 = VERTEX_POINT ( 'NONE', #3849 ) ;
#4633 = CARTESIAN_POINT ( 'NONE',  ( 52.38541919068303798, 58.62563132923540365, 3.100000000000000089 ) ) ;
#4634 = ORIENTED_EDGE ( 'NONE', *, *, #3978, .T. ) ;
#4635 = DIRECTION ( 'NONE',  ( -1.000000000000000000, 0.000000000000000000, 0.000000000000000000 ) ) ;
#4636 = AXIS2_PLACEMENT_3D ( 'NONE', #2241, #22, #1887 ) ;
#4637 = CARTESIAN_POINT ( 'NONE',  ( 0.000000000000000000, 0.000000000000000000, 4.000000000000000000 ) ) ;
#4638 = EDGE_CURVE ( 'NONE', #2491, #1926, #5719, .T. ) ;
#4639 = EDGE_LOOP ( 'NONE', ( #5968, #1325, #1522, #1817, #2183, #3038, #5268 ) ) ;
#4640 = DIRECTION ( 'NONE',  ( 1.000000000000000000, 0.000000000000000000, 0.000000000000000000 ) ) ;
#4641 = ORIENTED_EDGE ( 'NONE', *, *, #2090, .F. ) ;
#4642 = CARTESIAN_POINT ( 'NONE',  ( -8.500000000000028422, -9.999999999999987566, 0.5999999999999998668 ) ) ;
#4643 = EDGE_CURVE ( 'NONE', #2851, #409, #4113, .T. ) ;
#4644 = ORIENTED_EDGE ( 'NONE', *, *, #4682, .F. ) ;
#4645 = FACE_BOUND ( 'NONE', #2100, .T. ) ;
#4646 = CARTESIAN_POINT ( 'NONE',  ( 11.77905431968647321, 32.41408431193005413, 8.522022926902682372 ) ) ;
#4647 = PERSON_AND_ORGANIZATION ( #5213, #1598 ) ;
#4648 = CYLINDRICAL_SURFACE ( 'NONE', #900, 1.499999999999994449 ) ;
#4649 = DIRECTION ( 'NONE',  ( -0.000000000000000000, -0.000000000000000000, 1.000000000000000000 ) ) ;
#4650 = ADVANCED_FACE ( 'NONE', ( #4891 ), #5886, .T. ) ;
#4651 = EDGE_CURVE ( 'NONE', #5800, #518, #771, .T. ) ;
#4652 = ORIENTED_EDGE ( 'NONE', *, *, #304, .F. ) ;
#4653 = CARTESIAN_POINT ( 'NONE',  ( -16.19782840924452216, 30.94397677795065604, 8.636670997258343974 ) ) ;
#4654 = CARTESIAN_POINT ( 'NONE',  ( 37.50000000000000711, 39.00000000000000000, 7.502147685123529364 ) ) ;
#4655 = DIRECTION ( 'NONE',  ( 0.000000000000000000, 0.000000000000000000, 1.000000000000000000 ) ) ;
#4656 = DIRECTION ( 'NONE',  ( 0.000000000000000000, 0.000000000000000000, 1.000000000000000000 ) ) ;
#4657 = DIRECTION ( 'NONE',  ( 0.000000000000000000, 0.000000000000000000, 1.000000000000000000 ) ) ;
#4658 = VERTEX_POINT ( 'NONE', #1200 ) ;
#4659 = EDGE_LOOP ( 'NONE', ( #2728, #5149 ) ) ;
#4660 = EDGE_CURVE ( 'NONE', #1172, #5809, #5441, .T. ) ;
#4661 = DIRECTION ( 'NONE',  ( -1.000000000000000000, 0.000000000000000000, 0.000000000000000000 ) ) ;
#4662 = ORIENTED_EDGE ( 'NONE', *, *, #3065, .F. ) ;
#4663 = VERTEX_POINT ( 'NONE', #3987 ) ;
#4664 = CARTESIAN_POINT ( 'NONE',  ( -37.50000000000000711, -1.000000000000006883, 7.502147685123529364 ) ) ;
#4665 = DIRECTION ( 'NONE',  ( -0.7248657696797818906, -0.000000000000000000, -0.6888901334367749651 ) ) ;
#4666 = VERTEX_POINT ( 'NONE', #1777 ) ;
#4667 = DIRECTION ( 'NONE',  ( 0.000000000000000000, 0.000000000000000000, -1.000000000000000000 ) ) ;
#4668 = ORIENTED_EDGE ( 'NONE', *, *, #2459, .F. ) ;
#4669 = FACE_OUTER_BOUND ( 'NONE', #394, .T. ) ;
#4670 = CARTESIAN_POINT ( 'NONE',  ( -13.50000000000000533, -1.000000000000006883, 9.502147685123530252 ) ) ;
#4671 = EDGE_CURVE ( 'NONE', #2306, #2006, #260, .T. ) ;
#4672 = CARTESIAN_POINT ( 'NONE',  ( 11.76713562373094746, 32.14213562373096522, 9.502147685123530252 ) ) ;
#4673 = DIRECTION ( 'NONE',  ( 1.000000000000000000, 0.000000000000000000, 0.000000000000000000 ) ) ;
#4674 = B_SPLINE_CURVE_WITH_KNOTS ( 'NONE', 3,
 ( #3955, #2679, #2154, #2192, #375, #3166, #4456, #1740, #278, #3590, #4083, #1324, #2127, #3983, #5845, #1680, #3531, #5409, #5046, #3564, #1232, #3076, #4950, #767, #4486, #4019, #4119, #4580, #4154, #5138, #4180, #5588, #3315, #2768 ),
 .UNSPECIFIED., .F., .F.,
 ( 4, 2, 2, 2, 2, 2, 2, 2, 2, 2, 2, 2, 2, 2, 2, 2, 4 ),
 ( 0.000000000000000000, 0.0005041034148505438859, 0.001008206829701087772, 0.001512310244551631766, 0.002016413659402175543, 0.002520517074252719321, 0.003024620489103262231, 0.003528723903953804707, 0.004032827318804346750, 0.004536930733654889226, 0.005041034148505431703, 0.005545137563355973312, 0.006049240978206515788, 0.006553344393057057397, 0.007057447807907599874, 0.007561551222758147554, 0.008065654637608695235 ),
 .UNSPECIFIED. ) ;
#4675 = CARTESIAN_POINT ( 'NONE',  ( 15.01782410748160324, 6.069853374889206066, 9.432511253763356862 ) ) ;
#4676 = CIRCLE ( 'NONE', #1066, 2.000000000000000000 ) ;
#4677 = DIRECTION ( 'NONE',  ( 0.000000000000000000, 0.000000000000000000, -1.000000000000000000 ) ) ;
#4678 = EDGE_LOOP ( 'NONE', ( #4782, #3267, #5662, #1338 ) ) ;
#4679 = CIRCLE ( 'NONE', #5263, 2.000000000000001776 ) ;
#4680 = EDGE_CURVE ( 'NONE', #4903, #2902, #229, .T. ) ;
#4681 = EDGE_CURVE ( 'NONE', #2101, #294, #1016, .T. ) ;
#4682 = EDGE_CURVE ( 'NONE', #3202, #691, #283, .T. ) ;
#4683 = CARTESIAN_POINT ( 'NONE',  ( -15.85553813188512251, -1.000000000000006883, 8.951879224483088038 ) ) ;
#4684 = DIRECTION ( 'NONE',  ( 0.000000000000000000, 0.000000000000000000, -1.000000000000000000 ) ) ;
#4685 = FACE_OUTER_BOUND ( 'NONE', #2133, .T. ) ;
#4686 = CARTESIAN_POINT ( 'NONE',  ( -6.980486755139909756E-15, 18.00000000000001066, 3.100000000000000533 ) ) ;
#4687 = DIRECTION ( 'NONE',  ( -0.7248657696797783379, 3.834732783540456836E-15, 0.6888901334367786289 ) ) ;
#4688 = VERTEX_POINT ( 'NONE', #318 ) ;
#4689 = VERTEX_POINT ( 'NONE', #837 ) ;
#4690 = CARTESIAN_POINT ( 'NONE',  ( 34.87500000000000000, 9.000000000000007105, 8.702434179097483735 ) ) ;
#4691 = FACE_BOUND ( 'NONE', #288, .T. ) ;
#4692 = DIRECTION ( 'NONE',  ( 0.000000000000000000, 1.000000000000000000, -0.000000000000000000 ) ) ;
#4693 = ORIENTED_EDGE ( 'NONE', *, *, #2045, .T. ) ;
#4694 = ORIENTED_EDGE ( 'NONE', *, *, #5896, .T. ) ;
#4695 = CARTESIAN_POINT ( 'NONE',  ( 37.50000000000000711, -6.938893903907228378E-15, 7.502147685123529364 ) ) ;
#4696 = AXIS2_PLACEMENT_3D ( 'NONE', #2861, #667, #210 ) ;
#4697 = DIRECTION ( 'NONE',  ( 1.000000000000000000, 0.000000000000000000, 0.000000000000000000 ) ) ;
#4698 = VERTEX_POINT ( 'NONE', #5472 ) ;
#4699 = ORIENTED_EDGE ( 'NONE', *, *, #2549, .F. ) ;
#4700 = CARTESIAN_POINT ( 'NONE',  ( -38.50000000000000711, 40.00000000000000000, 3.100000000000000089 ) ) ;
#4701 = CARTESIAN_POINT ( 'NONE',  ( 25.50000000000000711, -6.938893903907228378E-15, 5.099999999999996980 ) ) ;
#4702 = FACE_OUTER_BOUND ( 'NONE', #5848, .T. ) ;
#4703 = FACE_BOUND ( 'NONE', #211, .T. ) ;
#4704 = CARTESIAN_POINT ( 'NONE',  ( -7.000000000000024869, -9.999999999999987566, 0.5999999999999998668 ) ) ;
#4705 = DIRECTION ( 'NONE',  ( 0.000000000000000000, 0.000000000000000000, -1.000000000000000000 ) ) ;
#4706 = LINE ( 'NONE', #2370, #502 ) ;
#4707 = AXIS2_PLACEMENT_3D ( 'NONE', #6006, #5561, #3258 ) ;
#4708 = ORIENTED_EDGE ( 'NONE', *, *, #1654, .F. ) ;
#4709 = CIRCLE ( 'NONE', #5297, 1.550000000000000933 ) ;
#4710 = TOROIDAL_SURFACE ( 'NONE', #5586, 1.000000000000000000, 1.000000000000000000 ) ;
#4711 = CARTESIAN_POINT ( 'NONE',  ( -16.51713562373084443, 32.14213562373108601, 8.361836861103551399 ) ) ;
#4712 = DIRECTION ( 'NONE',  ( -1.000000000000000000, 0.000000000000000000, 0.000000000000000000 ) ) ;
#4713 = DIRECTION ( 'NONE',  ( 1.000000000000000000, 0.000000000000000000, -4.336808689942018229E-16 ) ) ;
#4714 = EDGE_CURVE ( 'NONE', #2278, #5573, #2560, .T. ) ;
#4715 = ORIENTED_EDGE ( 'NONE', *, *, #5373, .F. ) ;
#4716 = VECTOR ( 'NONE', #2189, 1000.000000000000000 ) ;
#4717 = ORIENTED_EDGE ( 'NONE', *, *, #4834, .T. ) ;
#4718 = AXIS2_PLACEMENT_3D ( 'NONE', #1816, #3656, #3323 ) ;
#4719 = AXIS2_PLACEMENT_3D ( 'NONE', #2292, #4655, #5625 ) ;
#4720 = VECTOR ( 'NONE', #383, 1000.000000000000000 ) ;
#4721 = CARTESIAN_POINT ( 'NONE',  ( 11.51141296434440164, 22.87235526511591743, 7.742276566560308382 ) ) ;
#4722 = DIRECTION ( 'NONE',  ( 1.000000000000000000, 0.000000000000000000, 0.000000000000000000 ) ) ;
#4723 = EDGE_LOOP ( 'NONE', ( #5633, #643, #370, #4314 ) ) ;
#4724 = ORIENTED_EDGE ( 'NONE', *, *, #3090, .F. ) ;
#4725 = DIRECTION ( 'NONE',  ( 0.000000000000000000, 0.000000000000000000, 1.000000000000000000 ) ) ;
#4726 = EDGE_CURVE ( 'NONE', #3506, #4530, #148, .T. ) ;
#4727 = AXIS2_PLACEMENT_3D ( 'NONE', #737, #3953, #5880 ) ;
#4728 = TOROIDAL_SURFACE ( 'NONE', #1701, 1.000000000000000000, 1.000000000000000000 ) ;
#4729 = DIRECTION ( 'NONE',  ( 0.000000000000000000, 0.000000000000000000, 1.000000000000000000 ) ) ;
#4730 = AXIS2_PLACEMENT_3D ( 'NONE', #3731, #1438, #3270 ) ;
#4731 = EDGE_LOOP ( 'NONE', ( #5383, #1399 ) ) ;
#4732 = CARTESIAN_POINT ( 'NONE',  ( 14.14213562373082667, 3.857864376268921092, 0.000000000000000000 ) ) ;
#4733 = ORIENTED_EDGE ( 'NONE', *, *, #4480, .T. ) ;
#4734 = DIRECTION ( 'NONE',  ( -1.000000000000000000, 0.000000000000000000, 0.000000000000000000 ) ) ;
#4735 = EDGE_CURVE ( 'NONE', #5865, #1243, #5120, .T. ) ;
#4736 = FACE_OUTER_BOUND ( 'NONE', #4248, .T. ) ;
#4737 = CARTESIAN_POINT ( 'NONE',  ( 31.03423581088186367, 10.87562748717127725, 6.239632004722361458 ) ) ;
#4738 = LINE ( 'NONE', #5644, #1198 ) ;
#4739 = DIRECTION ( 'NONE',  ( -1.000000000000000000, 0.000000000000000000, 0.000000000000000000 ) ) ;
#4740 = VERTEX_POINT ( 'NONE', #2587 ) ;
#4741 = LINE ( 'NONE', #185, #3832 ) ;
#4742 = CARTESIAN_POINT ( 'NONE',  ( -11.93760060987639093, 2.965556250946950634, 8.752561915286735328 ) ) ;
#4743 = DIRECTION ( 'NONE',  ( 1.000000000000000000, 0.000000000000000000, 0.000000000000000000 ) ) ;
#4744 = LINE ( 'NONE', #4367, #2118 ) ;
#4745 = DIRECTION ( 'NONE',  ( -0.6888901334367794060, 0.000000000000000000, -0.7248657696797774497 ) ) ;
#4746 = DIRECTION ( 'NONE',  ( 0.000000000000000000, 0.000000000000000000, -1.000000000000000000 ) ) ;
#4747 = VERTEX_POINT ( 'NONE', #4460 ) ;
#4748 = ORIENTED_EDGE ( 'NONE', *, *, #3203, .F. ) ;
#4749 = ADVANCED_FACE ( 'NONE', ( #2195 ), #5413, .F. ) ;
#4750 = DIRECTION ( 'NONE',  ( -1.000000000000000000, 0.000000000000000000, -0.000000000000000000 ) ) ;
#4751 = DIRECTION ( 'NONE',  ( -1.000000000000000000, 0.000000000000000000, 0.000000000000000000 ) ) ;
#4752 = EDGE_LOOP ( 'NONE', ( #3325, #4058, #2591, #5187 ) ) ;
#4753 = ORIENTED_EDGE ( 'NONE', *, *, #2469, .T. ) ;
#4754 = DIRECTION ( 'NONE',  ( 0.000000000000000000, 0.000000000000000000, 1.000000000000000000 ) ) ;
#4755 = ADVANCED_FACE ( 'NONE', ( #3567 ), #4023, .F. ) ;
#4756 = EDGE_CURVE ( 'NONE', #1573, #5340, #2726, .T. ) ;
#4757 = ADVANCED_FACE ( 'NONE', ( #2290 ), #3196, .F. ) ;
#4758 = DIRECTION ( 'NONE',  ( -6.938893903907228378E-15, 0.000000000000000000, -1.000000000000000000 ) ) ;
#4759 = B_SPLINE_CURVE_WITH_KNOTS ( 'NONE', 3,
 ( #703, #5406, #2553, #3952, #247, #4014, #1710, #1230, #2582, #1676 ),
 .UNSPECIFIED., .F., .F.,
 ( 4, 2, 2, 2, 4 ),
 ( 0.000000000000000000, 0.0004212538385365088519, 0.0008425076770730177038, 0.001263761515609526610, 0.001685015354146039094 ),
 .UNSPECIFIED. ) ;
#4760 = CARTESIAN_POINT ( 'NONE',  ( 36.52224213498844563, -1.000000000000006883, 8.502147685123528476 ) ) ;
#4761 = FACE_OUTER_BOUND ( 'NONE', #1, .T. ) ;
#4762 = CARTESIAN_POINT ( 'NONE',  ( 14.14213562373094746, 32.14213562373096522, 9.502147685123530252 ) ) ;
#4763 = CYLINDRICAL_SURFACE ( 'NONE', #4787, 2.000000000000000000 ) ;
#4764 = CIRCLE ( 'NONE', #3670, 12.50000000000000000 ) ;
#4765 = VERTEX_POINT ( 'NONE', #1903 ) ;
#4766 = LINE ( 'NONE', #3928, #3443 ) ;
#4767 = AXIS2_PLACEMENT_3D ( 'NONE', #2164, #4026, #5888 ) ;
#4768 = CARTESIAN_POINT ( 'NONE',  ( -12.99987175464915801, 1.771311914396620502, 9.442497130294613683 ) ) ;
#4769 = FACE_OUTER_BOUND ( 'NONE', #4850, .T. ) ;
#4770 = PLANE ( 'NONE',  #3485 ) ;
#4771 = DIRECTION ( 'NONE',  ( 0.7248657696797783379, -1.195033886841574982E-15, -0.6888901334367786289 ) ) ;
#4772 = ORIENTED_EDGE ( 'NONE', *, *, #3203, .T. ) ;
#4773 = CIRCLE ( 'NONE', #3102, 15.00000000000000000 ) ;
#4774 = VERTEX_POINT ( 'NONE', #4187 ) ;
#4775 = CARTESIAN_POINT ( 'NONE',  ( 30.14320654120542642, 8.661871965075814472, 5.892348751870149393 ) ) ;
#4776 = DIRECTION ( 'NONE',  ( -0.000000000000000000, 1.000000000000000000, -0.000000000000000000 ) ) ;
#4777 = CARTESIAN_POINT ( 'NONE',  ( 14.14213562373082667, 3.857864376268921092, 9.502147685123530252 ) ) ;
#4778 = ORIENTED_EDGE ( 'NONE', *, *, #3492, .F. ) ;
#4779 = ORIENTED_EDGE ( 'NONE', *, *, #4969, .F. ) ;
#4780 = DIRECTION ( 'NONE',  ( 0.000000000000000000, 0.000000000000000000, -1.000000000000000000 ) ) ;
#4781 = CARTESIAN_POINT ( 'NONE',  ( -25.50000000000000711, -1.000000000000006883, 4.099999999999999645 ) ) ;
#4782 = ORIENTED_EDGE ( 'NONE', *, *, #2502, .F. ) ;
#4783 = CARTESIAN_POINT ( 'NONE',  ( -9.038949480081539534, 71.00000000000000000, 0.000000000000000000 ) ) ;
#4784 = ADVANCED_FACE ( 'NONE', ( #40 ), #1866, .F. ) ;
#4785 = EDGE_CURVE ( 'NONE', #2083, #5567, #2, .T. ) ;
#4786 = DIRECTION ( 'NONE',  ( -1.000000000000000000, 0.000000000000000000, 0.000000000000000000 ) ) ;
#4787 = AXIS2_PLACEMENT_3D ( 'NONE', #1101, #5709, #5255 ) ;
#4788 = CARTESIAN_POINT ( 'NONE',  ( 56.49999999999999289, -72.99999999999997158, 0.000000000000000000 ) ) ;
#4789 = CARTESIAN_POINT ( 'NONE',  ( 36.52224213498844563, -6.938893903907228378E-15, 7.502147685123529364 ) ) ;
#4790 = CARTESIAN_POINT ( 'NONE',  ( -14.47775786501156858, 39.00000000000000000, 7.502147685123529364 ) ) ;
#4791 = EDGE_LOOP ( 'NONE', ( #2871, #1630, #4544, #1439 ) ) ;
#4792 = AXIS2_PLACEMENT_3D ( 'NONE', #4243, #1920, #3275 ) ;
#4793 = DIRECTION ( 'NONE',  ( -0.000000000000000000, 1.000000000000000000, -0.000000000000000000 ) ) ;
#4794 = CARTESIAN_POINT ( 'NONE',  ( 54.49999999999999289, -75.00000000000000000, 3.100000000000000089 ) ) ;
#4795 = CARTESIAN_POINT ( 'NONE',  ( 0.000000000000000000, -6.938893903907228378E-15, 8.502147685123528476 ) ) ;
#4796 = CARTESIAN_POINT ( 'NONE',  ( 52.79999999999999716, 46.00000000000000711, 0.000000000000000000 ) ) ;
#4797 = CARTESIAN_POINT ( 'NONE',  ( -11.76713562373085686, 31.86667575109230199, 8.500737217144239466 ) ) ;
#4798 = EDGE_LOOP ( 'NONE', ( #4494, #5771, #1644, #548, #4241, #3853, #2596 ) ) ;
#4799 = ORIENTED_EDGE ( 'NONE', *, *, #4902, .T. ) ;
#4800 = AXIS2_PLACEMENT_3D ( 'NONE', #498, #988, #1453 ) ;
#4801 = CARTESIAN_POINT ( 'NONE',  ( 16.26917549908877447, 31.07437488435980555, 8.573927176252206905 ) ) ;
#4802 = EDGE_CURVE ( 'NONE', #6019, #5905, #1836, .T. ) ;
#4803 = VECTOR ( 'NONE', #4964, 1000.000000000000000 ) ;
#4804 = LINE ( 'NONE', #2080, #477 ) ;
#4805 = CARTESIAN_POINT ( 'NONE',  ( -56.50000000000002842, 75.00000000000000000, 3.100000000000000089 ) ) ;
#4806 = CIRCLE ( 'NONE', #3615, 2.000000000000000000 ) ;
#4807 = ORIENTED_EDGE ( 'NONE', *, *, #3091, .F. ) ;
#4808 = EDGE_LOOP ( 'NONE', ( #2094, #2963, #6015, #11, #6022, #677, #4205 ) ) ;
#4809 = DIRECTION ( 'NONE',  ( 1.000000000000000000, 0.000000000000000000, 0.000000000000000000 ) ) ;
#4810 = AXIS2_PLACEMENT_3D ( 'NONE', #1038, #5158, #3344 ) ;
#4811 = CIRCLE ( 'NONE', #441, 14.00000000000000000 ) ;
#4812 = CARTESIAN_POINT ( 'NONE',  ( -12.16598875927570056, 33.46510822087203962, 8.995197054692964045 ) ) ;
#4813 = DIRECTION ( 'NONE',  ( -0.000000000000000000, -0.000000000000000000, 1.000000000000000000 ) ) ;
#4814 = ORIENTED_EDGE ( 'NONE', *, *, #1518, .T. ) ;
#4815 = CARTESIAN_POINT ( 'NONE',  ( 0.000000000000000000, 39.00000000000000000, 8.502147685123528476 ) ) ;
#4816 = VECTOR ( 'NONE', #4290, 1000.000000000000000 ) ;
#4817 = ORIENTED_EDGE ( 'NONE', *, *, #5316, .F. ) ;
#4818 = DIRECTION ( 'NONE',  ( 1.000000000000000000, 0.000000000000000000, 0.000000000000000000 ) ) ;
#4819 = CIRCLE ( 'NONE', #5693, 2.000000000000001776 ) ;
#4820 = DIRECTION ( 'NONE',  ( -1.000000000000000000, 0.000000000000000000, 0.000000000000000000 ) ) ;
#4821 = CC_DESIGN_APPROVAL ( #2160, ( #4152 ) ) ;
#4822 = EDGE_CURVE ( 'NONE', #2115, #4861, #4526, .T. ) ;
#4823 = CIRCLE ( 'NONE', #5603, 2.000000000000001776 ) ;
#4824 = CARTESIAN_POINT ( 'NONE',  ( 30.67532006827917357, 10.55384705222538066, 6.089105098860380316 ) ) ;
#4825 = DIRECTION ( 'NONE',  ( -1.000000000000000000, 0.000000000000000000, 0.000000000000000000 ) ) ;
#4826 = ADVANCED_FACE ( 'NONE', ( #5593 ), #3678, .F. ) ;
#4827 = DIRECTION ( 'NONE',  ( 0.000000000000000000, 0.000000000000000000, -1.000000000000000000 ) ) ;
#4828 = ORIENTED_EDGE ( 'NONE', *, *, #2649, .T. ) ;
#4829 = AXIS2_PLACEMENT_3D ( 'NONE', #3640, #422, #1061 ) ;
#4830 = EDGE_CURVE ( 'NONE', #1974, #3618, #1068, .T. ) ;
#4831 = DIRECTION ( 'NONE',  ( 0.000000000000000000, -1.000000000000000000, 0.000000000000000000 ) ) ;
#4832 = DIRECTION ( 'NONE',  ( 1.000000000000000000, 0.000000000000000000, 0.000000000000000000 ) ) ;
#4833 = DIRECTION ( 'NONE',  ( -1.000000000000000000, 0.000000000000000000, 0.000000000000000000 ) ) ;
#4834 = EDGE_CURVE ( 'NONE', #2974, #5081, #5110, .T. ) ;
#4835 = ADVANCED_FACE ( 'NONE', ( #497 ), #403, .F. ) ;
#4836 = CARTESIAN_POINT ( 'NONE',  ( 15.48599900253139516, 30.17990676209846868, 9.233540191443998069 ) ) ;
#4837 = AXIS2_PLACEMENT_3D ( 'NONE', #2220, #4546, #373 ) ;
#4838 = ORIENTED_EDGE ( 'NONE', *, *, #3364, .T. ) ;
#4839 = ORIENTED_EDGE ( 'NONE', *, *, #1137, .T. ) ;
#4840 = DIRECTION ( 'NONE',  ( -1.000000000000000000, 0.000000000000000000, 0.000000000000000000 ) ) ;
#4841 = DIRECTION ( 'NONE',  ( -6.938893903907228378E-15, 0.000000000000000000, -1.000000000000000000 ) ) ;
#4842 = DIRECTION ( 'NONE',  ( 0.7248657696797810024, -0.000000000000000000, 0.6888901334367758533 ) ) ;
#4843 = EDGE_LOOP ( 'NONE', ( #2026, #166 ) ) ;
#4844 = VERTEX_POINT ( 'NONE', #2827 ) ;
#4845 = EDGE_CURVE ( 'NONE', #5340, #1963, #3232, .T. ) ;
#4846 = DIRECTION ( 'NONE',  ( 0.000000000000000000, 0.000000000000000000, 1.000000000000000000 ) ) ;
#4847 = FACE_OUTER_BOUND ( 'NONE', #315, .T. ) ;
#4848 = ORIENTED_EDGE ( 'NONE', *, *, #2034, .F. ) ;
#4849 = CARTESIAN_POINT ( 'NONE',  ( 12.56589022326825500, 30.34687890361367124, 9.285110546194985659 ) ) ;
#4850 = EDGE_LOOP ( 'NONE', ( #3078, #3294, #2272, #1253 ) ) ;
#4851 = DIRECTION ( 'NONE',  ( 0.000000000000000000, 1.000000000000000000, 0.000000000000000000 ) ) ;
#4852 = DIRECTION ( 'NONE',  ( 0.000000000000000000, 0.000000000000000000, 1.000000000000000000 ) ) ;
#4853 = CARTESIAN_POINT ( 'NONE',  ( 16.14213562373082667, 3.857864376268921536, 4.000000000000000000 ) ) ;
#4854 = ORIENTED_EDGE ( 'NONE', *, *, #5092, .F. ) ;
#4855 = EDGE_CURVE ( 'NONE', #800, #2656, #2864, .T. ) ;
#4856 = CARTESIAN_POINT ( 'NONE',  ( -15.85553813188512251, 30.49748464402425441, 8.951879224483088038 ) ) ;
#4857 = CARTESIAN_POINT ( 'NONE',  ( -36.52224213498844563, -6.938893903907228378E-15, 7.502147685123529364 ) ) ;
#4858 = CARTESIAN_POINT ( 'NONE',  ( 34.87500000000000000, 9.000000000000007105, 9.502147685123530252 ) ) ;
#4859 = DIRECTION ( 'NONE',  ( -1.000000000000000000, 0.000000000000000000, 0.000000000000000000 ) ) ;
#4860 = AXIS2_PLACEMENT_3D ( 'NONE', #4231, #1878, #4197 ) ;
#4861 = VERTEX_POINT ( 'NONE', #162 ) ;
#4862 = ORIENTED_EDGE ( 'NONE', *, *, #5132, .T. ) ;
#4863 = EDGE_CURVE ( 'NONE', #1940, #1746, #2180, .T. ) ;
#4864 = AXIS2_PLACEMENT_3D ( 'NONE', #3815, #5748, #4866 ) ;
#4865 = FACE_OUTER_BOUND ( 'NONE', #5384, .T. ) ;
#4866 = DIRECTION ( 'NONE',  ( 1.000000000000000000, 0.000000000000000000, 0.000000000000000000 ) ) ;
#4867 = CARTESIAN_POINT ( 'NONE',  ( -25.50000000000000711, 40.00000000000000000, 4.099999999999999645 ) ) ;
#4868 = ORIENTED_EDGE ( 'NONE', *, *, #2574, .T. ) ;
#4869 = CIRCLE ( 'NONE', #5064, 1.000000000000000888 ) ;
#4870 = ORIENTED_EDGE ( 'NONE', *, *, #3908, .F. ) ;
#4871 = CARTESIAN_POINT ( 'NONE',  ( 16.03760560178672989, 2.419583801963752112, 8.781340088163815949 ) ) ;
#4872 = ORIENTED_EDGE ( 'NONE', *, *, #5107, .T. ) ;
#4873 = CARTESIAN_POINT ( 'NONE',  ( 14.47775786501156858, 1.506698131368809479, 9.502147685123530252 ) ) ;
#4874 = ORIENTED_EDGE ( 'NONE', *, *, #4671, .T. ) ;
#4875 = CARTESIAN_POINT ( 'NONE',  ( -31.86618655260341271, 29.29400036469537838, 6.630122744509868049 ) ) ;
#4876 = CARTESIAN_POINT ( 'NONE',  ( -30.48922519350169580, 10.27457072329886145, 6.018769104604580811 ) ) ;
#4877 = CARTESIAN_POINT ( 'NONE',  ( 32.88276232601538140, 24.65167871420937118, 7.203687971881273633 ) ) ;
#4878 = DIRECTION ( 'NONE',  ( -0.000000000000000000, -0.000000000000000000, 1.000000000000000000 ) ) ;
#4879 = FACE_BOUND ( 'NONE', #5326, .T. ) ;
#4880 = ORIENTED_EDGE ( 'NONE', *, *, #4099, .F. ) ;
#4881 = AXIS2_PLACEMENT_3D ( 'NONE', #5646, #435, #1832 ) ;
#4882 = CYLINDRICAL_SURFACE ( 'NONE', #4615, 2.000000000000000000 ) ;
#4883 = DIRECTION ( 'NONE',  ( 1.000000000000000000, 0.000000000000000000, -4.336808689942018229E-16 ) ) ;
#4884 = CARTESIAN_POINT ( 'NONE',  ( -11.50000000000000711, -1.000000000000006883, 3.100000000000000089 ) ) ;
#4885 = CARTESIAN_POINT ( 'NONE',  ( -52.50000000000004263, -48.69999999999999574, 3.100000000000000089 ) ) ;
#4886 = CARTESIAN_POINT ( 'NONE',  ( 33.69860334608375041, 29.07022143758890209, 7.747257005406348540 ) ) ;
#4887 = AXIS2_PLACEMENT_3D ( 'NONE', #1728, #4937, #3064 ) ;
#4888 = VERTEX_POINT ( 'NONE', #650 ) ;
#4889 = ORIENTED_EDGE ( 'NONE', *, *, #4940, .T. ) ;
#4890 = AXIS2_PLACEMENT_3D ( 'NONE', #5270, #1084, #5247 ) ;
#4891 = FACE_OUTER_BOUND ( 'NONE', #1793, .T. ) ;
#4892 = ADVANCED_FACE ( 'NONE', ( #95 ), #2493, .F. ) ;
#4893 = CARTESIAN_POINT ( 'NONE',  ( -22.50000000000000000, 69.99999999999998579, 3.100000000000000089 ) ) ;
#4894 = DIRECTION ( 'NONE',  ( -1.000000000000000000, 0.000000000000000000, 0.000000000000000000 ) ) ;
#4895 = ORIENTED_EDGE ( 'NONE', *, *, #2838, .T. ) ;
#4896 = AXIS2_PLACEMENT_3D ( 'NONE', #5674, #4301, #3314 ) ;
#4897 = EDGE_CURVE ( 'NONE', #4442, #408, #4741, .T. ) ;
#4898 = VERTEX_POINT ( 'NONE', #2039 ) ;
#4899 = AXIS2_PLACEMENT_3D ( 'NONE', #2374, #3375, #3405 ) ;
#4900 = AXIS2_PLACEMENT_3D ( 'NONE', #2184, #4448, #5366 ) ;
#4901 = CARTESIAN_POINT ( 'NONE',  ( -11.81567179217658747, 32.68087905263818982, 8.589109025535178077 ) ) ;
#4902 = EDGE_CURVE ( 'NONE', #3991, #476, #126, .T. ) ;
#4903 = VERTEX_POINT ( 'NONE', #2401 ) ;
#4904 = DIRECTION ( 'NONE',  ( -0.000000000000000000, -0.000000000000000000, 1.000000000000000000 ) ) ;
#4905 = VECTOR ( 'NONE', #3368, 1000.000000000000000 ) ;
#4906 = AXIS2_PLACEMENT_3D ( 'NONE', #2741, #3595, #936 ) ;
#4907 = LINE ( 'NONE', #3126, #135 ) ;
#4908 = CIRCLE ( 'NONE', #921, 2.000000000000000000 ) ;
#4909 = AXIS2_PLACEMENT_3D ( 'NONE', #2136, #5389, #1270 ) ;
#4910 = ORIENTED_EDGE ( 'NONE', *, *, #742, .F. ) ;
#4911 = CARTESIAN_POINT ( 'NONE',  ( 32.00850491790964725, 24.67162420224394026, 6.703728668156497150 ) ) ;
#4912 = FACE_BOUND ( 'NONE', #4731, .T. ) ;
#4913 = VERTEX_POINT ( 'NONE', #1590 ) ;
#4914 = EDGE_CURVE ( 'NONE', #4073, #2786, #2465, .T. ) ;
#4915 = VECTOR ( 'NONE', #762, 1000.000000000000000 ) ;
#4916 = FACE_OUTER_BOUND ( 'NONE', #4424, .T. ) ;
#4917 = CARTESIAN_POINT ( 'NONE',  ( 16.51713562373083022, 4.018695448439284057, 8.361836861103565610 ) ) ;
#4918 = APPLICATION_PROTOCOL_DEFINITION ( 'international standard', 'config_control_design', 1994, #306 ) ;
#4919 = CARTESIAN_POINT ( 'NONE',  ( -11.76713562373090483, 4.133671916532940749, 8.500737217144322955 ) ) ;
#4920 = DIRECTION ( 'NONE',  ( 0.000000000000000000, 0.000000000000000000, -1.000000000000000000 ) ) ;
#4921 = VECTOR ( 'NONE', #1851, 1000.000000000000000 ) ;
#4922 = VERTEX_POINT ( 'NONE', #1133 ) ;
#4923 = VERTEX_POINT ( 'NONE', #3319 ) ;
#4924 = CARTESIAN_POINT ( 'NONE',  ( -11.50000000000000533, 13.10102051443364601, 7.502147685123530252 ) ) ;
#4925 = CARTESIAN_POINT ( 'NONE',  ( -52.96331815084612060, 58.62563132923541076, 0.000000000000000000 ) ) ;
#4926 = DIRECTION ( 'NONE',  ( 0.000000000000000000, 0.000000000000000000, 1.000000000000000000 ) ) ;
#4927 = ORIENTED_EDGE ( 'NONE', *, *, #4830, .F. ) ;
#4928 = VERTEX_POINT ( 'NONE', #3802 ) ;
#4929 = DIRECTION ( 'NONE',  ( 0.000000000000000000, 0.000000000000000000, 1.000000000000000000 ) ) ;
#4930 = AXIS2_PLACEMENT_3D ( 'NONE', #4947, #2610, #5465 ) ;
#4931 = EDGE_CURVE ( 'NONE', #3846, #2134, #1044, .T. ) ;
#4932 = DIRECTION ( 'NONE',  ( -1.000000000000000000, 0.000000000000000000, 0.000000000000000000 ) ) ;
#4933 = CARTESIAN_POINT ( 'NONE',  ( -11.50000000000000533, 13.10102051443364601, 9.502147685123524923 ) ) ;
#4934 = EDGE_LOOP ( 'NONE', ( #2573, #2697 ) ) ;
#4935 = CARTESIAN_POINT ( 'NONE',  ( 11.50000000000000711, -1.000000000000006883, 3.100000000000000089 ) ) ;
#4936 = ORIENTED_EDGE ( 'NONE', *, *, #1796, .T. ) ;
#4937 = DIRECTION ( 'NONE',  ( -1.000000000000000000, 0.000000000000000000, 0.000000000000000000 ) ) ;
#4938 = EDGE_CURVE ( 'NONE', #1077, #4104, #5786, .T. ) ;
#4939 = EDGE_CURVE ( 'NONE', #4740, #5606, #5501, .T. ) ;
#4940 = EDGE_CURVE ( 'NONE', #408, #6019, #3733, .T. ) ;
#4941 = CARTESIAN_POINT ( 'NONE',  ( 32.50000000000000000, 9.000000000000007105, 9.502147685123530252 ) ) ;
#4942 = VERTEX_POINT ( 'NONE', #1510 ) ;
#4943 = CARTESIAN_POINT ( 'NONE',  ( -15.94913458922336424, 5.405006275486326395, 8.862928030093762288 ) ) ;
#4944 = FACE_OUTER_BOUND ( 'NONE', #1166, .T. ) ;
#4945 = ORIENTED_EDGE ( 'NONE', *, *, #2685, .F. ) ;
#4946 = CARTESIAN_POINT ( 'NONE',  ( 52.50000000000004974, -26.69999999999998863, 0.5999999999999998668 ) ) ;
#4947 = CARTESIAN_POINT ( 'NONE',  ( -14.14213562373095812, 3.857864376269070306, 9.502147685123530252 ) ) ;
#4948 = PERSON_AND_ORGANIZATION ( #5213, #1598 ) ;
#4949 = CARTESIAN_POINT ( 'NONE',  ( -33.30018350714720299, 24.75929554821868805, 7.473195252748953799 ) ) ;
#4950 = CARTESIAN_POINT ( 'NONE',  ( -31.43494775601596913, 6.871407573606764352, 6.419364374764588099 ) ) ;
#4951 = ORIENTED_EDGE ( 'NONE', *, *, #819, .T. ) ;
#4952 = B_SPLINE_CURVE_WITH_KNOTS ( 'NONE', 3,
 ( #1185, #3922, #2145, #4006, #5003, #1613, #1154, #338, #3582, #5873, #825, #3000, #1705, #4387, #5458, #4877, #3035, #1250, #698, #4911, #3095, #2544, #4972, #4421, #3948, #209, #2632, #242, #789, #269, #5837, #2063 ),
 .UNSPECIFIED., .F., .F.,
 ( 4, 2, 2, 2, 2, 2, 2, 2, 2, 2, 2, 2, 2, 2, 2, 4 ),
 ( 0.008063348725370773559, 0.008567149474317274291, 0.009070950223263775022, 0.009574750972210274019, 0.01007855172115677475, 0.01058235247010327548, 0.01108615321904977795, 0.01158995396799627868, 0.01209375471694278115, 0.01259755546588928188, 0.01310135621483578608, 0.01410895771272877020, 0.01461275846167525878, 0.01511655921062174737, 0.01562035995956823770, 0.01612416070851472455 ),
 .UNSPECIFIED. ) ;
#4953 = VERTEX_POINT ( 'NONE', #3404 ) ;
#4954 = CARTESIAN_POINT ( 'NONE',  ( 16.51713562373082667, 3.857864376268921536, 9.502147685123530252 ) ) ;
#4955 = CARTESIAN_POINT ( 'NONE',  ( -15.16664799844834732, -1.000000000000006883, 8.227013454803309145 ) ) ;
#4956 = DIRECTION ( 'NONE',  ( 1.000000000000000000, 0.000000000000000000, 0.000000000000000000 ) ) ;
#4957 = ORIENTED_EDGE ( 'NONE', *, *, #1131, .T. ) ;
#4958 = ORIENTED_EDGE ( 'NONE', *, *, #4726, .F. ) ;
#4959 = CIRCLE ( 'NONE', #5735, 1.549999999999999378 ) ;
#4960 = CARTESIAN_POINT ( 'NONE',  ( -35.14446186811489525, 39.00000000000000000, 8.951879224483086261 ) ) ;
#4961 = AXIS2_PLACEMENT_3D ( 'NONE', #1203, #4055, #2652 ) ;
#4962 = FACE_OUTER_BOUND ( 'NONE', #4267, .T. ) ;
#4963 = VERTEX_POINT ( 'NONE', #3350 ) ;
#4964 = DIRECTION ( 'NONE',  ( -0.000000000000000000, 1.000000000000000000, -0.000000000000000000 ) ) ;
#4965 = VERTEX_POINT ( 'NONE', #3438 ) ;
#4966 = AXIS2_PLACEMENT_3D ( 'NONE', #4280, #5513, #566 ) ;
#4967 = AXIS2_PLACEMENT_3D ( 'NONE', #4338, #118, #1040 ) ;
#4968 = CARTESIAN_POINT ( 'NONE',  ( 32.50000000000000711, 27.00000000000001066, 4.000000000000000000 ) ) ;
#4969 = EDGE_CURVE ( 'NONE', #3628, #2296, #5700, .T. ) ;
#4970 = EDGE_CURVE ( 'NONE', #4383, #1284, #4337, .T. ) ;
#4971 = ORIENTED_EDGE ( 'NONE', *, *, #2017, .T. ) ;
#4972 = CARTESIAN_POINT ( 'NONE',  ( 31.15366053968961779, 25.01750529547554791, 6.289735929594531427 ) ) ;
#4973 = CARTESIAN_POINT ( 'NONE',  ( 16.43624433899074333, 3.222978960919734348, 8.429943725465534499 ) ) ;
#4974 = FACE_BOUND ( 'NONE', #1639, .T. ) ;
#4975 = APPROVAL ( #1861, 'UNSPECIFIED' ) ;
#4976 = EDGE_LOOP ( 'NONE', ( #3379, #4021, #975, #2673 ) ) ;
#4977 = DIRECTION ( 'NONE',  ( 1.000000000000000000, 0.000000000000000000, 0.000000000000000000 ) ) ;
#4978 = CARTESIAN_POINT ( 'NONE',  ( 16.03812261088169677, 5.295411333553365907, 8.780870345429288903 ) ) ;
#4979 = CARTESIAN_POINT ( 'NONE',  ( -12.10131361565181685, 5.078741444629567781, 8.934147967154805414 ) ) ;
#4980 = CARTESIAN_POINT ( 'NONE',  ( -14.47775786501156858, -1.000000000000006883, 9.502147685123530252 ) ) ;
#4981 = ORIENTED_EDGE ( 'NONE', *, *, #49, .F. ) ;
#4982 = EDGE_CURVE ( 'NONE', #1746, #1102, #4766, .T. ) ;
#4983 = ORIENTED_EDGE ( 'NONE', *, *, #1125, .F. ) ;
#4984 = CARTESIAN_POINT ( 'NONE',  ( -11.57681964074320291, 13.28473881298882020, 8.058863398661324950 ) ) ;
#4985 = CIRCLE ( 'NONE', #5287, 2.374999999999998668 ) ;
#4986 = CARTESIAN_POINT ( 'NONE',  ( 16.43605395325159435, 32.77754524969412131, 8.430105721653943007 ) ) ;
#4987 = CARTESIAN_POINT ( 'NONE',  ( -10.58894948008153314, 71.00000000000000000, 0.000000000000000000 ) ) ;
#4988 = ORIENTED_EDGE ( 'NONE', *, *, #3465, .F. ) ;
#4989 = EDGE_LOOP ( 'NONE', ( #841, #708, #2955, #381 ) ) ;
#4990 = CARTESIAN_POINT ( 'NONE',  ( 0.000000000000000000, -1.000000000000006883, 9.502147685123530252 ) ) ;
#4991 = AXIS2_PLACEMENT_3D ( 'NONE', #4789, #2887, #586 ) ;
#4992 = DIRECTION ( 'NONE',  ( 0.000000000000000000, 0.000000000000000000, -1.000000000000000000 ) ) ;
#4993 = VECTOR ( 'NONE', #1837, 1000.000000000000000 ) ;
#4994 = ORIENTED_EDGE ( 'NONE', *, *, #2838, .F. ) ;
#4995 = PLANE ( 'NONE',  #4473 ) ;
#4996 = VERTEX_POINT ( 'NONE', #589 ) ;
#4997 = CARTESIAN_POINT ( 'NONE',  ( -34.73484161727790820, 27.81933521036891577, 8.577406267718947319 ) ) ;
#4998 = CIRCLE ( 'NONE', #5958, 0.9999999999999991118 ) ;
#4999 = AXIS2_PLACEMENT_3D ( 'NONE', #3634, #5511, #4534 ) ;
#5000 = CARTESIAN_POINT ( 'NONE',  ( -16.51713562373095812, 3.857864376269070306, 9.502147685123530252 ) ) ;
#5001 = ORIENTED_EDGE ( 'NONE', *, *, #688, .F. ) ;
#5002 = VECTOR ( 'NONE', #5856, 1000.000000000000000 ) ;
#5003 = CARTESIAN_POINT ( 'NONE',  ( 34.73448915160837913, 26.17957698906244346, 8.577092943252541346 ) ) ;
#5004 = CARTESIAN_POINT ( 'NONE',  ( 16.51713562373082667, 3.697435893244461536, 8.361836861103567387 ) ) ;
#5005 = CARTESIAN_POINT ( 'NONE',  ( 13.50000000000000533, 29.85559088532419736, 9.502147685123530252 ) ) ;
#5006 = ORIENTED_EDGE ( 'NONE', *, *, #4522, .T. ) ;
#5007 = ADVANCED_FACE ( 'NONE', ( #1106 ), #4728, .T. ) ;
#5008 = AXIS2_PLACEMENT_3D ( 'NONE', #5443, #1781, #1264 ) ;
#5009 = CARTESIAN_POINT ( 'NONE',  ( 32.50000000000000711, 27.00000000000001066, 4.000000000000000000 ) ) ;
#5010 = EDGE_CURVE ( 'NONE', #4688, #3410, #4025, .T. ) ;
#5011 = CARTESIAN_POINT ( 'NONE',  ( 12.57238240813903118, 33.92880694911254835, 9.277073604467805268 ) ) ;
#5012 = APPLICATION_PROTOCOL_DEFINITION ( 'international standard', 'config_control_design', 1994, #5414 ) ;
#5013 = CARTESIAN_POINT ( 'NONE',  ( -39.50000000000000711, -1.000000000000006883, 3.100000000000000089 ) ) ;
#5014 = CARTESIAN_POINT ( 'NONE',  ( -25.50000000000000711, -6.938893903907228378E-15, 19.09999999999999787 ) ) ;
#5015 = ORIENTED_EDGE ( 'NONE', *, *, #4444, .T. ) ;
#5016 = PRODUCT_DEFINITION_FORMATION_WITH_SPECIFIED_SOURCE ( 'ANY', '', #828, .NOT_KNOWN. ) ;
#5017 = EDGE_LOOP ( 'NONE', ( #5892, #513 ) ) ;
#5018 = AXIS2_PLACEMENT_3D ( 'NONE', #3900, #138, #4840 ) ;
#5019 = EDGE_CURVE ( 'NONE', #2971, #2075, #1423, .T. ) ;
#5020 = ADVANCED_FACE ( 'NONE', ( #1190 ), #1254, .F. ) ;
#5021 = EDGE_CURVE ( 'NONE', #5940, #1963, #4078, .T. ) ;
#5022 = CARTESIAN_POINT ( 'NONE',  ( 32.50000000000000000, 9.000000000000007105, 4.000000000000000000 ) ) ;
#5023 = AXIS2_PLACEMENT_3D ( 'NONE', #5529, #2798, #4582 ) ;
#5024 = CARTESIAN_POINT ( 'NONE',  ( 38.50000000000000711, -6.938893903907228378E-15, 7.502147685123529364 ) ) ;
#5025 = DIRECTION ( 'NONE',  ( 0.000000000000000000, -1.000000000000000000, 0.000000000000000000 ) ) ;
#5026 = ORIENTED_EDGE ( 'NONE', *, *, #1277, .T. ) ;
#5027 = ORIENTED_EDGE ( 'NONE', *, *, #4018, .F. ) ;
#5028 = B_SPLINE_CURVE_WITH_KNOTS ( 'NONE', 3,
 ( #3655, #1839, #2740, #4190, #42, #73, #5532, #6008, #3260, #990, #4619, #1359, #5, #2803, #3681, #5654 ),
 .UNSPECIFIED., .F., .F.,
 ( 4, 2, 2, 2, 2, 2, 2, 4 ),
 ( 0.000000000000000000, 0.0003584570680695467037, 0.0007169141361390934074, 0.001433828272278190718, 0.002150742408417287595, 0.002867656544556384905, 0.004301484816834575189, 0.005735313089112766341 ),
 .UNSPECIFIED. ) ;
#5029 = CARTESIAN_POINT ( 'NONE',  ( -14.14213562373095812, 3.857864376269070306, 0.000000000000000000 ) ) ;
#5030 = DIRECTION ( 'NONE',  ( -0.000000000000000000, -0.000000000000000000, 1.000000000000000000 ) ) ;
#5031 = ORIENTED_EDGE ( 'NONE', *, *, #4061, .F. ) ;
#5032 = CARTESIAN_POINT ( 'NONE',  ( 30.14313600292650008, 27.33758787351327868, 5.892324149844688996 ) ) ;
#5033 = ORIENTED_EDGE ( 'NONE', *, *, #618, .T. ) ;
#5034 = ADVANCED_FACE ( 'NONE', ( #2149 ), #4481, .F. ) ;
#5035 = CARTESIAN_POINT ( 'NONE',  ( 12.49999999999999289, 18.00000000000001066, 0.000000000000000000 ) ) ;
#5036 = DIRECTION ( 'NONE',  ( -0.6888901334367740770, 0.000000000000000000, 0.7248657696797825567 ) ) ;
#5037 = ORIENTED_EDGE ( 'NONE', *, *, #678, .T. ) ;
#5038 = LINE ( 'NONE', #851, #4502 ) ;
#5039 = CARTESIAN_POINT ( 'NONE',  ( -51.25000000000000000, 45.99999999999999289, 3.100000000000000089 ) ) ;
#5040 = VERTEX_POINT ( 'NONE', #3561 ) ;
#5041 = FACE_OUTER_BOUND ( 'NONE', #4288, .T. ) ;
#5042 = FACE_OUTER_BOUND ( 'NONE', #4464, .T. ) ;
#5043 = PERSON_AND_ORGANIZATION ( #5213, #1598 ) ;
#5044 = CARTESIAN_POINT ( 'NONE',  ( -32.30361708811216914, 24.62850327778719972, 6.863229557319139751 ) ) ;
#5045 = ADVANCED_FACE ( 'NONE', ( #3041 ), #5907, .F. ) ;
#5046 = CARTESIAN_POINT ( 'NONE',  ( -32.30361708811219046, 6.628503277787198833, 6.863229557319142415 ) ) ;
#5047 = ORIENTED_EDGE ( 'NONE', *, *, #2721, .F. ) ;
#5048 = CARTESIAN_POINT ( 'NONE',  ( 50.83541919068304082, 58.62563132923540365, 0.000000000000000000 ) ) ;
#5049 = DIRECTION ( 'NONE',  ( 0.000000000000000000, -1.000000000000000000, 0.000000000000000000 ) ) ;
#5050 = DIRECTION ( 'NONE',  ( 1.000000000000000000, 0.000000000000000000, 0.000000000000000000 ) ) ;
#5051 = DIRECTION ( 'NONE',  ( 0.000000000000000000, 0.000000000000000000, 1.000000000000000000 ) ) ;
#5052 = EDGE_CURVE ( 'NONE', #59, #4242, #4823, .T. ) ;
#5053 = ORIENTED_EDGE ( 'NONE', *, *, #3759, .T. ) ;
#5054 = VERTEX_POINT ( 'NONE', #4452 ) ;
#5055 = CC_DESIGN_PERSON_AND_ORGANIZATION_ASSIGNMENT ( #3164, #248, ( #2960 ) ) ;
#5056 = CARTESIAN_POINT ( 'NONE',  ( -54.00000000000003553, -48.69999999999999574, 0.5999999999999998668 ) ) ;
#5057 = CARTESIAN_POINT ( 'NONE',  ( 32.50000000000000711, 27.00000000000001066, 9.502147685123530252 ) ) ;
#5058 = CARTESIAN_POINT ( 'NONE',  ( 25.50000000000000711, 39.00000000000000000, 19.09999999999999787 ) ) ;
#5059 = ORIENTED_EDGE ( 'NONE', *, *, #308, .T. ) ;
#5060 = CARTESIAN_POINT ( 'NONE',  ( 30.47362163787171951, 28.28265322158048889, 6.012430263373185646 ) ) ;
#5061 = VERTEX_POINT ( 'NONE', #246 ) ;
#5062 = DIRECTION ( 'NONE',  ( -1.000000000000000000, 0.000000000000000000, 0.000000000000000000 ) ) ;
#5063 = EDGE_CURVE ( 'NONE', #2601, #5702, #5220, .T. ) ;
#5064 = AXIS2_PLACEMENT_3D ( 'NONE', #500, #3292, #1815 ) ;
#5065 = CARTESIAN_POINT ( 'NONE',  ( 15.16664799844834732, -1.000000000000006883, 8.227013454803309145 ) ) ;
#5066 = VERTEX_POINT ( 'NONE', #2095 ) ;
#5067 = DIRECTION ( 'NONE',  ( -0.000000000000000000, -0.000000000000000000, 1.000000000000000000 ) ) ;
#5068 = VECTOR ( 'NONE', #5451, 1000.000000000000000 ) ;
#5069 = CYLINDRICAL_SURFACE ( 'NONE', #2437, 2.374999999999998668 ) ;
#5070 = ORIENTED_EDGE ( 'NONE', *, *, #5160, .F. ) ;
#5071 = EDGE_CURVE ( 'NONE', #3592, #4689, #3933, .T. ) ;
#5072 = FACE_BOUND ( 'NONE', #2260, .T. ) ;
#5073 = DIRECTION ( 'NONE',  ( -1.000000000000000000, 0.000000000000000000, 0.000000000000000000 ) ) ;
#5074 = CARTESIAN_POINT ( 'NONE',  ( -32.01049235009201510, 24.67127820205393363, 6.704789404454903234 ) ) ;
#5075 = CARTESIAN_POINT ( 'NONE',  ( 32.50000000000000000, 9.000000000000007105, 4.000000000000000000 ) ) ;
#5076 = CARTESIAN_POINT ( 'NONE',  ( 11.77916845258778977, 3.585056184758891984, 8.522214200328102507 ) ) ;
#5077 = CARTESIAN_POINT ( 'NONE',  ( 42.50000000000002842, -9.999999999999994671, 0.5999999999999998668 ) ) ;
#5078 = CARTESIAN_POINT ( 'NONE',  ( 56.49999999999999289, -72.99999999999997158, 3.100000000000000089 ) ) ;
#5079 = CARTESIAN_POINT ( 'NONE',  ( 38.50000000000000711, -1.000000000000006883, 0.000000000000000000 ) ) ;
#5080 = CARTESIAN_POINT ( 'NONE',  ( -11.50000000000000533, -1.000000000000006883, 7.502147685123530252 ) ) ;
#5081 = VERTEX_POINT ( 'NONE', #3979 ) ;
#5082 = ORIENTED_EDGE ( 'NONE', *, *, #583, .T. ) ;
#5083 = ADVANCED_FACE ( 'NONE', ( #4013 ), #4514, .T. ) ;
#5084 = CARTESIAN_POINT ( 'NONE',  ( 14.47775786501156858, -1.000000000000006883, 9.502147685123530252 ) ) ;
#5085 = ADVANCED_FACE ( 'NONE', ( #273 ), #1735, .T. ) ;
#5086 = CARTESIAN_POINT ( 'NONE',  ( 11.50000000000000355, 22.89897948556633978, 7.623151163483872672 ) ) ;
#5087 = CYLINDRICAL_SURFACE ( 'NONE', #1402, 13.99999999999999822 ) ;
#5088 = ORIENTED_EDGE ( 'NONE', *, *, #4939, .F. ) ;
#5089 = CARTESIAN_POINT ( 'NONE',  ( 32.30899857092863670, 29.38528093053560752, 6.862666127263215010 ) ) ;
#5090 = FACE_OUTER_BOUND ( 'NONE', #4323, .T. ) ;
#5091 = TOROIDAL_SURFACE ( 'NONE', #3801, 15.00000000000000000, 1.000000000000000000 ) ;
#5092 = EDGE_CURVE ( 'NONE', #903, #1112, #5464, .T. ) ;
#5093 = LINE ( 'NONE', #879, #4921 ) ;
#5094 = ORIENTED_EDGE ( 'NONE', *, *, #357, .F. ) ;
#5095 = CYLINDRICAL_SURFACE ( 'NONE', #324, 1.550000000000000933 ) ;
#5096 = DIRECTION ( 'NONE',  ( -0.000000000000000000, -0.000000000000000000, -1.000000000000000000 ) ) ;
#5097 = CIRCLE ( 'NONE', #614, 2.000000000000000000 ) ;
#5098 = ORIENTED_EDGE ( 'NONE', *, *, #4651, .T. ) ;
#5099 = CIRCLE ( 'NONE', #2445, 15.00000000000000000 ) ;
#5100 = CIRCLE ( 'NONE', #5388, 2.000000000000000000 ) ;
#5101 = CYLINDRICAL_SURFACE ( 'NONE', #2456, 1.499999999999994449 ) ;
#5102 = DIRECTION ( 'NONE',  ( -0.000000000000000000, -0.000000000000000000, -1.000000000000000000 ) ) ;
#5103 = AXIS2_PLACEMENT_3D ( 'NONE', #1237, #4492, #3016 ) ;
#5104 = CARTESIAN_POINT ( 'NONE',  ( -32.88483000327041594, 24.65205155294862038, 7.204980766472337095 ) ) ;
#5105 = DIRECTION ( 'NONE',  ( 1.000000000000000000, 0.000000000000000000, 0.000000000000000000 ) ) ;
#5106 = ORIENTED_EDGE ( 'NONE', *, *, #2027, .T. ) ;
#5107 = EDGE_CURVE ( 'NONE', #5054, #5809, #916, .T. ) ;
#5108 = AXIS2_PLACEMENT_3D ( 'NONE', #5517, #849, #5128 ) ;
#5109 = VECTOR ( 'NONE', #2104, 1000.000000000000000 ) ;
#5110 = LINE ( 'NONE', #4683, #2667 ) ;
#5111 = CARTESIAN_POINT ( 'NONE',  ( 37.50000000000000711, -6.938893903907228378E-15, 7.502147685123529364 ) ) ;
#5112 = DIRECTION ( 'NONE',  ( 0.000000000000000000, 1.000000000000000000, 0.000000000000000000 ) ) ;
#5113 = DIRECTION ( 'NONE',  ( 0.000000000000000000, 0.000000000000000000, -1.000000000000000000 ) ) ;
#5114 = VECTOR ( 'NONE', #575, 1000.000000000000000 ) ;
#5115 = CARTESIAN_POINT ( 'NONE',  ( -52.96331815084612060, 58.62563132923541076, 0.000000000000000000 ) ) ;
#5116 = CIRCLE ( 'NONE', #4523, 2.000000000000001776 ) ;
#5117 = ORIENTED_EDGE ( 'NONE', *, *, #5463, .T. ) ;
#5118 = ORIENTED_EDGE ( 'NONE', *, *, #5609, .F. ) ;
#5119 = CIRCLE ( 'NONE', #2471, 1.000000000000000888 ) ;
#5120 = CIRCLE ( 'NONE', #1219, 2.374999999999998668 ) ;
#5121 = CYLINDRICAL_SURFACE ( 'NONE', #766, 1.500000000000003997 ) ;
#5122 = CARTESIAN_POINT ( 'NONE',  ( 49.70000000000000284, 28.50000000000000355, 0.000000000000000000 ) ) ;
#5123 = ORIENTED_EDGE ( 'NONE', *, *, #4369, .T. ) ;
#5124 = ORIENTED_EDGE ( 'NONE', *, *, #147, .T. ) ;
#5125 = DIRECTION ( 'NONE',  ( -1.000000000000000000, 0.000000000000000000, 0.000000000000000000 ) ) ;
#5126 = ADVANCED_FACE ( 'NONE', ( #4916 ), #4882, .F. ) ;
#5127 = AXIS2_PLACEMENT_3D ( 'NONE', #4637, #481, #1405 ) ;
#5128 = DIRECTION ( 'NONE',  ( 1.000000000000000000, 0.000000000000000000, 0.000000000000000000 ) ) ;
#5129 = DIRECTION ( 'NONE',  ( -1.000000000000000000, 0.000000000000000000, 0.000000000000000000 ) ) ;
#5130 = ORIENTED_EDGE ( 'NONE', *, *, #5814, .T. ) ;
#5131 = CARTESIAN_POINT ( 'NONE',  ( 11.50000000000000178, 39.00000000000000000, -4.987329993433321974E-15 ) ) ;
#5132 = EDGE_CURVE ( 'NONE', #4663, #835, #151, .T. ) ;
#5133 = EDGE_CURVE ( 'NONE', #4370, #10, #5405, .T. ) ;
#5134 = EDGE_CURVE ( 'NONE', #1926, #993, #5410, .T. ) ;
#5135 = FACE_BOUND ( 'NONE', #542, .T. ) ;
#5136 = CARTESIAN_POINT ( 'NONE',  ( 11.97855250913256242, 33.15328249030254426, 8.807477313636100646 ) ) ;
#5137 = CARTESIAN_POINT ( 'NONE',  ( -52.50000000000004263, -48.69999999999999574, 0.5999999999999998668 ) ) ;
#5138 = CARTESIAN_POINT ( 'NONE',  ( -30.26804611319994365, 8.171077853445471106, 5.936748583421849190 ) ) ;
#5139 = ADVANCED_FACE ( 'NONE', ( #5041 ), #3639, .T. ) ;
#5140 = CARTESIAN_POINT ( 'NONE',  ( 11.97809006013034683, 2.848241678693428369, 8.806822108258051784 ) ) ;
#5141 = DIRECTION ( 'NONE',  ( -0.000000000000000000, 0.000000000000000000, 1.000000000000000000 ) ) ;
#5142 = CARTESIAN_POINT ( 'NONE',  ( -34.50000000000001421, 9.000000000000007105, 9.502147685123530252 ) ) ;
#5143 = DIRECTION ( 'NONE',  ( 0.000000000000000000, 0.000000000000000000, -1.000000000000000000 ) ) ;
#5144 = CARTESIAN_POINT ( 'NONE',  ( 10.00000000000003375, -9.999999999999987566, 0.5999999999999998668 ) ) ;
#5145 = ORIENTED_EDGE ( 'NONE', *, *, #4480, .F. ) ;
#5146 = EDGE_LOOP ( 'NONE', ( #1344, #778, #1810, #3157 ) ) ;
#5147 = CARTESIAN_POINT ( 'NONE',  ( 11.87726514655897248, 21.90200055958604608, 8.678504274052240675 ) ) ;
#5148 = CARTESIAN_POINT ( 'NONE',  ( 38.50000000000000711, 40.00000000000000000, 3.100000000000000089 ) ) ;
#5149 = ORIENTED_EDGE ( 'NONE', *, *, #5610, .F. ) ;
#5150 = ORIENTED_EDGE ( 'NONE', *, *, #3500, .F. ) ;
#5151 = FACE_OUTER_BOUND ( 'NONE', #2355, .T. ) ;
#5152 = DIRECTION ( 'NONE',  ( 1.000000000000000000, 0.000000000000000000, 0.000000000000000000 ) ) ;
#5153 = AXIS2_PLACEMENT_3D ( 'NONE', #398, #2730, #490 ) ;
#5154 = EDGE_LOOP ( 'NONE', ( #113, #2751, #2144, #3067 ) ) ;
#5155 = CYLINDRICAL_SURFACE ( 'NONE', #3707, 1.500000000000004885 ) ;
#5156 = ORIENTED_EDGE ( 'NONE', *, *, #4785, .F. ) ;
#5157 = CYLINDRICAL_SURFACE ( 'NONE', #1088, 2.000000000000001776 ) ;
#5158 = DIRECTION ( 'NONE',  ( 0.000000000000000000, 0.000000000000000000, -1.000000000000000000 ) ) ;
#5159 = CARTESIAN_POINT ( 'NONE',  ( -11.93748276177709400, 33.03412447944023000, 8.752408256788903884 ) ) ;
#5160 = EDGE_CURVE ( 'NONE', #3602, #3782, #5883, .T. ) ;
#5161 = ADVANCED_FACE ( 'NONE', ( #982, #923, #5555, #4210, #1447, #2819, #1805, #4703, #3646, #1349, #4608, #32, #4645, #2765, #459, #3189, #3279, #5072, #2729, #5935, #1859, #5135, #432 ), #5162, .T. ) ;
#5162 = PLANE ( 'NONE',  #4342 ) ;
#5163 = CARTESIAN_POINT ( 'NONE',  ( 31.57650651321720758, 11.19347763783654059, 6.486425113860123659 ) ) ;
#5164 = CARTESIAN_POINT ( 'NONE',  ( 15.14464026479473624, 6.014943220106149901, 9.391920165955843558 ) ) ;
#5165 = CIRCLE ( 'NONE', #3674, 1.549999999999999378 ) ;
#5166 = CARTESIAN_POINT ( 'NONE',  ( -32.50000000000001421, 9.000000000000007105, 4.000000000000000000 ) ) ;
#5167 = VERTEX_POINT ( 'NONE', #4150 ) ;
#5168 = CIRCLE ( 'NONE', #666, 2.375000000000002220 ) ;
#5169 = EDGE_CURVE ( 'NONE', #3940, #4922, #2764, .T. ) ;
#5170 = CARTESIAN_POINT ( 'NONE',  ( 12.56589022326818750, 2.062607656151580926, 9.285110546194953685 ) ) ;
#5171 = DIRECTION ( 'NONE',  ( 0.000000000000000000, 0.000000000000000000, -1.000000000000000000 ) ) ;
#5172 = CARTESIAN_POINT ( 'NONE',  ( -42.50000000000002842, -9.999999999999994671, 0.5999999999999998668 ) ) ;
#5173 = FACE_OUTER_BOUND ( 'NONE', #2687, .T. ) ;
#5174 = CARTESIAN_POINT ( 'NONE',  ( -11.50000000000000533, 22.89897948556637175, 7.502147685123530252 ) ) ;
#5175 = ORIENTED_EDGE ( 'NONE', *, *, #4587, .T. ) ;
#5176 = ORIENTED_EDGE ( 'NONE', *, *, #2649, .F. ) ;
#5177 = CARTESIAN_POINT ( 'NONE',  ( 7.000000000000023981, -9.999999999999987566, 3.100000000000000089 ) ) ;
#5178 = CARTESIAN_POINT ( 'NONE',  ( 12.50000000000000355, -6.938893903907228378E-15, 7.502147685123529364 ) ) ;
#5179 = ORIENTED_EDGE ( 'NONE', *, *, #2207, .F. ) ;
#5180 = EDGE_LOOP ( 'NONE', ( #2927, #3865 ) ) ;
#5181 = CARTESIAN_POINT ( 'NONE',  ( 38.50000000000000711, -6.938893903907228378E-15, 3.100000000000000089 ) ) ;
#5182 = VECTOR ( 'NONE', #559, 1000.000000000000000 ) ;
#5183 = CARTESIAN_POINT ( 'NONE',  ( -51.24999999999999289, 28.49999999999998934, 0.000000000000000000 ) ) ;
#5184 = CIRCLE ( 'NONE', #5576, 1.500000000000003997 ) ;
#5185 = ORIENTED_EDGE ( 'NONE', *, *, #2531, .T. ) ;
#5186 = CARTESIAN_POINT ( 'NONE',  ( -15.94837672649616600, 2.309932933304451819, 8.863648279520770501 ) ) ;
#5187 = ORIENTED_EDGE ( 'NONE', *, *, #2951, .F. ) ;
#5188 = DIRECTION ( 'NONE',  ( -0.000000000000000000, -0.000000000000000000, 1.000000000000000000 ) ) ;
#5189 = VECTOR ( 'NONE', #1058, 1000.000000000000000 ) ;
#5190 = CYLINDRICAL_SURFACE ( 'NONE', #3250, 2.000000000000000000 ) ;
#5191 = CARTESIAN_POINT ( 'NONE',  ( 34.35324671435638066, 10.49301389812135810, 8.254128719528026181 ) ) ;
#5192 = AXIS2_PLACEMENT_3D ( 'NONE', #4762, #2426, #4825 ) ;
#5193 = LINE ( 'NONE', #558, #3715 ) ;
#5194 = CARTESIAN_POINT ( 'NONE',  ( -13.50000000000000533, 40.00000000000000000, 8.502147685123528476 ) ) ;
#5195 = VECTOR ( 'NONE', #2386, 1000.000000000000000 ) ;
#5196 = EDGE_LOOP ( 'NONE', ( #3263, #1280 ) ) ;
#5197 = ADVANCED_FACE ( 'NONE', ( #3218 ), #5101, .F. ) ;
#5198 = CIRCLE ( 'NONE', #2547, 2.000000000000001776 ) ;
#5199 = DIRECTION ( 'NONE',  ( 0.000000000000000000, 0.000000000000000000, 1.000000000000000000 ) ) ;
#5200 = DIRECTION ( 'NONE',  ( 3.469446951953614189E-15, 0.000000000000000000, -1.000000000000000000 ) ) ;
#5201 = LINE ( 'NONE', #1019, #2462 ) ;
#5202 = DIRECTION ( 'NONE',  ( 0.000000000000000000, 0.000000000000000000, -1.000000000000000000 ) ) ;
#5203 = LINE ( 'NONE', #565, #2457 ) ;
#5204 = FACE_OUTER_BOUND ( 'NONE', #4555, .T. ) ;
#5205 = ORIENTED_EDGE ( 'NONE', *, *, #3477, .T. ) ;
#5206 = AXIS2_PLACEMENT_3D ( 'NONE', #5436, #4883, #5344 ) ;
#5207 = ORIENTED_EDGE ( 'NONE', *, *, #3745, .T. ) ;
#5208 = EDGE_CURVE ( 'NONE', #520, #2391, #5584, .T. ) ;
#5209 = CIRCLE ( 'NONE', #5689, 2.000000000000000000 ) ;
#5210 = EDGE_CURVE ( 'NONE', #919, #5716, #952, .T. ) ;
#5211 = EDGE_CURVE ( 'NONE', #3209, #1291, #2567, .T. ) ;
#5212 = ADVANCED_FACE ( 'NONE', ( #4736, #1126 ), #64, .F. ) ;
#5213 = PERSON ( 'UNSPECIFIED', 'UNSPECIFIED', 'UNSPECIFIED', ('UNSPECIFIED'), ('UNSPECIFIED'), ('UNSPECIFIED') ) ;
#5214 = VECTOR ( 'NONE', #1512, 1000.000000000000000 ) ;
#5215 = AXIS2_PLACEMENT_3D ( 'NONE', #5022, #743, #3958 ) ;
#5216 = DIRECTION ( 'NONE',  ( 1.000000000000000000, 0.000000000000000000, 0.000000000000000000 ) ) ;
#5217 = VERTEX_POINT ( 'NONE', #3768 ) ;
#5218 = ORIENTED_EDGE ( 'NONE', *, *, #5473, .F. ) ;
#5219 = DIRECTION ( 'NONE',  ( -0.000000000000000000, 1.000000000000000000, -0.000000000000000000 ) ) ;
#5220 = CIRCLE ( 'NONE', #4240, 1.550000000000002709 ) ;
#5221 = LINE ( 'NONE', #2004, #5492 ) ;
#5222 = B_SPLINE_CURVE_WITH_KNOTS ( 'NONE', 3,
 ( #689, #1548, #4901, #5159, #2444, #3421, #4812, #4381, #2108, #5781, #3478, #2085, #1446, #3965 ),
 .UNSPECIFIED., .F., .F.,
 ( 4, 2, 2, 2, 2, 2, 4 ),
 ( 0.003249545038856635742, 0.004062956639936588475, 0.004469662440476565059, 0.004876368241016541642, 0.005689779842096496544, 0.006096485642636479199, 0.006503191443176460987 ),
 .UNSPECIFIED. ) ;
#5223 = ADVANCED_FACE ( 'NONE', ( #5642 ), #5190, .F. ) ;
#5224 = CIRCLE ( 'NONE', #3525, 2.000000000000000000 ) ;
#5225 = ORIENTED_EDGE ( 'NONE', *, *, #3427, .T. ) ;
#5226 = CARTESIAN_POINT ( 'NONE',  ( -15.37728868113848080, 5.890708262074751289, 9.292919847835793945 ) ) ;
#5227 = DIRECTION ( 'NONE',  ( 1.000000000000000000, 0.000000000000000000, 0.000000000000000000 ) ) ;
#5228 = CARTESIAN_POINT ( 'NONE',  ( 12.50000000000000000, 40.00000000000000000, -5.421010862427522959E-15 ) ) ;
#5229 = FACE_OUTER_BOUND ( 'NONE', #174, .T. ) ;
#5230 = DIRECTION ( 'NONE',  ( 0.000000000000000000, 0.000000000000000000, -1.000000000000000000 ) ) ;
#5231 = ORIENTED_EDGE ( 'NONE', *, *, #271, .F. ) ;
#5232 = CARTESIAN_POINT ( 'NONE',  ( -42.50000000000002842, -9.999999999999994671, 3.100000000000000089 ) ) ;
#5233 = LINE ( 'NONE', #5259, #3030 ) ;
#5234 = CARTESIAN_POINT ( 'NONE',  ( -25.50000000000000711, 39.00000000000000000, 19.09999999999999787 ) ) ;
#5235 = DIRECTION ( 'NONE',  ( 1.000000000000000000, 0.000000000000000000, 0.000000000000000000 ) ) ;
#5236 = DIRECTION ( 'NONE',  ( -0.000000000000000000, 0.000000000000000000, -1.000000000000000000 ) ) ;
#5237 = CARTESIAN_POINT ( 'NONE',  ( -34.87500000000000711, 27.00000000000001066, 9.502147685123530252 ) ) ;
#5238 = ORIENTED_EDGE ( 'NONE', *, *, #2021, .T. ) ;
#5239 = EDGE_LOOP ( 'NONE', ( #5982, #5082, #322, #3698 ) ) ;
#5240 = CARTESIAN_POINT ( 'NONE',  ( 30.12500000000000355, 9.000000000000007105, 5.886015930083763337 ) ) ;
#5241 = EDGE_CURVE ( 'NONE', #4953, #80, #4811, .T. ) ;
#5242 = DIRECTION ( 'NONE',  ( 0.000000000000000000, 0.000000000000000000, 1.000000000000000000 ) ) ;
#5243 = CARTESIAN_POINT ( 'NONE',  ( -41.00000000000003553, -9.999999999999994671, 3.100000000000000089 ) ) ;
#5244 = ADVANCED_FACE ( 'NONE', ( #3518 ), #5398, .F. ) ;
#5245 = VERTEX_POINT ( 'NONE', #4386 ) ;
#5246 = ORIENTED_EDGE ( 'NONE', *, *, #117, .F. ) ;
#5247 = DIRECTION ( 'NONE',  ( 1.000000000000000000, 0.000000000000000000, 0.000000000000000000 ) ) ;
#5248 = DIRECTION ( 'NONE',  ( -0.000000000000000000, 1.000000000000000000, -0.000000000000000000 ) ) ;
#5249 = ORIENTED_EDGE ( 'NONE', *, *, #1319, .F. ) ;
#5250 = B_SPLINE_CURVE_WITH_KNOTS ( 'NONE', 3,
 ( #2716, #475, #4198, #5542, #2206, #5479, #5571, #1306 ),
 .UNSPECIFIED., .F., .F.,
 ( 4, 2, 2, 4 ),
 ( 0.01221565633432173358, 0.01306276580487056652, 0.01348632054014498212, 0.01390987527541939772 ),
 .UNSPECIFIED. ) ;
#5251 = ORIENTED_EDGE ( 'NONE', *, *, #2721, .T. ) ;
#5252 = ORIENTED_EDGE ( 'NONE', *, *, #1996, .F. ) ;
#5253 = CARTESIAN_POINT ( 'NONE',  ( 32.50000000000000000, 9.000000000000007105, 9.502147685123530252 ) ) ;
#5254 = FACE_OUTER_BOUND ( 'NONE', #3083, .T. ) ;
#5255 = DIRECTION ( 'NONE',  ( 0.000000000000000000, 0.000000000000000000, 1.000000000000000000 ) ) ;
#5256 = EDGE_LOOP ( 'NONE', ( #746, #3237 ) ) ;
#5257 = DIRECTION ( 'NONE',  ( -1.000000000000000000, 0.000000000000000000, 0.000000000000000000 ) ) ;
#5258 = AXIS2_PLACEMENT_3D ( 'NONE', #4278, #217, #5235 ) ;
#5259 = CARTESIAN_POINT ( 'NONE',  ( -40.58894948008154557, 71.00000000000000000, 0.000000000000000000 ) ) ;
#5260 = CARTESIAN_POINT ( 'NONE',  ( 0.000000000000000000, 40.00000000000000000, 8.502147685123528476 ) ) ;
#5261 = CARTESIAN_POINT ( 'NONE',  ( -56.50000000000002842, 73.00000000000000000, 3.100000000000000089 ) ) ;
#5262 = ORIENTED_EDGE ( 'NONE', *, *, #4855, .F. ) ;
#5263 = AXIS2_PLACEMENT_3D ( 'NONE', #295, #4904, #2139 ) ;
#5264 = VERTEX_POINT ( 'NONE', #1729 ) ;
#5265 = AXIS2_PLACEMENT_3D ( 'NONE', #1910, #4257, #4750 ) ;
#5266 = CARTESIAN_POINT ( 'NONE',  ( 16.51713562373094746, 32.14213562373096522, 8.361836861103464358 ) ) ;
#5267 = CARTESIAN_POINT ( 'NONE',  ( 14.14213562373094746, 32.14213562373096522, 4.000000000000000000 ) ) ;
#5268 = ORIENTED_EDGE ( 'NONE', *, *, #3197, .T. ) ;
#5269 = ORIENTED_EDGE ( 'NONE', *, *, #317, .T. ) ;
#5270 = CARTESIAN_POINT ( 'NONE',  ( 22.50000000000000000, 70.00000000000000000, 0.000000000000000000 ) ) ;
#5271 = EDGE_CURVE ( 'NONE', #1690, #80, #2181, .T. ) ;
#5272 = EDGE_CURVE ( 'NONE', #1828, #5508, #2746, .T. ) ;
#5273 = CARTESIAN_POINT ( 'NONE',  ( 22.50000000000000000, 70.00000000000000000, 0.000000000000000000 ) ) ;
#5274 = DIRECTION ( 'NONE',  ( 0.000000000000000000, 0.000000000000000000, -1.000000000000000000 ) ) ;
#5275 = ORIENTED_EDGE ( 'NONE', *, *, #5271, .T. ) ;
#5276 = ORIENTED_EDGE ( 'NONE', *, *, #2113, .F. ) ;
#5277 = CARTESIAN_POINT ( 'NONE',  ( -30.12499999999997158, 26.99999999999997513, 5.886015930083748238 ) ) ;
#5278 = AXIS2_PLACEMENT_3D ( 'NONE', #2287, #889, #3705 ) ;
#5279 = DIRECTION ( 'NONE',  ( -1.000000000000000000, 0.000000000000000000, 0.000000000000000000 ) ) ;
#5280 = EDGE_CURVE ( 'NONE', #4689, #2295, #4907, .T. ) ;
#5281 = ADVANCED_FACE ( 'NONE', ( #2599 ), #3919, .F. ) ;
#5282 = EDGE_CURVE ( 'NONE', #2442, #5334, #3580, .T. ) ;
#5283 = CARTESIAN_POINT ( 'NONE',  ( 30.21400118751290620, 9.665569607443210032, 5.917450697661889691 ) ) ;
#5284 = LINE ( 'NONE', #1980, #5673 ) ;
#5285 = CARTESIAN_POINT ( 'NONE',  ( -7.000000000000024869, -9.999999999999987566, 0.5999999999999998668 ) ) ;
#5286 = ORIENTED_EDGE ( 'NONE', *, *, #5052, .F. ) ;
#5287 = AXIS2_PLACEMENT_3D ( 'NONE', #2117, #3036, #4478 ) ;
#5288 = CIRCLE ( 'NONE', #3327, 1.000000000000000888 ) ;
#5289 = DIRECTION ( 'NONE',  ( 0.000000000000000000, 0.000000000000000000, 1.000000000000000000 ) ) ;
#5290 = DIRECTION ( 'NONE',  ( -1.000000000000000000, 0.000000000000000000, 0.000000000000000000 ) ) ;
#5291 = DIRECTION ( 'NONE',  ( 1.000000000000000000, 0.000000000000000000, 0.000000000000000000 ) ) ;
#5292 = AXIS2_PLACEMENT_3D ( 'NONE', #1823, #878, #2720 ) ;
#5293 = CARTESIAN_POINT ( 'NONE',  ( 15.14435337649612023, 29.98491126930626649, 9.392034203403326842 ) ) ;
#5294 = ADVANCED_FACE ( 'NONE', ( #3066 ), #3839, .T. ) ;
#5295 = ORIENTED_EDGE ( 'NONE', *, *, #5807, .F. ) ;
#5296 = EDGE_LOOP ( 'NONE', ( #1031, #3332, #3481, #3087 ) ) ;
#5297 = AXIS2_PLACEMENT_3D ( 'NONE', #1377, #4206, #4105 ) ;
#5298 = VECTOR ( 'NONE', #3225, 1000.000000000000000 ) ;
#5299 = CARTESIAN_POINT ( 'NONE',  ( 30.12499999999999645, 8.829612403265633347, 5.886015930083760672 ) ) ;
#5300 = AXIS2_PLACEMENT_3D ( 'NONE', #3861, #2135, #4820 ) ;
#5301 = FACE_OUTER_BOUND ( 'NONE', #2323, .T. ) ;
#5302 = CARTESIAN_POINT ( 'NONE',  ( 39.50000000000000711, -6.938893903907228378E-15, 7.502147685123529364 ) ) ;
#5303 = AXIS2_PLACEMENT_3D ( 'NONE', #1118, #2166, #659 ) ;
#5304 = EDGE_LOOP ( 'NONE', ( #2338, #4052 ) ) ;
#5305 = VERTEX_POINT ( 'NONE', #3093 ) ;
#5306 = VECTOR ( 'NONE', #989, 1000.000000000000000 ) ;
#5307 = AXIS2_PLACEMENT_3D ( 'NONE', #5916, #5025, #1745 ) ;
#5308 = CARTESIAN_POINT ( 'NONE',  ( 0.000000000000000000, 39.00000000000000000, 8.502147685123528476 ) ) ;
#5309 = CARTESIAN_POINT ( 'NONE',  ( 38.46105051991845869, 70.99999999999998579, 0.000000000000000000 ) ) ;
#5310 = EDGE_CURVE ( 'NONE', #3109, #1700, #5224, .T. ) ;
#5311 = ORIENTED_EDGE ( 'NONE', *, *, #3364, .F. ) ;
#5312 = CARTESIAN_POINT ( 'NONE',  ( 15.14435337649613089, 1.700640021844293415, 9.392034203403328618 ) ) ;
#5313 = AXIS2_PLACEMENT_3D ( 'NONE', #1163, #5937, #4516 ) ;
#5314 = EDGE_LOOP ( 'NONE', ( #4945, #2001, #219, #5509 ) ) ;
#5315 = CARTESIAN_POINT ( 'NONE',  ( -15.48599900253137207, 5.820093237901593497, 9.233540191444014056 ) ) ;
#5316 = EDGE_CURVE ( 'NONE', #5934, #2228, #4103, .T. ) ;
#5317 = ORIENTED_EDGE ( 'NONE', *, *, #2248, .T. ) ;
#5318 = CARTESIAN_POINT ( 'NONE',  ( -11.50000000000000533, 39.00000000000000000, 7.502147685123530252 ) ) ;
#5319 = DIRECTION ( 'NONE',  ( -0.000000000000000000, -0.000000000000000000, 1.000000000000000000 ) ) ;
#5320 = EDGE_CURVE ( 'NONE', #5607, #4632, #4326, .T. ) ;
#5321 = ORIENTED_EDGE ( 'NONE', *, *, #593, .F. ) ;
#5322 = DIRECTION ( 'NONE',  ( 1.000000000000000000, 0.000000000000000000, 0.000000000000000000 ) ) ;
#5323 = DIRECTION ( 'NONE',  ( 0.000000000000000000, 0.000000000000000000, -1.000000000000000000 ) ) ;
#5324 = CARTESIAN_POINT ( 'NONE',  ( -30.12499999999997868, 8.999999999999971578, 5.886015930083752679 ) ) ;
#5325 = FACE_OUTER_BOUND ( 'NONE', #3046, .T. ) ;
#5326 = EDGE_LOOP ( 'NONE', ( #5033, #724 ) ) ;
#5327 = ORIENTED_EDGE ( 'NONE', *, *, #86, .T. ) ;
#5328 = DIRECTION ( 'NONE',  ( -1.000000000000000000, 0.000000000000000000, 0.000000000000000000 ) ) ;
#5329 = DIRECTION ( 'NONE',  ( 1.000000000000000000, 0.000000000000000000, 0.000000000000000000 ) ) ;
#5330 = LINE ( 'NONE', #4374, #5109 ) ;
#5331 = ORIENTED_EDGE ( 'NONE', *, *, #212, .T. ) ;
#5332 = ORIENTED_EDGE ( 'NONE', *, *, #4303, .F. ) ;
#5333 = DIRECTION ( 'NONE',  ( 0.000000000000000000, 0.000000000000000000, -1.000000000000000000 ) ) ;
#5334 = VERTEX_POINT ( 'NONE', #2756 ) ;
#5335 = DIRECTION ( 'NONE',  ( 0.000000000000000000, 0.000000000000000000, -1.000000000000000000 ) ) ;
#5336 = DIRECTION ( 'NONE',  ( 0.000000000000000000, 0.000000000000000000, -1.000000000000000000 ) ) ;
#5337 = CARTESIAN_POINT ( 'NONE',  ( -54.50000000000000711, -75.00000000000000000, 0.000000000000000000 ) ) ;
#5338 = FACE_OUTER_BOUND ( 'NONE', #1517, .T. ) ;
#5339 = CARTESIAN_POINT ( 'NONE',  ( -49.86331815084611918, 58.62563132923541076, 3.100000000000000089 ) ) ;
#5340 = VERTEX_POINT ( 'NONE', #366 ) ;
#5341 = ADVANCED_FACE ( 'NONE', ( #1375, #4569 ), #2213, .F. ) ;
#5342 = DIRECTION ( 'NONE',  ( 1.000000000000000000, 0.000000000000000000, 0.000000000000000000 ) ) ;
#5343 = ADVANCED_FACE ( 'NONE', ( #2329 ), #944, .F. ) ;
#5344 = DIRECTION ( 'NONE',  ( -4.336808689942018229E-16, 0.000000000000000000, -1.000000000000000000 ) ) ;
#5345 = DIRECTION ( 'NONE',  ( 0.000000000000000000, 0.000000000000000000, 1.000000000000000000 ) ) ;
#5346 = DIRECTION ( 'NONE',  ( 1.000000000000000000, 0.000000000000000000, 0.000000000000000000 ) ) ;
#5347 = VECTOR ( 'NONE', #3660, 1000.000000000000000 ) ;
#5348 = DIRECTION ( 'NONE',  ( -0.000000000000000000, 1.000000000000000000, -0.000000000000000000 ) ) ;
#5349 = ORIENTED_EDGE ( 'NONE', *, *, #5997, .T. ) ;
#5350 = ORIENTED_EDGE ( 'NONE', *, *, #2639, .T. ) ;
#5351 = AXIS2_PLACEMENT_3D ( 'NONE', #3687, #447, #4164 ) ;
#5352 = CARTESIAN_POINT ( 'NONE',  ( 15.94837672649616600, 30.59420418076635428, 8.863648279520774054 ) ) ;
#5353 = DIRECTION ( 'NONE',  ( 0.000000000000000000, 0.000000000000000000, -1.000000000000000000 ) ) ;
#5354 = DIRECTION ( 'NONE',  ( 0.000000000000000000, 0.000000000000000000, -1.000000000000000000 ) ) ;
#5355 = ORIENTED_EDGE ( 'NONE', *, *, #4681, .F. ) ;
#5356 = AXIS2_PLACEMENT_3D ( 'NONE', #469, #2320, #1870 ) ;
#5357 = VERTEX_POINT ( 'NONE', #5065 ) ;
#5358 = DIRECTION ( 'NONE',  ( 0.000000000000000000, -0.000000000000000000, 1.000000000000000000 ) ) ;
#5359 = AXIS2_PLACEMENT_3D ( 'NONE', #1530, #2886, #1503 ) ;
#5360 = ORIENTED_EDGE ( 'NONE', *, *, #4845, .F. ) ;
#5361 = CARTESIAN_POINT ( 'NONE',  ( 15.48599900253140227, 1.895635514636511143, 9.233540191443999845 ) ) ;
#5362 = ORIENTED_EDGE ( 'NONE', *, *, #3700, .F. ) ;
#5363 = CARTESIAN_POINT ( 'NONE',  ( -33.69016526720190541, 29.06024641540018294, 7.744683951753222217 ) ) ;
#5364 = CARTESIAN_POINT ( 'NONE',  ( -33.56521336805262479, 11.12747379772218004, 7.655460541541575736 ) ) ;
#5365 = ORIENTED_EDGE ( 'NONE', *, *, #5420, .T. ) ;
#5366 = DIRECTION ( 'NONE',  ( 1.000000000000000000, 0.000000000000000000, 0.000000000000000000 ) ) ;
#5367 = CARTESIAN_POINT ( 'NONE',  ( 14.61892900269044659, 34.47315009342817405, 9.502147685123524923 ) ) ;
#5368 = ORIENTED_EDGE ( 'NONE', *, *, #3477, .F. ) ;
#5369 = AXIS2_PLACEMENT_3D ( 'NONE', #1863, #1450, #1419 ) ;
#5370 = DIRECTION ( 'NONE',  ( 4.336808689942018229E-16, 0.000000000000000000, -1.000000000000000000 ) ) ;
#5371 = CARTESIAN_POINT ( 'NONE',  ( 15.94913458922335003, 5.405006275486042178, 8.862928030093776499 ) ) ;
#5372 = CARTESIAN_POINT ( 'NONE',  ( -34.60573757603183509, 25.89013334022570234, 8.465487604111768150 ) ) ;
#5373 = EDGE_CURVE ( 'NONE', #2786, #5061, #3211, .T. ) ;
#5374 = FACE_OUTER_BOUND ( 'NONE', #3393, .T. ) ;
#5375 = VECTOR ( 'NONE', #426, 1000.000000000000000 ) ;
#5376 = ORIENTED_EDGE ( 'NONE', *, *, #5678, .F. ) ;
#5377 = EDGE_LOOP ( 'NONE', ( #1800, #3115 ) ) ;
#5378 = DIRECTION ( 'NONE',  ( 0.000000000000000000, 0.000000000000000000, -1.000000000000000000 ) ) ;
#5379 = CARTESIAN_POINT ( 'NONE',  ( -49.86331815084611918, 58.62563132923541076, 0.000000000000000000 ) ) ;
#5380 = CARTESIAN_POINT ( 'NONE',  ( 16.51713562373094746, 32.14213562373096522, 9.502147685123530252 ) ) ;
#5381 = EDGE_CURVE ( 'NONE', #2990, #3934, #1221, .T. ) ;
#5382 = EDGE_CURVE ( 'NONE', #1057, #2193, #3605, .T. ) ;
#5383 = ORIENTED_EDGE ( 'NONE', *, *, #5320, .T. ) ;
#5384 = EDGE_LOOP ( 'NONE', ( #5317, #3970, #913, #1833, #3333, #5205, #3550 ) ) ;
#5385 = AXIS2_PLACEMENT_3D ( 'NONE', #4654, #4086, #5171 ) ;
#5386 = EDGE_CURVE ( 'NONE', #2356, #1098, #3233, .T. ) ;
#5387 = CARTESIAN_POINT ( 'NONE',  ( -25.50000000000000711, 39.00000000000000000, 19.09999999999999787 ) ) ;
#5388 = AXIS2_PLACEMENT_3D ( 'NONE', #4732, #3826, #2392 ) ;
#5389 = DIRECTION ( 'NONE',  ( 0.000000000000000000, 0.000000000000000000, 1.000000000000000000 ) ) ;
#5390 = AXIS2_PLACEMENT_3D ( 'NONE', #4857, #71, #5200 ) ;
#5391 = DIRECTION ( 'NONE',  ( -0.000000000000000000, -0.000000000000000000, -1.000000000000000000 ) ) ;
#5392 = ORIENTED_EDGE ( 'NONE', *, *, #3718, .F. ) ;
#5393 = CARTESIAN_POINT ( 'NONE',  ( 13.24101982786128318, 29.94063911001850187, 9.489135502583863513 ) ) ;
#5394 = ORIENTED_EDGE ( 'NONE', *, *, #4299, .F. ) ;
#5395 = CARTESIAN_POINT ( 'NONE',  ( -34.87500000000000711, 27.00000000000001066, 8.702434179097494393 ) ) ;
#5396 = VECTOR ( 'NONE', #3252, 1000.000000000000000 ) ;
#5397 = AXIS2_PLACEMENT_3D ( 'NONE', #5947, #2259, #4128 ) ;
#5398 = CYLINDRICAL_SURFACE ( 'NONE', #4033, 2.374999999999998668 ) ;
#5399 = AXIS2_PLACEMENT_3D ( 'NONE', #5172, #3680, #440 ) ;
#5400 = ORIENTED_EDGE ( 'NONE', *, *, #4575, .T. ) ;
#5401 = CARTESIAN_POINT ( 'NONE',  ( -16.19773122559069378, 5.056127549139738164, 8.636761677033319984 ) ) ;
#5402 = DIRECTION ( 'NONE',  ( 1.000000000000000000, 0.000000000000000000, 0.000000000000000000 ) ) ;
#5403 = ORIENTED_EDGE ( 'NONE', *, *, #3980, .T. ) ;
#5404 = AXIS2_PLACEMENT_3D ( 'NONE', #4345, #5737, #5257 ) ;
#5405 = LINE ( 'NONE', #1229, #3739 ) ;
#5406 = CARTESIAN_POINT ( 'NONE',  ( -14.61921925506154984, 34.47310866073437552, 9.502147685123528476 ) ) ;
#5407 =( NAMED_UNIT ( * ) SI_UNIT ( $, .STERADIAN. ) SOLID_ANGLE_UNIT ( ) );
#5408 = DIRECTION ( 'NONE',  ( 1.000000000000000000, 0.000000000000000000, 0.000000000000000000 ) ) ;
#5409 = CARTESIAN_POINT ( 'NONE',  ( -32.45277698249022791, 6.621036474657881143, 6.947337459814556304 ) ) ;
#5410 = CIRCLE ( 'NONE', #3545, 2.000000000000001776 ) ;
#5411 = ORIENTED_EDGE ( 'NONE', *, *, #48, .F. ) ;
#5412 = ORIENTED_EDGE ( 'NONE', *, *, #1493, .T. ) ;
#5413 = CYLINDRICAL_SURFACE ( 'NONE', #2961, 1.549999999999994049 ) ;
#5414 = APPLICATION_CONTEXT ( 'configuration controlled 3d designs of mechanical parts and assemblies' ) ;
#5415 = CARTESIAN_POINT ( 'NONE',  ( 0.000000000000000000, -1.000000000000006883, 0.000000000000000000 ) ) ;
#5416 = CARTESIAN_POINT ( 'NONE',  ( 0.000000000000000000, -1.000000000000006883, 9.502147685123530252 ) ) ;
#5417 = ORIENTED_EDGE ( 'NONE', *, *, #250, .T. ) ;
#5418 = ORIENTED_EDGE ( 'NONE', *, *, #5609, .T. ) ;
#5419 = LINE ( 'NONE', #2658, #5002 ) ;
#5420 = EDGE_CURVE ( 'NONE', #4084, #3459, #5093, .T. ) ;
#5421 = CARTESIAN_POINT ( 'NONE',  ( -39.03894948008154131, 71.00000000000000000, 3.100000000000000089 ) ) ;
#5422 = EDGE_CURVE ( 'NONE', #827, #800, #2283, .T. ) ;
#5423 = DIRECTION ( 'NONE',  ( 0.000000000000000000, 0.000000000000000000, 1.000000000000000000 ) ) ;
#5424 = LINE ( 'NONE', #782, #4067 ) ;
#5425 = ORIENTED_EDGE ( 'NONE', *, *, #3329, .F. ) ;
#5426 = DIRECTION ( 'NONE',  ( -0.000000000000000000, -0.000000000000000000, -1.000000000000000000 ) ) ;
#5427 = VERTEX_POINT ( 'NONE', #2668 ) ;
#5428 = CARTESIAN_POINT ( 'NONE',  ( -33.92896121782843721, 28.90241385964394993, 7.920795088737494716 ) ) ;
#5429 = ADVANCED_FACE ( 'NONE', ( #4202 ), #393, .T. ) ;
#5430 = DIRECTION ( 'NONE',  ( 0.000000000000000000, 0.000000000000000000, -1.000000000000000000 ) ) ;
#5431 = ORIENTED_EDGE ( 'NONE', *, *, #1888, .T. ) ;
#5432 = FACE_OUTER_BOUND ( 'NONE', #2657, .T. ) ;
#5433 = FACE_BOUND ( 'NONE', #5180, .T. ) ;
#5434 = EDGE_LOOP ( 'NONE', ( #1034, #4957, #5349, #4981 ) ) ;
#5435 = CARTESIAN_POINT ( 'NONE',  ( -3.673940397442064700E-15, 45.00000000000000000, 10.00000000000000000 ) ) ;
#5436 = CARTESIAN_POINT ( 'NONE',  ( 11.50000000000000178, -1.000000000000006883, -4.987329993433321974E-15 ) ) ;
#5437 = DIRECTION ( 'NONE',  ( 0.000000000000000000, 0.000000000000000000, 1.000000000000000000 ) ) ;
#5438 = LINE ( 'NONE', #2223, #1858 ) ;
#5439 = ORIENTED_EDGE ( 'NONE', *, *, #5382, .T. ) ;
#5440 = ORIENTED_EDGE ( 'NONE', *, *, #2248, .F. ) ;
#5441 = LINE ( 'NONE', #4954, #3921 ) ;
#5442 = FACE_OUTER_BOUND ( 'NONE', #5736, .T. ) ;
#5443 = CARTESIAN_POINT ( 'NONE',  ( -12.50000000000000178, 39.00000000000000000, 3.100000000000000089 ) ) ;
#5444 = ORIENTED_EDGE ( 'NONE', *, *, #1915, .F. ) ;
#5445 = ORIENTED_EDGE ( 'NONE', *, *, #3932, .F. ) ;
#5446 = VECTOR ( 'NONE', #78, 1000.000000000000000 ) ;
#5447 = CARTESIAN_POINT ( 'NONE',  ( -49.69999999999999574, 45.99999999999999289, 3.100000000000000089 ) ) ;
#5448 = CIRCLE ( 'NONE', #5921, 1.000000000000000000 ) ;
#5449 = PLANE ( 'NONE',  #966 ) ;
#5450 = ORIENTED_EDGE ( 'NONE', *, *, #4040, .F. ) ;
#5451 = DIRECTION ( 'NONE',  ( -0.000000000000000000, -0.000000000000000000, 1.000000000000000000 ) ) ;
#5452 = EDGE_LOOP ( 'NONE', ( #3272, #1464 ) ) ;
#5453 = EDGE_CURVE ( 'NONE', #3591, #4898, #2165, .T. ) ;
#5454 = EDGE_CURVE ( 'NONE', #5573, #397, #2276, .T. ) ;
#5455 = AXIS2_PLACEMENT_3D ( 'NONE', #612, #3862, #3345 ) ;
#5456 = CARTESIAN_POINT ( 'NONE',  ( -33.16650421558095729, 11.28404736372247008, 7.384536059855381751 ) ) ;
#5457 = EDGE_LOOP ( 'NONE', ( #965, #4668, #2322, #3984 ) ) ;
#5458 = CARTESIAN_POINT ( 'NONE',  ( 33.16207022907197910, 24.71465913455111973, 7.381634105492214104 ) ) ;
#5459 = CARTESIAN_POINT ( 'NONE',  ( -12.36704971400761188, 19.87864431815621202, 9.151519532393937340 ) ) ;
#5460 = FACE_BOUND ( 'NONE', #5649, .T. ) ;
#5461 = ORIENTED_EDGE ( 'NONE', *, *, #4399, .F. ) ;
#5462 = ADVANCED_FACE ( 'NONE', ( #4539 ), #1759, .F. ) ;
#5463 = EDGE_CURVE ( 'NONE', #4104, #1077, #641, .T. ) ;
#5464 = LINE ( 'NONE', #1286, #4915 ) ;
#5465 = DIRECTION ( 'NONE',  ( -1.000000000000000000, 0.000000000000000000, 0.000000000000000000 ) ) ;
#5466 = LINE ( 'NONE', #3105, #539 ) ;
#5467 = CARTESIAN_POINT ( 'NONE',  ( 14.47775786501156858, -6.938893903907228378E-15, 8.502147685123528476 ) ) ;
#5468 = DIRECTION ( 'NONE',  ( -1.000000000000000000, 0.000000000000000000, 0.000000000000000000 ) ) ;
#5469 = ORIENTED_EDGE ( 'NONE', *, *, #4802, .T. ) ;
#5470 = ORIENTED_EDGE ( 'NONE', *, *, #3271, .F. ) ;
#5471 = VECTOR ( 'NONE', #1925, 1000.000000000000000 ) ;
#5472 = CARTESIAN_POINT ( 'NONE',  ( -35.83335200155166689, 40.00000000000000000, 8.227013454803309145 ) ) ;
#5473 = EDGE_CURVE ( 'NONE', #2734, #827, #3533, .T. ) ;
#5474 = CARTESIAN_POINT ( 'NONE',  ( 52.50000000000004263, -48.69999999999999574, 3.100000000000000089 ) ) ;
#5475 = CARTESIAN_POINT ( 'NONE',  ( -12.14213562373084088, 32.14213562373108601, 0.000000000000000000 ) ) ;
#5476 = ORIENTED_EDGE ( 'NONE', *, *, #1059, .T. ) ;
#5477 = ORIENTED_EDGE ( 'NONE', *, *, #1174, .T. ) ;
#5478 = CARTESIAN_POINT ( 'NONE',  ( -51.00000000000004263, -48.69999999999999574, 0.5999999999999998668 ) ) ;
#5479 = CARTESIAN_POINT ( 'NONE',  ( -14.75534385137819626, 29.84350530979704530, 9.487323010771236298 ) ) ;
#5480 = VERTEX_POINT ( 'NONE', #3392 ) ;
#5481 = FACE_OUTER_BOUND ( 'NONE', #3716, .T. ) ;
#5482 = ORIENTED_EDGE ( 'NONE', *, *, #5134, .T. ) ;
#5483 = DIRECTION ( 'NONE',  ( 0.000000000000000000, 0.000000000000000000, -1.000000000000000000 ) ) ;
#5484 = TOROIDAL_SURFACE ( 'NONE', #3910, 1.000000000000000000, 1.000000000000000000 ) ;
#5485 = EDGE_CURVE ( 'NONE', #1309, #245, #5597, .T. ) ;
#5486 = CARTESIAN_POINT ( 'NONE',  ( -34.85679069529657426, 9.337441020671748859, 8.685938591501138006 ) ) ;
#5487 = ORIENTED_EDGE ( 'NONE', *, *, #1922, .T. ) ;
#5488 = DIRECTION ( 'NONE',  ( 0.000000000000000000, -1.000000000000000000, 0.000000000000000000 ) ) ;
#5489 = CARTESIAN_POINT ( 'NONE',  ( 36.52224213498844563, -1.000000000000006883, 8.502147685123528476 ) ) ;
#5490 = AXIS2_PLACEMENT_3D ( 'NONE', #3779, #4713, #2344 ) ;
#5491 = ORIENTED_EDGE ( 'NONE', *, *, #3285, .F. ) ;
#5492 = VECTOR ( 'NONE', #4813, 1000.000000000000000 ) ;
#5493 = EDGE_CURVE ( 'NONE', #3373, #1828, #3824, .T. ) ;
#5494 = CIRCLE ( 'NONE', #2173, 2.000000000000000000 ) ;
#5495 = CARTESIAN_POINT ( 'NONE',  ( 25.50000000000000711, -1.000000000000006883, 19.09999999999999787 ) ) ;
#5496 = APPROVAL_DATE_TIME ( #4428, #911 ) ;
#5497 = CC_DESIGN_PERSON_AND_ORGANIZATION_ASSIGNMENT ( #3529, #2221, ( #4152 ) ) ;
#5498 = DIRECTION ( 'NONE',  ( 0.000000000000000000, 0.000000000000000000, -1.000000000000000000 ) ) ;
#5499 = DIRECTION ( 'NONE',  ( -0.000000000000000000, -0.000000000000000000, -1.000000000000000000 ) ) ;
#5500 = ORIENTED_EDGE ( 'NONE', *, *, #3017, .F. ) ;
#5501 = CIRCLE ( 'NONE', #4627, 1.549999999999999378 ) ;
#5502 = CARTESIAN_POINT ( 'NONE',  ( 0.000000000000000000, -1.000000000000006883, 0.000000000000000000 ) ) ;
#5503 = LINE ( 'NONE', #2257, #4993 ) ;
#5504 = AXIS2_PLACEMENT_3D ( 'NONE', #4475, #1153, #1668 ) ;
#5505 = EDGE_CURVE ( 'NONE', #4004, #1451, #5692, .T. ) ;
#5506 = CARTESIAN_POINT ( 'NONE',  ( 38.46105051991845869, 70.99999999999998579, 3.100000000000000089 ) ) ;
#5507 = CARTESIAN_POINT ( 'NONE',  ( 54.00000000000004263, -26.69999999999998863, 3.100000000000000089 ) ) ;
#5508 = VERTEX_POINT ( 'NONE', #1525 ) ;
#5509 = ORIENTED_EDGE ( 'NONE', *, *, #4524, .F. ) ;
#5510 = CARTESIAN_POINT ( 'NONE',  ( 11.76713562373080890, 3.857864376269631190, 8.500737217143102598 ) ) ;
#5511 = DIRECTION ( 'NONE',  ( -0.000000000000000000, -0.000000000000000000, -1.000000000000000000 ) ) ;
#5512 = EDGE_LOOP ( 'NONE', ( #3962, #2635, #337, #5218 ) ) ;
#5513 = DIRECTION ( 'NONE',  ( -0.000000000000000000, 1.000000000000000000, -0.000000000000000000 ) ) ;
#5514 = ORIENTED_EDGE ( 'NONE', *, *, #4562, .T. ) ;
#5515 = DIRECTION ( 'NONE',  ( 1.000000000000000000, 0.000000000000000000, 0.000000000000000000 ) ) ;
#5516 = EDGE_CURVE ( 'NONE', #1913, #1259, #3624, .T. ) ;
#5517 = CARTESIAN_POINT ( 'NONE',  ( -9.038949480081539534, 71.00000000000000000, 0.000000000000000000 ) ) ;
#5518 = ORIENTED_EDGE ( 'NONE', *, *, #719, .F. ) ;
#5519 = DIRECTION ( 'NONE',  ( 0.000000000000000000, 0.000000000000000000, 1.000000000000000000 ) ) ;
#5520 = DIRECTION ( 'NONE',  ( 0.000000000000000000, 0.000000000000000000, -1.000000000000000000 ) ) ;
#5521 = ORIENTED_EDGE ( 'NONE', *, *, #1103, .T. ) ;
#5522 = CARTESIAN_POINT ( 'NONE',  ( 13.23956605749472537, 34.34304005922595593, 9.488947403939491210 ) ) ;
#5523 = APPROVAL_DATE_TIME ( #4116, #4975 ) ;
#5524 = CARTESIAN_POINT ( 'NONE',  ( -49.69999999999999574, 45.99999999999999289, 0.000000000000000000 ) ) ;
#5525 = DIRECTION ( 'NONE',  ( 1.000000000000000000, 0.000000000000000000, 0.000000000000000000 ) ) ;
#5526 = ORIENTED_EDGE ( 'NONE', *, *, #1953, .F. ) ;
#5527 = EDGE_CURVE ( 'NONE', #4162, #1540, #38, .T. ) ;
#5528 = ADVANCED_FACE ( 'NONE', ( #4264 ), #1973, .F. ) ;
#5529 = CARTESIAN_POINT ( 'NONE',  ( -32.50000000000000711, 27.00000000000001066, 9.502147685123530252 ) ) ;
#5530 = CARTESIAN_POINT ( 'NONE',  ( 7.000000000000023981, -9.999999999999987566, 0.5999999999999998668 ) ) ;
#5531 = FACE_OUTER_BOUND ( 'NONE', #2300, .T. ) ;
#5532 = CARTESIAN_POINT ( 'NONE',  ( 11.73929111826947391, 13.70075268062362106, 8.459600042328398573 ) ) ;
#5533 = B_SPLINE_CURVE_WITH_KNOTS ( 'NONE', 3,
 ( #3589, #4455, #4548, #5819, #2643, #5372, #1650, #374, #3496, #2126, #5844, #3530, #1231, #4949, #3648, #5104, #954, #3283, #5044, #5074, #462, #1771, #2821, #1323, #888, #4178, #2250, #4611, #3704, #399, #925, #2703, #4118, #2793 ),
 .UNSPECIFIED., .F., .F.,
 ( 4, 2, 2, 2, 2, 2, 2, 2, 2, 2, 2, 2, 2, 2, 2, 2, 4 ),
 ( 0.000000000000000000, 0.0005041034148505444280, 0.001008206829701088856, 0.001512310244551633284, 0.002016413659402177712, 0.002520517074252722357, 0.003024620489103265267, 0.003528723903953808177, 0.004032827318804351087, 0.004536930733654894431, 0.005041034148505438642, 0.005545137563355981986, 0.006049240978206525329, 0.006553344393057068673, 0.007057447807907612017, 0.007561551222758156228, 0.008065654637608698704 ),
 .UNSPECIFIED. ) ;
#5534 = VECTOR ( 'NONE', #4080, 1000.000000000000000 ) ;
#5535 = CYLINDRICAL_SURFACE ( 'NONE', #137, 1.550000000000002709 ) ;
#5536 = VERTEX_POINT ( 'NONE', #4781 ) ;
#5537 = ORIENTED_EDGE ( 'NONE', *, *, #6004, .F. ) ;
#5538 = ADVANCED_FACE ( 'NONE', ( #5755 ), #1033, .F. ) ;
#5539 = EDGE_CURVE ( 'NONE', #3120, #986, #1015, .T. ) ;
#5540 = CARTESIAN_POINT ( 'NONE',  ( 34.04197552970921947, 7.187728015152544891, 8.007092240957041085 ) ) ;
#5541 = CARTESIAN_POINT ( 'NONE',  ( 11.57681964074319758, 22.71526118701117269, 8.058863398661316069 ) ) ;
#5542 = CARTESIAN_POINT ( 'NONE',  ( -15.14464026479476289, 29.98505677989384921, 9.391920165955840005 ) ) ;
#5543 = ORIENTED_EDGE ( 'NONE', *, *, #836, .F. ) ;
#5544 = CARTESIAN_POINT ( 'NONE',  ( 31.16523331759325544, 28.97069197095609994, 6.296591883296346559 ) ) ;
#5545 = AXIS2_PLACEMENT_3D ( 'NONE', #171, #2023, #2966 ) ;
#5546 = ORIENTED_EDGE ( 'NONE', *, *, #4303, .T. ) ;
#5547 = CARTESIAN_POINT ( 'NONE',  ( -39.50000000000000711, -6.938893903907228378E-15, 7.502147685123529364 ) ) ;
#5548 = B_SPLINE_CURVE_WITH_KNOTS ( 'NONE', 3,
 ( #5277, #1092, #4472, #2058, #3123, #1610, #3027, #297, #2540, #727, #4001, #4413, #1218, #4875, #235, #1246, #1275, #331, #5806, #1636, #5866, #3553, #5363, #5428, #4443, #2179, #4501, #785, #266, #4997, #3971, #1667, #3515, #5395 ),
 .UNSPECIFIED., .F., .F.,
 ( 4, 2, 2, 2, 2, 2, 2, 2, 2, 2, 2, 2, 2, 2, 2, 2, 4 ),
 ( 0.008065654637608698704, 0.008568602621008211684, 0.009071550604407724663, 0.009574498587807237643, 0.01007744657120675236, 0.01058039455460626360, 0.01108334253800576791, 0.01158629052140527395, 0.01208923850480477825, 0.01259218648820428256, 0.01309513447160378860, 0.01359808245500329291, 0.01410103043840279721, 0.01460397842180230325, 0.01510692640520180929, 0.01560987438860131360, 0.01611282237200081791 ),
 .UNSPECIFIED. ) ;
#5549 = CARTESIAN_POINT ( 'NONE',  ( -34.73484161727792952, 9.819335210368919320, 8.577406267718952648 ) ) ;
#5550 = ADVANCED_FACE ( 'NONE', ( #1467 ), #974, .F. ) ;
#5551 = ORIENTED_EDGE ( 'NONE', *, *, #5373, .T. ) ;
#5552 = CARTESIAN_POINT ( 'NONE',  ( 32.50000000000000711, 27.00000000000001066, 4.000000000000000000 ) ) ;
#5553 = CYLINDRICAL_SURFACE ( 'NONE', #1285, 2.000000000000001776 ) ;
#5554 = ORIENTED_EDGE ( 'NONE', *, *, #1201, .F. ) ;
#5555 = FACE_BOUND ( 'NONE', #3696, .T. ) ;
#5556 = LINE ( 'NONE', #2335, #4629 ) ;
#5557 = DIRECTION ( 'NONE',  ( 1.000000000000000000, 0.000000000000000000, 0.000000000000000000 ) ) ;
#5558 = CARTESIAN_POINT ( 'NONE',  ( -39.50000000000000711, 39.00000000000000000, 0.000000000000000000 ) ) ;
#5559 = EDGE_LOOP ( 'NONE', ( #287, #5854, #4304, #4440 ) ) ;
#5560 = CARTESIAN_POINT ( 'NONE',  ( 13.50000000000000533, 1.571319637862119700, 9.502147685123530252 ) ) ;
#5561 = DIRECTION ( 'NONE',  ( 0.000000000000000000, 0.000000000000000000, -1.000000000000000000 ) ) ;
#5562 = EDGE_CURVE ( 'NONE', #5702, #2601, #333, .T. ) ;
#5563 = LINE ( 'NONE', #1388, #4418 ) ;
#5564 = DIRECTION ( 'NONE',  ( 0.000000000000000000, 0.000000000000000000, -1.000000000000000000 ) ) ;
#5565 = DIRECTION ( 'NONE',  ( -0.000000000000000000, -0.000000000000000000, 1.000000000000000000 ) ) ;
#5566 = ORIENTED_EDGE ( 'NONE', *, *, #419, .T. ) ;
#5567 = VERTEX_POINT ( 'NONE', #1003 ) ;
#5568 = CARTESIAN_POINT ( 'NONE',  ( 34.34992346875040425, 7.502747602131971227, 8.251404579881549850 ) ) ;
#5569 = EDGE_CURVE ( 'NONE', #986, #726, #2030, .T. ) ;
#5570 = CARTESIAN_POINT ( 'NONE',  ( -30.12500000000000711, 27.00000000000001066, 4.000000000000000000 ) ) ;
#5571 = CARTESIAN_POINT ( 'NONE',  ( -14.61977365281830998, 29.81124172541825246, 9.502147685123530252 ) ) ;
#5572 = EDGE_CURVE ( 'NONE', #4431, #4698, #2853, .T. ) ;
#5573 = VERTEX_POINT ( 'NONE', #2812 ) ;
#5574 = VERTEX_POINT ( 'NONE', #2849 ) ;
#5575 = CARTESIAN_POINT ( 'NONE',  ( -14.14213562373095812, 3.857864376269070306, 0.000000000000000000 ) ) ;
#5576 = AXIS2_PLACEMENT_3D ( 'NONE', #1884, #3182, #5062 ) ;
#5577 = CARTESIAN_POINT ( 'NONE',  ( -34.25484785720870207, 10.60706630337650758, 8.174311635390134612 ) ) ;
#5578 = ORIENTED_EDGE ( 'NONE', *, *, #3111, .F. ) ;
#5579 = CARTESIAN_POINT ( 'NONE',  ( -1.550000000000004707, 45.00000000000000000, 0.000000000000000000 ) ) ;
#5580 = ORIENTED_EDGE ( 'NONE', *, *, #1215, .T. ) ;
#5581 = PLANE ( 'NONE',  #2533 ) ;
#5582 = LINE ( 'NONE', #979, #2745 ) ;
#5583 = AXIS2_PLACEMENT_3D ( 'NONE', #4695, #514, #1914 ) ;
#5584 = LINE ( 'NONE', #1416, #5396 ) ;
#5585 = CARTESIAN_POINT ( 'NONE',  ( 11.82384677979021070, 32.67472005327964268, 8.594077136033359210 ) ) ;
#5586 = AXIS2_PLACEMENT_3D ( 'NONE', #163, #2402, #3893 ) ;
#5587 = CARTESIAN_POINT ( 'NONE',  ( 14.75534385137818738, 6.156494690202961806, 9.487323010771234522 ) ) ;
#5588 = CARTESIAN_POINT ( 'NONE',  ( -30.14345369729908342, 8.660218309382095470, 5.892435404604288607 ) ) ;
#5589 = VERTEX_POINT ( 'NONE', #551 ) ;
#5590 = AXIS2_PLACEMENT_3D ( 'NONE', #63, #1921, #1472 ) ;
#5591 = AXIS2_PLACEMENT_3D ( 'NONE', #1916, #1087, #4758 ) ;
#5592 = AXIS2_PLACEMENT_3D ( 'NONE', #3923, #1021, #5789 ) ;
#5593 = FACE_OUTER_BOUND ( 'NONE', #5434, .T. ) ;
#5594 = CARTESIAN_POINT ( 'NONE',  ( 37.50000000000000711, 39.00000000000000000, 8.502147685123528476 ) ) ;
#5595 = LINE ( 'NONE', #3291, #5306 ) ;
#5596 = DIRECTION ( 'NONE',  ( 4.336808689942018229E-16, 0.000000000000000000, -1.000000000000000000 ) ) ;
#5597 = CIRCLE ( 'NONE', #532, 1.550000000000002709 ) ;
#5598 = CARTESIAN_POINT ( 'NONE',  ( 14.14213562373094746, 32.14213562373096522, 9.502147685123530252 ) ) ;
#5599 = CIRCLE ( 'NONE', #1599, 1.550000000000002709 ) ;
#5600 = ORIENTED_EDGE ( 'NONE', *, *, #7, .F. ) ;
#5601 = VERTEX_POINT ( 'NONE', #5666 ) ;
#5602 = LOCAL_TIME ( 23, 9, 39.00000000000000000, #2676 ) ;
#5603 = AXIS2_PLACEMENT_3D ( 'NONE', #3587, #1618, #3135 ) ;
#5604 = CARTESIAN_POINT ( 'NONE',  ( 31.15366053968960358, 7.017505295475541693, 6.289735929594525210 ) ) ;
#5605 = FACE_BOUND ( 'NONE', #1562, .T. ) ;
#5606 = VERTEX_POINT ( 'NONE', #1496 ) ;
#5607 = VERTEX_POINT ( 'NONE', #2939 ) ;
#5608 = DIRECTION ( 'NONE',  ( 1.000000000000000000, 0.000000000000000000, 0.000000000000000000 ) ) ;
#5609 = EDGE_CURVE ( 'NONE', #5702, #2990, #5221, .T. ) ;
#5610 = EDGE_CURVE ( 'NONE', #2270, #4888, #818, .T. ) ;
#5611 = DIRECTION ( 'NONE',  ( -1.000000000000000000, 0.000000000000000000, 0.000000000000000000 ) ) ;
#5612 = EDGE_LOOP ( 'NONE', ( #4120, #4951, #1249, #93 ) ) ;
#5613 = PLANE ( 'NONE',  #4217 ) ;
#5614 = ORIENTED_EDGE ( 'NONE', *, *, #3759, .F. ) ;
#5615 = CARTESIAN_POINT ( 'NONE',  ( -40.58894948008154557, 71.00000000000000000, 0.000000000000000000 ) ) ;
#5616 = DIRECTION ( 'NONE',  ( 0.000000000000000000, -1.000000000000000000, 0.000000000000000000 ) ) ;
#5617 = EDGE_CURVE ( 'NONE', #227, #3657, #4357, .T. ) ;
#5618 = DIRECTION ( 'NONE',  ( 0.000000000000000000, 0.000000000000000000, -1.000000000000000000 ) ) ;
#5619 = CARTESIAN_POINT ( 'NONE',  ( 12.50000000000000178, -1.000000000000006883, 3.100000000000000089 ) ) ;
#5620 = CYLINDRICAL_SURFACE ( 'NONE', #1096, 1.000000000000000888 ) ;
#5621 = CARTESIAN_POINT ( 'NONE',  ( -30.50000000000000711, 27.00000000000001066, 0.000000000000000000 ) ) ;
#5622 = EDGE_LOOP ( 'NONE', ( #2913, #3879, #5246, #4389, #880, #114, #5238, #327 ) ) ;
#5623 = CARTESIAN_POINT ( 'NONE',  ( 11.76713562373080890, 3.857864376269631190, 8.500737217143102598 ) ) ;
#5624 = CARTESIAN_POINT ( 'NONE',  ( 37.50000000000000711, 39.00000000000000000, 7.502147685123529364 ) ) ;
#5625 = DIRECTION ( 'NONE',  ( -1.000000000000000000, 0.000000000000000000, 0.000000000000000000 ) ) ;
#5626 = PLANE ( 'NONE',  #1942 ) ;
#5627 = DIRECTION ( 'NONE',  ( -1.000000000000000000, 0.000000000000000000, 0.000000000000000000 ) ) ;
#5628 = ORIENTED_EDGE ( 'NONE', *, *, #2789, .T. ) ;
#5629 = ORIENTED_EDGE ( 'NONE', *, *, #3878, .F. ) ;
#5630 = DIRECTION ( 'NONE',  ( 0.000000000000000000, -0.000000000000000000, -1.000000000000000000 ) ) ;
#5631 = DIRECTION ( 'NONE',  ( 1.000000000000000000, 0.000000000000000000, -8.673617379884027583E-16 ) ) ;
#5632 = ORIENTED_EDGE ( 'NONE', *, *, #3391, .F. ) ;
#5633 = ORIENTED_EDGE ( 'NONE', *, *, #1137, .F. ) ;
#5634 = DIRECTION ( 'NONE',  ( -1.000000000000000000, 0.000000000000000000, 0.000000000000000000 ) ) ;
#5635 = DIRECTION ( 'NONE',  ( -0.000000000000000000, -0.000000000000000000, 1.000000000000000000 ) ) ;
#5636 = ADVANCED_FACE ( 'NONE', ( #2970 ), #292, .T. ) ;
#5637 = ORIENTED_EDGE ( 'NONE', *, *, #5569, .F. ) ;
#5638 = CARTESIAN_POINT ( 'NONE',  ( -24.04999999999999716, 69.99999999999998579, 0.000000000000000000 ) ) ;
#5639 = ORIENTED_EDGE ( 'NONE', *, *, #1125, .T. ) ;
#5640 = ADVANCED_FACE ( 'NONE', ( #4847 ), #5861, .F. ) ;
#5641 = FACE_OUTER_BOUND ( 'NONE', #4042, .T. ) ;
#5642 = FACE_OUTER_BOUND ( 'NONE', #845, .T. ) ;
#5643 = CARTESIAN_POINT ( 'NONE',  ( 33.69860334608375751, 11.07022143758889676, 7.747257005406344987 ) ) ;
#5644 = CARTESIAN_POINT ( 'NONE',  ( -37.50000000000000711, -1.000000000000006883, 9.502147685123530252 ) ) ;
#5645 = AXIS2_PLACEMENT_3D ( 'NONE', #2293, #4656, #3778 ) ;
#5646 = CARTESIAN_POINT ( 'NONE',  ( -52.50000000000004263, -48.69999999999999574, 3.100000000000000089 ) ) ;
#5647 = EDGE_CURVE ( 'NONE', #4666, #1730, #1695, .T. ) ;
#5648 = EDGE_CURVE ( 'NONE', #485, #4431, #2172, .T. ) ;
#5649 = EDGE_LOOP ( 'NONE', ( #3734, #1421 ) ) ;
#5650 = TOROIDAL_SURFACE ( 'NONE', #5359, 1.000000000000000000, 1.000000000000000000 ) ;
#5651 = DIRECTION ( 'NONE',  ( 4.336808689942018229E-16, -0.000000000000000000, 1.000000000000000000 ) ) ;
#5652 = DIRECTION ( 'NONE',  ( -1.000000000000000000, 0.000000000000000000, 0.000000000000000000 ) ) ;
#5653 = DIRECTION ( 'NONE',  ( -0.000000000000000000, -0.000000000000000000, 1.000000000000000000 ) ) ;
#5654 = CARTESIAN_POINT ( 'NONE',  ( 12.49999999999999467, 18.00000000000004263, 9.234198492692621940 ) ) ;
#5655 = LINE ( 'NONE', #1514, #2655 ) ;
#5656 = DIRECTION ( 'NONE',  ( 1.000000000000000000, 0.000000000000000000, 0.000000000000000000 ) ) ;
#5657 = ORIENTED_EDGE ( 'NONE', *, *, #5919, .T. ) ;
#5658 = ORIENTED_EDGE ( 'NONE', *, *, #4914, .T. ) ;
#5659 = EDGE_CURVE ( 'NONE', #4292, #2543, #1211, .T. ) ;
#5660 = LINE ( 'NONE', #545, #5347 ) ;
#5661 = CYLINDRICAL_SURFACE ( 'NONE', #1785, 1.550000000000002709 ) ;
#5662 = ORIENTED_EDGE ( 'NONE', *, *, #5807, .T. ) ;
#5663 = ORIENTED_EDGE ( 'NONE', *, *, #30, .F. ) ;
#5664 = DIRECTION ( 'NONE',  ( 0.000000000000000000, -1.000000000000000000, 0.000000000000000000 ) ) ;
#5665 = AXIS2_PLACEMENT_3D ( 'NONE', #5820, #4051, #5939 ) ;
#5666 = CARTESIAN_POINT ( 'NONE',  ( 11.50000000000000533, 22.89897948556633622, 7.502147685123529364 ) ) ;
#5667 = CIRCLE ( 'NONE', #2142, 1.000000000000000000 ) ;
#5668 = ORIENTED_EDGE ( 'NONE', *, *, #4269, .T. ) ;
#5669 = DIRECTION ( 'NONE',  ( 0.000000000000000000, 0.000000000000000000, -1.000000000000000000 ) ) ;
#5670 = ORIENTED_EDGE ( 'NONE', *, *, #3197, .F. ) ;
#5671 = EDGE_CURVE ( 'NONE', #3071, #2902, #2993, .T. ) ;
#5672 = FACE_OUTER_BOUND ( 'NONE', #444, .T. ) ;
#5673 = VECTOR ( 'NONE', #2458, 1000.000000000000000 ) ;
#5674 = CARTESIAN_POINT ( 'NONE',  ( -39.03894948008154131, 71.00000000000000000, 0.000000000000000000 ) ) ;
#5675 = CARTESIAN_POINT ( 'NONE',  ( -25.50000000000000711, -6.938893903907228378E-15, 4.099999999999999645 ) ) ;
#5676 = VECTOR ( 'NONE', #4346, 1000.000000000000000 ) ;
#5677 = ORIENTED_EDGE ( 'NONE', *, *, #1159, .T. ) ;
#5678 = EDGE_CURVE ( 'NONE', #2694, #2346, #231, .T. ) ;
#5679 = CIRCLE ( 'NONE', #4321, 15.00000000000000000 ) ;
#5680 = DIRECTION ( 'NONE',  ( 1.000000000000000000, 0.000000000000000000, 0.000000000000000000 ) ) ;
#5681 = DIRECTION ( 'NONE',  ( -0.000000000000000000, -0.000000000000000000, 1.000000000000000000 ) ) ;
#5682 = CARTESIAN_POINT ( 'NONE',  ( -12.14213562373095634, 3.857864376269070750, 0.000000000000000000 ) ) ;
#5683 = CARTESIAN_POINT ( 'NONE',  ( -13.50000000000000533, 34.42868036213787519, 9.502147685123530252 ) ) ;
#5684 = LINE ( 'NONE', #4253, #715 ) ;
#5685 = CARTESIAN_POINT ( 'NONE',  ( -13.24104390712748014, 29.94065847394631064, 9.489111694142728481 ) ) ;
#5686 = ORIENTED_EDGE ( 'NONE', *, *, #2208, .T. ) ;
#5687 = CIRCLE ( 'NONE', #4511, 1.000000000000000222 ) ;
#5688 = ORIENTED_EDGE ( 'NONE', *, *, #2089, .T. ) ;
#5689 = AXIS2_PLACEMENT_3D ( 'NONE', #2198, #4554, #4088 ) ;
#5690 = ADVANCED_FACE ( 'NONE', ( #4685 ), #3145, .T. ) ;
#5691 = DIRECTION ( 'NONE',  ( -0.000000000000000000, -0.000000000000000000, -1.000000000000000000 ) ) ;
#5692 = CIRCLE ( 'NONE', #1311, 1.499999999999994449 ) ;
#5693 = AXIS2_PLACEMENT_3D ( 'NONE', #3152, #4034, #2713 ) ;
#5694 = CARTESIAN_POINT ( 'NONE',  ( 35.14446186811489525, -6.938893903907228378E-15, 8.951879224483086261 ) ) ;
#5695 = DIRECTION ( 'NONE',  ( 8.673617379884043361E-16, 0.000000000000000000, 1.000000000000000000 ) ) ;
#5696 = ORIENTED_EDGE ( 'NONE', *, *, #2090, .T. ) ;
#5697 = ORIENTED_EDGE ( 'NONE', *, *, #2875, .F. ) ;
#5698 = CARTESIAN_POINT ( 'NONE',  ( 49.28541919068303656, 58.62563132923540365, 0.000000000000000000 ) ) ;
#5699 = CIRCLE ( 'NONE', #3051, 1.549999999999994937 ) ;
#5700 = CIRCLE ( 'NONE', #3630, 1.499999999999994449 ) ;
#5701 = DIRECTION ( 'NONE',  ( 0.000000000000000000, 0.000000000000000000, 1.000000000000000000 ) ) ;
#5702 = VERTEX_POINT ( 'NONE', #4222 ) ;
#5703 = DIRECTION ( 'NONE',  ( -0.000000000000000000, 1.000000000000000000, -0.000000000000000000 ) ) ;
#5704 = ORIENTED_EDGE ( 'NONE', *, *, #57, .F. ) ;
#5705 = ADVANCED_FACE ( 'NONE', ( #961 ), #3321, .F. ) ;
#5706 = DIRECTION ( 'NONE',  ( -0.000000000000000000, 0.000000000000000000, -1.000000000000000000 ) ) ;
#5707 = DIRECTION ( 'NONE',  ( 4.336808689942018229E-16, -0.000000000000000000, 1.000000000000000000 ) ) ;
#5708 = DIRECTION ( 'NONE',  ( -0.000000000000000000, -1.000000000000000000, 0.000000000000000000 ) ) ;
#5709 = DIRECTION ( 'NONE',  ( -0.000000000000000000, 1.000000000000000000, -0.000000000000000000 ) ) ;
#5710 = ORIENTED_EDGE ( 'NONE', *, *, #5422, .T. ) ;
#5711 = CARTESIAN_POINT ( 'NONE',  ( -16.03760560178672989, 30.70385504942590060, 8.781340088163810620 ) ) ;
#5712 = CYLINDRICAL_SURFACE ( 'NONE', #1776, 2.374999999999998668 ) ;
#5713 = CYLINDRICAL_SURFACE ( 'NONE', #3831, 2.000000000000001776 ) ;
#5714 = DIRECTION ( 'NONE',  ( 1.000000000000000000, 0.000000000000000000, 0.000000000000000000 ) ) ;
#5715 = ADVANCED_FACE ( 'NONE', ( #537 ), #41, .T. ) ;
#5716 = VERTEX_POINT ( 'NONE', #3259 ) ;
#5717 = ORIENTED_EDGE ( 'NONE', *, *, #1022, .F. ) ;
#5718 = EDGE_CURVE ( 'NONE', #3534, #2971, #5201, .T. ) ;
#5719 = LINE ( 'NONE', #3936, #1116 ) ;
#5720 = LINE ( 'NONE', #4285, #1062 ) ;
#5721 = CYLINDRICAL_SURFACE ( 'NONE', #1299, 1.550000000000002709 ) ;
#5722 = VERTEX_POINT ( 'NONE', #2403 ) ;
#5723 = EDGE_LOOP ( 'NONE', ( #769, #4488, #1110, #1841 ) ) ;
#5724 = DIRECTION ( 'NONE',  ( 0.000000000000000000, -0.000000000000000000, -1.000000000000000000 ) ) ;
#5725 = ADVANCED_FACE ( 'NONE', ( #1905 ), #3711, .F. ) ;
#5726 = CARTESIAN_POINT ( 'NONE',  ( 15.94837672649615179, 2.309932933304438052, 8.863648279520782935 ) ) ;
#5727 = CARTESIAN_POINT ( 'NONE',  ( 52.50000000000004974, -26.69999999999998863, 3.100000000000000089 ) ) ;
#5728 = CARTESIAN_POINT ( 'NONE',  ( -16.03760560178675831, 2.419583801963767655, 8.781340088163785751 ) ) ;
#5729 = DIRECTION ( 'NONE',  ( -1.000000000000000000, 0.000000000000000000, 0.000000000000000000 ) ) ;
#5730 = CARTESIAN_POINT ( 'NONE',  ( -14.14213562373095812, 3.857864376269070306, 4.000000000000000000 ) ) ;
#5731 = EDGE_CURVE ( 'NONE', #5574, #4953, #5595, .T. ) ;
#5732 = CARTESIAN_POINT ( 'NONE',  ( 30.12500000000000355, 9.000000000000007105, 5.886015930083763337 ) ) ;
#5733 = CARTESIAN_POINT ( 'NONE',  ( -6.980486755139909756E-15, 18.00000000000001066, 9.502147685123530252 ) ) ;
#5734 = DIRECTION ( 'NONE',  ( 0.000000000000000000, 0.000000000000000000, -1.000000000000000000 ) ) ;
#5735 = AXIS2_PLACEMENT_3D ( 'NONE', #3299, #2841, #2382 ) ;
#5736 = EDGE_LOOP ( 'NONE', ( #5262, #356, #3399, #2199 ) ) ;
#5737 = DIRECTION ( 'NONE',  ( 0.000000000000000000, 0.000000000000000000, -1.000000000000000000 ) ) ;
#5738 = CIRCLE ( 'NONE', #3880, 1.499999999999994449 ) ;
#5739 = CARTESIAN_POINT ( 'NONE',  ( -11.81557249737487325, 3.319363967367900070, 8.588984560378142064 ) ) ;
#5740 = CARTESIAN_POINT ( 'NONE',  ( -15.85553813188510297, 5.502515355976079547, 8.951879224483093367 ) ) ;
#5741 = DIRECTION ( 'NONE',  ( -1.000000000000000000, 0.000000000000000000, 0.000000000000000000 ) ) ;
#5742 = ORIENTED_EDGE ( 'NONE', *, *, #4714, .F. ) ;
#5743 = CIRCLE ( 'NONE', #4183, 1.499999999999994449 ) ;
#5744 = ORIENTED_EDGE ( 'NONE', *, *, #4018, .T. ) ;
#5745 = CIRCLE ( 'NONE', #4380, 1.549999999999994937 ) ;
#5746 = ADVANCED_FACE ( 'NONE', ( #2375 ), #1813, .F. ) ;
#5747 = FACE_OUTER_BOUND ( 'NONE', #3163, .T. ) ;
#5748 = DIRECTION ( 'NONE',  ( -0.000000000000000000, -0.000000000000000000, 1.000000000000000000 ) ) ;
#5749 = CARTESIAN_POINT ( 'NONE',  ( 14.14213562373082667, 3.857864376268921092, 9.502147685123530252 ) ) ;
#5750 = ORIENTED_EDGE ( 'NONE', *, *, #2761, .T. ) ;
#5751 = ORIENTED_EDGE ( 'NONE', *, *, #4313, .T. ) ;
#5752 = EDGE_CURVE ( 'NONE', #3386, #2758, #2739, .T. ) ;
#5753 = CARTESIAN_POINT ( 'NONE',  ( 11.50000000000000711, 22.89897948556633622, 3.100000000000000533 ) ) ;
#5754 = ADVANCED_FACE ( 'NONE', ( #5531 ), #4251, .F. ) ;
#5755 = FACE_OUTER_BOUND ( 'NONE', #3436, .T. ) ;
#5756 = ORIENTED_EDGE ( 'NONE', *, *, #2789, .F. ) ;
#5757 = CARTESIAN_POINT ( 'NONE',  ( -15.85553813188512251, 2.213213396562124569, 8.951879224483088038 ) ) ;
#5758 = EDGE_LOOP ( 'NONE', ( #1209, #133, #5470, #5890 ) ) ;
#5759 = CIRCLE ( 'NONE', #891, 2.000000000000000000 ) ;
#5760 = CIRCLE ( 'NONE', #508, 1.500000000000003997 ) ;
#5761 = FACE_OUTER_BOUND ( 'NONE', #760, .T. ) ;
#5762 = CARTESIAN_POINT ( 'NONE',  ( -15.48662300103810807, 1.896137969207347451, 9.233099403571863206 ) ) ;
#5763 = ORIENTED_EDGE ( 'NONE', *, *, #5731, .T. ) ;
#5764 = AXIS2_PLACEMENT_3D ( 'NONE', #4339, #181, #3797 ) ;
#5765 = CARTESIAN_POINT ( 'NONE',  ( -22.50000000000000000, 69.99999999999998579, 0.000000000000000000 ) ) ;
#5766 = DIRECTION ( 'NONE',  ( -0.000000000000000000, -0.000000000000000000, 1.000000000000000000 ) ) ;
#5767 = LINE ( 'NONE', #1536, #2078 ) ;
#5768 = CIRCLE ( 'NONE', #216, 1.000000000000000000 ) ;
#5769 = CARTESIAN_POINT ( 'NONE',  ( 15.37728868113850744, 30.10929173792530378, 9.292919847835783287 ) ) ;
#5770 = DIRECTION ( 'NONE',  ( 0.000000000000000000, 0.000000000000000000, -1.000000000000000000 ) ) ;
#5771 = ORIENTED_EDGE ( 'NONE', *, *, #4660, .T. ) ;
#5772 = ORIENTED_EDGE ( 'NONE', *, *, #2381, .T. ) ;
#5773 = AXIS2_PLACEMENT_3D ( 'NONE', #1440, #881, #2725 ) ;
#5774 = DIRECTION ( 'NONE',  ( 0.000000000000000000, 0.000000000000000000, -1.000000000000000000 ) ) ;
#5775 = CARTESIAN_POINT ( 'NONE',  ( -8.500000000000028422, -9.999999999999987566, 0.5999999999999998668 ) ) ;
#5776 = CARTESIAN_POINT ( 'NONE',  ( -14.14213562373084443, 32.14213562373108601, 0.000000000000000000 ) ) ;
#5777 = VERTEX_POINT ( 'NONE', #3198 ) ;
#5778 = ORIENTED_EDGE ( 'NONE', *, *, #1594, .F. ) ;
#5779 = VECTOR ( 'NONE', #781, 1000.000000000000000 ) ;
#5780 = CIRCLE ( 'NONE', #2950, 0.9999999999999980016 ) ;
#5781 = CARTESIAN_POINT ( 'NONE',  ( -12.88291199496727657, 34.15999050828903449, 9.407957267147411429 ) ) ;
#5782 = CARTESIAN_POINT ( 'NONE',  ( 15.77435312315933125, 2.128634601856313147, 9.029034959839291830 ) ) ;
#5783 = CIRCLE ( 'NONE', #3725, 2.375000000000000444 ) ;
#5784 = ADVANCED_FACE ( 'NONE', ( #1426 ), #2867, .F. ) ;
#5785 = AXIS2_PLACEMENT_3D ( 'NONE', #2509, #5358, #2054 ) ;
#5786 = CIRCLE ( 'NONE', #1320, 1.500000000000003997 ) ;
#5787 = CARTESIAN_POINT ( 'NONE',  ( 25.50000000000000711, -6.938893903907228378E-15, 19.09999999999999787 ) ) ;
#5788 = DIRECTION ( 'NONE',  ( -0.000000000000000000, -0.000000000000000000, 1.000000000000000000 ) ) ;
#5789 = DIRECTION ( 'NONE',  ( 0.000000000000000000, 0.000000000000000000, -1.000000000000000000 ) ) ;
#5790 = CARTESIAN_POINT ( 'NONE',  ( -56.50000000000002842, 73.00000000000000000, 0.000000000000000000 ) ) ;
#5791 = ORIENTED_EDGE ( 'NONE', *, *, #1624, .F. ) ;
#5792 = CARTESIAN_POINT ( 'NONE',  ( 22.50000000000000000, 70.00000000000000000, 0.000000000000000000 ) ) ;
#5793 = CARTESIAN_POINT ( 'NONE',  ( -30.12500000000000711, 27.00000000000001066, 9.502147685123530252 ) ) ;
#5794 = DIRECTION ( 'NONE',  ( 0.000000000000000000, 0.000000000000000000, -1.000000000000000000 ) ) ;
#5795 = CARTESIAN_POINT ( 'NONE',  ( 12.50000000000000000, 39.00000000000000000, -5.421010862427523748E-15 ) ) ;
#5796 = ORIENTED_EDGE ( 'NONE', *, *, #1247, .T. ) ;
#5797 = CARTESIAN_POINT ( 'NONE',  ( 16.43624433899084281, 31.50725020838170920, 8.429943725465449234 ) ) ;
#5798 = CYLINDRICAL_SURFACE ( 'NONE', #5545, 2.000000000000000000 ) ;
#5799 = LINE ( 'NONE', #5380, #1979 ) ;
#5800 = VERTEX_POINT ( 'NONE', #5078 ) ;
#5801 = EDGE_LOOP ( 'NONE', ( #3108, #5796, #2498, #4363 ) ) ;
#5802 = DIRECTION ( 'NONE',  ( 0.000000000000000000, 0.000000000000000000, -1.000000000000000000 ) ) ;
#5803 = ORIENTED_EDGE ( 'NONE', *, *, #3730, .T. ) ;
#5804 = CARTESIAN_POINT ( 'NONE',  ( 14.75522340929068932, 1.559205661431122270, 9.487335851268522191 ) ) ;
#5805 = ORIENTED_EDGE ( 'NONE', *, *, #1300, .T. ) ;
#5806 = CARTESIAN_POINT ( 'NONE',  ( -32.88745466221528346, 29.34754746785712598, 7.206602847207062901 ) ) ;
#5807 = EDGE_CURVE ( 'NONE', #2974, #2086, #4908, .T. ) ;
#5808 = CARTESIAN_POINT ( 'NONE',  ( -30.79366764846639626, 10.65984963663967378, 6.138748232187400511 ) ) ;
#5809 = VERTEX_POINT ( 'NONE', #6007 ) ;
#5810 = CARTESIAN_POINT ( 'NONE',  ( -16.50019665848161310, 4.182448497365752083, 8.375947516752709987 ) ) ;
#5811 = CARTESIAN_POINT ( 'NONE',  ( 12.14213562373082667, 3.857864376268921092, 4.000000000000000000 ) ) ;
#5812 = CARTESIAN_POINT ( 'NONE',  ( -37.50000000000000711, -6.938893903907228378E-15, 9.502147685123530252 ) ) ;
#5813 = VERTEX_POINT ( 'NONE', #1838 ) ;
#5814 = EDGE_CURVE ( 'NONE', #5601, #1822, #5563, .T. ) ;
#5815 = CARTESIAN_POINT ( 'NONE',  ( -51.41331815084611634, 58.62563132923541076, 0.000000000000000000 ) ) ;
#5816 = DIRECTION ( 'NONE',  ( 1.000000000000000000, 0.000000000000000000, 0.000000000000000000 ) ) ;
#5817 = EDGE_CURVE ( 'NONE', #5607, #2209, #932, .T. ) ;
#5818 = ADVANCED_FACE ( 'NONE', ( #4189 ), #4229, .T. ) ;
#5819 = CARTESIAN_POINT ( 'NONE',  ( -34.78698526203253749, 26.33829913314598059, 8.623641282121752738 ) ) ;
#5820 = CARTESIAN_POINT ( 'NONE',  ( -37.50000000000000711, 40.00000000000000000, 7.502147685123529364 ) ) ;
#5821 = EDGE_LOOP ( 'NONE', ( #2201, #2217 ) ) ;
#5822 = ORIENTED_EDGE ( 'NONE', *, *, #2007, .T. ) ;
#5823 = CARTESIAN_POINT ( 'NONE',  ( -12.50000000000000888, 17.99999999999997513, 9.234198492692629046 ) ) ;
#5824 = CARTESIAN_POINT ( 'NONE',  ( 16.38941892982040827, 32.92563113093101634, 8.469686795836711468 ) ) ;
#5825 = AXIS2_PLACEMENT_3D ( 'NONE', #4536, #1932, #3180 ) ;
#5826 = DIRECTION ( 'NONE',  ( -0.000000000000000000, 1.000000000000000000, -0.000000000000000000 ) ) ;
#5827 = EDGE_LOOP ( 'NONE', ( #1179, #2363, #5949, #2112 ) ) ;
#5828 = ORIENTED_EDGE ( 'NONE', *, *, #3435, .F. ) ;
#5829 = CARTESIAN_POINT ( 'NONE',  ( 50.83541919068304082, 58.62563132923540365, 3.100000000000000089 ) ) ;
#5830 = CARTESIAN_POINT ( 'NONE',  ( 13.50000000000000533, -1.000000000000006883, 9.502147685123530252 ) ) ;
#5831 = CARTESIAN_POINT ( 'NONE',  ( 31.43600449077134229, 11.12911777438337779, 6.419858887568157257 ) ) ;
#5832 = ORIENTED_EDGE ( 'NONE', *, *, #4194, .T. ) ;
#5833 = DIRECTION ( 'NONE',  ( -0.000000000000000000, -0.000000000000000000, -1.000000000000000000 ) ) ;
#5834 = EDGE_LOOP ( 'NONE', ( #3412, #4053, #1516, #4854 ) ) ;
#5835 = DIRECTION ( 'NONE',  ( 1.000000000000000000, 0.000000000000000000, 0.000000000000000000 ) ) ;
#5836 = VERTEX_POINT ( 'NONE', #5682 ) ;
#5837 = CARTESIAN_POINT ( 'NONE',  ( 30.12500000000001421, 26.82961240326563157, 5.886015930083765113 ) ) ;
#5838 = FACE_BOUND ( 'NONE', #4354, .T. ) ;
#5839 = ORIENTED_EDGE ( 'NONE', *, *, #4931, .T. ) ;
#5840 = CIRCLE ( 'NONE', #2141, 2.000000000000001776 ) ;
#5841 = CARTESIAN_POINT ( 'NONE',  ( 14.14213562373082667, 3.857864376268921092, 4.000000000000000000 ) ) ;
#5842 = CARTESIAN_POINT ( 'NONE',  ( 34.87500000000000000, 9.000000000000007105, 4.000000000000000000 ) ) ;
#5843 = PERSON_AND_ORGANIZATION ( #5213, #1598 ) ;
#5844 = CARTESIAN_POINT ( 'NONE',  ( -33.92824023255936083, 25.09701252151325690, 7.920245012819016495 ) ) ;
#5845 = CARTESIAN_POINT ( 'NONE',  ( -33.16297903994875895, 6.714958461205416285, 7.382237885308392755 ) ) ;
#5846 = AXIS2_PLACEMENT_3D ( 'NONE', #5039, #917, #26 ) ;
#5847 = ORIENTED_EDGE ( 'NONE', *, *, #4598, .F. ) ;
#5848 = EDGE_LOOP ( 'NONE', ( #2577, #4540, #5742, #436 ) ) ;
#5849 = ADVANCED_FACE ( 'NONE', ( #4769 ), #215, .T. ) ;
#5850 = DIRECTION ( 'NONE',  ( 0.000000000000000000, -1.000000000000000000, -0.000000000000000000 ) ) ;
#5851 = LINE ( 'NONE', #1331, #384 ) ;
#5852 = DIRECTION ( 'NONE',  ( 0.000000000000000000, 0.000000000000000000, -1.000000000000000000 ) ) ;
#5853 = ORIENTED_EDGE ( 'NONE', *, *, #2549, .T. ) ;
#5854 = ORIENTED_EDGE ( 'NONE', *, *, #695, .F. ) ;
#5855 = CIRCLE ( 'NONE', #3708, 1.000000000000000888 ) ;
#5856 = DIRECTION ( 'NONE',  ( -0.000000000000000000, -0.000000000000000000, -1.000000000000000000 ) ) ;
#5857 = EDGE_CURVE ( 'NONE', #2119, #4162, #3842, .T. ) ;
#5858 = AXIS2_PLACEMENT_3D ( 'NONE', #4412, #3998, #1698 ) ;
#5859 = LINE ( 'NONE', #812, #823 ) ;
#5860 = AXIS2_PLACEMENT_3D ( 'NONE', #5416, #714, #1657 ) ;
#5861 = CYLINDRICAL_SURFACE ( 'NONE', #1693, 1.550000000000002709 ) ;
#5862 = DIRECTION ( 'NONE',  ( 0.000000000000000000, 0.000000000000000000, -1.000000000000000000 ) ) ;
#5863 = EDGE_LOOP ( 'NONE', ( #4693, #1609, #4459, #642 ) ) ;
#5864 = LINE ( 'NONE', #203, #285 ) ;
#5865 = VERTEX_POINT ( 'NONE', #2554 ) ;
#5866 = CARTESIAN_POINT ( 'NONE',  ( -33.30389648546722015, 29.23932461249501102, 7.475700032580928855 ) ) ;
#5867 = AXIS2_PLACEMENT_3D ( 'NONE', #2107, #5279, #3964 ) ;
#5868 = AXIS2_PLACEMENT_3D ( 'NONE', #2395, #3312, #2976 ) ;
#5869 = AXIS2_PLACEMENT_3D ( 'NONE', #2321, #1360, #3113 ) ;
#5870 = DIRECTION ( 'NONE',  ( 0.000000000000000000, 0.000000000000000000, -1.000000000000000000 ) ) ;
#5871 = EDGE_CURVE ( 'NONE', #5809, #5054, #5783, .T. ) ;
#5872 = ORIENTED_EDGE ( 'NONE', *, *, #3500, .T. ) ;
#5873 = CARTESIAN_POINT ( 'NONE',  ( 34.04197552970922658, 25.18772801515255466, 8.007092240957044638 ) ) ;
#5874 = CARTESIAN_POINT ( 'NONE',  ( 56.49999999999997158, 75.00000000000000000, 3.100000000000000089 ) ) ;
#5875 = FACE_BOUND ( 'NONE', #578, .T. ) ;
#5876 = VERTEX_POINT ( 'NONE', #3352 ) ;
#5877 = AXIS2_PLACEMENT_3D ( 'NONE', #5765, #4274, #4306 ) ;
#5878 = DIRECTION ( 'NONE',  ( -0.000000000000000000, 0.000000000000000000, 1.000000000000000000 ) ) ;
#5879 = LINE ( 'NONE', #2096, #3428 ) ;
#5880 = DIRECTION ( 'NONE',  ( 0.000000000000000000, 0.000000000000000000, -1.000000000000000000 ) ) ;
#5881 = CARTESIAN_POINT ( 'NONE',  ( -12.88291199496732453, 5.875719260826981483, 9.407957267147423863 ) ) ;
#5882 = CARTESIAN_POINT ( 'NONE',  ( 42.50000000000002842, -9.999999999999994671, 0.5999999999999998668 ) ) ;
#5883 = CIRCLE ( 'NONE', #3349, 1.000000000000000000 ) ;
#5884 = ORIENTED_EDGE ( 'NONE', *, *, #5272, .F. ) ;
#5885 = ORIENTED_EDGE ( 'NONE', *, *, #3848, .F. ) ;
#5886 = PLANE ( 'NONE',  #45 ) ;
#5887 = ADVANCED_FACE ( 'NONE', ( #2958 ), #1989, .F. ) ;
#5888 = DIRECTION ( 'NONE',  ( -1.000000000000000000, 0.000000000000000000, 0.000000000000000000 ) ) ;
#5889 = DIRECTION ( 'NONE',  ( -1.000000000000000000, 0.000000000000000000, 0.000000000000000000 ) ) ;
#5890 = ORIENTED_EDGE ( 'NONE', *, *, #4606, .F. ) ;
#5891 = EDGE_CURVE ( 'NONE', #3141, #5217, #5119, .T. ) ;
#5892 = ORIENTED_EDGE ( 'NONE', *, *, #967, .F. ) ;
#5893 = CARTESIAN_POINT ( 'NONE',  ( 42.50000000000002842, -9.999999999999994671, 3.100000000000000089 ) ) ;
#5894 = CARTESIAN_POINT ( 'NONE',  ( 54.49999999999999289, -72.99999999999997158, 0.000000000000000000 ) ) ;
#5895 = DIRECTION ( 'NONE',  ( -1.000000000000000000, 0.000000000000000000, 0.000000000000000000 ) ) ;
#5896 = EDGE_CURVE ( 'NONE', #5040, #656, #1115, .T. ) ;
#5897 = EDGE_CURVE ( 'NONE', #476, #668, #5699, .T. ) ;
#5898 = EDGE_LOOP ( 'NONE', ( #1140, #1158, #3565, #899 ) ) ;
#5899 = LINE ( 'NONE', #2539, #2158 ) ;
#5900 = CYLINDRICAL_SURFACE ( 'NONE', #4887, 1.000000000000000888 ) ;
#5901 = CARTESIAN_POINT ( 'NONE',  ( -14.14213562373095812, 3.857864376269070306, 9.502147685123530252 ) ) ;
#5902 = EDGE_LOOP ( 'NONE', ( #2289, #2645, #3881, #1227 ) ) ;
#5903 = CARTESIAN_POINT ( 'NONE',  ( -35.14446186811489525, -6.938893903907228378E-15, 8.951879224483086261 ) ) ;
#5904 = DIRECTION ( 'NONE',  ( 0.000000000000000000, -1.000000000000000000, -0.000000000000000000 ) ) ;
#5905 = VERTEX_POINT ( 'NONE', #652 ) ;
#5906 = ADVANCED_FACE ( 'NONE', ( #4308 ), #5713, .T. ) ;
#5907 = CYLINDRICAL_SURFACE ( 'NONE', #1799, 1.550000000000002709 ) ;
#5908 = CARTESIAN_POINT ( 'NONE',  ( 16.50019665848148875, 4.182448497365568230, 8.375947516752814792 ) ) ;
#5909 = COORDINATED_UNIVERSAL_TIME_OFFSET ( 5, 30, .AHEAD. ) ;
#5910 = CARTESIAN_POINT ( 'NONE',  ( 20.94999999999999929, 70.00000000000000000, 0.000000000000000000 ) ) ;
#5911 = CARTESIAN_POINT ( 'NONE',  ( -12.50000000000000178, -6.938893903907228378E-15, 3.100000000000000089 ) ) ;
#5912 = ORIENTED_EDGE ( 'NONE', *, *, #1277, .F. ) ;
#5913 = VERTEX_POINT ( 'NONE', #623 ) ;
#5914 = CARTESIAN_POINT ( 'NONE',  ( 42.50000000000002842, -9.999999999999994671, 3.100000000000000089 ) ) ;
#5915 = DIRECTION ( 'NONE',  ( -0.000000000000000000, -0.000000000000000000, 1.000000000000000000 ) ) ;
#5916 = CARTESIAN_POINT ( 'NONE',  ( 14.47775786501156858, -6.938893903907228378E-15, 7.502147685123529364 ) ) ;
#5917 = EDGE_LOOP ( 'NONE', ( #5252, #3089, #258, #4465 ) ) ;
#5918 = EDGE_LOOP ( 'NONE', ( #2128, #1238 ) ) ;
#5919 = EDGE_CURVE ( 'NONE', #5905, #4747, #5767, .T. ) ;
#5920 = DIRECTION ( 'NONE',  ( -1.000000000000000000, 0.000000000000000000, 0.000000000000000000 ) ) ;
#5921 = AXIS2_PLACEMENT_3D ( 'NONE', #3322, #1455, #2773 ) ;
#5922 = CARTESIAN_POINT ( 'NONE',  ( 11.85595497248904984, 4.513397937405136950, 8.643106897431938052 ) ) ;
#5923 = DIRECTION ( 'NONE',  ( 1.000000000000000000, 0.000000000000000000, 0.000000000000000000 ) ) ;
#5924 = EDGE_LOOP ( 'NONE', ( #4109, #5006 ) ) ;
#5925 = CARTESIAN_POINT ( 'NONE',  ( -42.50000000000002842, -9.999999999999994671, 3.100000000000000089 ) ) ;
#5926 = PRODUCT_DEFINITION_SHAPE ( 'NONE', 'NONE',  #4152 ) ;
#5927 = ORIENTED_EDGE ( 'NONE', *, *, #4149, .F. ) ;
#5928 = DIRECTION ( 'NONE',  ( -1.000000000000000000, 0.000000000000000000, 0.000000000000000000 ) ) ;
#5929 = VECTOR ( 'NONE', #3060, 1000.000000000000000 ) ;
#5930 = ADVANCED_FACE ( 'NONE', ( #2921 ), #2467, .F. ) ;
#5931 = CARTESIAN_POINT ( 'NONE',  ( -56.50000000000002842, 75.00000000000000000, 0.000000000000000000 ) ) ;
#5932 = DIRECTION ( 'NONE',  ( 1.000000000000000000, 0.000000000000000000, 0.000000000000000000 ) ) ;
#5933 = FACE_BOUND ( 'NONE', #265, .T. ) ;
#5934 = VERTEX_POINT ( 'NONE', #5324 ) ;
#5935 = FACE_BOUND ( 'NONE', #3925, .T. ) ;
#5936 = CARTESIAN_POINT ( 'NONE',  ( 11.76713562373092792, 32.14213562373167576, 8.500737217143310431 ) ) ;
#5937 = DIRECTION ( 'NONE',  ( 0.000000000000000000, 0.000000000000000000, 1.000000000000000000 ) ) ;
#5938 = DIRECTION ( 'NONE',  ( 0.000000000000000000, 0.000000000000000000, 1.000000000000000000 ) ) ;
#5939 = DIRECTION ( 'NONE',  ( 0.000000000000000000, 0.000000000000000000, -1.000000000000000000 ) ) ;
#5940 = VERTEX_POINT ( 'NONE', #5740 ) ;
#5941 = AXIS2_PLACEMENT_3D ( 'NONE', #5911, #1772, #3139 ) ;
#5942 = CARTESIAN_POINT ( 'NONE',  ( -15.94913458922335359, 33.68927752294820976, 8.862928030093774723 ) ) ;
#5943 = DIRECTION ( 'NONE',  ( 0.000000000000000000, 0.000000000000000000, -1.000000000000000000 ) ) ;
#5944 = AXIS2_PLACEMENT_3D ( 'NONE', #2975, #4851, #3764 ) ;
#5945 = FACE_OUTER_BOUND ( 'NONE', #4723, .T. ) ;
#5946 = EDGE_CURVE ( 'NONE', #3752, #1982, #1565, .T. ) ;
#5947 = CARTESIAN_POINT ( 'NONE',  ( -42.50000000000002842, -9.999999999999994671, 0.5999999999999998668 ) ) ;
#5948 = ORIENTED_EDGE ( 'NONE', *, *, #1374, .T. ) ;
#5949 = ORIENTED_EDGE ( 'NONE', *, *, #957, .F. ) ;
#5950 = B_SPLINE_CURVE_WITH_KNOTS ( 'NONE', 3,
 ( #1049, #3809, #5685, #2435, #3844, #4311, #707, #3442, #2924, #2556, #132, #1992, #4797, #2472 ),
 .UNSPECIFIED., .F., .F.,
 ( 4, 2, 2, 2, 2, 2, 4 ),
 ( 0.000000000000000000, 0.0004061931298570807146, 0.0008123862597141614291, 0.001624772519428321123, 0.002030965649285399778, 0.002437158779142478866, 0.003249545038856635742 ),
 .UNSPECIFIED. ) ;
#5951 = CARTESIAN_POINT ( 'NONE',  ( 12.09200304512559399, 5.081469834620787829, 8.934954189179032724 ) ) ;
#5952 = DIRECTION ( 'NONE',  ( 0.000000000000000000, 0.000000000000000000, -1.000000000000000000 ) ) ;
#5953 = CIRCLE ( 'NONE', #705, 1.550000000000002709 ) ;
#5954 = ORIENTED_EDGE ( 'NONE', *, *, #3059, .F. ) ;
#5955 = DIRECTION ( 'NONE',  ( 1.000000000000000000, 0.000000000000000000, 0.000000000000000000 ) ) ;
#5956 = ORIENTED_EDGE ( 'NONE', *, *, #4914, .F. ) ;
#5957 = DIRECTION ( 'NONE',  ( -0.000000000000000000, -0.000000000000000000, -1.000000000000000000 ) ) ;
#5958 = AXIS2_PLACEMENT_3D ( 'NONE', #4171, #1762, #2670 ) ;
#5959 = VECTOR ( 'NONE', #3054, 1000.000000000000000 ) ;
#5960 = CARTESIAN_POINT ( 'NONE',  ( 35.83335200155166689, -6.938893903907228378E-15, 8.227013454803309145 ) ) ;
#5961 = EDGE_CURVE ( 'NONE', #4397, #5777, #4520, .T. ) ;
#5962 = ORIENTED_EDGE ( 'NONE', *, *, #3560, .F. ) ;
#5963 = AXIS2_PLACEMENT_3D ( 'NONE', #358, #1094, #3993 ) ;
#5964 = PLANE ( 'NONE',  #2062 ) ;
#5965 = DIRECTION ( 'NONE',  ( -1.000000000000000000, 0.000000000000000000, 0.000000000000000000 ) ) ;
#5966 = VECTOR ( 'NONE', #1960, 1000.000000000000000 ) ;
#5967 = EDGE_CURVE ( 'NONE', #5876, #294, #1958, .T. ) ;
#5968 = ORIENTED_EDGE ( 'NONE', *, *, #3906, .F. ) ;
#5969 = AXIS2_PLACEMENT_3D ( 'NONE', #3856, #640, #2484 ) ;
#5970 = CIRCLE ( 'NONE', #4909, 1.550000000000002709 ) ;
#5971 = CARTESIAN_POINT ( 'NONE',  ( -13.50000000000000533, -6.938893903907228378E-15, 7.502147685123529364 ) ) ;
#5972 = LINE ( 'NONE', #3253, #5534 ) ;
#5973 = CARTESIAN_POINT ( 'NONE',  ( -49.69999999999999574, 45.99999999999999289, 0.000000000000000000 ) ) ;
#5974 = CARTESIAN_POINT ( 'NONE',  ( -16.51713562373095812, 3.857864376269070306, 8.361836861103457252 ) ) ;
#5975 = EDGE_LOOP ( 'NONE', ( #2148, #595, #3571, #5637 ) ) ;
#5976 = AXIS2_PLACEMENT_3D ( 'NONE', #5009, #2188, #793 ) ;
#5977 = CARTESIAN_POINT ( 'NONE',  ( -16.19773122559064404, 33.34039879660164729, 8.636761677033366169 ) ) ;
#5978 = DIRECTION ( 'NONE',  ( -1.000000000000000000, 0.000000000000000000, 0.000000000000000000 ) ) ;
#5979 = VECTOR ( 'NONE', #5430, 1000.000000000000000 ) ;
#5980 = CARTESIAN_POINT ( 'NONE',  ( -11.50000000000000178, -1.000000000000006883, -4.987329993433321974E-15 ) ) ;
#5981 = DIRECTION ( 'NONE',  ( -0.000000000000000000, -0.000000000000000000, 1.000000000000000000 ) ) ;
#5982 = ORIENTED_EDGE ( 'NONE', *, *, #3355, .T. ) ;
#5983 = VERTEX_POINT ( 'NONE', #3804 ) ;
#5984 = ADVANCED_FACE ( 'NONE', ( #1620 ), #3464, .T. ) ;
#5985 = CARTESIAN_POINT ( 'NONE',  ( -13.50000000000000533, 40.00000000000000000, 8.502147685123528476 ) ) ;
#5986 = DIRECTION ( 'NONE',  ( 1.000000000000000000, 0.000000000000000000, 0.000000000000000000 ) ) ;
#5987 = FACE_BOUND ( 'NONE', #608, .T. ) ;
#5988 = ORIENTED_EDGE ( 'NONE', *, *, #4040, .T. ) ;
#5989 = CARTESIAN_POINT ( 'NONE',  ( 30.12500000000000355, 9.000000000000007105, 4.000000000000000000 ) ) ;
#5990 = ORIENTED_EDGE ( 'NONE', *, *, #4969, .T. ) ;
#5991 = FACE_OUTER_BOUND ( 'NONE', #5239, .T. ) ;
#5992 = DIRECTION ( 'NONE',  ( 1.000000000000000000, 0.000000000000000000, 0.000000000000000000 ) ) ;
#5993 = ORIENTED_EDGE ( 'NONE', *, *, #2735, .T. ) ;
#5994 = DIRECTION ( 'NONE',  ( 0.000000000000000000, 0.000000000000000000, -1.000000000000000000 ) ) ;
#5995 = DIRECTION ( 'NONE',  ( 0.000000000000000000, 0.000000000000000000, -1.000000000000000000 ) ) ;
#5996 = ORIENTED_EDGE ( 'NONE', *, *, #1757, .F. ) ;
#5997 = EDGE_CURVE ( 'NONE', #1500, #4144, #3629, .T. ) ;
#5998 = CARTESIAN_POINT ( 'NONE',  ( 32.50000000000000000, 9.000000000000007105, 0.000000000000000000 ) ) ;
#5999 = DIRECTION ( 'NONE',  ( 0.000000000000000000, 0.000000000000000000, -1.000000000000000000 ) ) ;
#6000 = FACE_OUTER_BOUND ( 'NONE', #747, .T. ) ;
#6001 = CARTESIAN_POINT ( 'NONE',  ( 8.461050519918462243, 71.00000000000000000, 0.000000000000000000 ) ) ;
#6002 = ORIENTED_EDGE ( 'NONE', *, *, #1328, .T. ) ;
#6003 = EDGE_CURVE ( 'NONE', #1596, #1822, #3150, .T. ) ;
#6004 = EDGE_CURVE ( 'NONE', #2006, #2548, #5466, .T. ) ;
#6005 = CARTESIAN_POINT ( 'NONE',  ( -16.26998224527072878, 33.20816387046393459, 8.573223736475370060 ) ) ;
#6006 = CARTESIAN_POINT ( 'NONE',  ( 38.50000000000000711, -6.938893903907228378E-15, 0.000000000000000000 ) ) ;
#6007 = CARTESIAN_POINT ( 'NONE',  ( 16.51713562373082667, 3.857864376268921536, 4.000000000000000000 ) ) ;
#6008 = CARTESIAN_POINT ( 'NONE',  ( 11.87764891710919990, 14.09923857759280530, 8.678917733333875617 ) ) ;
#6009 = CARTESIAN_POINT ( 'NONE',  ( -51.25000000000000000, 45.99999999999999289, 0.000000000000000000 ) ) ;
#6010 = EDGE_LOOP ( 'NONE', ( #2934, #5872, #1753, #1234, #1340, #1233, #2230, #1430, #5124, #3744, #3341 ) ) ;
#6011 = ORIENTED_EDGE ( 'NONE', *, *, #4897, .T. ) ;
#6012 = CARTESIAN_POINT ( 'NONE',  ( 33.16207022907198620, 6.714659134551126840, 7.381634105492216769 ) ) ;
#6013 = CARTESIAN_POINT ( 'NONE',  ( 8.500000000000028422, -9.999999999999987566, 0.5999999999999998668 ) ) ;
#6014 = ORIENTED_EDGE ( 'NONE', *, *, #1476, .T. ) ;
#6015 = ORIENTED_EDGE ( 'NONE', *, *, #605, .T. ) ;
#6016 = CARTESIAN_POINT ( 'NONE',  ( 6.911050519918468638, 71.00000000000000000, 3.100000000000000089 ) ) ;
#6017 = CIRCLE ( 'NONE', #5645, 1.550000000000002709 ) ;
#6018 = CARTESIAN_POINT ( 'NONE',  ( 42.50000000000002842, -9.999999999999994671, 0.5999999999999998668 ) ) ;
#6019 = VERTEX_POINT ( 'NONE', #2124 ) ;
#6020 = CARTESIAN_POINT ( 'NONE',  ( -39.50000000000000711, -1.000000000000006883, 0.000000000000000000 ) ) ;
#6021 = AXIS2_PLACEMENT_3D ( 'NONE', #363, #4138, #4066 ) ;
#6022 = ORIENTED_EDGE ( 'NONE', *, *, #1953, .T. ) ;
#6023 = CARTESIAN_POINT ( 'NONE',  ( 32.50000000000000711, 27.00000000000001066, 9.502147685123530252 ) ) ;
#6024 = CIRCLE ( 'NONE', #5455, 1.499999999999994449 ) ;
#6025 = ORIENTED_EDGE ( 'NONE', *, *, #1544, .F. ) ;
#6026 = DIRECTION ( 'NONE',  ( 1.000000000000000000, 0.000000000000000000, 0.000000000000000000 ) ) ;
#6027 = CARTESIAN_POINT ( 'NONE',  ( -32.50000000000001421, 9.000000000000007105, 4.000000000000000000 ) ) ;
#6028 = CARTESIAN_POINT ( 'NONE',  ( 15.85553813188510297, 5.502515355975795330, 8.951879224483091591 ) ) ;
#6029 = PLANE ( 'NONE',  #788 ) ;
ENDSEC;
END-ISO-10303-21;
